source_signature,row_count,taxonomy_group,species_guess,bacdive_status_closure,bacdive_validated_main,bacdive_exact_main,bacdive_nonempty_trait_count,metatraits_covered,metatraits_unique_trait_count
proteome:UP000000225,202,target_bacteria,aeromonas salmonicida,bacdive_species_exact_name_match,True,False,3,True,181
proteome:UP000000230,320,target_bacteria,enterobacter sp.,bacdive_not_found,False,False,0,False,0
proteome:UP000000231,105,target_bacteria,polynucleobacter asymbioticus,bacdive_exact_culture_collection,True,True,6,True,158
proteome:UP000000233,172,target_bacteria,stutzerimonas stutzeri,bacdive_species_candidate_unvalidated,False,False,5,True,189
proteome:UP000000235,88,target_bacteria,salinispora tropica,bacdive_exact_culture_collection,True,True,6,True,147
proteome:UP000000238,197,target_bacteria,hahella chejuensis,bacdive_exact_culture_collection,True,True,3,True,134
proteome:UP000000239,194,target_bacteria,chromohalobacter israelensis,bacdive_species_exact_name_match,True,False,9,True,159
proteome:UP000000240,123,target_bacteria,lactococcus lactis subsp. cremoris,bacdive_species_exact_name_match,True,False,4,False,0
proteome:UP000000242,75,target_archaea,metallosphaera sedula,bacdive_exact_genome,True,True,4,True,134
proteome:UP000000245,118,target_bacteria,acidiphilium cryptum,bacdive_species_exact_name_match,True,False,4,True,148
proteome:UP000000247,108,target_bacteria,vesicomyosocius okutanii,bacdive_not_found,False,False,0,False,0
proteome:UP000000248,67,target_bacteria,dichelobacter nodosus,bacdive_species_exact_name_match,True,False,9,True,157
proteome:UP000000249,190,target_bacteria,vibrio cholerae,bacdive_species_exact_name_match,True,False,3,True,202
proteome:UP000000253,143,target_archaea,methanococcus maripaludis,bacdive_species_exact_name_match,True,False,3,False,0
proteome:UP000000254,35,target_archaea,staphylothermus marinus,bacdive_exact_culture_collection,True,True,5,True,134
proteome:UP000000256,115,target_bacteria,caldicellulosiruptor saccharolyticus,bacdive_exact_culture_collection,True,True,5,False,0
proteome:UP000000260,272,target_bacteria,cronobacter sakazakii,bacdive_species_exact_name_match,True,False,1,True,176
proteome:UP000000262,52,target_archaea,ignicoccus hospitalis,bacdive_exact_culture_collection,True,True,8,True,137
proteome:UP000000263,99,target_bacteria,roseiflexus castenholzii,bacdive_exact_culture_collection,True,True,9,True,139
proteome:UP000000265,324,target_bacteria,klebsiella pneumoniae,bacdive_species_exact_name_match,True,False,7,False,0
proteome:UP000000267,43,target_fungi,vanderwaltozyma polyspora,not_applicable_fungi_or_non_bacdive_scope,False,False,0,False,0
proteome:UP000000268,131,target_bacteria,acaryochloris marina,bacdive_not_found,False,False,0,False,0
proteome:UP000000269,88,target_bacteria,alkaliphilus oremlandii,bacdive_exact_designation,True,True,5,True,134
proteome:UP000000270,112,target_bacteria,azorhizobium caulinodans,bacdive_exact_culture_collection,True,True,9,True,160
proteome:UP000000271,1,target_bacteria,salisediminibacterium selenitireducens,bacdive_exact_culture_collection,True,True,5,True,135
proteome:UP000000272,2,target_bacteria,thermosediminibacter oceani,bacdive_exact_culture_collection,True,True,5,True,134
proteome:UP000000276,2,target_bacteria,corynebacterium pseudotuberculosis,bacdive_species_exact_name_match,True,False,4,True,160
proteome:UP000000286,8,target_fungi,saccharomyces cerevisiae,not_applicable_fungi_or_non_bacdive_scope,False,False,0,False,0
proteome:UP000000314,18,target_fungi,komagataella phaffii,not_applicable_fungi_or_non_bacdive_scope,False,False,0,False,0
proteome:UP000000322,4,target_bacteria,sanguibacter keddieii,bacdive_exact_culture_collection,True,True,9,True,155
proteome:UP000000323,1,target_bacteria,thermobaculum terrenum,bacdive_not_found,False,False,0,True,138
proteome:UP000000328,1,target_bacteria,amycolatopsis mediterranei,bacdive_species_exact_name_match,True,False,0,True,148
proteome:UP000000329,1,target_bacteria,herbaspirillum seropedicae,bacdive_species_exact_name_match,True,False,5,True,151
proteome:UP000000333,1,target_bacteria,olsenella uli,bacdive_exact_genome,True,True,9,True,153
proteome:UP000000343,1,target_bacteria,granulicella tundricola,bacdive_exact_culture_collection,True,True,6,True,155
proteome:UP000000345,65,target_archaea,methanothermobacter marburgensis,bacdive_exact_genome,True,True,5,False,0
proteome:UP000000361,148,target_bacteria,paracoccus denitrificans,bacdive_exact_genome,True,True,4,True,167
proteome:UP000000362,88,target_bacteria,leuconostoc mesenteroides,bacdive_species_exact_name_match,True,False,5,True,188
proteome:UP000000364,140,target_bacteria,lactococcus lactis subsp. cremoris,bacdive_species_exact_name_match,True,False,4,False,0
proteome:UP000000365,83,target_archaea,methanocorpusculum labreanum,bacdive_exact_culture_collection,True,True,5,False,0
proteome:UP000000366,129,target_bacteria,methylibium petroleiphilum,bacdive_exact_culture_collection,True,True,8,True,144
proteome:UP000000370,89,target_bacteria,lachnoclostridium phytofermentans,bacdive_species_candidate_unvalidated,False,False,9,True,147
proteome:UP000000374,108,target_bacteria,verminephrobacter eiseniae,bacdive_exact_designation,True,True,7,True,150
proteome:UP000000376,2,target_bacteria,arcanobacterium haemolyticum,bacdive_exact_genome,True,True,6,True,197
proteome:UP000000377,5,target_bacteria,streptomyces bingchenggensis,bacdive_not_found,False,False,0,True,132
proteome:UP000000390,3,target_archaea,halalkalicoccus jeotgali,bacdive_exact_genome,True,True,5,False,0
proteome:UP000000391,5,target_archaea,methanohalobium evestigatum,bacdive_exact_culture_collection,True,True,5,False,0
proteome:UP000000416,233,target_bacteria,buchnera aphidicola,bacdive_not_found,False,False,0,True,133
proteome:UP000000417,159,target_bacteria,symbiobacterium thermophilum,bacdive_exact_culture_collection,True,True,5,True,135
proteome:UP000000419,234,target_bacteria,brucella melitensis,bacdive_exact_culture_collection,True,True,2,False,0
proteome:UP000000420,219,target_bacteria,xanthomonas campestris,bacdive_species_exact_name_match,True,False,0,True,160
proteome:UP000000421,124,target_bacteria,bartonella henselae,bacdive_exact_genome,True,True,9,True,159
proteome:UP000000422,178,target_bacteria,wolinella succinogenes,bacdive_exact_genome,True,True,5,True,134
proteome:UP000000423,38,target_bacteria,ureaplasma parvum,bacdive_not_found,False,False,0,True,133
proteome:UP000000425,231,target_bacteria,neisseria meningitidis,bacdive_species_exact_name_match,True,False,2,True,189
proteome:UP000000426,275,target_bacteria,pseudomonas syringae,bacdive_species_exact_name_match,True,False,0,True,164
proteome:UP000000428,233,target_bacteria,streptomyces avermitilis,bacdive_exact_genome,True,True,9,True,153
proteome:UP000000429,230,target_bacteria,helicobacter pylori,bacdive_exact_culture_collection,True,True,4,True,177
proteome:UP000000430,281,target_bacteria,acinetobacter baylyi,bacdive_exact_culture_collection,True,True,5,True,158
proteome:UP000000431,101,target_bacteria,chlamydia trachomatis,bacdive_exact_culture_collection,True,True,4,False,0
proteome:UP000000432,217,target_bacteria,lactiplantibacillus plantarum,bacdive_species_exact_name_match,True,False,4,True,183
proteome:UP000000433,99,target_bacteria,dehalococcoides mccartyi,bacdive_species_exact_name_match,True,False,4,True,136
proteome:UP000000435,60,target_bacteria,ehrlichia canis,bacdive_not_found,False,False,0,True,132
proteome:UP000000438,109,target_archaea,picrophilus oshimae,bacdive_exact_culture_collection,True,True,4,True,134
proteome:UP000000439,128,target_bacteria,bifidobacterium longum,bacdive_species_exact_name_match,True,False,0,True,182
proteome:UP000000440,191,target_bacteria,thermosynechococcus vestitus,bacdive_not_found,False,False,0,False,0
proteome:UP000000441,182,target_bacteria,bacillus cereus,bacdive_species_exact_name_match,True,False,3,True,201
proteome:UP000000442,45,target_bacteria,desulforapulum autotrophicum,bacdive_exact_culture_collection,True,True,5,True,134
proteome:UP000000444,138,target_bacteria,staphylococcus carnosus,bacdive_species_exact_name_match,True,False,3,True,164
proteome:UP000000445,81,target_bacteria,thermotoga neapolitana,bacdive_exact_genome,True,True,5,True,134
proteome:UP000000447,51,target_bacteria,thermomicrobium roseum,bacdive_exact_culture_collection,True,True,4,True,134
proteome:UP000000448,68,target_bacteria,nautilia profundicola,bacdive_exact_culture_collection,True,True,9,True,138
proteome:UP000000449,87,target_bacteria,streptococcus uberis,bacdive_species_exact_name_match,True,False,5,True,177
proteome:UP000000450,110,target_bacteria,[acidovorax] ebreus,bacdive_not_found,False,False,0,True,133
proteome:UP000000467,1,target_bacteria,thermacetogenium phaeum,bacdive_exact_genome,True,True,5,True,137
proteome:UP000000491,2,target_bacteria,zymomonas mobilis,bacdive_species_exact_name_match,True,False,2,True,162
proteome:UP000000499,2,target_bacteria,streptococcus equi,bacdive_species_exact_name_match,True,False,7,True,174
proteome:UP000000528,47,target_bacteria,mycoplasmopsis pulmonis,bacdive_species_exact_name_match,True,False,4,True,135
proteome:UP000000529,79,target_bacteria,candidatus protochlamydia amoebophila,bacdive_not_found,False,False,0,False,0
proteome:UP000000530,332,target_bacteria,staphylococcus aureus,bacdive_species_exact_name_match,True,False,4,True,202
proteome:UP000000531,305,target_bacteria,staphylococcus epidermidis,bacdive_exact_culture_collection,True,True,9,True,200
proteome:UP000000532,212,target_bacteria,thermus thermophilus,bacdive_exact_genome,True,True,9,True,156
proteome:UP000000533,58,target_bacteria,ehrlichia ruminantium,bacdive_not_found,False,False,0,True,132
proteome:UP000000535,182,target_bacteria,neisseria gonorrhoeae,bacdive_species_exact_name_match,True,False,5,True,194
proteome:UP000000536,213,target_archaea,thermococcus kodakarensis,bacdive_exact_culture_collection,True,True,3,True,133
proteome:UP000000537,253,target_bacteria,aliivibrio fischeri,bacdive_species_exact_name_match,True,False,1,True,174
proteome:UP000000538,379,target_bacteria,salmonella enterica,bacdive_species_exact_name_match,True,False,8,True,210
proteome:UP000000540,194,target_bacteria,brucella abortus,bacdive_species_taxid_or_synonym_match,True,False,9,False,0
proteome:UP000000541,1,target_bacteria,salmonella enterica,bacdive_species_exact_name_match,True,False,8,True,210
proteome:UP000000543,238,target_bacteria,staphylococcus haemolyticus,bacdive_species_exact_name_match,True,False,4,True,183
proteome:UP000000545,129,target_bacteria,corynebacterium jeikeium,bacdive_species_exact_name_match,True,False,5,True,178
proteome:UP000000546,157,target_bacteria,psychrobacter arcticus,bacdive_exact_culture_collection,True,True,6,True,152
proteome:UP000000547,199,target_bacteria,colwellia psychrerythraea,bacdive_species_exact_name_match,True,False,5,True,145
proteome:UP000000548,29,target_bacteria,mesomycoplasma hyopneumoniae,bacdive_not_found,False,False,0,True,134
proteome:UP000000549,30,target_bacteria,mycoplasmopsis synoviae,bacdive_species_candidate_unvalidated,False,False,2,True,135
proteome:UP000000551,266,target_bacteria,pseudomonas savastanoi,bacdive_species_exact_name_match,True,False,2,True,158
proteome:UP000000552,306,target_bacteria,mesorhizobium japonicum,bacdive_exact_culture_collection,True,True,8,True,146
proteome:UP000000553,29,target_bacteria,mesomycoplasma hyopneumoniae,bacdive_not_found,False,False,0,True,134
proteome:UP000000554,193,target_archaea,halobacterium salinarum,bacdive_species_exact_name_match,True,False,1,False,0
proteome:UP000000555,189,target_bacteria,caldanaerobacter subterraneus,bacdive_species_exact_name_match,True,False,9,True,140
proteome:UP000000556,382,target_bacteria,pseudomonas putida,bacdive_exact_culture_collection,True,True,5,True,194
proteome:UP000000557,187,target_bacteria,gloeobacter violaceus,bacdive_not_found,False,False,0,False,0
proteome:UP000000559,233,target_fungi,candida albicans,not_applicable_fungi_or_non_bacdive_scope,False,False,0,False,0
proteome:UP000000560,251,target_fungi,emericella nidulans,not_applicable_fungi_or_non_bacdive_scope,False,False,0,False,0
proteome:UP000000561,69,target_fungi,mycosarcoma maydis,not_applicable_fungi_or_non_bacdive_scope,False,False,0,False,0
proteome:UP000000562,116,target_bacteria,wigglesworthia glossinidia,bacdive_not_found,False,False,0,True,131
proteome:UP000000564,134,target_bacteria,streptococcus pyogenes,bacdive_species_exact_name_match,True,False,5,True,184
proteome:UP000000565,149,target_bacteria,clostridium beijerinckii,bacdive_species_exact_name_match,True,False,3,True,174
proteome:UP000000566,104,target_bacteria,parabacteroides distasonis,bacdive_exact_genome,True,True,9,False,0
proteome:UP000000576,236,target_bacteria,xanthomonas citri,bacdive_species_exact_name_match,True,False,0,True,136
proteome:UP000000577,197,target_bacteria,geobacter sulfurreducens,bacdive_species_exact_name_match,True,False,5,True,134
proteome:UP000000578,5,target_archaea,nanoarchaeum equitans,bacdive_not_found,False,False,0,True,133
proteome:UP000000579,460,target_bacteria,haemophilus influenzae,bacdive_exact_culture_collection,True,True,7,True,183
proteome:UP000000580,212,target_bacteria,mycobacterium avium,bacdive_species_exact_name_match,True,False,1,True,159
proteome:UP000000581,84,target_bacteria,lactobacillus johnsonii,bacdive_species_exact_name_match,True,False,3,True,168
proteome:UP000000582,26,target_bacteria,corynebacterium glutamicum,bacdive_exact_genome,True,True,9,True,179
proteome:UP000000584,379,target_bacteria,vibrio cholerae,bacdive_exact_culture_collection,True,True,9,True,202
proteome:UP000000585,175,target_bacteria,streptococcus pneumoniae,bacdive_species_exact_name_match,True,False,9,True,191
proteome:UP000000586,175,target_bacteria,streptococcus pneumoniae,bacdive_species_exact_name_match,True,False,9,True,191
proteome:UP000000588,105,target_bacteria,porphyromonas gingivalis,bacdive_species_exact_name_match,True,False,3,False,0
proteome:UP000000590,190,target_archaea,methanococcus maripaludis,bacdive_exact_culture_collection,True,True,5,False,0
proteome:UP000000591,137,target_fungi,eremothecium gossypii,not_applicable_fungi_or_non_bacdive_scope,False,False,0,False,0
proteome:UP000000592,193,target_bacteria,thermus thermophilus,bacdive_exact_culture_collection,True,True,2,True,156
proteome:UP000000593,286,target_bacteria,photobacterium profundum,bacdive_exact_designation,True,True,8,True,160
proteome:UP000000594,9,target_bacteria,bacillus anthracis,bacdive_species_exact_name_match,True,False,0,True,139
proteome:UP000000595,259,target_archaea,methanosarcina mazei,bacdive_exact_culture_collection,True,True,5,False,0
proteome:UP000000596,330,target_bacteria,staphylococcus aureus,bacdive_species_exact_name_match,True,False,4,True,202
proteome:UP000000597,120,target_bacteria,bartonella quintana,bacdive_exact_designation,True,True,9,True,154
proteome:UP000000598,157,target_fungi,kluyveromyces lactis,not_applicable_fungi_or_non_bacdive_scope,False,False,0,False,0
proteome:UP000000599,97,target_fungi,debaryomyces hansenii,not_applicable_fungi_or_non_bacdive_scope,False,False,0,False,0
proteome:UP000000601,183,target_bacteria,buchnera aphidicola,bacdive_not_found,False,False,0,True,133
proteome:UP000000602,146,target_bacteria,desulfotalea psychrophila,bacdive_exact_culture_collection,True,True,7,True,146
proteome:UP000000603,136,target_bacteria,cutibacterium acnes,bacdive_exact_culture_collection,True,True,6,True,208
proteome:UP000000604,114,target_bacteria,rickettsia typhi,bacdive_exact_culture_collection,True,True,0,True,134
proteome:UP000000605,235,target_bacteria,burkholderia pseudomallei,bacdive_species_exact_name_match,True,False,0,True,159
proteome:UP000000606,264,target_bacteria,bacillus licheniformis,bacdive_exact_genome,True,True,7,True,179
proteome:UP000000607,223,target_bacteria,[mannheimia] succiniciproducens,bacdive_not_found,False,False,0,True,134
proteome:UP000000609,154,target_bacteria,legionella pneumophila,bacdive_species_exact_name_match,True,False,4,True,179
proteome:UP000000611,23,target_bacteria,borrelia duttonii,bacdive_not_found,False,False,0,True,133
proteome:UP000000612,22,target_bacteria,borrelia recurrentis,bacdive_not_found,False,False,0,True,133
proteome:UP000000613,325,target_bacteria,salmonella enterica,bacdive_species_exact_name_match,True,False,8,True,210
proteome:UP000000625,1523,target_bacteria,escherichia coli,bacdive_exact_culture_collection,True,True,3,True,218
proteome:UP000000626,222,target_bacteria,neisseria meningitidis,bacdive_exact_culture_collection,True,True,6,True,189
proteome:UP000000628,3,target_bacteria,jonesia denitrificans,bacdive_exact_genome,True,True,9,True,156
proteome:UP000000637,84,target_bacteria,paenarthrobacter aurescens,bacdive_species_exact_name_match,True,False,3,True,152
proteome:UP000000639,174,target_bacteria,psychromonas ingrahamii,bacdive_exact_culture_collection,True,True,6,True,157
proteome:UP000000641,21,target_archaea,thermofilum pendens,bacdive_exact_culture_collection,True,True,5,True,134
proteome:UP000000642,304,target_bacteria,yersinia enterocolitica,bacdive_species_exact_name_match,True,False,6,True,196
proteome:UP000000643,94,target_bacteria,bartonella bacilliformis,bacdive_exact_culture_collection,True,True,0,True,154
proteome:UP000000644,141,target_bacteria,polaromonas naphthalenivorans,bacdive_exact_designation,True,True,9,True,152
proteome:UP000000646,152,target_bacteria,campylobacter jejuni,bacdive_species_exact_name_match,True,False,4,True,183
proteome:UP000000647,154,target_bacteria,halorhodospira halophila,bacdive_exact_culture_collection,True,True,5,True,134
proteome:UP000000653,273,target_bacteria,pseudomonas aeruginosa,bacdive_species_exact_name_match,True,False,7,True,219
proteome:UP000000656,138,target_bacteria,leptospira borgpetersenii,bacdive_species_exact_name_match,True,False,5,True,145
proteome:UP000000657,79,target_bacteria,frankia alni,bacdive_exact_culture_collection,True,True,7,True,145
proteome:UP000000658,218,target_bacteria,pseudomonas entomophila,bacdive_exact_designation,True,True,6,True,146
proteome:UP000000659,354,target_bacteria,shigella flexneri,bacdive_species_exact_name_match,True,False,4,True,180
proteome:UP000000662,195,target_bacteria,burkholderia ambifaria,bacdive_exact_culture_collection,True,True,9,True,155
proteome:UP000000663,86,target_archaea,methanocella arvoryzae,bacdive_exact_culture_collection,True,True,8,False,0
proteome:UP000000664,62,target_bacteria,lactobacillus gasseri,bacdive_exact_genome,True,True,9,True,183
proteome:UP000000669,46,target_bacteria,buchnera aphidicola,bacdive_not_found,False,False,0,True,133
proteome:UP000000674,97,target_archaea,methanothrix thermoacetophila,bacdive_exact_culture_collection,True,True,4,False,0
proteome:UP000000684,200,target_bacteria,shewanella frigidimarina,bacdive_species_exact_name_match,True,False,9,True,163
proteome:UP000000716,101,target_bacteria,exiguobacterium sp.,bacdive_not_found,False,False,0,False,0
proteome:UP000000718,82,target_bacteria,thermodesulfovibrio yellowstonii,bacdive_exact_culture_collection,True,True,5,True,134
proteome:UP000000719,59,target_bacteria,halothermothrix orenii,bacdive_exact_culture_collection,True,True,0,True,135
proteome:UP000000723,53,target_bacteria,candidatus azobacteroides pseudotrichonymphae,bacdive_not_found,False,False,0,False,0
proteome:UP000000724,32,target_fungi,penicillium rubens,not_applicable_fungi_or_non_bacdive_scope,False,False,0,False,0
proteome:UP000000738,42,target_bacteria,micrococcus luteus,bacdive_exact_genome,True,True,7,True,190
proteome:UP000000739,75,target_bacteria,desulfatibacillum aliphaticivorans,bacdive_species_exact_name_match,True,False,9,True,143
proteome:UP000000740,56,target_archaea,halorubrum lacusprofundi,bacdive_exact_culture_collection,True,True,8,False,0
proteome:UP000000742,100,target_bacteria,anoxybacillus flavithermus,bacdive_species_exact_name_match,True,False,2,True,167
proteome:UP000000745,303,target_bacteria,escherichia fergusonii,bacdive_exact_genome,True,True,9,True,180
proteome:UP000000746,364,target_bacteria,escherichia coli,bacdive_species_exact_name_match,True,False,1,True,218
proteome:UP000000747,362,target_bacteria,escherichia coli,bacdive_species_exact_name_match,True,False,1,True,218
proteome:UP000000748,341,target_bacteria,escherichia coli,bacdive_species_exact_name_match,True,False,1,True,218
proteome:UP000000749,362,target_bacteria,escherichia coli,bacdive_species_exact_name_match,True,False,1,True,218
proteome:UP000000750,133,target_bacteria,streptococcus pyogenes,bacdive_exact_culture_collection,True,True,3,True,184
proteome:UP000000752,190,target_archaea,pyrococcus horikoshii,bacdive_exact_culture_collection,True,True,5,True,134
proteome:UP000000753,144,target_bacteria,shewanella piezotolerans,bacdive_exact_culture_collection,True,True,8,True,147
proteome:UP000000755,78,target_bacteria,christiangramia forsetii,bacdive_species_candidate_unvalidated,False,False,9,False,0
proteome:UP000000756,207,target_bacteria,aeromonas hydrophila,bacdive_species_exact_name_match,True,False,0,True,194
proteome:UP000000757,4,target_bacteria,mycolicibacterium smegmatis,bacdive_species_exact_name_match,True,False,0,True,154
proteome:UP000000758,39,target_archaea,cenarchaeum symbiosum,bacdive_not_found,False,False,0,False,0
proteome:UP000000760,102,target_bacteria,campylobacter fetus,bacdive_species_exact_name_match,True,False,5,True,169
proteome:UP000000762,93,target_bacteria,francisella tularensis,bacdive_species_exact_name_match,True,False,4,True,134
proteome:UP000000765,151,target_bacteria,mycobacterium ulcerans,bacdive_species_exact_name_match,True,False,0,True,135
proteome:UP000000770,188,target_bacteria,shewanella baltica,bacdive_species_exact_name_match,True,False,9,True,158
proteome:UP000000771,2,target_bacteria,acidimicrobium ferrooxidans,bacdive_exact_genome,True,True,7,True,139
proteome:UP000000773,72,target_bacteria,pediococcus pentosaceus,bacdive_exact_culture_collection,True,True,3,True,192
proteome:UP000000774,63,target_bacteria,oenococcus oeni,bacdive_species_exact_name_match,True,False,6,True,163
proteome:UP000000775,100,target_bacteria,helicobacter acinonychis,bacdive_species_exact_name_match,True,False,9,True,146
proteome:UP000000777,6,target_bacteria,carsonella ruddii,bacdive_not_found,False,False,0,False,0
proteome:UP000000779,159,target_bacteria,listeria welshimeri,bacdive_exact_genome,True,True,9,True,171
proteome:UP000000784,93,target_bacteria,delftia acidovorans,bacdive_exact_genome,True,True,4,True,160
proteome:UP000000787,88,target_bacteria,herpetosiphon aurantiacus,bacdive_exact_culture_collection,True,True,5,True,134
proteome:UP000000788,79,target_bacteria,prochlorococcus marinus,bacdive_not_found,False,False,0,False,0
proteome:UP000000789,68,target_bacteria,petrotoga mobilis,bacdive_exact_culture_collection,True,True,5,True,135
proteome:UP000000790,62,target_bacteria,lactobacillus helveticus,bacdive_species_exact_name_match,True,False,8,True,177
proteome:UP000000792,42,target_archaea,nitrosopumilus maritimus,bacdive_species_exact_name_match,True,False,8,True,141
proteome:UP000000796,55,target_bacteria,rickettsia rickettsii,bacdive_exact_designation,True,True,0,True,134
proteome:UP000000798,286,target_bacteria,aquifex aeolicus,bacdive_not_found,False,False,0,True,133
proteome:UP000000799,226,target_bacteria,campylobacter jejuni,bacdive_exact_genome,True,True,9,True,183
proteome:UP000000800,98,target_bacteria,chlamydia muridarum,bacdive_exact_designation,True,True,4,False,0
proteome:UP000000804,216,target_bacteria,helicobacter pylori,bacdive_exact_culture_collection,True,True,6,True,177
proteome:UP000000805,454,target_archaea,methanocaldococcus jannaschii,bacdive_exact_culture_collection,True,True,5,False,0
proteome:UP000000806,288,target_bacteria,mycobacterium leprae,bacdive_not_found,False,False,0,True,134
proteome:UP000000807,82,target_bacteria,mycoplasmoides genitalium,bacdive_exact_culture_collection,True,True,4,True,135
proteome:UP000000808,88,target_bacteria,mycoplasmoides pneumoniae,bacdive_exact_genome,True,True,5,True,142
proteome:UP000000809,273,target_bacteria,pasteurella multocida,bacdive_species_exact_name_match,True,False,2,True,196
proteome:UP000000811,89,target_bacteria,treponema pallidum,bacdive_exact_designation,True,True,3,True,137
proteome:UP000000812,223,target_bacteria,xylella fastidiosa,bacdive_species_exact_name_match,True,False,4,True,147
proteome:UP000000813,309,target_bacteria,agrobacterium fabrum,bacdive_species_candidate_unvalidated,False,False,9,False,0
proteome:UP000000814,254,target_bacteria,clostridium acetobutylicum,bacdive_exact_genome,True,True,6,True,152
proteome:UP000000816,120,target_bacteria,rickettsia conorii,bacdive_exact_culture_collection,True,True,0,True,137
proteome:UP000000817,267,target_bacteria,listeria monocytogenes,bacdive_species_exact_name_match,True,False,2,True,204
proteome:UP000000818,198,target_bacteria,clostridium perfringens,bacdive_species_exact_name_match,True,False,5,True,190
proteome:UP000000819,54,target_fungi,encephalitozoon cuniculi,not_applicable_fungi_or_non_bacdive_scope,False,False,0,False,0
proteome:UP000000821,137,target_bacteria,streptococcus agalactiae,bacdive_exact_culture_collection,True,True,9,True,179
proteome:UP000000822,247,target_bacteria,oceanobacillus iheyensis,bacdive_exact_culture_collection,True,True,8,True,147
proteome:UP000000823,141,target_bacteria,streptococcus agalactiae,bacdive_species_exact_name_match,True,False,9,True,179
proteome:UP000000841,4,target_bacteria,saccharomonospora viridis,bacdive_species_exact_name_match,True,False,0,True,134
proteome:UP000000844,4,target_bacteria,stackebrandtia nassauensis,bacdive_exact_culture_collection,True,True,6,True,155
proteome:UP000000845,1,target_bacteria,sebaldella termitidis,bacdive_exact_genome,True,True,6,True,152
proteome:UP000000849,3,target_bacteria,cellulomonas flavigena,bacdive_exact_culture_collection,True,True,4,True,156
proteome:UP000000851,11,target_bacteria,catenulispora acidiphila,bacdive_exact_culture_collection,True,True,6,True,155
proteome:UP000000925,2,target_bacteria,coraliomargarita akajimensis,bacdive_exact_culture_collection,True,True,6,False,0
proteome:UP000000933,1,target_bacteria,salinibacter ruber,bacdive_species_exact_name_match,True,False,8,False,0
proteome:UP000000935,13,target_bacteria,priestia megaterium,bacdive_exact_genome,True,True,2,True,178
proteome:UP000000936,3,target_bacteria,propionibacterium freudenreichii,bacdive_exact_culture_collection,True,True,7,True,182
proteome:UP000000939,1,target_bacteria,arcobacter nitrofigilis,bacdive_exact_culture_collection,True,True,9,True,162
proteome:UP000000960,1,target_bacteria,lancefieldella parvula,bacdive_exact_genome,True,True,9,True,154
proteome:UP000000998,149,target_bacteria,marinobacter nauticus,bacdive_exact_culture_collection,True,True,9,True,185
proteome:UP000001006,9,target_bacteria,shigella flexneri,bacdive_species_exact_name_match,True,False,4,True,180
proteome:UP000001007,185,target_bacteria,chlorobaculum tepidum,bacdive_exact_culture_collection,True,True,6,False,0
proteome:UP000001010,260,target_bacteria,xanthomonas campestris,bacdive_exact_genome,True,True,9,True,160
proteome:UP000001011,367,target_bacteria,yersinia pseudotuberculosis,bacdive_species_exact_name_match,True,False,5,True,187
proteome:UP000001012,78,target_bacteria,chlamydia abortus,bacdive_exact_culture_collection,True,True,4,False,0
proteome:UP000001013,223,target_archaea,pyrococcus furiosus,bacdive_exact_genome,True,True,5,True,135
proteome:UP000001014,692,target_bacteria,salmonella enterica,bacdive_exact_culture_collection,True,True,3,True,210
proteome:UP000001015,178,target_archaea,sulfurisphaera tokodaii,bacdive_exact_genome,True,True,4,True,134
proteome:UP000001016,44,target_bacteria,mycoplasma mycoides,bacdive_exact_culture_collection,True,True,0,True,144
proteome:UP000001017,118,target_archaea,thermoplasma volcanium,bacdive_exact_culture_collection,True,True,4,True,134
proteome:UP000001018,146,target_archaea,sulfolobus acidocaldarius,bacdive_exact_genome,True,True,4,True,134
proteome:UP000001020,585,target_bacteria,mycobacterium tuberculosis,bacdive_species_exact_name_match,True,False,3,True,147
proteome:UP000001021,57,target_bacteria,ehrlichia ruminantium,bacdive_not_found,False,False,0,True,132
proteome:UP000001022,170,target_bacteria,haemophilus ducreyi,bacdive_exact_culture_collection,True,True,5,False,171
proteome:UP000001023,201,target_bacteria,ruegeria pomeroyi,bacdive_exact_culture_collection,True,True,5,True,146
proteome:UP000001024,152,target_archaea,thermoplasma acidophilum,bacdive_exact_culture_collection,True,True,4,True,134
proteome:UP000001025,177,target_bacteria,rhodopirellula baltica,bacdive_exact_culture_collection,True,True,9,False,0
proteome:UP000001026,160,target_bacteria,prochlorococcus marinus,bacdive_not_found,False,False,0,False,0
proteome:UP000001027,240,target_bacteria,bordetella bronchiseptica,bacdive_species_exact_name_match,True,False,7,True,173
proteome:UP000001029,37,target_bacteria,elusimicrobium minutum,bacdive_exact_designation,True,True,5,True,132
proteome:UP000001030,301,target_bacteria,shigella boydii,bacdive_species_exact_name_match,True,False,6,True,179
proteome:UP000001031,56,target_bacteria,akkermansia muciniphila,bacdive_exact_genome,True,True,9,False,0
proteome:UP000001033,31,target_bacteria,orientia tsutsugamushi,bacdive_species_exact_name_match,True,False,0,True,135
proteome:UP000001035,158,target_bacteria,burkholderia cenocepacia,bacdive_exact_culture_collection,True,True,9,True,171
proteome:UP000001036,101,target_bacteria,cellvibrio japonicus,bacdive_exact_designation,True,True,9,True,157
proteome:UP000001039,93,target_bacteria,streptococcus pyogenes,bacdive_species_exact_name_match,True,False,5,True,184
proteome:UP000001054,144,target_bacteria,rhizobium fredii,bacdive_species_candidate_unvalidated,False,False,8,False,0
proteome:UP000001055,72,target_fungi,phaeosphaeria nodorum,not_applicable_fungi_or_non_bacdive_scope,False,False,0,False,0
proteome:UP000001056,56,target_fungi,chaetomium globosum,not_applicable_fungi_or_non_bacdive_scope,False,False,0,False,0
proteome:UP000001059,6,target_archaea,methanohalophilus mahii,bacdive_exact_culture_collection,True,True,5,False,0
proteome:UP000001060,1,target_bacteria,legionella longbeachae,bacdive_species_exact_name_match,True,False,6,True,145
proteome:UP000001062,11,target_bacteria,marinomonas mediterranea,bacdive_exact_genome,True,True,8,True,148
proteome:UP000001067,2,target_fungi,pyrenophora teres,not_applicable_fungi_or_non_bacdive_scope,False,False,0,False,0
proteome:UP000001068,1,target_archaea,desulfurococcus mucosus,bacdive_exact_culture_collection,True,True,6,True,136
proteome:UP000001072,18,target_fungi,melampsora laricis-populina,not_applicable_fungi_or_non_bacdive_scope,False,False,0,False,0
proteome:UP000001106,130,target_archaea,methanococcus aeolicus,bacdive_exact_culture_collection,True,True,8,False,0
proteome:UP000001107,146,target_archaea,methanococcus vannielii,bacdive_exact_culture_collection,True,True,5,False,0
proteome:UP000001108,150,target_bacteria,sinorhizobium medicae,bacdive_species_candidate_unvalidated,False,False,8,False,0
proteome:UP000001110,63,target_bacteria,thermosipho melanesiensis,bacdive_exact_culture_collection,True,True,5,True,134
proteome:UP000001114,160,target_bacteria,actinobacillus succinogenes,bacdive_exact_culture_collection,True,True,9,True,148
proteome:UP000001116,72,target_bacteria,kineococcus radiotolerans,bacdive_exact_culture_collection,True,True,9,True,149
proteome:UP000001120,219,target_bacteria,bacillus velezensis,bacdive_exact_culture_collection,True,True,4,True,154
proteome:UP000001121,93,target_bacteria,campylobacter concisus,bacdive_species_exact_name_match,True,False,3,True,166
proteome:UP000001122,392,target_bacteria,escherichia coli,bacdive_species_exact_name_match,True,False,1,True,218
proteome:UP000001131,118,target_bacteria,streptococcus gordonii,bacdive_exact_designation,True,True,7,True,184
proteome:UP000001136,90,target_bacteria,aliarcobacter butzleri,bacdive_species_candidate_unvalidated,False,False,6,True,191
proteome:UP000001137,51,target_archaea,caldivirga maquilingensis,bacdive_exact_culture_collection,True,True,5,True,134
proteome:UP000001167,137,target_bacteria,streptococcus pyogenes,bacdive_species_exact_name_match,True,False,5,True,184
proteome:UP000001168,249,target_bacteria,shouchella clausii,bacdive_species_exact_name_match,True,False,2,True,162
proteome:UP000001169,154,target_archaea,haloarcula marismortui,bacdive_exact_genome,True,True,4,False,0
proteome:UP000001170,135,target_bacteria,streptococcus thermophilus,bacdive_species_exact_name_match,True,False,3,True,182
proteome:UP000001171,161,target_bacteria,idiomarina loihiensis,bacdive_exact_culture_collection,True,True,9,True,147
proteome:UP000001172,254,target_bacteria,geobacillus kaustophilus,bacdive_species_exact_name_match,True,False,3,True,156
proteome:UP000001173,165,target_bacteria,zymomonas mobilis,bacdive_species_exact_name_match,True,False,2,True,162
proteome:UP000001174,103,target_bacteria,francisella tularensis,bacdive_species_exact_name_match,True,False,4,True,134
proteome:UP000001175,157,target_bacteria,synechococcus elongatus,bacdive_species_exact_name_match,True,False,4,False,0
proteome:UP000001176,76,target_bacteria,gluconacetobacter diazotrophicus,bacdive_exact_genome,True,True,5,True,141
proteome:UP000001177,125,target_bacteria,neisseria meningitidis,bacdive_species_exact_name_match,True,False,2,True,189
proteome:UP000001188,177,target_bacteria,xanthomonas campestris,bacdive_species_exact_name_match,True,False,0,True,160
proteome:UP000001190,141,target_bacteria,mycobacterium marinum,bacdive_species_exact_name_match,True,False,4,True,154
proteome:UP000001191,134,target_bacteria,nostoc punctiforme,bacdive_species_exact_name_match,True,False,4,False,0
proteome:UP000001192,148,target_bacteria,paraburkholderia phymatum,bacdive_exact_culture_collection,True,True,9,True,152
proteome:UP000001194,15,target_fungi,laccaria bicolor,not_applicable_fungi_or_non_bacdive_scope,False,False,0,False,0
proteome:UP000001197,23,target_fungi,podospora anserina,not_applicable_fungi_or_non_bacdive_scope,False,False,0,False,0
proteome:UP000001202,38,target_bacteria,treponema pallidum,bacdive_species_exact_name_match,True,False,3,True,137
proteome:UP000001203,78,target_bacteria,crocosphaera subtropica,bacdive_not_found,False,False,0,False,0
proteome:UP000001205,18,target_bacteria,borrelia turicatae,bacdive_not_found,False,False,0,True,133
proteome:UP000001208,104,target_bacteria,chloroherpeton thalassium,bacdive_exact_culture_collection,True,True,0,False,0
proteome:UP000001213,4,target_bacteria,tsukamurella paurometabola,bacdive_exact_genome,True,True,7,True,158
proteome:UP000001217,169,target_bacteria,vibrio cholerae,bacdive_species_exact_name_match,True,False,3,True,202
proteome:UP000001219,4,target_bacteria,gordonia bronchialis,bacdive_exact_genome,True,True,9,True,169
proteome:UP000001225,109,target_bacteria,bordetella petrii,bacdive_exact_culture_collection,True,True,6,True,163
proteome:UP000001226,149,target_bacteria,actinobacillus pleuropneumoniae,bacdive_species_exact_name_match,True,False,5,True,174
proteome:UP000001227,16,target_bacteria,candidatus amoebophilus asiaticus,bacdive_not_found,False,False,0,False,0
proteome:UP000001258,324,target_bacteria,halalkalibacterium halodurans,bacdive_exact_culture_collection,True,True,4,True,168
proteome:UP000001259,70,target_bacteria,lactobacillus delbrueckii,bacdive_species_exact_name_match,True,False,8,True,180
proteome:UP000001260,76,target_bacteria,chlamydia felis,bacdive_exact_designation,True,True,4,False,0
proteome:UP000001261,52,target_fungi,coccidioides immitis,not_applicable_fungi_or_non_bacdive_scope,False,False,0,False,0
proteome:UP000001288,7,target_bacteria,listeria monocytogenes,bacdive_species_exact_name_match,True,False,2,True,204
proteome:UP000001294,12,target_fungi,talaromyces marneffei,not_applicable_fungi_or_non_bacdive_scope,False,False,0,False,0
proteome:UP000001296,2,target_bacteria,winmispira thermophila,bacdive_species_taxid_or_synonym_match,True,False,5,False,0
proteome:UP000001300,120,target_fungi,yarrowia lipolytica,not_applicable_fungi_or_non_bacdive_scope,False,False,0,False,0
proteome:UP000001301,286,target_bacteria,bacillus thuringiensis,bacdive_species_exact_name_match,True,False,4,True,174
proteome:UP000001303,1,target_bacteria,candidatus zinderia insecticola,bacdive_not_found,False,False,0,True,123
proteome:UP000001304,2,target_archaea,ignisphaera aggregans,bacdive_exact_culture_collection,True,True,7,True,144
proteome:UP000001306,129,target_bacteria,leifsonia xyli,bacdive_species_exact_name_match,True,False,0,True,157
proteome:UP000001311,45,target_bacteria,rickettsia massiliae,bacdive_species_exact_name_match,True,False,0,True,134
proteome:UP000001312,37,target_fungi,sclerotinia sclerotiorum,not_applicable_fungi_or_non_bacdive_scope,False,False,0,False,0
proteome:UP000001317,187,target_bacteria,shewanella halifaxensis,bacdive_exact_designation,True,True,6,True,158
proteome:UP000001318,63,target_bacteria,clavibacter sepedonicus,bacdive_exact_genome,True,True,4,True,134
proteome:UP000001319,35,target_bacteria,finegoldia magna,bacdive_exact_genome,True,True,9,True,170
proteome:UP000001321,125,target_archaea,halobacterium salinarum,bacdive_exact_genome,True,True,3,False,0
proteome:UP000001349,78,target_bacteria,ruminiclostridium cellulolyticum,bacdive_exact_culture_collection,True,True,9,True,152
proteome:UP000001350,65,target_archaea,saccharolobus islandicus,bacdive_not_found,False,False,0,True,134
proteome:UP000001355,182,target_bacteria,bacillus pumilus,bacdive_species_exact_name_match,True,False,4,True,173
proteome:UP000001360,78,target_bacteria,bifidobacterium longum,bacdive_species_exact_name_match,True,False,0,True,182
proteome:UP000001362,91,target_bacteria,acidithiobacillus ferrooxidans,bacdive_exact_genome,True,True,4,True,134
proteome:UP000001363,189,target_bacteria,bacillus cereus,bacdive_species_exact_name_match,True,False,3,True,201
proteome:UP000001364,146,target_bacteria,caulobacter vibrioides,bacdive_species_exact_name_match,True,False,2,True,161
proteome:UP000001365,80,target_bacteria,streptococcus equi,bacdive_species_exact_name_match,True,False,7,True,174
proteome:UP000001366,65,target_bacteria,persephonella marina,bacdive_exact_culture_collection,True,True,8,True,141
proteome:UP000001368,78,target_bacteria,streptococcus equi,bacdive_species_exact_name_match,True,False,7,True,174
proteome:UP000001369,3,target_bacteria,sulfurihydrogenibium azorense,bacdive_exact_culture_collection,True,True,8,True,148
proteome:UP000001374,105,target_bacteria,clostridium botulinum,bacdive_species_exact_name_match,True,False,0,True,157
proteome:UP000001377,39,target_bacteria,eggerthella lenta,bacdive_exact_genome,True,True,6,True,170
proteome:UP000001382,6,target_bacteria,geodermatophilus obscurus,bacdive_exact_genome,True,True,7,True,156
proteome:UP000001383,91,target_bacteria,macrococcoides caseolyticum,bacdive_species_candidate_unvalidated,False,False,9,True,169
proteome:UP000001385,156,target_bacteria,brucella canis,bacdive_exact_culture_collection,True,True,0,False,0
proteome:UP000001400,4,target_archaea,candidatus aciduliprofundum boonei,bacdive_not_found,False,False,0,False,0
proteome:UP000001407,8,target_bacteria,escherichia coli,bacdive_species_exact_name_match,True,False,1,True,218
proteome:UP000001408,196,target_bacteria,leptospira interrogans,bacdive_species_exact_name_match,True,False,5,True,144
proteome:UP000001409,201,target_bacteria,corynebacterium efficiens,bacdive_exact_genome,True,True,6,True,159
proteome:UP000001410,629,target_bacteria,escherichia coli,bacdive_exact_genome,True,True,5,True,218
proteome:UP000001411,308,target_bacteria,staphylococcus epidermidis,bacdive_exact_genome,True,True,9,True,200
proteome:UP000001412,138,target_bacteria,clostridium tetani,bacdive_species_exact_name_match,True,False,7,True,173
proteome:UP000001414,197,target_bacteria,bacteroides thetaiotaomicron,bacdive_exact_genome,True,True,6,False,0
proteome:UP000001415,175,target_bacteria,enterococcus faecalis,bacdive_exact_culture_collection,True,True,7,True,207
proteome:UP000001416,182,target_bacteria,nitrosomonas europaea,bacdive_species_exact_name_match,True,False,4,True,134
proteome:UP000001417,301,target_bacteria,bacillus cereus,bacdive_exact_genome,True,True,7,True,201
proteome:UP000001418,39,target_bacteria,mycoplasmoides gallisepticum,bacdive_species_exact_name_match,True,False,5,True,135
proteome:UP000001419,419,target_bacteria,mycobacterium tuberculosis,bacdive_species_exact_name_match,True,False,3,True,147
proteome:UP000001420,162,target_bacteria,prochlorococcus marinus,bacdive_not_found,False,False,0,False,0
proteome:UP000001421,224,target_bacteria,bordetella parapertussis,bacdive_species_exact_name_match,True,False,7,True,195
proteome:UP000001422,184,target_bacteria,parasynechococcus marenigrum,bacdive_not_found,False,False,0,False,0
proteome:UP000001423,173,target_bacteria,prochlorococcus marinus,bacdive_not_found,False,False,0,False,0
proteome:UP000001424,246,target_bacteria,chromobacterium violaceum,bacdive_exact_genome,True,True,9,True,166
proteome:UP000001425,376,target_bacteria,synechocystis sp. pcc 6803,bacdive_not_found,False,False,0,False,0
proteome:UP000001429,33,target_fungi,candida albicans,not_applicable_fungi_or_non_bacdive_scope,False,False,0,False,0
proteome:UP000001430,115,target_bacteria,prochlorococcus marinus,bacdive_not_found,False,False,0,False,0
proteome:UP000001431,80,target_archaea,pyrobaculum calidifontis,bacdive_exact_culture_collection,True,True,4,True,134
proteome:UP000001432,163,target_bacteria,actinobacillus pleuropneumoniae,bacdive_species_exact_name_match,True,False,5,True,174
proteome:UP000001436,268,target_bacteria,ralstonia pseudosolanacearum,bacdive_species_exact_name_match,True,False,0,True,134
proteome:UP000001441,13,target_bacteria,allochromatium vinosum,bacdive_exact_culture_collection,True,True,5,True,137
proteome:UP000001444,5,target_bacteria,streptomyces scabiei,bacdive_species_exact_name_match,True,False,2,True,154
proteome:UP000001446,1,target_bacteria,dickeya parazeae,bacdive_not_found,False,False,0,True,153
proteome:UP000001452,122,target_bacteria,streptococcus pneumoniae,bacdive_exact_genome,True,True,7,True,191
proteome:UP000001471,16,target_fungi,pyrenophora tritici-repentis,not_applicable_fungi_or_non_bacdive_scope,False,False,0,False,0
proteome:UP000001472,184,target_bacteria,mycobacterium tuberculosis,bacdive_species_exact_name_match,True,False,3,True,147
proteome:UP000001473,45,target_bacteria,corynebacterium kroppenstedtii,bacdive_exact_genome,True,True,6,True,174
proteome:UP000001476,46,target_bacteria,lachnospira eligens,bacdive_exact_genome,True,True,6,True,153
proteome:UP000001477,52,target_bacteria,agathobacter rectalis,bacdive_exact_genome,True,True,3,True,153
proteome:UP000001479,66,target_archaea,saccharolobus islandicus,bacdive_not_found,False,False,0,True,134
proteome:UP000001485,191,target_bacteria,edwardsiella ictaluri,bacdive_species_exact_name_match,True,False,9,True,154
proteome:UP000001488,65,target_archaea,thermococcus gammatolerans,bacdive_exact_culture_collection,True,True,5,True,134
proteome:UP000001489,1,target_bacteria,bartonella grahamii,bacdive_species_exact_name_match,True,False,8,True,153
proteome:UP000001495,7,target_archaea,methanocaldococcus fervens,bacdive_exact_culture_collection,True,True,5,False,0
proteome:UP000001502,1,target_bacteria,streptococcus parasanguinis,bacdive_exact_culture_collection,True,True,7,True,181
proteome:UP000001510,120,target_bacteria,microcystis aeruginosa,bacdive_species_exact_name_match,True,False,4,False,0
proteome:UP000001517,1,target_bacteria,streptococcus gallolyticus,bacdive_species_exact_name_match,True,False,3,True,173
proteome:UP000001520,1,target_bacteria,deferribacter desulfuricans,bacdive_exact_culture_collection,True,True,8,True,138
proteome:UP000001522,1,target_bacteria,helicobacter mustelae,bacdive_exact_genome,True,True,9,True,151
proteome:UP000001544,6,target_bacteria,alkalihalophilus pseudofirmus,bacdive_species_exact_name_match,True,False,2,True,155
proteome:UP000001556,104,target_bacteria,desulforamulus reducens,bacdive_exact_culture_collection,True,True,7,True,148
proteome:UP000001557,176,target_bacteria,shewanella baltica,bacdive_exact_designation,True,True,9,True,158
proteome:UP000001558,172,target_bacteria,shewanella loihica,bacdive_exact_culture_collection,True,True,6,True,155
proteome:UP000001564,78,target_bacteria,clavibacter michiganensis,bacdive_species_exact_name_match,True,False,0,True,150
proteome:UP000001565,36,target_bacteria,orientia tsutsugamushi,bacdive_species_exact_name_match,True,False,0,True,135
proteome:UP000001567,66,target_archaea,pyrobaculum arsenaticum,bacdive_exact_culture_collection,True,True,5,True,134
proteome:UP000001570,831,target_bacteria,bacillus subtilis,bacdive_exact_genome,True,True,2,True,179
proteome:UP000001572,120,target_bacteria,alkaliphilus metalliredigens,bacdive_not_found,False,False,0,True,134
proteome:UP000001574,157,target_bacteria,mycobacterium avium,bacdive_species_exact_name_match,True,False,1,True,159
proteome:UP000001578,207,target_bacteria,geobacillus thermodenitrificans,bacdive_species_exact_name_match,True,False,3,True,152
proteome:UP000001582,225,target_bacteria,pseudomonas paraeruginosa,bacdive_exact_designation,True,True,9,True,151
proteome:UP000001584,1090,target_bacteria,mycobacterium tuberculosis,bacdive_exact_culture_collection,True,True,3,True,147
proteome:UP000001589,113,target_bacteria,prochlorococcus marinus,bacdive_not_found,False,False,0,False,0
proteome:UP000001591,72,target_bacteria,rhodospirillum centenum,bacdive_species_candidate_unvalidated,False,False,5,True,134
proteome:UP000001592,95,target_bacteria,bartonella tribocorum,bacdive_exact_culture_collection,True,True,8,True,145
proteome:UP000001596,117,target_bacteria,allorhizobium ampelinum,bacdive_exact_culture_collection,True,True,4,False,0
proteome:UP000001599,279,target_bacteria,salmonella enterica,bacdive_species_exact_name_match,True,False,8,True,210
proteome:UP000001600,144,target_bacteria,rhizobium rhizogenes,bacdive_species_exact_name_match,True,False,3,False,0
proteome:UP000001610,2,target_fungi,cordyceps militaris,not_applicable_fungi_or_non_bacdive_scope,False,False,0,False,0
proteome:UP000001611,3,target_fungi,verticillium dahliae,not_applicable_fungi_or_non_bacdive_scope,False,False,0,False,0
proteome:UP000001626,6,target_bacteria,thermoanaerobacterium thermosaccharolyticum,bacdive_exact_culture_collection,True,True,3,True,134
proteome:UP000001627,1,target_bacteria,neorickettsia risticii,bacdive_species_candidate_unvalidated,False,False,0,True,134
proteome:UP000001628,12,target_fungi,paracoccidioides brasiliensis,not_applicable_fungi_or_non_bacdive_scope,False,False,0,False,0
proteome:UP000001631,21,target_fungi,ajellomyces capsulatus,not_applicable_fungi_or_non_bacdive_scope,False,False,0,False,0
proteome:UP000001635,1,target_bacteria,cyclobacterium marinum,bacdive_exact_culture_collection,True,True,8,False,0
proteome:UP000001640,4,target_fungi,naumovozyma castellii,not_applicable_fungi_or_non_bacdive_scope,False,False,0,False,0
proteome:UP000001651,96,target_bacteria,lacticaseibacillus paracasei,bacdive_species_exact_name_match,True,False,3,True,187
proteome:UP000001652,70,target_bacteria,levilactobacillus brevis,bacdive_species_exact_name_match,True,False,4,True,182
proteome:UP000001654,1,target_bacteria,zunongwangia profunda,bacdive_exact_culture_collection,True,True,9,False,0
proteome:UP000001662,1,target_bacteria,lacrimispora saccharolytica,bacdive_exact_culture_collection,True,True,5,True,157
proteome:UP000001680,160,target_bacteria,burkholderia ambifaria,bacdive_species_exact_name_match,True,False,4,True,155
proteome:UP000001681,129,target_bacteria,exiguobacterium artemiae,bacdive_species_exact_name_match,True,False,9,False,0
proteome:UP000001683,57,target_bacteria,natranaerobius thermophilus,bacdive_exact_culture_collection,True,True,5,True,135
proteome:UP000001685,120,target_bacteria,streptomyces griseus,bacdive_species_exact_name_match,True,False,0,True,186
proteome:UP000001686,29,target_archaea,candidatus korarchaeum cryptofilum,bacdive_not_found,False,False,0,True,133
proteome:UP000001691,51,target_bacteria,endomicrobium trichonymphae,bacdive_not_found,False,False,0,True,130
proteome:UP000001692,140,target_bacteria,cupriavidus taiwanensis,bacdive_exact_culture_collection,True,True,9,True,154
proteome:UP000001693,109,target_bacteria,leptothrix cholodnii,bacdive_not_found,False,False,0,True,133
proteome:UP000001694,56,target_archaea,pyrobaculum neutrophilum,bacdive_exact_culture_collection,True,True,5,True,134
proteome:UP000001695,75,target_bacteria,beijerinckia indica,bacdive_exact_culture_collection,True,True,2,True,134
proteome:UP000001697,81,target_bacteria,limosilactobacillus fermentum,bacdive_species_exact_name_match,True,False,3,True,189
proteome:UP000001698,128,target_bacteria,xylella fastidiosa,bacdive_species_exact_name_match,True,False,4,True,147
proteome:UP000001699,42,target_fungi,aspergillus fumigatus,not_applicable_fungi_or_non_bacdive_scope,False,False,0,False,0
proteome:UP000001700,1,target_bacteria,candidatus riesia pediculicola,bacdive_not_found,False,False,0,True,123
proteome:UP000001702,10,target_bacteria,pantoea ananas,bacdive_species_candidate_unvalidated,False,False,9,True,165
proteome:UP000001725,142,target_bacteria,rhodopseudomonas palustris,bacdive_species_exact_name_match,True,False,4,True,151
proteome:UP000001726,237,target_bacteria,erwinia tasmaniensis,bacdive_exact_culture_collection,True,True,9,True,152
proteome:UP000001727,52,target_bacteria,corynebacterium urealyticum,bacdive_exact_genome,True,True,8,True,170
proteome:UP000001730,175,target_bacteria,aliivibrio salmonicida,bacdive_species_exact_name_match,True,False,8,True,153
proteome:UP000001732,34,target_bacteria,coprothermobacter proteolyticus,bacdive_exact_culture_collection,True,True,5,True,134
proteome:UP000001733,59,target_bacteria,dictyoglomus thermophilum,bacdive_exact_culture_collection,True,True,9,True,151
proteome:UP000001734,311,target_bacteria,klebsiella variicola,bacdive_species_exact_name_match,True,False,5,False,0
proteome:UP000001735,88,target_bacteria,helicobacter pylori,bacdive_exact_designation,True,True,5,True,177
proteome:UP000001739,157,target_bacteria,paraburkholderia phytofirmans,bacdive_exact_culture_collection,True,True,6,True,154
proteome:UP000001740,136,target_bacteria,xanthomonas oryzae,bacdive_species_exact_name_match,True,False,0,True,134
proteome:UP000001741,125,target_bacteria,acinetobacter baumannii,bacdive_species_exact_name_match,True,False,6,True,186
proteome:UP000001744,13,target_fungi,schizosaccharomyces japonicus,not_applicable_fungi_or_non_bacdive_scope,False,False,0,False,0
proteome:UP000001745,25,target_fungi,talaromyces stipitatus,not_applicable_fungi_or_non_bacdive_scope,False,False,0,False,0
proteome:UP000001746,3,target_archaea,halomicrobium mukohataei,bacdive_exact_culture_collection,True,True,8,False,0
proteome:UP000001747,65,target_archaea,saccharolobus islandicus,bacdive_not_found,False,False,0,True,134
proteome:UP000001748,139,target_bacteria,brucella melitensis,bacdive_species_exact_name_match,True,False,2,False,0
proteome:UP000001784,122,target_bacteria,syntrophobacter fumaroxidans,bacdive_exact_culture_collection,True,True,5,True,138
proteome:UP000001798,29,target_fungi,botryotinia fuckeliana,not_applicable_fungi_or_non_bacdive_scope,False,False,0,False,0
proteome:UP000001803,52,target_bacteria,brachyspira hyodysenteriae,bacdive_species_exact_name_match,True,False,4,True,154
proteome:UP000001805,214,target_fungi,neurospora crassa,not_applicable_fungi_or_non_bacdive_scope,False,False,0,False,0
proteome:UP000001806,228,target_bacteria,buchnera aphidicola,bacdive_not_found,False,False,0,True,133
proteome:UP000001807,83,target_bacteria,borreliella burgdorferi,bacdive_species_exact_name_match,True,False,5,True,135
proteome:UP000001816,248,target_bacteria,caulobacter vibrioides,bacdive_exact_culture_collection,True,True,8,True,161
proteome:UP000001817,216,target_bacteria,paraburkholderia xenovorans,bacdive_exact_genome,True,True,6,True,158
proteome:UP000001818,161,target_bacteria,rhodopseudomonas palustris,bacdive_species_exact_name_match,True,False,4,True,151
proteome:UP000001822,96,target_bacteria,cytophaga hutchinsonii,bacdive_exact_genome,True,True,4,False,0
proteome:UP000001823,136,target_bacteria,clostridium perfringens,bacdive_exact_genome,True,True,6,True,190
proteome:UP000001824,125,target_bacteria,clostridium perfringens,bacdive_species_exact_name_match,True,False,5,True,190
proteome:UP000001826,202,target_archaea,methanopyrus kandleri,bacdive_exact_culture_collection,True,True,5,False,0
proteome:UP000001841,1,target_bacteria,erwinia amylovora,bacdive_species_exact_name_match,True,False,0,True,153
proteome:UP000001847,98,target_bacteria,leptospira biflexa,bacdive_exact_genome,True,True,5,True,145
proteome:UP000001857,191,target_bacteria,aliivibrio fischeri,bacdive_species_exact_name_match,True,False,1,True,174
proteome:UP000001861,36,target_fungi,coprinopsis cinerea,not_applicable_fungi_or_non_bacdive_scope,False,False,0,False,0
proteome:UP000001865,319,target_bacteria,salmonella enterica,bacdive_species_exact_name_match,True,False,8,True,210
proteome:UP000001866,320,target_bacteria,salmonella enterica,bacdive_species_exact_name_match,True,False,8,True,210
proteome:UP000001867,126,target_bacteria,stenotrophomonas maltophilia,bacdive_species_exact_name_match,True,False,3,True,201
proteome:UP000001868,65,target_bacteria,phenylobacterium zucineum,bacdive_exact_designation,True,True,4,True,133
proteome:UP000001869,313,target_bacteria,salmonella enterica,bacdive_species_exact_name_match,True,False,8,True,210
proteome:UP000001870,85,target_bacteria,alteromonas mediterranea,bacdive_exact_culture_collection,True,True,7,False,0
proteome:UP000001873,72,target_bacteria,streptococcus equi,bacdive_species_exact_name_match,True,False,7,True,174
proteome:UP000001877,94,target_bacteria,brevibacillus brevis,bacdive_exact_culture_collection,True,True,3,True,167
proteome:UP000001879,4,target_archaea,natrialba magadii,bacdive_exact_genome,True,True,8,False,0
proteome:UP000001880,6,target_bacteria,haliangium ochraceum,bacdive_exact_culture_collection,True,True,4,True,140
proteome:UP000001881,18,target_fungi,sordaria macrospora,not_applicable_fungi_or_non_bacdive_scope,False,False,0,False,0
proteome:UP000001882,7,target_archaea,methanocella paludicola,bacdive_exact_culture_collection,True,True,9,False,0
proteome:UP000001883,3,target_bacteria,rothia mucilaginosa,bacdive_species_exact_name_match,True,False,4,True,193
proteome:UP000001889,4,target_bacteria,citrobacter rodentium,bacdive_species_exact_name_match,True,False,7,True,170
proteome:UP000001901,2,target_archaea,archaeoglobus profundus,bacdive_exact_culture_collection,True,True,5,True,136
proteome:UP000001902,8,target_bacteria,acidaminococcus fermentans,bacdive_exact_genome,True,True,9,True,160
proteome:UP000001903,10,target_archaea,haloterrigena turkmenica,bacdive_exact_culture_collection,True,True,8,False,0
proteome:UP000001910,1,target_bacteria,leptotrichia buccalis,bacdive_exact_genome,True,True,9,True,197
proteome:UP000001916,1,target_bacteria,allomeiothermus silvanus,bacdive_species_candidate_unvalidated,False,False,4,True,137
proteome:UP000001917,6,target_bacteria,alicyclobacillus acidocaldarius,bacdive_species_exact_name_match,True,False,4,True,158
proteome:UP000001918,14,target_bacteria,thermomonospora curvata,bacdive_exact_culture_collection,True,True,9,True,143
proteome:UP000001919,2,target_bacteria,brachybacterium faecium,bacdive_exact_culture_collection,True,True,5,True,149
proteome:UP000001928,40,target_bacteria,mycoplasma capricolum,bacdive_exact_culture_collection,True,True,4,True,135
proteome:UP000001929,188,target_bacteria,rhodospirillum rubrum,bacdive_exact_genome,True,True,7,True,148
proteome:UP000001930,180,target_bacteria,burkholderia thailandensis,bacdive_exact_genome,True,True,9,True,153
proteome:UP000001931,112,target_archaea,methanosphaera stadtmanae,bacdive_exact_culture_collection,True,True,5,False,0
proteome:UP000001932,228,target_bacteria,sodalis glossinidius,bacdive_species_exact_name_match,True,False,5,True,135
proteome:UP000001933,103,target_bacteria,syntrophus aciditrophicus,bacdive_exact_designation,True,True,5,True,134
proteome:UP000001934,24,target_bacteria,aster yellows witches'-broom phytoplasma,bacdive_not_found,False,False,0,True,133
proteome:UP000001935,135,target_bacteria,anaeromyxobacter dehalogenans,bacdive_exact_designation,True,True,5,True,134
proteome:UP000001936,203,target_bacteria,rhizobium etli,bacdive_exact_culture_collection,True,True,8,False,0
proteome:UP000001937,118,target_bacteria,frankia casuarinae,bacdive_exact_culture_collection,True,True,7,True,145
proteome:UP000001939,237,target_bacteria,staphylococcus aureus,bacdive_species_exact_name_match,True,False,4,True,202
proteome:UP000001941,115,target_archaea,methanospirillum hungatei,bacdive_exact_culture_collection,True,True,5,False,0
proteome:UP000001942,43,target_bacteria,ehrlichia sennetsu,bacdive_exact_culture_collection,True,True,0,True,133
proteome:UP000001943,45,target_bacteria,anaplasma phagocytophilum,bacdive_not_found,False,False,0,True,133
proteome:UP000001944,95,target_bacteria,francisella tularensis,bacdive_species_exact_name_match,True,False,4,True,134
proteome:UP000001946,146,target_bacteria,desulfitobacterium hafniense,bacdive_species_exact_name_match,True,False,5,True,146
proteome:UP000001947,163,target_bacteria,saccharophagus degradans,bacdive_exact_culture_collection,True,True,6,True,149
proteome:UP000001951,108,target_bacteria,rickettsia bellii,bacdive_not_found,False,False,0,True,132
proteome:UP000001952,373,target_bacteria,escherichia coli,bacdive_species_exact_name_match,True,False,1,True,218
proteome:UP000001953,156,target_bacteria,nitrobacter hamburgensis,bacdive_exact_culture_collection,True,True,2,True,134
proteome:UP000001955,1,target_bacteria,shimwellia blattae,bacdive_exact_genome,True,True,9,True,158
proteome:UP000001959,127,target_bacteria,hyphomonas neptunium,bacdive_exact_culture_collection,True,True,4,True,134
proteome:UP000001962,152,target_bacteria,alkalilimnicola ehrlichii,bacdive_exact_culture_collection,True,True,9,True,140
proteome:UP000001963,111,target_bacteria,granulibacter bethesdensis,bacdive_exact_culture_collection,True,True,9,True,146
proteome:UP000001964,107,target_bacteria,maricaulis maris,bacdive_species_exact_name_match,True,False,8,True,144
proteome:UP000001966,138,target_bacteria,nitrosomonas eutropha,bacdive_exact_culture_collection,True,True,4,True,133
proteome:UP000001968,101,target_bacteria,syntrophomonas wolfei,bacdive_species_exact_name_match,True,False,3,True,133
proteome:UP000001971,307,target_bacteria,yersinia pestis,bacdive_species_exact_name_match,True,False,0,True,135
proteome:UP000001973,391,target_bacteria,streptomyces coelicolor,bacdive_species_exact_name_match,True,False,0,True,133
proteome:UP000001974,195,target_archaea,saccharolobus solfataricus,bacdive_exact_culture_collection,True,True,4,True,140
proteome:UP000001975,85,target_archaea,haloquadratum walsbyi,bacdive_exact_culture_collection,True,True,4,False,0
proteome:UP000001976,377,target_bacteria,rhizobium meliloti,bacdive_species_taxid_or_synonym_match,True,False,1,False,0
proteome:UP000001977,158,target_bacteria,bordetella avium,bacdive_species_exact_name_match,True,False,4,True,177
proteome:UP000001978,129,target_bacteria,clostridioides difficile,bacdive_exact_genome,True,True,6,True,183
proteome:UP000001979,134,target_archaea,methanococcoides burtonii,bacdive_exact_culture_collection,True,True,5,False,0
proteome:UP000001982,174,target_bacteria,shewanella denitrificans,bacdive_exact_culture_collection,True,True,9,True,146
proteome:UP000001986,107,target_bacteria,clostridium botulinum,bacdive_species_exact_name_match,True,False,0,True,157
proteome:UP000001988,187,target_bacteria,mycobacterium tuberculosis,bacdive_species_exact_name_match,True,False,3,True,147
proteome:UP000001989,108,target_bacteria,rhizorhabdus wittichii,bacdive_exact_culture_collection,True,True,8,True,151
proteome:UP000001990,145,target_bacteria,haemophilus influenzae,bacdive_species_exact_name_match,True,False,2,True,183
proteome:UP000001991,78,target_bacteria,limosilactobacillus reuteri,bacdive_exact_genome,True,True,9,True,180
proteome:UP000001992,104,target_archaea,methanobrevibacter smithii,bacdive_exact_genome,True,True,5,False,0
proteome:UP000001996,44,target_fungi,lodderomyces elongisporus,not_applicable_fungi_or_non_bacdive_scope,False,False,0,False,0
proteome:UP000001997,57,target_fungi,meyerozyma guilliermondii,not_applicable_fungi_or_non_bacdive_scope,False,False,0,False,0
proteome:UP000002007,57,target_bacteria,renibacterium salmoninarum,bacdive_exact_culture_collection,True,True,9,True,147
proteome:UP000002008,110,target_bacteria,chloroflexus aurantiacus,bacdive_exact_culture_collection,True,True,5,True,134
proteome:UP000002010,117,target_bacteria,laribacter hongkongensis,bacdive_species_exact_name_match,True,False,4,True,151
proteome:UP000002014,110,target_bacteria,prochlorococcus marinus,bacdive_not_found,False,False,0,False,0
proteome:UP000002015,167,target_bacteria,shewanella sediminis,bacdive_exact_designation,True,True,9,True,147
proteome:UP000002016,62,target_bacteria,pseudothermotoga lettingae,bacdive_exact_culture_collection,True,True,5,True,134
proteome:UP000002018,18,target_bacteria,ureaplasma urealyticum,bacdive_species_exact_name_match,True,False,6,True,134
proteome:UP000002019,2,target_bacteria,candidatus cloacimonas acidaminovorans,bacdive_not_found,False,False,0,False,0
proteome:UP000002020,13,target_bacteria,apple proliferation phytoplasma,bacdive_not_found,False,False,0,False,0
proteome:UP000002027,3,target_bacteria,sphaerobacter thermophilus,bacdive_exact_culture_collection,True,True,9,True,141
proteome:UP000002028,3,target_bacteria,spirosoma linguale,bacdive_exact_culture_collection,True,True,4,False,0
proteome:UP000002029,7,target_bacteria,streptosporangium roseum,bacdive_exact_genome,True,True,7,True,153
proteome:UP000002030,2,target_bacteria,thermanaerovibrio acidaminovorans,bacdive_exact_culture_collection,True,True,5,True,138
proteome:UP000002035,15,target_fungi,arthroderma otae,not_applicable_fungi_or_non_bacdive_scope,False,False,0,False,0
proteome:UP000002036,8,target_fungi,lachancea thermotolerans,not_applicable_fungi_or_non_bacdive_scope,False,False,0,False,0
proteome:UP000002037,9,target_fungi,candida tropicalis,not_applicable_fungi_or_non_bacdive_scope,False,False,0,False,0
proteome:UP000002038,8,target_fungi,blastomyces gilchristii,not_applicable_fungi_or_non_bacdive_scope,False,False,0,False,0
proteome:UP000002039,7,target_fungi,ajellomyces dermatitidis,not_applicable_fungi_or_non_bacdive_scope,False,False,0,False,0
proteome:UP000002043,1,target_bacteria,thermocrinis albus,bacdive_exact_culture_collection,True,True,5,True,138
proteome:UP000002058,8,target_fungi,uncinocarpus reesii,not_applicable_fungi_or_non_bacdive_scope,False,False,0,False,0
proteome:UP000002059,10,target_fungi,paracoccidioides lutzii,not_applicable_fungi_or_non_bacdive_scope,False,False,0,False,0
proteome:UP000002061,6,target_archaea,methanocaldococcus infernus,bacdive_exact_culture_collection,True,True,5,False,0
proteome:UP000002063,6,target_archaea,methanocaldococcus vulcanius,bacdive_exact_culture_collection,True,True,5,False,0
proteome:UP000002066,1,target_bacteria,streptomyces pratensis,bacdive_species_exact_name_match,True,False,4,True,134
proteome:UP000002068,8,target_bacteria,clostridioides difficile,bacdive_exact_genome,True,True,9,True,183
proteome:UP000002069,10,target_bacteria,cronobacter turicensis,bacdive_exact_culture_collection,True,True,9,True,150
proteome:UP000002070,8,target_bacteria,clostridioides difficile,bacdive_exact_genome,True,True,6,True,183
proteome:UP000002071,2,target_archaea,halorhabdus utahensis,bacdive_exact_culture_collection,True,True,4,False,0
proteome:UP000002077,62,target_bacteria,corynebacterium aurimucosum,bacdive_exact_genome,True,True,9,True,180
proteome:UP000002084,274,target_bacteria,salmonella enterica,bacdive_species_exact_name_match,True,False,8,True,210
proteome:UP000002139,86,target_bacteria,sorangium cellulosum,bacdive_species_exact_name_match,True,False,4,True,137
proteome:UP000002145,115,target_bacteria,acetivibrio thermocellus,bacdive_exact_culture_collection,True,True,6,True,144
proteome:UP000002146,95,target_archaea,methanoculleus marisnigri,bacdive_exact_culture_collection,True,True,5,False,0
proteome:UP000002148,114,target_bacteria,streptococcus sanguinis,bacdive_species_exact_name_match,True,False,5,True,186
proteome:UP000002149,71,target_fungi,cryptococcus deneoformans,not_applicable_fungi_or_non_bacdive_scope,False,False,0,False,0
proteome:UP000002154,214,target_bacteria,bacillus mycoides,bacdive_species_exact_name_match,True,False,0,True,168
proteome:UP000002156,110,target_bacteria,thermoanaerobacter pseudethanolicus,bacdive_exact_culture_collection,True,True,9,True,139
proteome:UP000002157,206,target_bacteria,pseudomonas putida,bacdive_species_exact_name_match,True,False,4,True,194
proteome:UP000002162,23,target_bacteria,ureaplasma parvum,bacdive_not_found,False,False,0,True,133
proteome:UP000002163,109,target_bacteria,streptococcus pneumoniae,bacdive_species_exact_name_match,True,False,9,True,191
proteome:UP000002164,115,target_bacteria,lysinibacillus sphaericus,bacdive_species_exact_name_match,True,False,3,True,195
proteome:UP000002166,64,target_bacteria,leuconostoc citreum,bacdive_species_exact_name_match,True,False,3,True,174
proteome:UP000002168,156,target_bacteria,shewanella woodyi,bacdive_exact_culture_collection,True,True,9,True,155
proteome:UP000002169,164,target_bacteria,burkholderia orbicola,bacdive_species_exact_name_match,True,False,0,True,133
proteome:UP000002171,1,target_bacteria,neptuniibacter caesariensis,bacdive_species_exact_name_match,True,False,6,True,158
proteome:UP000002189,6,target_archaea,methanocaldococcus sp.,bacdive_not_found,False,False,0,False,0
proteome:UP000002192,120,target_bacteria,blochmanniella floridana,bacdive_not_found,False,False,0,False,0
proteome:UP000002193,88,target_bacteria,chlamydia caviae,bacdive_exact_culture_collection,True,True,4,False,0
proteome:UP000002194,149,target_bacteria,nitratidesulfovibrio vulgaris,bacdive_species_candidate_unvalidated,False,False,8,True,134
proteome:UP000002196,231,target_bacteria,lactococcus lactis,bacdive_species_exact_name_match,True,False,4,True,186
proteome:UP000002197,156,target_bacteria,bacteroides fragilis,bacdive_species_exact_name_match,True,False,5,False,0
proteome:UP000002198,139,target_bacteria,corynebacterium diphtheriae,bacdive_species_exact_name_match,True,False,9,True,181
proteome:UP000002199,280,target_archaea,archaeoglobus fulgidus,bacdive_exact_culture_collection,True,True,5,True,136
proteome:UP000002200,76,target_bacteria,tropheryma whipplei,bacdive_not_found,False,False,0,True,133
proteome:UP000002204,78,target_bacteria,rhodococcus erythropolis,bacdive_species_exact_name_match,True,False,0,True,170
proteome:UP000002206,103,target_bacteria,streptococcus pneumoniae,bacdive_species_exact_name_match,True,False,9,True,191
proteome:UP000002207,63,target_bacteria,acidobacterium capsulatum,bacdive_exact_culture_collection,True,True,6,True,153
proteome:UP000002208,64,target_bacteria,deinococcus deserti,bacdive_exact_culture_collection,True,True,6,True,142
proteome:UP000002209,32,target_bacteria,gemmatimonas aurantiaca,bacdive_exact_culture_collection,True,True,4,False,0
proteome:UP000002210,198,target_bacteria,bacillus cereus,bacdive_species_exact_name_match,True,False,3,True,201
proteome:UP000002211,106,target_bacteria,streptococcus pneumoniae,bacdive_species_exact_name_match,True,False,9,True,191
proteome:UP000002212,101,target_bacteria,rhodococcus opacus,bacdive_species_exact_name_match,True,False,0,True,178
proteome:UP000002213,5,target_bacteria,actinosynnema mirum,bacdive_exact_culture_collection,True,True,8,True,151
proteome:UP000002214,198,target_bacteria,bacillus cereus,bacdive_exact_genome,True,True,4,True,201
proteome:UP000002215,4,target_bacteria,chitinophaga pinensis,bacdive_exact_culture_collection,True,True,6,False,0
proteome:UP000002218,4,target_bacteria,nakamurella multipartita,bacdive_exact_culture_collection,True,True,9,True,156
proteome:UP000002219,5,target_bacteria,nocardiopsis dassonvillei,bacdive_species_exact_name_match,True,False,4,True,174
proteome:UP000002220,1,target_bacteria,planctopirus limnophila,bacdive_exact_culture_collection,True,True,4,False,0
proteome:UP000002233,15,target_bacteria,bacillus spizizenii,bacdive_exact_designation,True,True,2,True,161
proteome:UP000002247,4,target_bacteria,segniliparus rotundus,bacdive_exact_culture_collection,True,True,6,True,159
proteome:UP000002255,3,target_bacteria,xylanimonas cellulosilytica,bacdive_exact_culture_collection,True,True,9,True,156
proteome:UP000002256,2,target_bacteria,rhizobium leguminosarum,bacdive_species_exact_name_match,True,False,8,False,0
proteome:UP000002257,73,target_bacteria,methylocella silvestris,bacdive_exact_culture_collection,True,True,5,True,151
proteome:UP000002258,63,target_fungi,scheffersomyces stipitis,not_applicable_fungi_or_non_bacdive_scope,False,False,0,False,0
proteome:UP000002274,119,target_bacteria,prochlorococcus marinus,bacdive_not_found,False,False,0,False,0
proteome:UP000002275,318,target_bacteria,vibrio vulnificus,bacdive_exact_designation,True,True,7,True,188
proteome:UP000002276,49,target_bacteria,borreliella bavariensis,bacdive_species_candidate_unvalidated,False,False,5,True,9
proteome:UP000002283,154,target_bacteria,burkholderia mallei,bacdive_species_exact_name_match,True,False,0,True,140
proteome:UP000002286,155,target_bacteria,neisseria meningitidis,bacdive_exact_culture_collection,True,True,6,True,189
proteome:UP000002287,177,target_bacteria,burkholderia vietnamiensis,bacdive_exact_genome,True,True,5,True,163
proteome:UP000002300,216,target_bacteria,bacillus cytotoxicus,bacdive_exact_culture_collection,True,True,6,True,156
proteome:UP000002301,148,target_bacteria,brucella anthropi,bacdive_species_candidate_unvalidated,False,False,9,False,0
proteome:UP000002302,137,target_bacteria,campylobacter jejuni,bacdive_species_exact_name_match,True,False,4,True,183
proteome:UP000002305,53,target_bacteria,rickettsia africae,bacdive_not_found,False,False,0,True,133
proteome:UP000002307,66,target_archaea,saccharolobus islandicus,bacdive_not_found,False,False,0,True,134
proteome:UP000002308,67,target_archaea,saccharolobus islandicus,bacdive_not_found,False,False,0,True,134
proteome:UP000002311,1435,target_fungi,saccharomyces cerevisiae,not_applicable_fungi_or_non_bacdive_scope,False,False,0,False,0
proteome:UP000002313,6,target_fungi,encephalitozoon intestinalis,not_applicable_fungi_or_non_bacdive_scope,False,False,0,False,0
proteome:UP000002315,19,target_archaea,methanothermus fervidus,bacdive_exact_culture_collection,True,True,5,False,0
proteome:UP000002318,1,target_bacteria,sediminispirochaeta smaragdinae,bacdive_exact_genome,True,True,5,True,134
proteome:UP000002333,103,target_bacteria,clostridium botulinum,bacdive_species_exact_name_match,True,False,0,True,157
proteome:UP000002334,77,target_bacteria,candidatus williamhamiltonella defendens,bacdive_not_found,False,False,0,False,0
proteome:UP000002350,5,target_bacteria,shewanella violacea,bacdive_exact_culture_collection,True,True,8,True,145
proteome:UP000002357,14,target_bacteria,streptomyces clavuligerus,bacdive_exact_genome,True,True,4,True,139
proteome:UP000002361,75,target_bacteria,rhodobacter capsulatus,bacdive_species_exact_name_match,True,False,2,False,0
proteome:UP000002363,11,target_bacteria,enterobacter cloacae,bacdive_species_exact_name_match,True,False,0,True,184
proteome:UP000002365,6,target_bacteria,priestia megaterium,bacdive_exact_genome,True,True,2,True,178
proteome:UP000002382,45,target_bacteria,kosmotoga olearia,bacdive_exact_culture_collection,True,True,9,True,144
proteome:UP000002383,96,target_bacteria,thioalkalivibrio sulfidiphilus,bacdive_exact_designation,True,True,7,True,141
proteome:UP000002384,105,target_bacteria,gloeothece citriformis,bacdive_not_found,False,False,0,False,0
proteome:UP000002385,90,target_bacteria,methylorubrum extorquens,bacdive_exact_culture_collection,True,True,4,True,166
proteome:UP000002402,116,target_bacteria,myxococcus xanthus,bacdive_species_exact_name_match,True,False,4,True,152
proteome:UP000002407,100,target_bacteria,campylobacter hominis,bacdive_exact_culture_collection,True,True,6,True,160
proteome:UP000002408,104,target_archaea,methanoregula boonei,bacdive_exact_culture_collection,True,True,8,False,0
proteome:UP000002410,118,target_bacteria,clostridium botulinum,bacdive_species_exact_name_match,True,False,0,True,157
proteome:UP000002411,124,target_bacteria,clostridium kluyveri,bacdive_exact_genome,True,True,5,True,135
proteome:UP000002412,299,target_bacteria,yersinia pseudotuberculosis,bacdive_species_exact_name_match,True,False,5,True,187
proteome:UP000002415,53,target_bacteria,fervidobacterium nodosum,bacdive_exact_culture_collection,True,True,9,True,150
proteome:UP000002417,95,target_bacteria,xanthobacter autotrophicus,bacdive_species_exact_name_match,True,False,4,True,156
proteome:UP000002419,75,target_bacteria,bifidobacterium longum,bacdive_species_exact_name_match,True,False,0,True,182
proteome:UP000002420,113,target_bacteria,trichlorobacter lovleyi,bacdive_exact_culture_collection,True,True,5,True,135
proteome:UP000002424,172,target_bacteria,azotobacter vinelandii,bacdive_species_exact_name_match,True,False,0,True,143
proteome:UP000002425,150,target_bacteria,psychrobacter cryohalolentis,bacdive_exact_culture_collection,True,True,6,True,145
proteome:UP000002427,119,target_bacteria,candidatus palibaumannia cicadellinicola,bacdive_not_found,False,False,0,False,0
proteome:UP000002428,125,target_fungi,candida glabrata,not_applicable_fungi_or_non_bacdive_scope,False,False,0,False,0
proteome:UP000002429,166,target_bacteria,cupriavidus metallidurans,bacdive_exact_culture_collection,True,True,9,True,171
proteome:UP000002430,81,target_bacteria,lawsonia intracellularis,bacdive_species_exact_name_match,True,False,0,True,134
proteome:UP000002431,122,target_bacteria,deinococcus geothermalis,bacdive_exact_culture_collection,True,True,6,True,174
proteome:UP000002432,112,target_bacteria,candidatus korobacter versatilis,bacdive_not_found,False,False,0,True,152
proteome:UP000002433,89,target_bacteria,streptococcus pyogenes,bacdive_species_exact_name_match,True,False,5,True,184
proteome:UP000002434,90,target_bacteria,streptococcus pyogenes,bacdive_species_exact_name_match,True,False,5,True,184
proteome:UP000002436,86,target_bacteria,streptococcus pyogenes,bacdive_species_exact_name_match,True,False,5,True,184
proteome:UP000002438,656,target_bacteria,pseudomonas aeruginosa,bacdive_exact_genome,True,True,9,True,219
proteome:UP000002439,141,target_archaea,pyrobaculum aerophilum,bacdive_exact_culture_collection,True,True,5,True,134
proteome:UP000002440,153,target_bacteria,methylobacillus flagellatus,bacdive_exact_culture_collection,True,True,2,True,134
proteome:UP000002453,65,target_bacteria,thermosipho africanus,bacdive_exact_designation,True,True,4,True,134
proteome:UP000002456,75,target_bacteria,bifidobacterium animalis,bacdive_species_exact_name_match,True,False,3,True,184
proteome:UP000002457,68,target_archaea,methanosphaerula palustris,bacdive_exact_culture_collection,True,True,5,False,0
proteome:UP000002480,131,target_bacteria,rickettsia prowazekii,bacdive_species_exact_name_match,True,False,0,True,135
proteome:UP000002481,333,target_bacteria,staphylococcus aureus,bacdive_exact_culture_collection,True,True,9,True,202
proteome:UP000002484,1,target_bacteria,pseudofrankia inefficax,bacdive_species_taxid_or_synonym_match,True,False,4,True,134
proteome:UP000002485,714,target_fungi,schizosaccharomyces pombe,not_applicable_fungi_or_non_bacdive_scope,False,False,0,False,0
proteome:UP000002487,284,target_archaea,methanosarcina acetivorans,bacdive_exact_culture_collection,True,True,5,False,0
proteome:UP000002489,4,target_fungi,fusarium oxysporum,not_applicable_fungi_or_non_bacdive_scope,False,False,0,False,0
proteome:UP000002493,327,target_bacteria,vibrio parahaemolyticus,bacdive_species_exact_name_match,True,False,0,True,198
proteome:UP000002495,134,target_bacteria,helicobacter hepaticus,bacdive_exact_culture_collection,True,True,9,True,146
proteome:UP000002497,2,target_fungi,coccidioides posadasii,not_applicable_fungi_or_non_bacdive_scope,False,False,0,False,0
proteome:UP000002498,8,target_fungi,metarhizium robertsii,not_applicable_fungi_or_non_bacdive_scope,False,False,0,False,0
proteome:UP000002499,4,target_fungi,metarhizium acridum,not_applicable_fungi_or_non_bacdive_scope,False,False,0,False,0
proteome:UP000002505,66,target_bacteria,pseudarthrobacter chlorophenolicus,bacdive_exact_genome,True,True,9,True,152
proteome:UP000002506,6,target_bacteria,dehalococcoides mccartyi,bacdive_species_exact_name_match,True,False,4,True,136
proteome:UP000002507,169,target_bacteria,shewanella baltica,bacdive_species_exact_name_match,True,False,9,True,158
proteome:UP000002508,78,target_bacteria,chloroflexus aggregans,bacdive_exact_culture_collection,True,True,6,True,145
proteome:UP000002512,198,target_bacteria,streptococcus mutans,bacdive_species_exact_name_match,True,False,1,True,182
proteome:UP000002513,244,target_bacteria,listeria innocua,bacdive_species_exact_name_match,True,False,5,True,184
proteome:UP000002514,334,target_bacteria,photorhabdus laumondii,bacdive_exact_culture_collection,True,True,9,True,157
proteome:UP000002515,312,target_bacteria,pseudomonas syringae group genomosp. 3,bacdive_species_exact_name_match,True,False,0,True,134
proteome:UP000002516,223,target_bacteria,xylella fastidiosa,bacdive_species_exact_name_match,True,False,4,True,147
proteome:UP000002517,149,target_bacteria,legionella pneumophila,bacdive_species_exact_name_match,True,False,4,True,179
proteome:UP000002518,135,target_archaea,aeropyrum pernix,bacdive_exact_culture_collection,True,True,9,True,138
proteome:UP000002519,1,target_bacteria,escherichia coli,bacdive_species_exact_name_match,True,False,1,True,218
proteome:UP000002522,54,target_bacteria,malacoplasma penetrans,bacdive_species_exact_name_match,True,False,4,True,135
proteome:UP000002523,25,target_bacteria,onion yellows phytoplasma,bacdive_not_found,False,False,0,True,133
proteome:UP000002524,231,target_bacteria,deinococcus radiodurans,bacdive_exact_genome,True,True,9,True,169
proteome:UP000002525,211,target_bacteria,haemophilus influenzae,bacdive_species_exact_name_match,True,False,2,True,183
proteome:UP000002526,282,target_bacteria,bradyrhizobium diazoefficiens,bacdive_exact_genome,True,True,7,True,145
proteome:UP000002527,285,target_bacteria,bacillus cereus,bacdive_species_exact_name_match,True,False,3,True,201
proteome:UP000002528,104,target_bacteria,pelagibacter ubique,bacdive_not_found,False,False,0,False,0
proteome:UP000002529,416,target_bacteria,shigella sonnei,bacdive_species_exact_name_match,True,False,5,True,179
proteome:UP000002530,255,target_fungi,aspergillus fumigatus,not_applicable_fungi_or_non_bacdive_scope,False,False,0,False,0
proteome:UP000002531,161,target_bacteria,nitrobacter winogradskyi,bacdive_exact_culture_collection,True,True,2,True,134
proteome:UP000002532,72,target_bacteria,chlamydia trachomatis,bacdive_exact_culture_collection,True,True,4,False,0
proteome:UP000002533,185,target_bacteria,anabaena variabilis,bacdive_species_exact_name_match,True,False,4,False,0
proteome:UP000002534,171,target_bacteria,syntrophotalea carbinolica,bacdive_exact_genome,True,True,5,True,134
proteome:UP000002535,142,target_bacteria,prochlorococcus marinus,bacdive_not_found,False,False,0,False,0
proteome:UP000002564,105,target_bacteria,neisseria gonorrhoeae,bacdive_species_exact_name_match,True,False,5,True,194
proteome:UP000002565,135,target_bacteria,brucella abortus,bacdive_species_taxid_or_synonym_match,True,False,9,False,0
proteome:UP000002574,10,target_bacteria,hydrogenobacter thermophilus,bacdive_exact_genome,True,True,9,True,148
proteome:UP000002586,109,target_bacteria,magnetococcus marinus,bacdive_exact_culture_collection,True,True,7,True,133
proteome:UP000002587,114,target_bacteria,candidatus ruthturnera calyptogenae,bacdive_not_found,False,False,0,False,0
proteome:UP000002588,150,target_bacteria,azoarcus sp.,bacdive_not_found,False,False,0,True,149
proteome:UP000002590,116,target_bacteria,prochlorococcus marinus,bacdive_not_found,False,False,0,False,0
proteome:UP000002592,113,target_bacteria,prochlorococcus marinus,bacdive_not_found,False,False,0,False,0
proteome:UP000002593,44,target_archaea,hyperthermus butylicus,bacdive_exact_culture_collection,True,True,5,True,135
proteome:UP000002595,69,target_archaea,pyrobaculum islandicum,bacdive_exact_culture_collection,True,True,5,True,134
proteome:UP000002596,141,target_bacteria,paracidovorax citrulli,bacdive_species_candidate_unvalidated,False,False,5,True,149
proteome:UP000002601,83,target_bacteria,maridesulfovibrio salexigens,bacdive_exact_culture_collection,True,True,5,True,134
proteome:UP000002605,15,target_fungi,candida dubliniensis,not_applicable_fungi_or_non_bacdive_scope,False,False,0,False,0
proteome:UP000002608,179,target_bacteria,shewanella pealeana,bacdive_exact_culture_collection,True,True,9,True,149
proteome:UP000002612,290,target_bacteria,bacillus cereus,bacdive_species_exact_name_match,True,False,3,True,201
proteome:UP000002613,4,target_archaea,ferroglobus placidus,bacdive_exact_culture_collection,True,True,5,True,133
proteome:UP000002622,1,target_bacteria,salmonella enterica,bacdive_species_exact_name_match,True,False,8,True,210
proteome:UP000002624,7,target_fungi,ajellomyces capsulatus,not_applicable_fungi_or_non_bacdive_scope,False,False,0,False,0
proteome:UP000002629,7,target_bacteria,caulobacter segnis,bacdive_exact_genome,True,True,8,True,154
proteome:UP000002631,4,target_bacteria,metamycoplasma hominis,bacdive_exact_genome,True,True,4,True,165
proteome:UP000002634,1,target_bacteria,edwardsiella piscicida,bacdive_species_exact_name_match,True,False,6,True,151
proteome:UP000002654,8,target_archaea,thermoproteus tenax,bacdive_exact_culture_collection,True,True,5,True,133
proteome:UP000002664,2,target_archaea,saccharolobus islandicus,bacdive_not_found,False,False,0,True,134
proteome:UP000002668,3,target_fungi,leptosphaeria maculans,not_applicable_fungi_or_non_bacdive_scope,False,False,0,False,0
proteome:UP000002669,4,target_fungi,arthroderma gypseum,not_applicable_fungi_or_non_bacdive_scope,False,False,0,False,0
proteome:UP000002671,146,target_bacteria,coxiella burnetii,bacdive_species_exact_name_match,True,False,0,True,135
proteome:UP000002673,2,target_bacteria,shigella flexneri,bacdive_exact_culture_collection,True,True,9,True,180
proteome:UP000002675,323,target_bacteria,vibrio vulnificus,bacdive_exact_designation,True,True,9,True,188
proteome:UP000002676,221,target_bacteria,bordetella pertussis,bacdive_species_exact_name_match,True,False,4,True,199
proteome:UP000002695,3,target_bacteria,salmonella enterica,bacdive_species_exact_name_match,True,False,8,True,210
proteome:UP000002698,126,target_archaea,natronomonas pharaonis,bacdive_exact_culture_collection,True,True,8,False,0
proteome:UP000002700,195,target_bacteria,burkholderia pseudomallei,bacdive_species_exact_name_match,True,False,0,True,159
proteome:UP000002703,228,target_bacteria,cereibacter sphaeroides,bacdive_exact_culture_collection,True,True,6,True,159
proteome:UP000002704,253,target_bacteria,pseudomonas fluorescens,bacdive_species_exact_name_match,True,False,1,True,199
proteome:UP000002705,255,target_bacteria,burkholderia lata,bacdive_exact_genome,True,True,6,True,157
proteome:UP000002706,160,target_bacteria,carboxydothermus hydrogenoformans,bacdive_exact_culture_collection,True,True,5,True,133
proteome:UP000002707,106,target_bacteria,latilactobacillus sakei,bacdive_species_exact_name_match,True,False,9,True,173
proteome:UP000002709,138,target_bacteria,pelodictyon luteolum,bacdive_species_taxid_or_synonym_match,True,False,8,False,0
proteome:UP000002710,117,target_bacteria,oleidesulfovibrio alaskensis,bacdive_exact_culture_collection,True,True,5,True,150
proteome:UP000002714,147,target_bacteria,sulfurimonas denitrificans,bacdive_exact_genome,True,True,5,True,134
proteome:UP000002715,132,target_bacteria,prochlorococcus marinus,bacdive_not_found,False,False,0,False,0
proteome:UP000002716,350,target_bacteria,shigella dysenteriae,bacdive_species_exact_name_match,True,False,2,True,175
proteome:UP000002718,155,target_bacteria,nitrosospira multiformis,bacdive_exact_genome,True,True,4,True,138
proteome:UP000002719,194,target_bacteria,brucella abortus,bacdive_species_taxid_or_synonym_match,True,False,9,False,0
proteome:UP000002724,110,target_bacteria,pelodictyon phaeoclathratiforme,bacdive_exact_culture_collection,True,True,0,False,0
proteome:UP000002725,100,target_bacteria,prosthecochloris aestuarii,bacdive_exact_culture_collection,True,True,0,False,0
proteome:UP000002727,71,target_archaea,thermococcus onnurineus,bacdive_species_exact_name_match,True,False,3,True,133
proteome:UP000002734,4,target_bacteria,musicola paradisiaca,bacdive_species_candidate_unvalidated,False,False,5,True,151
proteome:UP000002735,2,target_bacteria,dickeya chrysanthemi,bacdive_species_exact_name_match,True,False,2,True,163
proteome:UP000002736,245,target_bacteria,pectobacterium carotovorum,bacdive_species_exact_name_match,True,False,3,True,163
proteome:UP000002742,1,target_bacteria,methylotenera mobilis,bacdive_exact_culture_collection,True,True,4,True,134
proteome:UP000002743,2,target_bacteria,methylovorus glucosotrophus,bacdive_species_exact_name_match,True,False,2,True,134
proteome:UP000002745,1,target_bacteria,hirschia baltica,bacdive_exact_culture_collection,True,True,9,True,160
proteome:UP000002753,1,target_fungi,saccharomyces kudriavzevii,not_applicable_fungi_or_non_bacdive_scope,False,False,0,False,0
proteome:UP000002762,3,target_fungi,beauveria bassiana,not_applicable_fungi_or_non_bacdive_scope,False,False,0,False,0
proteome:UP000002785,2,target_bacteria,streptomyces sviceus,bacdive_not_found,False,False,0,True,133
proteome:UP000002805,2,target_bacteria,streptomyces pristinaespiralis,bacdive_species_candidate_unvalidated,False,False,2,True,134
proteome:UP000002861,120,target_bacteria,phocaeicola vulgatus,bacdive_exact_genome,True,True,9,False,0
proteome:UP000002895,6,target_bacteria,enterococcus hirae,bacdive_exact_genome,True,True,7,True,177
proteome:UP000002970,2,target_bacteria,clostridium symbiosum,bacdive_species_exact_name_match,True,False,5,False,152
proteome:UP000002979,5,target_bacteria,collinsella aerofaciens,bacdive_exact_genome,True,True,6,True,168
proteome:UP000003039,1,target_bacteria,comamonas testosteroni,bacdive_exact_culture_collection,True,True,4,True,164
proteome:UP000003042,1,target_bacteria,escherichia albertii,bacdive_species_exact_name_match,True,False,8,True,154
proteome:UP000003100,2,target_bacteria,blautia hydrogenotrophica,bacdive_exact_genome,True,True,6,True,148
proteome:UP000003614,1,target_bacteria,salmonella enterica,bacdive_species_exact_name_match,True,False,8,True,210
proteome:UP000003752,2,target_bacteria,lentilactobacillus hilgardii,bacdive_exact_genome,True,True,9,True,168
proteome:UP000003824,1,target_bacteria,streptomyces viridosporus,bacdive_exact_culture_collection,True,True,7,True,166
proteome:UP000003828,3,target_bacteria,arthrobacter globiformis,bacdive_exact_culture_collection,True,True,7,True,165
proteome:UP000004070,2,target_bacteria,lancefieldella rimae,bacdive_exact_genome,True,True,9,True,151
proteome:UP000004184,10,target_bacteria,streptomyces viridochromogenes,bacdive_exact_culture_collection,True,True,4,True,138
proteome:UP000004410,25,target_bacteria,mediterraneibacter gnavus,bacdive_exact_genome,True,True,4,True,166
proteome:UP000004455,1,target_bacteria,rickettsia sibirica,bacdive_exact_culture_collection,True,True,0,True,134
proteome:UP000004478,2,target_bacteria,cecembia lonarensis,bacdive_exact_culture_collection,True,True,8,False,0
proteome:UP000004525,3,target_bacteria,lacticaseibacillus rhamnosus,bacdive_species_exact_name_match,True,False,2,True,202
proteome:UP000004550,9,target_bacteria,sphingobium indicum,bacdive_exact_genome,True,True,9,True,180
proteome:UP000004664,1,target_bacteria,methylobacter tundripaludum,bacdive_exact_culture_collection,True,True,8,True,140
proteome:UP000004687,2,target_bacteria,vibrio cholerae,bacdive_species_exact_name_match,True,False,3,True,202
proteome:UP000004837,4,target_bacteria,candidatus methylacidiphilum fumarolicum,bacdive_not_found,False,False,0,False,0
proteome:UP000004848,3,target_bacteria,roseibium aggregatum,bacdive_exact_culture_collection,True,True,4,True,137
proteome:UP000004870,1,target_bacteria,cardiobacterium hominis,bacdive_exact_genome,True,True,6,True,169
proteome:UP000004915,1,target_bacteria,mycolicibacterium thermoresistibile,bacdive_species_taxid_or_synonym_match,True,False,8,True,152
proteome:UP000004935,4,target_bacteria,anaerostipes caccae,bacdive_exact_genome,True,True,9,True,149
proteome:UP000005012,1,target_bacteria,providencia stuartii,bacdive_species_exact_name_match,True,False,1,True,178
proteome:UP000005015,52,target_bacteria,rickettsia peacockii,bacdive_not_found,False,False,0,True,133
proteome:UP000005019,1,target_bacteria,methyloversatilis universalis,bacdive_exact_culture_collection,True,True,5,True,155
proteome:UP000005045,3,target_bacteria,paraburkholderia graminis,bacdive_exact_genome,True,True,9,True,174
proteome:UP000005206,24,target_fungi,fusarium vanettenii,not_applicable_fungi_or_non_bacdive_scope,False,False,0,False,0
proteome:UP000005216,45,target_bacteria,borreliella afzelii,bacdive_species_candidate_unvalidated,False,False,5,True,135
proteome:UP000005223,330,target_archaea,methanothermobacter thermautotrophicus,bacdive_exact_genome,True,True,5,False,0
proteome:UP000005234,2,target_bacteria,frateuria aurantia,bacdive_exact_culture_collection,True,True,4,True,133
proteome:UP000005250,1,target_bacteria,bordetella pertussis,bacdive_exact_genome,True,True,5,True,199
proteome:UP000005269,8,target_bacteria,enterococcus faecium,bacdive_species_exact_name_match,True,False,3,True,201
proteome:UP000005306,1,target_bacteria,pelagibacter ubique,bacdive_not_found,False,False,0,False,0
proteome:UP000005317,1,target_bacteria,thiothrix nivea,bacdive_exact_culture_collection,True,True,2,True,80
proteome:UP000005426,1,target_fungi,hypocrea atroviridis,not_applicable_fungi_or_non_bacdive_scope,False,False,0,False,0
proteome:UP000005438,2,target_bacteria,niastella koreensis,bacdive_exact_genome,True,True,8,False,0
proteome:UP000005443,1,target_bacteria,rickettsia slovaca,bacdive_not_found,False,False,0,True,133
proteome:UP000005475,2,target_bacteria,bacteroides ovatus,bacdive_exact_genome,True,True,9,False,0
proteome:UP000005522,1,target_bacteria,acidithiobacillus caldus,bacdive_exact_genome,True,True,4,True,133
proteome:UP000005629,7,target_archaea,haloarcula hispanica,bacdive_exact_genome,True,True,4,False,0
proteome:UP000005713,1,target_bacteria,sagittula stellata,bacdive_exact_culture_collection,True,True,6,True,154
proteome:UP000005740,8,target_bacteria,acinetobacter baumannii,bacdive_exact_genome,True,True,9,True,186
proteome:UP000005933,4,target_bacteria,ralstonia solanacearum,bacdive_species_exact_name_match,True,False,4,True,159
proteome:UP000005940,1,target_bacteria,streptomyces tsukubensis,bacdive_exact_culture_collection,True,True,4,True,132
proteome:UP000005954,11,target_bacteria,roseovarius nubinhibens,bacdive_exact_culture_collection,True,True,5,True,147
proteome:UP000006001,2,target_bacteria,slackia exigua,bacdive_exact_genome,True,True,6,True,160
proteome:UP000006034,18,target_bacteria,bilophila wadsworthia,bacdive_species_exact_name_match,True,False,5,True,153
proteome:UP000006073,1,target_bacteria,indibacter alkaliphilus,bacdive_exact_culture_collection,True,True,8,False,0
proteome:UP000006138,6,target_bacteria,amycolatopsis mediterranei,bacdive_exact_genome,True,True,9,True,148
proteome:UP000006158,1,target_bacteria,mycolicibacterium smegmatis,bacdive_species_exact_name_match,True,False,0,True,154
proteome:UP000006178,1,target_bacteria,thermoanaerobacterium saccharolyticum,bacdive_exact_culture_collection,True,True,5,True,133
proteome:UP000006265,4,target_bacteria,mycolicibacterium hassiacum,bacdive_species_taxid_or_synonym_match,True,False,7,True,152
proteome:UP000006281,1,target_bacteria,saccharothrix espanaensis,bacdive_exact_culture_collection,True,True,5,True,152
proteome:UP000006304,2,target_bacteria,nocardia brasiliensis,bacdive_species_exact_name_match,True,False,0,True,173
proteome:UP000006371,241,target_bacteria,staphylococcus saprophyticus,bacdive_species_exact_name_match,True,False,0,True,175
proteome:UP000006375,158,target_bacteria,gluconobacter oxydans,bacdive_species_exact_name_match,True,False,0,True,191
proteome:UP000006377,124,target_bacteria,parvibaculum lavamentivorans,bacdive_exact_culture_collection,True,True,6,True,143
proteome:UP000006380,99,target_bacteria,campylobacter curvus,bacdive_species_exact_name_match,True,False,3,True,173
proteome:UP000006381,90,target_bacteria,lactobacillus acidophilus,bacdive_species_exact_name_match,True,False,6,True,174
proteome:UP000006383,133,target_bacteria,brucella ovis,bacdive_exact_genome,True,True,0,False,0
proteome:UP000006386,181,target_bacteria,staphylococcus aureus,bacdive_species_exact_name_match,True,False,4,True,202
proteome:UP000006394,90,target_bacteria,flavobacterium psychrophilum,bacdive_exact_genome,True,True,8,False,0
proteome:UP000006469,4,target_archaea,haloferax mediterranei,bacdive_exact_genome,True,True,4,False,0
proteome:UP000006552,209,target_bacteria,aromatoleum aromaticum,bacdive_exact_culture_collection,True,True,4,True,134
proteome:UP000006556,99,target_bacteria,pelotomaculum thermopropionicum,bacdive_exact_culture_collection,True,True,5,True,134
proteome:UP000006558,116,target_bacteria,thermotoga petrophila,bacdive_exact_culture_collection,True,True,7,True,151
proteome:UP000006559,87,target_bacteria,ligilactobacillus salivarius,bacdive_species_exact_name_match,True,False,3,True,181
proteome:UP000006562,1,target_bacteria,bacillus amyloliquefaciens,bacdive_exact_genome,True,True,6,True,177
proteome:UP000006564,130,target_fungi,aspergillus oryzae,not_applicable_fungi_or_non_bacdive_scope,False,False,0,False,0
proteome:UP000006565,1,target_archaea,methanolacinia petrolearia,bacdive_exact_culture_collection,True,True,5,False,0
proteome:UP000006575,192,target_bacteria,rhizobium johnstonii,bacdive_exact_culture_collection,True,True,5,False,0
proteome:UP000006578,137,target_bacteria,sphingopyxis alaskensis,bacdive_exact_culture_collection,True,True,9,True,150
proteome:UP000006589,79,target_bacteria,methylobacterium radiotolerans,bacdive_exact_genome,True,True,5,True,155
proteome:UP000006622,3,target_archaea,methanosalsum zhilinae,bacdive_exact_culture_collection,True,True,5,False,0
proteome:UP000006633,5,target_bacteria,ancylobacter novellus,bacdive_species_candidate_unvalidated,False,False,8,True,136
proteome:UP000006637,117,target_bacteria,rubrobacter xylanophilus,bacdive_exact_genome,True,True,6,True,157
proteome:UP000006640,6,target_bacteria,thermobispora bispora,bacdive_exact_culture_collection,True,True,4,True,136
proteome:UP000006647,41,target_bacteria,mesoplasma florum,bacdive_not_found,False,False,0,True,133
proteome:UP000006666,2,target_bacteria,kytococcus sedentarius,bacdive_exact_genome,True,True,9,True,168
proteome:UP000006690,4,target_bacteria,pantoea ananas,bacdive_species_candidate_unvalidated,False,False,9,True,165
proteome:UP000006693,224,target_bacteria,burkholderia mallei,bacdive_exact_genome,True,True,0,True,140
proteome:UP000006694,98,target_bacteria,flavobacterium johnsoniae,bacdive_species_exact_name_match,True,False,1,False,0
proteome:UP000006695,137,target_bacteria,geotalea uraniireducens,bacdive_species_candidate_unvalidated,False,False,6,True,135
proteome:UP000006697,139,target_bacteria,herminiimonas arsenicoxydans,bacdive_exact_designation,True,True,6,True,154
proteome:UP000006698,137,target_bacteria,corynebacterium glutamicum,bacdive_species_exact_name_match,True,False,4,True,179
proteome:UP000006701,74,target_fungi,aspergillus clavatus,not_applicable_fungi_or_non_bacdive_scope,False,False,0,False,0
proteome:UP000006702,77,target_fungi,aspergillus fischeri,not_applicable_fungi_or_non_bacdive_scope,False,False,0,False,0
proteome:UP000006706,87,target_fungi,aspergillus niger,not_applicable_fungi_or_non_bacdive_scope,False,False,0,False,0
proteome:UP000006728,120,target_bacteria,saccharopolyspora erythraea,bacdive_exact_genome,True,True,5,True,164
proteome:UP000006731,165,target_bacteria,bacteroides fragilis,bacdive_exact_genome,True,True,9,False,0
proteome:UP000006732,129,target_bacteria,pelobacter propionicus,bacdive_exact_culture_collection,True,True,5,True,135
proteome:UP000006735,172,target_bacteria,xanthomonas oryzae,bacdive_species_exact_name_match,True,False,0,True,134
proteome:UP000006738,161,target_bacteria,burkholderia pseudomallei,bacdive_species_exact_name_match,True,False,0,True,159
proteome:UP000006743,103,target_bacteria,glaesserella parasuis,bacdive_species_exact_name_match,True,False,4,True,163
proteome:UP000006744,191,target_bacteria,bacillus cereus,bacdive_species_exact_name_match,True,False,3,True,201
proteome:UP000006790,3,target_fungi,eremothecium cymbalariae,not_applicable_fungi_or_non_bacdive_scope,False,False,0,False,0
proteome:UP000006794,6,target_archaea,halopiger xanaduensis,bacdive_exact_culture_collection,True,True,4,False,0
proteome:UP000006798,3,target_bacteria,cupriavidus necator,bacdive_exact_genome,True,True,6,True,158
proteome:UP000006810,2,target_bacteria,mycoplasmopsis fermentans,bacdive_exact_genome,True,True,0,True,134
proteome:UP000006818,65,target_archaea,saccharolobus islandicus,bacdive_not_found,False,False,0,True,134
proteome:UP000006820,202,target_bacteria,nocardia farcinica,bacdive_species_exact_name_match,True,False,5,True,173
proteome:UP000006821,218,target_bacteria,methylococcus capsulatus,bacdive_species_exact_name_match,True,False,0,True,134
proteome:UP000006822,30,target_bacteria,mesomycoplasma hyopneumoniae,bacdive_not_found,False,False,0,True,134
proteome:UP000006830,61,target_bacteria,rickettsia akari,bacdive_not_found,False,False,0,True,133
proteome:UP000006832,62,target_bacteria,rickettsia rickettsii,bacdive_species_exact_name_match,True,False,0,True,134
proteome:UP000006833,105,target_bacteria,dinoroseobacter shibae,bacdive_exact_culture_collection,True,True,9,True,151
proteome:UP000006838,179,target_bacteria,nitrosococcus oceani,bacdive_exact_genome,True,True,3,True,134
proteome:UP000006843,201,target_bacteria,pseudoalteromonas translucida,bacdive_species_exact_name_match,True,False,9,True,156
proteome:UP000006854,16,target_bacteria,streptomyces venezuelae,bacdive_exact_genome,True,True,5,True,148
proteome:UP000006859,12,target_bacteria,dickeya dadantii,bacdive_species_exact_name_match,True,False,6,True,172
proteome:UP000006867,1,target_bacteria,bacillus atrophaeus,bacdive_exact_genome,True,True,6,True,173
proteome:UP000006872,2,target_bacteria,[enterobacter] lignolyticus,bacdive_not_found,False,False,0,True,133
proteome:UP000006875,2,target_bacteria,ilyobacter polytropus,bacdive_exact_culture_collection,True,True,5,True,9
proteome:UP000006876,1,target_bacteria,alcaligenes xylosoxydans xylosoxydans,bacdive_species_candidate_unvalidated,False,False,4,True,187
proteome:UP000006900,103,target_bacteria,mycobacterium leprae,bacdive_not_found,False,False,0,True,134
proteome:UP000006901,34,target_bacteria,borreliella burgdorferi,bacdive_species_exact_name_match,True,False,5,True,135
proteome:UP000006903,11,target_archaea,desulfurococcus amylolyticus,bacdive_exact_culture_collection,True,True,8,True,160
proteome:UP000006904,102,target_bacteria,buchnera aphidicola,bacdive_not_found,False,False,0,True,133
proteome:UP000006911,9,target_fungi,tuber melanosporum,not_applicable_fungi_or_non_bacdive_scope,False,False,0,False,0
proteome:UP000006919,1,target_bacteria,ruminococcus albus,bacdive_exact_genome,True,True,6,True,155
proteome:UP000006924,128,target_bacteria,acinetobacter baumannii,bacdive_species_exact_name_match,True,False,6,True,186
proteome:UP000007011,378,target_bacteria,escherichia coli,bacdive_species_exact_name_match,True,False,1,True,218
proteome:UP000007013,50,target_bacteria,opitutus terrae,bacdive_exact_culture_collection,True,True,5,False,0
proteome:UP000007029,150,target_bacteria,roseobacter denitrificans,bacdive_exact_genome,True,True,8,True,155
proteome:UP000007037,183,target_bacteria,leptospira interrogans,bacdive_species_exact_name_match,True,False,5,True,144
proteome:UP000007041,16,target_bacteria,acetoanaerobium sticklandii,bacdive_exact_culture_collection,True,True,5,True,134
proteome:UP000007056,54,target_bacteria,rickettsia canadensis,bacdive_species_exact_name_match,True,False,0,True,134
proteome:UP000007058,132,target_bacteria,paramagnetospirillum magneticum,bacdive_not_found,False,False,0,True,133
proteome:UP000007060,50,target_fungi,saccharomyces cerevisiae,not_applicable_fungi_or_non_bacdive_scope,False,False,0,False,0
proteome:UP000007061,2,target_bacteria,erwinia pyrifoliae,bacdive_exact_culture_collection,True,True,4,True,154
proteome:UP000007065,15,target_bacteria,mycoplasmopsis agalactiae,bacdive_species_candidate_unvalidated,False,False,4,True,134
proteome:UP000007067,364,target_bacteria,shigella boydii,bacdive_species_exact_name_match,True,False,6,True,179
proteome:UP000007069,202,target_bacteria,xanthomonas euvesicatoria,bacdive_species_exact_name_match,True,False,4,True,134
proteome:UP000007073,181,target_bacteria,geobacter metallireducens,bacdive_exact_culture_collection,True,True,5,True,134
proteome:UP000007076,3,target_bacteria,kitasatospora setae,bacdive_exact_genome,True,True,5,True,149
proteome:UP000007077,1,target_bacteria,marinobacter adhaerens,bacdive_exact_culture_collection,True,True,6,True,158
proteome:UP000007089,89,target_bacteria,anaeromyxobacter dehalogenans,bacdive_exact_culture_collection,True,True,5,True,134
proteome:UP000007094,121,target_bacteria,acinetobacter baumannii,bacdive_species_exact_name_match,True,False,6,True,186
proteome:UP000007096,195,target_bacteria,bacillus cereus,bacdive_species_exact_name_match,True,False,3,True,201
proteome:UP000007097,368,target_bacteria,escherichia coli,bacdive_species_exact_name_match,True,False,1,True,218
proteome:UP000007104,231,target_bacteria,brucella suis,bacdive_species_taxid_or_synonym_match,True,False,9,False,0
proteome:UP000007115,1,target_fungi,hypocrea virens,not_applicable_fungi_or_non_bacdive_scope,False,False,0,False,0
proteome:UP000007129,6,target_fungi,macrophomina phaseolina,not_applicable_fungi_or_non_bacdive_scope,False,False,0,False,0
proteome:UP000007136,78,target_bacteria,methylorubrum populi,bacdive_exact_culture_collection,True,True,8,True,151
proteome:UP000007137,94,target_bacteria,mycobacteroides abscessus,bacdive_species_candidate_unvalidated,False,False,0,True,161
proteome:UP000007177,11,target_bacteria,acetobacterium woodii,bacdive_exact_culture_collection,True,True,5,True,132
proteome:UP000007241,8,target_fungi,batrachochytrium dendrobatidis,not_applicable_fungi_or_non_bacdive_scope,False,False,0,False,0
proteome:UP000007254,1,target_bacteria,winmispira thermophila,bacdive_species_taxid_or_synonym_match,True,False,5,False,0
proteome:UP000007307,30,target_bacteria,anaplasma marginale,bacdive_not_found,False,False,0,True,133
proteome:UP000007322,5,target_fungi,thermothelomyces thermophilus,not_applicable_fungi_or_non_bacdive_scope,False,False,0,False,0
proteome:UP000007360,1,target_archaea,methanobacterium formicicum,bacdive_exact_culture_collection,True,True,5,False,0
proteome:UP000007397,1,target_bacteria,halobacillus halophilus,bacdive_exact_culture_collection,True,True,9,True,87
proteome:UP000007437,4,target_bacteria,mycetohabitans rhizoxinica,bacdive_exact_culture_collection,True,True,6,True,39
proteome:UP000007477,7,target_bacteria,acinetobacter pittii,bacdive_species_exact_name_match,True,False,4,True,179
proteome:UP000007485,4,target_archaea,vulcanisaeta moutnovskia,bacdive_not_found,False,False,0,True,131
proteome:UP000007490,2,target_archaea,methanobacterium lacus,bacdive_species_exact_name_match,True,False,4,False,0
proteome:UP000007703,9,target_fungi,clavispora lusitaniae,not_applicable_fungi_or_non_bacdive_scope,False,False,0,False,0
proteome:UP000007719,58,target_bacteria,dictyoglomus turgidum,bacdive_exact_culture_collection,True,True,7,True,145
proteome:UP000007721,116,target_bacteria,geotalea daltonii,bacdive_exact_culture_collection,True,True,7,True,136
proteome:UP000007722,5,target_archaea,methanococcus voltae,bacdive_species_exact_name_match,True,False,3,False,0
proteome:UP000007723,104,target_bacteria,caldicellulosiruptor bescii,bacdive_exact_culture_collection,True,True,6,False,0
proteome:UP000007726,104,target_bacteria,desulfitobacterium hafniense,bacdive_exact_culture_collection,True,True,9,True,146
proteome:UP000007727,68,target_bacteria,campylobacter lari,bacdive_species_exact_name_match,True,False,4,True,166
proteome:UP000007730,90,target_bacteria,afipia carboxidovorans,bacdive_exact_genome,True,True,4,True,133
proteome:UP000007735,2,target_bacteria,rhizobium fredii,bacdive_species_candidate_unvalidated,False,False,8,False,0
proteome:UP000007753,10,target_bacteria,sphingobium indicum,bacdive_exact_culture_collection,True,True,9,True,180
proteome:UP000007794,117,target_bacteria,candidatus blochmanniella pennsylvanica,bacdive_not_found,False,False,0,False,0
proteome:UP000007803,1,target_bacteria,sulfurimonas autotrophica,bacdive_exact_culture_collection,True,True,5,True,138
proteome:UP000007805,1,target_fungi,cryptococcus gattii,not_applicable_fungi_or_non_bacdive_scope,False,False,0,False,0
proteome:UP000007807,2,target_archaea,methanothrix soehngenii,bacdive_exact_culture_collection,True,True,4,False,0
proteome:UP000007809,3,target_bacteria,pseudonocardia dioxanivorans,bacdive_exact_genome,True,True,9,True,154
proteome:UP000007842,15,target_bacteria,streptantibioticus cattleyicolor,bacdive_not_found,False,False,0,True,156
proteome:UP000007843,2,target_bacteria,klebsiella michiganensis,bacdive_species_exact_name_match,True,False,4,False,0
proteome:UP000007882,1,target_bacteria,actinoplanes missouriensis,bacdive_exact_culture_collection,True,True,6,True,101
proteome:UP000007883,7,target_bacteria,rubrivivax gelatinosus,bacdive_species_exact_name_match,True,False,5,True,148
proteome:UP000007934,2,target_bacteria,helicobacter felis,bacdive_exact_culture_collection,True,True,7,True,135
proteome:UP000007938,2,target_bacteria,alicycliphilus denitrificans,bacdive_exact_culture_collection,True,True,9,True,146
proteome:UP000007954,1,target_archaea,haloquadratum walsbyi,bacdive_exact_culture_collection,True,True,4,False,0
proteome:UP000007962,36,target_bacteria,beutenbergia cavernae,bacdive_exact_culture_collection,True,True,9,True,154
proteome:UP000007963,111,target_fungi,aspergillus terreus,not_applicable_fungi_or_non_bacdive_scope,False,False,0,False,0
proteome:UP000007966,359,target_bacteria,pectobacterium atrosepticum,bacdive_species_exact_name_match,True,False,4,True,167
proteome:UP000007967,6,target_bacteria,kribbella flavida,bacdive_exact_culture_collection,True,True,9,True,154
proteome:UP000007969,93,target_bacteria,clostridium kluyveri,bacdive_exact_genome,True,True,5,True,135
proteome:UP000007978,3,target_fungi,fusarium pseudograminearum,not_applicable_fungi_or_non_bacdive_scope,False,False,0,False,0
proteome:UP000008004,2,target_bacteria,mycobacterium intracellulare,bacdive_species_exact_name_match,True,False,1,True,158
proteome:UP000008043,3,target_bacteria,streptomyces davaonensis,bacdive_exact_culture_collection,True,True,8,True,152
proteome:UP000008044,1,target_bacteria,pectobacterium parmentieri,bacdive_species_exact_name_match,True,False,7,True,141
proteome:UP000008062,15,target_fungi,zymoseptoria tritici,not_applicable_fungi_or_non_bacdive_scope,False,False,0,False,0
proteome:UP000008064,1,target_fungi,serpula lacrymans,not_applicable_fungi_or_non_bacdive_scope,False,False,0,False,0
proteome:UP000008066,5,target_fungi,thermochaetoides thermophila,not_applicable_fungi_or_non_bacdive_scope,False,False,0,False,0
proteome:UP000008070,11,target_bacteria,methylorubrum extorquens,bacdive_exact_culture_collection,True,True,8,True,166
proteome:UP000008073,10,target_fungi,saccharomyces cerevisiae,not_applicable_fungi_or_non_bacdive_scope,False,False,0,False,0
proteome:UP000008075,8,target_bacteria,xenorhabdus nematophila,bacdive_exact_culture_collection,True,True,9,True,151
proteome:UP000008080,110,target_bacteria,bdellovibrio bacteriovorus,bacdive_exact_culture_collection,True,True,4,True,135
proteome:UP000008148,288,target_bacteria,citrobacter koseri,bacdive_species_exact_name_match,True,False,4,True,190
proteome:UP000008152,203,target_bacteria,vibrio campbellii,bacdive_exact_genome,True,True,9,True,173
proteome:UP000008177,1,target_fungi,botryotinia fuckeliana,not_applicable_fungi_or_non_bacdive_scope,False,False,0,False,0
proteome:UP000008178,4,target_bacteria,roseburia hominis,bacdive_exact_culture_collection,True,True,6,True,155
proteome:UP000008183,259,target_bacteria,thermotoga maritima,bacdive_exact_genome,True,True,5,True,134
proteome:UP000008185,388,target_bacteria,salmonella enterica,bacdive_species_exact_name_match,True,False,8,True,210
proteome:UP000008186,285,target_bacteria,shewanella oneidensis,bacdive_exact_genome,True,True,9,True,146
proteome:UP000008198,104,target_bacteria,helicobacter pylori,bacdive_species_exact_name_match,True,False,5,True,177
proteome:UP000008199,360,target_bacteria,escherichia coli,bacdive_species_exact_name_match,True,False,1,True,218
proteome:UP000008204,87,target_bacteria,rippkaea orientalis,bacdive_not_found,False,False,0,False,0
proteome:UP000008205,336,target_bacteria,escherichia coli,bacdive_species_exact_name_match,True,False,1,True,218
proteome:UP000008207,64,target_bacteria,methylobacterium nodulans,bacdive_exact_culture_collection,True,True,8,True,143
proteome:UP000008210,211,target_bacteria,cupriavidus necator,bacdive_exact_genome,True,True,4,True,158
proteome:UP000008212,78,target_bacteria,treponema denticola,bacdive_exact_genome,True,True,5,True,134
proteome:UP000008216,342,target_bacteria,escherichia coli,bacdive_species_exact_name_match,True,False,1,True,218
proteome:UP000008220,123,target_bacteria,clostridium novyi,bacdive_species_exact_name_match,True,False,4,True,152
proteome:UP000008221,85,target_bacteria,acidothermus cellulolyticus,bacdive_exact_culture_collection,True,True,4,True,136
proteome:UP000008229,1,target_bacteria,conexibacter woesei,bacdive_exact_culture_collection,True,True,9,True,155
proteome:UP000008243,50,target_archaea,haloferax volcanii,bacdive_exact_genome,True,True,4,False,0
proteome:UP000008289,106,target_bacteria,dehalococcoides mccartyi,bacdive_exact_culture_collection,True,True,4,True,136
proteome:UP000008291,175,target_bacteria,thiobacillus denitrificans,bacdive_species_exact_name_match,True,False,3,True,162
proteome:UP000008315,3,target_bacteria,methylotuvimicrobium alcaliphilum,bacdive_exact_culture_collection,True,True,8,True,137
proteome:UP000008319,210,target_bacteria,proteus mirabilis,bacdive_species_exact_name_match,True,False,0,True,187
proteome:UP000008320,59,target_bacteria,ehrlichia chaffeensis,bacdive_exact_culture_collection,True,True,0,True,132
proteome:UP000008321,315,target_bacteria,salmonella enterica,bacdive_exact_designation,True,True,9,True,210
proteome:UP000008322,320,target_bacteria,salmonella enterica,bacdive_species_exact_name_match,True,False,8,True,210
proteome:UP000008323,15,target_bacteria,phytoplasma australiense,bacdive_not_found,False,False,0,True,133
proteome:UP000008330,137,target_bacteria,rhizobium leguminosarum,bacdive_species_exact_name_match,True,False,8,False,0
proteome:UP000008332,181,target_bacteria,rhodoferax ferrireducens,bacdive_species_candidate_unvalidated,False,False,4,True,137
proteome:UP000008335,15,target_fungi,saccharomyces cerevisiae,not_applicable_fungi_or_non_bacdive_scope,False,False,0,False,0
proteome:UP000008383,7,target_fungi,trichophyton verrucosum,not_applicable_fungi_or_non_bacdive_scope,False,False,0,False,0
proteome:UP000008461,10,target_bacteria,haliscomenobacter hydrossis,bacdive_exact_genome,True,True,4,False,0
proteome:UP000008514,1,target_bacteria,psychroflexus torquis,bacdive_exact_culture_collection,True,True,0,False,0
proteome:UP000008525,3,target_bacteria,escherichia coli,bacdive_exact_genome,True,True,8,True,218
proteome:UP000008536,11,target_fungi,zygosaccharomyces rouxii,not_applicable_fungi_or_non_bacdive_scope,False,False,0,False,0
proteome:UP000008540,263,target_bacteria,pseudomonas protegens,bacdive_species_exact_name_match,True,False,5,True,200
proteome:UP000008541,111,target_bacteria,clostridium botulinum,bacdive_species_exact_name_match,True,False,0,True,157
proteome:UP000008544,71,target_bacteria,candidatus desulforudis audaxviator,bacdive_not_found,False,False,0,True,132
proteome:UP000008545,155,target_bacteria,brucella suis,bacdive_species_taxid_or_synonym_match,True,False,9,False,0
proteome:UP000008547,150,target_bacteria,actinobacillus pleuropneumoniae,bacdive_species_exact_name_match,True,False,5,True,174
proteome:UP000008548,115,target_bacteria,rickettsia felis,bacdive_not_found,False,False,0,True,132
proteome:UP000008550,69,target_bacteria,heliomicrobium modesticaldum,bacdive_exact_culture_collection,True,True,5,True,134
proteome:UP000008555,107,target_bacteria,coxiella burnetii,bacdive_species_exact_name_match,True,False,0,True,135
proteome:UP000008556,325,target_bacteria,salmonella enterica,bacdive_species_exact_name_match,True,False,8,True,210
proteome:UP000008558,44,target_bacteria,acholeplasma laidlawii,bacdive_species_exact_name_match,True,False,4,True,140
proteome:UP000008560,3,target_bacteria,bacteroides fragilis,bacdive_exact_designation,True,True,5,False,0
proteome:UP000008561,67,target_bacteria,desulfosudis oleivorans,bacdive_exact_culture_collection,True,True,5,True,133
proteome:UP000008630,1,target_bacteria,bacteroides helcogenes,bacdive_exact_culture_collection,True,True,6,False,0
proteome:UP000008639,2,target_bacteria,pseudarthrobacter phenanthrenivorans,bacdive_exact_culture_collection,True,True,9,True,153
proteome:UP000008673,3,target_fungi,ogataea parapolymorpha,not_applicable_fungi_or_non_bacdive_scope,False,False,0,False,0
proteome:UP000008674,112,target_bacteria,salinibacter ruber,bacdive_exact_culture_collection,True,True,8,False,0
proteome:UP000008680,9,target_archaea,methanobrevibacter ruminantium,bacdive_exact_culture_collection,True,True,5,False,0
proteome:UP000008698,7,target_fungi,verticillium alfalfae,not_applicable_fungi_or_non_bacdive_scope,False,False,0,False,0
proteome:UP000008701,124,target_bacteria,chlorobium phaeobacteroides,bacdive_exact_culture_collection,True,True,0,False,0
proteome:UP000008702,62,target_bacteria,bifidobacterium adolescentis,bacdive_exact_genome,True,True,9,True,182
proteome:UP000008703,1,target_bacteria,streptomyces violaceusniger,bacdive_species_exact_name_match,True,False,0,True,143
proteome:UP000008707,20,target_bacteria,halomonas elongata,bacdive_exact_genome,True,True,9,True,155
proteome:UP000008710,201,target_bacteria,rhodococcus jostii,bacdive_species_exact_name_match,True,False,9,True,154
proteome:UP000008782,10,target_fungi,colletotrichum graminicola,not_applicable_fungi_or_non_bacdive_scope,False,False,0,False,0
proteome:UP000008783,14,target_fungi,puccinia graminis,not_applicable_fungi_or_non_bacdive_scope,False,False,0,False,0
proteome:UP000008784,4,target_fungi,orbilia oligospora,not_applicable_fungi_or_non_bacdive_scope,False,False,0,False,0
proteome:UP000008808,98,target_bacteria,erythrobacter litoralis,bacdive_species_exact_name_match,True,False,6,False,0
proteome:UP000008809,178,target_bacteria,rhodopseudomonas palustris,bacdive_species_exact_name_match,True,False,4,True,151
proteome:UP000008811,121,target_bacteria,chlorobaculum parvum,bacdive_exact_culture_collection,True,True,4,False,0
proteome:UP000008812,13,target_bacteria,metamycoplasma arthritidis,bacdive_species_exact_name_match,True,False,4,True,135
proteome:UP000008815,169,target_bacteria,burkholderia multivorans,bacdive_exact_genome,True,True,2,True,166
proteome:UP000008816,282,target_bacteria,staphylococcus aureus,bacdive_exact_genome,True,True,7,True,202
proteome:UP000008817,138,target_bacteria,rhizobium etli,bacdive_species_exact_name_match,True,False,9,False,0
proteome:UP000008819,323,target_bacteria,salmonella enterica,bacdive_species_exact_name_match,True,False,8,True,210
proteome:UP000008824,324,target_bacteria,salmonella enterica,bacdive_species_exact_name_match,True,False,8,True,210
proteome:UP000008825,127,target_bacteria,citrifermentans bemidjiense,bacdive_species_candidate_unvalidated,False,False,9,True,145
proteome:UP000008834,23,target_bacteria,borrelia hermsii,bacdive_exact_designation,True,True,2,True,134
proteome:UP000008837,5,target_fungi,malassezia globosa,not_applicable_fungi_or_non_bacdive_scope,False,False,0,False,0
proteome:UP000008838,53,target_bacteria,kocuria rhizophila,bacdive_exact_genome,True,True,9,True,174
proteome:UP000008839,138,target_bacteria,acinetobacter baumannii,bacdive_species_exact_name_match,True,False,6,True,186
proteome:UP000008840,133,target_bacteria,stenotrophomonas maltophilia,bacdive_species_exact_name_match,True,False,3,True,201
proteome:UP000008841,106,target_bacteria,chlorobium limicola,bacdive_exact_culture_collection,True,True,5,False,0
proteome:UP000008842,76,target_bacteria,porphyromonas gingivalis,bacdive_exact_genome,True,True,6,False,0
proteome:UP000008850,1,target_bacteria,pelagibacterium halotolerans,bacdive_exact_culture_collection,True,True,4,True,131
proteome:UP000008851,1,target_bacteria,xanthomonas oryzae,bacdive_species_exact_name_match,True,False,0,True,134
proteome:UP000008864,2,target_fungi,trichophyton rubrum,not_applicable_fungi_or_non_bacdive_scope,False,False,0,False,0
proteome:UP000008866,27,target_fungi,arthroderma benhamiae,not_applicable_fungi_or_non_bacdive_scope,False,False,0,False,0
proteome:UP000008867,3,target_fungi,sporisorium reilianum,not_applicable_fungi_or_non_bacdive_scope,False,False,0,False,0
proteome:UP000008871,157,target_bacteria,alcanivorax borkumensis,bacdive_exact_culture_collection,True,True,8,True,155
proteome:UP000008914,1,target_bacteria,intrasporangium calvum,bacdive_exact_culture_collection,True,True,4,True,144
proteome:UP000008916,1,target_bacteria,mycolicibacterium gilvum,bacdive_species_candidate_unvalidated,False,False,4,True,158
proteome:UP000008936,309,target_bacteria,yersinia pestis,bacdive_species_exact_name_match,True,False,0,True,135
proteome:UP000008960,1,target_bacteria,anaerostipes hadrus,bacdive_species_exact_name_match,True,False,5,True,156
proteome:UP000008962,5,target_bacteria,salmonella enterica,bacdive_species_exact_name_match,True,False,8,True,210
proteome:UP000008984,6,target_fungi,hypocrea jecorina,not_applicable_fungi_or_non_bacdive_scope,False,False,0,False,0
proteome:UP000008988,11,target_fungi,saccharomyces cerevisiae,not_applicable_fungi_or_non_bacdive_scope,False,False,0,False,0
proteome:UP000009038,9,target_fungi,aspergillus niger,not_applicable_fungi_or_non_bacdive_scope,False,False,0,False,0
proteome:UP000009058,76,target_fungi,pyricularia oryzae,not_applicable_fungi_or_non_bacdive_scope,False,False,0,False,0
proteome:UP000009071,73,target_bacteria,solidesulfovibrio magneticus,bacdive_exact_culture_collection,True,True,5,True,133
proteome:UP000009072,33,target_bacteria,[mycoplasma] mobile,bacdive_not_found,False,False,0,True,135
proteome:UP000009073,151,target_bacteria,tolumonas auensis,bacdive_exact_culture_collection,True,True,9,True,153
proteome:UP000009079,44,target_archaea,thermococcus sibiricus,bacdive_exact_culture_collection,True,True,5,True,134
proteome:UP000009080,103,target_bacteria,teredinibacter turnerae,bacdive_exact_culture_collection,True,True,9,True,150
proteome:UP000009081,45,target_bacteria,methylorubrum extorquens,bacdive_exact_culture_collection,True,True,4,True,166
proteome:UP000009082,3,target_fungi,vairimorpha ceranae,not_applicable_fungi_or_non_bacdive_scope,False,False,0,False,0
proteome:UP000009084,12,target_fungi,coccidioides posadasii,not_applicable_fungi_or_non_bacdive_scope,False,False,0,False,0
proteome:UP000009096,2,target_fungi,gibberella moniliformis,not_applicable_fungi_or_non_bacdive_scope,False,False,0,False,0
proteome:UP000009097,2,target_fungi,fusarium oxysporum,not_applicable_fungi_or_non_bacdive_scope,False,False,0,False,0
proteome:UP000009100,149,target_bacteria,vibrio atlanticus,bacdive_species_exact_name_match,True,False,8,True,146
proteome:UP000009102,7,target_bacteria,halothiobacillus neapolitanus,bacdive_exact_genome,True,True,5,True,156
proteome:UP000009134,138,target_bacteria,novosphingobium aromaticivorans,bacdive_exact_culture_collection,True,True,8,True,156
proteome:UP000009149,33,target_bacteria,candidatus methylacidiphilum infernorum,bacdive_not_found,False,False,0,False,0
proteome:UP000009159,150,target_bacteria,mycolicibacterium vanbaalenii,bacdive_species_candidate_unvalidated,False,False,8,True,134
proteome:UP000009173,120,target_bacteria,nitratidesulfovibrio vulgaris,bacdive_species_candidate_unvalidated,False,False,8,True,134
proteome:UP000009175,183,target_bacteria,shewanella amazonensis,bacdive_exact_designation,True,True,9,True,150
proteome:UP000009182,403,target_bacteria,escherichia coli,bacdive_species_exact_name_match,True,False,1,True,218
proteome:UP000009227,3,target_archaea,methanotorris igneus,bacdive_exact_culture_collection,True,True,5,False,0
proteome:UP000009231,2,target_archaea,methanobacterium paludis,bacdive_exact_culture_collection,True,True,4,False,0
proteome:UP000009296,2,target_archaea,methanothermococcus okinawensis,bacdive_exact_culture_collection,True,True,5,False,0
proteome:UP000009328,4,target_fungi,wickerhamomyces ciferrii,not_applicable_fungi_or_non_bacdive_scope,False,False,0,False,0
proteome:UP000010087,4,target_bacteria,burkholderia pseudomallei,bacdive_species_exact_name_match,True,False,0,True,159
proteome:UP000010091,30,target_fungi,cryptococcus neoformans,not_applicable_fungi_or_non_bacdive_scope,False,False,0,False,0
proteome:UP000010296,2,target_bacteria,enterococcus italicus,bacdive_exact_genome,True,True,6,True,171
proteome:UP000010716,1,target_bacteria,caldalkalibacillus thermarum,bacdive_species_exact_name_match,True,False,8,True,147
proteome:UP000010809,1,target_bacteria,thioalkalivibrio nitratireducens,bacdive_exact_genome,True,True,4,True,132
proteome:UP000011086,6,target_fungi,pyricularia oryzae,not_applicable_fungi_or_non_bacdive_scope,False,False,0,False,0
proteome:UP000011524,3,target_archaea,haloarcula japonica,bacdive_exact_genome,True,True,4,False,0
proteome:UP000011559,1,target_archaea,haloferax prahovense,bacdive_exact_culture_collection,True,True,4,False,0
proteome:UP000011571,1,target_archaea,haloferax gibbonsii,bacdive_exact_culture_collection,True,True,4,False,0
proteome:UP000011863,2,target_bacteria,ilumatobacter coccineus,bacdive_exact_culture_collection,True,True,8,True,136
proteome:UP000012076,1,target_archaea,thermoplasmatales archaeon,bacdive_not_found,False,False,0,False,0
proteome:UP000012338,2,target_fungi,cochliobolus heterostrophus,not_applicable_fungi_or_non_bacdive_scope,False,False,0,False,0
proteome:UP000012672,1,target_archaea,methanomethylophilus alvi,bacdive_species_exact_name_match,True,False,4,True,133
proteome:UP000013192,2,target_fungi,saccharomyces cerevisiae,not_applicable_fungi_or_non_bacdive_scope,False,False,0,False,0
proteome:UP000013940,1,target_bacteria,pseudomonas protegens,bacdive_exact_genome,True,True,5,True,147
proteome:UP000014070,1,target_archaea,candidatus methanomassiliicoccus intestinalis,bacdive_not_found,False,False,0,True,132
proteome:UP000014463,3,target_bacteria,litchfieldella anticariensis,bacdive_species_taxid_or_synonym_match,True,False,8,True,173
proteome:UP000014480,7,target_fungi,colletotrichum orbiculare,not_applicable_fungi_or_non_bacdive_scope,False,False,0,False,0
proteome:UP000015502,9,target_archaea,thermococcus litoralis,bacdive_exact_culture_collection,True,True,5,True,134
proteome:UP000015530,4,target_fungi,colletotrichum gloeosporioides,not_applicable_fungi_or_non_bacdive_scope,False,False,0,False,0
proteome:UP000016160,3,target_bacteria,formosa agariphila,bacdive_exact_culture_collection,True,True,6,False,0
proteome:UP000016587,1,target_bacteria,megalodesulfovibrio gigas,bacdive_exact_genome,True,True,5,True,137
proteome:UP000016714,2,target_bacteria,vibrio alginolyticus,bacdive_exact_genome,True,True,9,True,184
proteome:UP000016800,30,target_fungi,fusarium fujikuroi,not_applicable_fungi_or_non_bacdive_scope,False,False,0,False,0
proteome:UP000016801,13,target_fungi,claviceps purpurea,not_applicable_fungi_or_non_bacdive_scope,False,False,0,False,0
proteome:UP000016922,2,target_fungi,glarea lozoyensis,not_applicable_fungi_or_non_bacdive_scope,False,False,0,False,0
proteome:UP000016930,2,target_fungi,ceriporiopsis subvermispora,not_applicable_fungi_or_non_bacdive_scope,False,False,0,False,0
proteome:UP000016932,6,target_fungi,pseudocercospora fijiensis,not_applicable_fungi_or_non_bacdive_scope,False,False,0,False,0
proteome:UP000016933,10,target_fungi,dothistroma septosporum,not_applicable_fungi_or_non_bacdive_scope,False,False,0,False,0
proteome:UP000016936,10,target_fungi,cochliobolus heterostrophus,not_applicable_fungi_or_non_bacdive_scope,False,False,0,False,0
proteome:UP000017396,1,target_bacteria,gloeobacter kilaueensis,bacdive_not_found,False,False,0,False,0
proteome:UP000017700,2,target_bacteria,serratia sp.,bacdive_not_found,False,False,0,True,130
proteome:UP000017820,8,target_bacteria,pseudoalteromonas luteoviolacea,bacdive_species_exact_name_match,True,False,3,True,153
proteome:UP000018458,1,target_bacteria,succinatimonas hippei,bacdive_exact_culture_collection,True,True,9,True,144
proteome:UP000018690,2,target_bacteria,mediterraneibacter gnavus,bacdive_species_exact_name_match,True,False,4,True,166
proteome:UP000018922,3,target_bacteria,magnetospirillum gryphiswaldense,bacdive_exact_genome,True,True,5,True,133
proteome:UP000019095,2,target_bacteria,advenella mimigardefordensis,bacdive_exact_culture_collection,True,True,9,True,144
proteome:UP000019804,4,target_fungi,aspergillus ruber,not_applicable_fungi_or_non_bacdive_scope,False,False,0,False,0
proteome:UP000019805,17,target_bacteria,castellaniella defragrans,bacdive_exact_culture_collection,True,True,9,True,165
proteome:UP000022141,1,target_bacteria,accumulibacter regalis,bacdive_not_found,False,False,0,False,0
proteome:UP000024376,2,target_fungi,hypocrea jecorina,not_applicable_fungi_or_non_bacdive_scope,False,False,0,False,0
proteome:UP000025229,3,target_bacteria,rubrobacter radiotolerans,bacdive_species_exact_name_match,True,False,6,True,101
proteome:UP000027222,2,target_fungi,galerina marginata,not_applicable_fungi_or_non_bacdive_scope,False,False,0,False,0
proteome:UP000027395,1,target_bacteria,planktothrix agardhii,bacdive_not_found,False,False,0,False,0
proteome:UP000027602,2,target_bacteria,bacillus methanolicus,bacdive_species_exact_name_match,True,False,4,True,134
proteome:UP000028341,2,target_bacteria,streptomyces toyocaensis,bacdive_not_found,False,False,0,True,133
proteome:UP000029445,14,target_fungi,cryptococcus deuterogattii,not_applicable_fungi_or_non_bacdive_scope,False,False,0,False,0
proteome:UP000029482,1,target_bacteria,streptomyces glaucescens,bacdive_exact_culture_collection,True,True,2,True,147
proteome:UP000029518,1,target_bacteria,paenibacillus borealis,bacdive_exact_culture_collection,True,True,6,True,160
proteome:UP000030143,21,target_fungi,penicillium expansum,not_applicable_fungi_or_non_bacdive_scope,False,False,0,False,0
proteome:UP000030624,3,target_archaea,geoglobus acetivorans,bacdive_exact_genome,True,True,5,True,132
proteome:UP000030651,6,target_fungi,pestalotiopsis fici,not_applicable_fungi_or_non_bacdive_scope,False,False,0,False,0
proteome:UP000030671,2,target_fungi,heterobasidion irregulare,not_applicable_fungi_or_non_bacdive_scope,False,False,0,False,0
proteome:UP000030686,29,target_fungi,penicillium roqueforti,not_applicable_fungi_or_non_bacdive_scope,False,False,0,False,0
proteome:UP000031014,2,target_bacteria,mesobacillus selenatarsenatis,bacdive_exact_culture_collection,True,True,9,True,145
proteome:UP000031192,4,target_fungi,metarhizium guizhouense,not_applicable_fungi_or_non_bacdive_scope,False,False,0,False,0
proteome:UP000031523,1,target_bacteria,streptomyces albus,bacdive_species_exact_name_match,True,False,5,True,175
proteome:UP000031563,1,target_bacteria,bacillus thermotolerans,bacdive_species_exact_name_match,True,False,8,True,143
proteome:UP000032522,1,target_bacteria,geobacillus kaustophilus,bacdive_species_exact_name_match,True,False,3,True,156
proteome:UP000032707,2,target_bacteria,neisseria meningitidis,bacdive_species_exact_name_match,True,False,2,True,189
proteome:UP000032841,1,target_bacteria,ectopseudomonas oleovorans,bacdive_species_candidate_unvalidated,False,False,9,True,174
proteome:UP000033540,24,target_fungi,aspergillus parasiticus,not_applicable_fungi_or_non_bacdive_scope,False,False,0,False,0
proteome:UP000033699,16,target_bacteria,streptomyces rubellomurinus,bacdive_not_found,False,False,0,True,130
proteome:UP000034098,2,target_bacteria,microbacterium trichothecenolyticum,bacdive_exact_culture_collection,True,True,9,True,149
proteome:UP000035016,2,target_bacteria,streptomyces leeuwenhoekii,bacdive_exact_genome,True,True,4,True,135
proteome:UP000035170,2,target_bacteria,variovorax paradoxus,bacdive_species_exact_name_match,True,False,4,True,165
proteome:UP000036338,2,target_bacteria,burkholderia cepacia,bacdive_species_exact_name_match,True,False,0,True,184
proteome:UP000037084,41,target_bacteria,streptomyces virginiae,bacdive_species_exact_name_match,True,False,0,True,149
proteome:UP000037395,1,target_bacteria,kitasatospora aureofaciens,bacdive_exact_genome,True,True,8,True,167
proteome:UP000037505,14,target_fungi,aspergillus nomiae,not_applicable_fungi_or_non_bacdive_scope,False,False,0,False,0
proteome:UP000037566,1,target_bacteria,komagataeibacter europaeus,bacdive_species_exact_name_match,True,False,9,True,138
proteome:UP000037660,2,target_bacteria,piscinibacter sakaiensis,bacdive_species_taxid_or_synonym_match,True,False,9,True,157
proteome:UP000042958,12,target_fungi,penicillium brasilianum,not_applicable_fungi_or_non_bacdive_scope,False,False,0,False,0
proteome:UP000044098,1,target_bacteria,achromobacter aegrifaciens,bacdive_species_exact_name_match,True,False,4,True,153
proteome:UP000052015,2,target_bacteria,caloramator mitchellensis,bacdive_exact_culture_collection,True,True,6,True,146
proteome:UP000053095,2,target_fungi,talaromyces pinophilus,not_applicable_fungi_or_non_bacdive_scope,False,False,0,False,0
proteome:UP000053317,4,target_fungi,phaeomoniella chlamydospora,not_applicable_fungi_or_non_bacdive_scope,False,False,0,False,0
proteome:UP000053475,6,target_fungi,aspergillus ustus,not_applicable_fungi_or_non_bacdive_scope,False,False,0,False,0
proteome:UP000053789,2,target_fungi,xylohypha bantiana,not_applicable_fungi_or_non_bacdive_scope,False,False,0,False,0
proteome:UP000053927,13,target_fungi,stereum hirsutum,not_applicable_fungi_or_non_bacdive_scope,False,False,0,False,0
proteome:UP000054053,2,target_fungi,ustilaginoidea virens,not_applicable_fungi_or_non_bacdive_scope,False,False,0,False,0
proteome:UP000054078,2,target_bacteria,tractidigestivibacter scatoligenes,bacdive_exact_culture_collection,True,True,6,True,149
proteome:UP000054166,2,target_fungi,piloderma croceum,not_applicable_fungi_or_non_bacdive_scope,False,False,0,False,0
proteome:UP000054270,2,target_fungi,hypholoma sublateritium,not_applicable_fungi_or_non_bacdive_scope,False,False,0,False,0
proteome:UP000054279,2,target_fungi,sphaerobolus stellatus,not_applicable_fungi_or_non_bacdive_scope,False,False,0,False,0
proteome:UP000054454,2,target_fungi,pneumocystis carinii,not_applicable_fungi_or_non_bacdive_scope,False,False,0,False,0
proteome:UP000054549,2,target_fungi,amanita muscaria,not_applicable_fungi_or_non_bacdive_scope,False,False,0,False,0
proteome:UP000054771,14,target_fungi,aspergillus calidoustus,not_applicable_fungi_or_non_bacdive_scope,False,False,0,False,0
proteome:UP000058290,1,target_archaea,thermoplasmatales archaeon,bacdive_not_found,False,False,0,False,0
proteome:UP000060513,2,target_bacteria,streptomyces pristinaespiralis,bacdive_species_taxid_or_synonym_match,True,False,2,True,134
proteome:UP000061018,2,target_bacteria,streptomyces ambofaciens,bacdive_exact_culture_collection,True,True,5,True,167
proteome:UP000062255,2,target_bacteria,mycolicibacterium goodii,bacdive_species_taxid_or_synonym_match,True,False,4,True,135
proteome:UP000063234,4,target_bacteria,thermosulfidibacter takaii,bacdive_exact_culture_collection,True,True,8,True,139
proteome:UP000065495,3,target_fungi,kluyveromyces marxianus,not_applicable_fungi_or_non_bacdive_scope,False,False,0,False,0
proteome:UP000066042,3,target_archaea,thermococcus barophilus,bacdive_species_exact_name_match,True,False,5,True,133
proteome:UP000066529,3,target_archaea,methanosarcina thermophila,bacdive_exact_culture_collection,True,True,5,False,0
proteome:UP000067626,4,target_bacteria,chondromyces crocatus,bacdive_exact_genome,True,True,4,True,79
proteome:UP000070720,119,target_fungi,gibberella zeae,not_applicable_fungi_or_non_bacdive_scope,False,False,0,False,0
proteome:UP000075539,2,target_archaea,theionarchaea archaeon,bacdive_not_found,False,False,0,False,0
proteome:UP000075583,1,target_bacteria,roseivirga ehrenbergii,bacdive_exact_genome,True,True,5,False,0
proteome:UP000093197,2,target_bacteria,bacteroides fragilis,bacdive_species_exact_name_match,True,False,5,False,0
proteome:UP000094112,3,target_fungi,wickerhamomyces anomalus,not_applicable_fungi_or_non_bacdive_scope,False,False,0,False,0
proteome:UP000094569,20,target_fungi,aspergillus cristatus,not_applicable_fungi_or_non_bacdive_scope,False,False,0,False,0
proteome:UP000095358,3,target_fungi,hanseniaspora uvarum,not_applicable_fungi_or_non_bacdive_scope,False,False,0,False,0
proteome:UP000182412,2,target_bacteria,selenomonas ruminantium,bacdive_species_exact_name_match,True,False,3,True,156
proteome:UP000183015,1,target_bacteria,streptacidiphilus jiangxiensis,bacdive_exact_genome,True,True,6,True,146
proteome:UP000183376,6,target_bacteria,allokutzneria albata,bacdive_exact_genome,True,True,5,True,168
proteome:UP000183442,4,target_archaea,methanobrevibacter olleyae,bacdive_exact_culture_collection,True,True,5,False,0
proteome:UP000183613,2,target_bacteria,pseudomonas deceptionensis,bacdive_exact_genome,True,True,5,True,148
proteome:UP000183971,3,target_fungi,gibberella intermedia,not_applicable_fungi_or_non_bacdive_scope,False,False,0,False,0
proteome:UP000183987,3,target_bacteria,loktanella atrilutea,bacdive_exact_culture_collection,True,True,6,True,105
proteome:UP000184255,1,target_fungi,fusarium mangiferae,not_applicable_fungi_or_non_bacdive_scope,False,False,0,False,0
proteome:UP000184499,8,target_fungi,aspergillus brasiliensis,not_applicable_fungi_or_non_bacdive_scope,False,False,0,False,0
proteome:UP000184546,26,target_fungi,aspergillus aculeatus,not_applicable_fungi_or_non_bacdive_scope,False,False,0,False,0
proteome:UP000188276,8,target_bacteria,vibrio ruber,bacdive_exact_genome,True,True,9,True,121
proteome:UP000188318,4,target_fungi,aspergillus carbonarius,not_applicable_fungi_or_non_bacdive_scope,False,False,0,False,0
proteome:UP000189513,3,target_fungi,cyberlindnera fabianii,not_applicable_fungi_or_non_bacdive_scope,False,False,0,False,0
proteome:UP000190423,1,target_bacteria,treponema porcinum,bacdive_exact_culture_collection,True,True,7,True,143
proteome:UP000194546,3,target_bacteria,caballeronia sordidicola,bacdive_species_exact_name_match,True,False,3,True,155
proteome:UP000194841,6,target_bacteria,pseudoalteromonas ulvae,bacdive_species_exact_name_match,True,False,8,True,143
proteome:UP000194857,2,target_bacteria,pseudomonas aeruginosa,bacdive_species_exact_name_match,True,False,7,True,219
proteome:UP000198251,2,target_bacteria,micromonospora echinofusca,bacdive_exact_culture_collection,True,True,5,True,150
proteome:UP000198521,4,target_bacteria,aquimarina amphilecti,bacdive_exact_culture_collection,True,True,4,False,0
proteome:UP000198757,1,target_bacteria,niabella drilacis,bacdive_exact_culture_collection,True,True,6,False,0
proteome:UP000199213,1,target_bacteria,actinopolyspora mzabensis,bacdive_exact_culture_collection,True,True,9,True,91
proteome:UP000199228,3,target_bacteria,eubacterium oxidoreducens,bacdive_exact_culture_collection,True,True,5,True,79
proteome:UP000199679,1,target_bacteria,mucilaginibacter mallensis,bacdive_exact_culture_collection,True,True,8,False,0
proteome:UP000214746,4,target_bacteria,paenibacillus xerothermodurans,bacdive_exact_genome,True,True,9,True,106
proteome:UP000215305,14,target_fungi,aspergillus thermomutatus,not_applicable_fungi_or_non_bacdive_scope,False,False,0,False,0
proteome:UP000216408,1,target_archaea,thermofilum sp.,bacdive_not_found,False,False,0,False,0
proteome:UP000217768,18,target_bacteria,mycobacterium avium,bacdive_species_exact_name_match,True,False,1,True,159
proteome:UP000217790,6,target_fungi,armillaria gallica,not_applicable_fungi_or_non_bacdive_scope,False,False,0,False,0
proteome:UP000219286,2,target_fungi,trichoderma parareesei,not_applicable_fungi_or_non_bacdive_scope,False,False,0,False,0
proteome:UP000219338,1,target_fungi,armillaria ostoyae,not_applicable_fungi_or_non_bacdive_scope,False,False,0,False,0
proteome:UP000224634,6,target_fungi,polytolypa hystricis,not_applicable_fungi_or_non_bacdive_scope,False,False,0,False,0
proteome:UP000230605,4,target_fungi,cercospora beticola,not_applicable_fungi_or_non_bacdive_scope,False,False,0,False,0
proteome:UP000233786,1,target_bacteria,saccharopolyspora spinosa,bacdive_exact_genome,True,True,5,True,152
proteome:UP000234474,24,target_fungi,aspergillus novofumigatus,not_applicable_fungi_or_non_bacdive_scope,False,False,0,False,0
proteome:UP000234585,7,target_fungi,aspergillus candidus,not_applicable_fungi_or_non_bacdive_scope,False,False,0,False,0
proteome:UP000235786,4,target_fungi,hyaloscypha variabilis,not_applicable_fungi_or_non_bacdive_scope,False,False,0,False,0
proteome:UP000243498,8,target_fungi,metarhizium rileyi,not_applicable_fungi_or_non_bacdive_scope,False,False,0,False,0
proteome:UP000243650,4,target_bacteria,alkalicoccus urumqiensis,bacdive_exact_culture_collection,True,True,9,True,151
proteome:UP000247485,2,target_bacteria,klebsiella oxytoca,bacdive_species_exact_name_match,True,False,0,False,0
proteome:UP000249363,2,target_fungi,talaromyces amestolkiae,not_applicable_fungi_or_non_bacdive_scope,False,False,0,False,0
proteome:UP000251714,1,target_fungi,gibberella intermedia,not_applicable_fungi_or_non_bacdive_scope,False,False,0,False,0
proteome:UP000254519,1,target_bacteria,sporosarcina pasteurii,bacdive_exact_genome,True,True,9,True,164
proteome:UP000265325,2,target_bacteria,streptomyces showdoensis,bacdive_species_exact_name_match,True,False,5,True,147
proteome:UP000272662,2,target_bacteria,escherichia coli,bacdive_species_exact_name_match,True,False,1,True,218
proteome:UP000276254,10,target_bacteria,sphingomonas paeninsulae,bacdive_exact_culture_collection,True,True,9,True,149
proteome:UP000283841,6,target_fungi,byssochlamys spectabilis,not_applicable_fungi_or_non_bacdive_scope,False,False,0,False,0
proteome:UP000291933,2,target_bacteria,propioniciclava tarda,bacdive_exact_genome,True,True,6,True,146
proteome:UP000297245,2,target_fungi,dendrothele bispora,not_applicable_fungi_or_non_bacdive_scope,False,False,0,False,0
proteome:UP000298551,4,target_bacteria,pseudomonas putida,bacdive_species_exact_name_match,True,False,4,True,194
proteome:UP000305881,2,target_bacteria,methylotuvimicrobium buryatense,bacdive_not_found,False,False,0,True,131
proteome:UP000316968,4,target_bacteria,saccharibacillus brassicae,bacdive_exact_culture_collection,True,True,9,True,156
proteome:UP000321893,4,target_bacteria,lentilactobacillus kefiri,bacdive_exact_genome,True,True,9,True,157
proteome:UP000323483,4,target_bacteria,sulfurospirillum multivorans,bacdive_exact_culture_collection,True,True,5,True,134
proteome:UP000325787,2,target_bacteria,saccharothrix syringae,bacdive_exact_genome,True,True,5,True,153
proteome:UP000327236,6,target_bacteria,lactobacillus jensenii,bacdive_species_exact_name_match,True,False,6,True,184
proteome:UP000543174,5,target_bacteria,priestia aryabhattai,bacdive_species_taxid_or_synonym_match,True,False,6,True,150
proteome:UP000565468,4,target_bacteria,paenibacillus lemnae,bacdive_exact_culture_collection,True,True,0,True,131
proteome:UP000596276,1,target_fungi,aspergillus flavus,not_applicable_fungi_or_non_bacdive_scope,False,False,0,False,0
proteome:UP000637239,4,target_fungi,aspergillus chevalieri,not_applicable_fungi_or_non_bacdive_scope,False,False,0,False,0
proteome:UP000664032,16,target_fungi,psilocybe cubensis,not_applicable_fungi_or_non_bacdive_scope,False,False,0,False,0
proteome:UP000673383,2,target_bacteria,bradyrhizobium elkanii,bacdive_species_exact_name_match,True,False,3,True,152
proteome:UP000694018,1,target_archaea,saccharolobus shibatae,bacdive_exact_culture_collection,True,True,4,True,131
proteome:UP000756132,4,target_fungi,passalora fulva,not_applicable_fungi_or_non_bacdive_scope,False,False,0,False,0
proteome:UP000889800,194,target_bacteria,synechococcus elongatus,bacdive_species_exact_name_match,True,False,4,False,0
proteome:UP001154401,61,target_bacteria,chlamydia trachomatis,bacdive_species_exact_name_match,True,False,4,False,0
proteome:UP001154402,65,target_bacteria,chlamydia trachomatis,bacdive_exact_culture_collection,True,True,4,False,0
taxon:100|organism:ancylobacter aquaticus,1,target_bacteria,ancylobacter aquaticus,bacdive_species_exact_name_match,True,False,4,True,78
taxon:101028|organism:fusarium pseudograminearum (wheat and barley crown-rot fungus),1,target_fungi,fusarium pseudograminearum,not_applicable_fungi_or_non_bacdive_scope,False,False,0,False,0
taxon:1033177|organism:aspergillus kawachii (strain nbrc 4308) (white koji mold) (aspergillus awamori var. kawachi),1,target_fungi,aspergillus kawachii,not_applicable_fungi_or_non_bacdive_scope,False,False,0,False,0
taxon:103690|organism:nostoc sp. (strain pcc 7120 / sag 25.82 / utex 2576),257,target_bacteria,nostoc sp.,bacdive_not_found,False,False,0,False,0
taxon:103796|organism:pseudomonas syringae pv. actinidiae,1,target_bacteria,pseudomonas syringae,bacdive_species_exact_name_match,True,False,0,True,164
taxon:103808|organism:rhodococcus sp. (strain ad45),4,target_bacteria,rhodococcus sp.,bacdive_not_found,False,False,0,False,0
taxon:104259|organism:penicillium brasilianum,14,target_fungi,penicillium brasilianum,not_applicable_fungi_or_non_bacdive_scope,False,False,0,False,0
taxon:1042876|organism:pseudomonas putida (strain dsm 28022 / s16),4,target_bacteria,pseudomonas putida,bacdive_exact_culture_collection,True,True,4,True,194
taxon:1044|organism:erythrobacter longus,3,target_bacteria,erythrobacter longus,bacdive_species_exact_name_match,True,False,8,False,0
taxon:104623|organism:serratia sp. (strain atcc 39006) (prodigiosinella confusarubida),1,target_bacteria,serratia sp.,bacdive_not_found,False,False,0,True,130
taxon:1046629|organism:streptococcus salivarius (strain 57.i),1,target_bacteria,streptococcus salivarius,bacdive_species_exact_name_match,True,False,4,True,184
taxon:1047171|organism:zymoseptoria tritici (speckled leaf blotch fungus) (septoria tritici),5,target_fungi,zymoseptoria tritici,not_applicable_fungi_or_non_bacdive_scope,False,False,0,False,0
taxon:1048|organism:marichromatium gracile (chromatium gracile),2,target_bacteria,marichromatium gracile,bacdive_species_exact_name_match,True,False,4,True,132
taxon:1052|organism:halorhodospira halochloris (ectothiorhodospira halochloris),12,target_bacteria,halorhodospira halochloris,bacdive_species_exact_name_match,True,False,5,True,133
taxon:1053222|organism:bacillus cereus (strain msx-d12),1,target_bacteria,bacillus cereus,bacdive_species_exact_name_match,True,False,3,True,201
taxon:105351|organism:aspergillus awamori (black koji mold),16,target_fungi,aspergillus awamori,not_applicable_fungi_or_non_bacdive_scope,False,False,0,False,0
taxon:1053|organism:halorhodospira halophila (ectothiorhodospira halophila),1,target_bacteria,halorhodospira halophila,bacdive_species_exact_name_match,True,False,5,True,134
taxon:1057002|organism:rhizobium sp. (strain br816),3,target_bacteria,rhizobium sp.,bacdive_not_found,False,False,0,False,0
taxon:1058|organism:thiocapsa roseopersicina,4,target_bacteria,thiocapsa roseopersicina,bacdive_species_exact_name_match,True,False,3,True,81
taxon:1061|organism:rhodobacter capsulatus (rhodopseudomonas capsulata),42,target_bacteria,rhodobacter capsulatus,bacdive_species_exact_name_match,True,False,2,False,0
taxon:1063|organism:cereibacter sphaeroides (rhodobacter sphaeroides),36,target_bacteria,cereibacter sphaeroides,bacdive_species_exact_name_match,True,False,5,True,159
taxon:106590|organism:cupriavidus necator (alcaligenes eutrophus) (ralstonia eutropha),18,target_bacteria,cupriavidus necator,bacdive_species_exact_name_match,True,False,3,True,158
taxon:106592|organism:ensifer adhaerens (sinorhizobium morelense),1,target_bacteria,ensifer adhaerens,bacdive_species_exact_name_match,True,False,4,False,0
taxon:106649|organism:acinetobacter guillouiae (acinetobacter genomosp. 11),2,target_bacteria,acinetobacter guillouiae,bacdive_species_exact_name_match,True,False,5,True,164
taxon:1069201|organism:aspergillus kawachii (white koji mold) (aspergillus awamori var. kawachi),2,target_fungi,aspergillus kawachii,not_applicable_fungi_or_non_bacdive_scope,False,False,0,False,0
taxon:1075091|organism:clostridium sporogenes (strain atcc 7955 / dsm 767 / nbrc 16411 / ncimb 8053 / nctc 8594 / pa 3679),7,target_bacteria,clostridium sporogenes,bacdive_exact_culture_collection,True,True,9,True,180
taxon:1075|organism:fuscovulum blasticum (rhodobacter blasticus) (rhodopseudomonas blastica),2,target_bacteria,fuscovulum blasticum,bacdive_species_taxid_or_synonym_match,True,False,8,True,152
taxon:1076|organism:rhodopseudomonas palustris,1,target_bacteria,rhodopseudomonas palustris,bacdive_species_exact_name_match,True,False,4,True,151
taxon:1078016|organism:rhodococcus erythropolis (strain xp),6,target_bacteria,rhodococcus erythropolis,bacdive_species_exact_name_match,True,False,0,True,170
taxon:1079|organism:blastochloris viridis (rhodopseudomonas viridis),3,target_bacteria,blastochloris viridis,bacdive_species_exact_name_match,True,False,5,True,139
taxon:1081927|organism:pseudomonas aeruginosa (strain atcc 29260 / bcrc 12902 / cip 102967 / ncimb 11965 / pa103),2,target_bacteria,pseudomonas aeruginosa,bacdive_exact_culture_collection,True,True,9,True,219
taxon:1085|organism:rhodospirillum rubrum,14,target_bacteria,rhodospirillum rubrum,bacdive_species_exact_name_match,True,False,0,True,148
taxon:1092|organism:chlorobium limicola,2,target_bacteria,chlorobium limicola,bacdive_species_exact_name_match,True,False,5,False,0
taxon:1098|organism:prosthecochloris vibrioformis (chlorobium vibrioforme),2,target_bacteria,prosthecochloris vibrioformis,bacdive_species_exact_name_match,True,False,6,False,0
taxon:1105031|organism:clostridium sp. (strain mste9),10,target_bacteria,clostridium sp.,bacdive_not_found,False,False,0,False,0
taxon:110662|organism:synechococcus sp. (strain cc9605),143,target_bacteria,synechococcus sp.,bacdive_not_found,False,False,0,False,0
taxon:1108|organism:chloroflexus aurantiacus,9,target_bacteria,chloroflexus aurantiacus,bacdive_species_exact_name_match,True,False,5,True,134
taxon:1116375|organism:vibrio sp. (strain ejy3),2,target_bacteria,vibrio sp.,bacdive_not_found,False,False,0,False,0
taxon:1117943|organism:sinorhizobium fredii (strain hh103),1,target_bacteria,rhizobium fredii,bacdive_species_candidate_unvalidated,False,False,8,False,0
taxon:1124983|organism:pseudomonas protegens (strain dsm 19095 / lmg 27888 / cfbp 6595 / cha0),3,target_bacteria,pseudomonas protegens,bacdive_exact_culture_collection,True,True,5,True,147
taxon:1126|organism:microcystis aeruginosa,6,target_bacteria,microcystis aeruginosa,bacdive_species_exact_name_match,True,False,4,False,0
taxon:1131|organism:synechococcus sp,2,target_bacteria,synechococcus sp,bacdive_not_found,False,False,0,False,0
taxon:1133850|organism:streptomyces hygroscopicus subsp. jinggangensis (strain 5008),6,target_bacteria,streptomyces hygroscopicus,bacdive_species_exact_name_match,True,False,0,True,201
taxon:1133853|organism:escherichia coli o104:h4 (strain 2009el-2071),1,target_bacteria,escherichia coli,bacdive_species_exact_name_match,True,False,1,True,218
taxon:1144313|organism:flavobacterium sp. (strain cf136),1,target_bacteria,flavobacterium sp.,bacdive_not_found,False,False,0,False,0
taxon:1144708|organism:pseudomonas sp. (strain gm41(2012)),1,target_bacteria,pseudomonas sp.),bacdive_not_found,False,False,0,False,0
taxon:114525|organism:saccharomyces mikatae (yeast),1,target_fungi,saccharomyces mikatae,not_applicable_fungi_or_non_bacdive_scope,False,False,0,False,0
taxon:114615|organism:bradyrhizobium sp. (strain ors 278),145,target_bacteria,bradyrhizobium sp.,bacdive_not_found,False,False,0,False,0
taxon:1149133|organism:metapseudomonas furukawaii (pseudomonas furukawaii),6,target_bacteria,metapseudomonas furukawaii,bacdive_species_taxid_or_synonym_match,True,False,9,True,150
taxon:1156966|organism:ogataea methanolica (yeast) (pichia methanolica),1,target_fungi,ogataea methanolica,not_applicable_fungi_or_non_bacdive_scope,False,False,0,False,0
taxon:1157|organism:spirulina sp,2,target_bacteria,spirulina sp,bacdive_not_found,False,False,0,False,0
taxon:1158653|organism:enterococcus faecalis (strain engen0310 / mmh594),4,target_bacteria,enterococcus faecalis,bacdive_species_exact_name_match,True,False,5,True,207
taxon:115981|organism:salmonella montevideo,2,target_bacteria,salmonella enterica,bacdive_species_exact_name_match,True,False,8,True,210
taxon:116188|organism:streptomyces coeruleorubidus,1,target_bacteria,streptomyces coeruleorubidus,bacdive_species_exact_name_match,True,False,2,True,151
taxon:1165|organism:anabaena cylindrica,1,target_bacteria,anabaena cylindrica,bacdive_not_found,False,False,0,False,0
taxon:1166|organism:dolichospermum flosaquae (anabaena flos-aquae),1,target_bacteria,dolichospermum flosaquae,bacdive_not_found,False,False,0,False,0
taxon:117187|organism:gibberella moniliformis (maize ear and stalk rot fungus) (fusarium verticillioides),2,target_fungi,gibberella moniliformis,not_applicable_fungi_or_non_bacdive_scope,False,False,0,False,0
taxon:1178|organism:nostoc commune,1,target_bacteria,nostoc commune,bacdive_not_found,False,False,0,False,0
taxon:118101|organism:buchnera aphidicola subsp. diuraphis noxia,21,target_bacteria,buchnera aphidicola,bacdive_not_found,False,False,0,True,133
taxon:118103|organism:buchnera aphidicola subsp. melaphis rhois,16,target_bacteria,buchnera aphidicola,bacdive_not_found,False,False,0,True,133
taxon:118109|organism:buchnera aphidicola subsp. rhopalosiphum maidis,2,target_bacteria,buchnera aphidicola,bacdive_not_found,False,False,0,True,133
taxon:118110|organism:buchnera aphidicola subsp. schlechtendalia chinensis,20,target_bacteria,buchnera aphidicola,bacdive_not_found,False,False,0,True,133
taxon:118117|organism:buchnera aphidicola subsp. uroleucon ambrosiae,4,target_bacteria,buchnera aphidicola,bacdive_not_found,False,False,0,True,133
taxon:118118|organism:buchnera aphidicola subsp. uroleucon sonchi,3,target_bacteria,buchnera aphidicola,bacdive_not_found,False,False,0,True,133
taxon:1184|organism:leptolyngbya boryana (plectonema boryanum),6,target_bacteria,leptolyngbya boryana,bacdive_not_found,False,False,0,False,0
taxon:118562|organism:limnospira platensis (arthrospira platensis),5,target_bacteria,limnospira platensis,bacdive_not_found,False,False,0,False,0
taxon:1191460|organism:acinetobacter venetianus (strain atcc 31012 / dsm 23050 / bcrc 14357 / ccug 45561 / cip 110063 / kctc 2702 / lmg 19082 / rag-1),1,target_bacteria,acinetobacter venetianus,bacdive_exact_culture_collection,True,True,6,True,152
taxon:119602|organism:streptococcus dysgalactiae subsp. equisimilis (streptococcus equisimilis),3,target_bacteria,streptococcus dysgalactiae,bacdive_species_exact_name_match,True,False,5,True,175
taxon:1202|organism:leptolyngbya ectocarpi (phormidium ectocarpi),2,target_bacteria,leptolyngbya ectocarpi,bacdive_not_found,False,False,0,False,0
taxon:1204414|organism:corynebacterium glutamicum (strain atcc 13032 / k051),2,target_bacteria,corynebacterium glutamicum,bacdive_exact_culture_collection,True,True,9,True,179
taxon:120645|organism:fusarium solani subsp. phaseoli (nectria haematococca),2,target_fungi,fusarium solani,not_applicable_fungi_or_non_bacdive_scope,False,False,0,False,0
taxon:121290|organism:hyphomicrobium sulfonivorans,1,target_bacteria,hyphomicrobium sulfonivorans,bacdive_species_exact_name_match,True,False,4,True,135
taxon:121428|organism:sphingobium xenophagum,2,target_bacteria,sphingobium xenophagum,bacdive_species_exact_name_match,True,False,4,True,164
taxon:1214568|organism:phomopsis amygdali (fusicoccum amygdali),9,target_fungi,phomopsis amygdali,not_applicable_fungi_or_non_bacdive_scope,False,False,0,False,0
taxon:1216|organism:prochloron didemni,1,target_bacteria,prochloron didemni,bacdive_not_found,False,False,0,False,0
taxon:121759|organism:paracoccidioides brasiliensis,3,target_fungi,paracoccidioides brasiliensis,not_applicable_fungi_or_non_bacdive_scope,False,False,0,False,0
taxon:1219356|organism:thauera butanivorans (strain atcc 43655 / dsm 2080 / jcm 20651 / ccug 51053 / nbrc 103042 / iam 12574 / bu b1211) (pseudomonas butanovora),2,target_bacteria,thauera butanivorans,bacdive_exact_culture_collection,True,True,6,True,153
taxon:1220575|organism:sphingobacterium faecium (strain dsm 11690 / jcm 21820 / nbrc 15299 / ncimb 13408 / ks 0470),1,target_bacteria,sphingobacterium faecium,bacdive_exact_culture_collection,True,True,9,False,0
taxon:1223|organism:prochlorothrix hollandica,4,target_bacteria,prochlorothrix hollandica,bacdive_species_exact_name_match,True,False,0,False,0
taxon:1232575|organism:acidithiobacillus ferridurans,4,target_bacteria,acidithiobacillus ferridurans,bacdive_species_exact_name_match,True,False,7,True,136
taxon:1236608|organism:moraxella catarrhalis (strain bbh18),1,target_bacteria,moraxella catarrhalis,bacdive_species_exact_name_match,True,False,5,True,202
taxon:1243767|organism:hypoxylon pulicicidum,3,target_fungi,hypoxylon pulicicidum,not_applicable_fungi_or_non_bacdive_scope,False,False,0,False,0
taxon:1245|organism:leuconostoc mesenteroides,5,target_bacteria,leuconostoc mesenteroides,bacdive_species_exact_name_match,True,False,5,True,188
taxon:1247|organism:oenococcus oeni (leuconostoc oenos),3,target_bacteria,oenococcus oeni,bacdive_species_exact_name_match,True,False,6,True,163
taxon:1249|organism:weissella paramesenteroides (leuconostoc paramesenteroides),1,target_bacteria,weissella paramesenteroides,bacdive_species_exact_name_match,True,False,3,True,161
taxon:1254|organism:pediococcus acidilactici,3,target_bacteria,pediococcus acidilactici,bacdive_species_exact_name_match,True,False,4,True,192
taxon:1255|organism:pediococcus pentosaceus,1,target_bacteria,pediococcus pentosaceus,bacdive_species_exact_name_match,True,False,6,True,192
taxon:1258|organism:peptoniphilus asaccharolyticus (peptostreptococcus asaccharolyticus),3,target_bacteria,peptoniphilus asaccharolyticus,bacdive_species_exact_name_match,True,False,5,True,160
taxon:1265868|organism:streptomyces rimosus subsp. rimosus (strain atcc 10970 / dsm 40260 / jcm 4667 / nrrl 2234),2,target_bacteria,streptomyces rimosus,bacdive_species_exact_name_match,True,False,0,True,138
taxon:126740|organism:thermotoga sp. (strain rq2),107,target_bacteria,thermotoga sp.,bacdive_not_found,False,False,0,False,0
taxon:1270|organism:micrococcus luteus (micrococcus lysodeikticus),4,target_bacteria,micrococcus luteus,bacdive_species_exact_name_match,True,False,4,True,190
taxon:1275|organism:kocuria rosea (deinococcus erythromyxa) (micrococcus rubens),1,target_bacteria,kocuria rosea,bacdive_species_exact_name_match,True,False,1,True,179
taxon:1276141|organism:metarhizium brunneum (strain arsef 3297),10,target_fungi,metarhizium brunneum,not_applicable_fungi_or_non_bacdive_scope,False,False,0,False,0
taxon:1276143|organism:metarhizium majus (strain arsef 297),12,target_fungi,metarhizium majus,not_applicable_fungi_or_non_bacdive_scope,False,False,0,False,0
taxon:1279365|organism:bacillus thuringiensis serovar kurstaki (strain atcc 35866 / nrrl b-4488 / hd73),6,target_bacteria,bacillus thuringiensis,bacdive_species_exact_name_match,True,False,4,True,174
taxon:1280|organism:staphylococcus aureus,75,target_bacteria,staphylococcus aureus,bacdive_species_exact_name_match,True,False,4,True,202
taxon:1281|organism:staphylococcus carnosus,1,target_bacteria,staphylococcus carnosus,bacdive_species_exact_name_match,True,False,3,True,164
taxon:1282|organism:staphylococcus epidermidis,3,target_bacteria,staphylococcus epidermidis,bacdive_species_exact_name_match,True,False,1,True,200
taxon:1283312|organism:rhizorhabdus wittichii (strain dc-6 / kacc 16600) (sphingomonas wittichii),4,target_bacteria,rhizorhabdus wittichii,bacdive_species_exact_name_match,True,False,8,True,151
taxon:1283|organism:staphylococcus haemolyticus,5,target_bacteria,staphylococcus haemolyticus,bacdive_species_exact_name_match,True,False,4,True,183
taxon:1285|organism:staphylococcus intermedius,1,target_bacteria,staphylococcus intermedius,bacdive_species_exact_name_match,True,False,3,True,161
taxon:1288|organism:staphylococcus xylosus,8,target_bacteria,staphylococcus xylosus,bacdive_species_exact_name_match,True,False,5,True,173
taxon:1292|organism:staphylococcus warneri,2,target_bacteria,staphylococcus warneri,bacdive_species_exact_name_match,True,False,7,True,182
taxon:1301098|organism:pseudomonas knackmussii (strain dsm 6978 / ccug 54928 / lmg 23759 / b13),6,target_bacteria,pseudomonas knackmussii,bacdive_exact_culture_collection,True,True,6,True,152
taxon:1302|organism:streptococcus gordonii,4,target_bacteria,streptococcus gordonii,bacdive_species_exact_name_match,True,False,5,True,184
taxon:1303|organism:streptococcus oralis,2,target_bacteria,streptococcus oralis,bacdive_species_exact_name_match,True,False,4,True,190
taxon:1304|organism:streptococcus salivarius,2,target_bacteria,streptococcus salivarius,bacdive_species_exact_name_match,True,False,4,True,184
taxon:1307|organism:streptococcus suis,4,target_bacteria,streptococcus suis,bacdive_species_exact_name_match,True,False,0,True,184
taxon:1308|organism:streptococcus thermophilus,17,target_bacteria,streptococcus thermophilus,bacdive_species_exact_name_match,True,False,3,True,182
taxon:1311|organism:streptococcus agalactiae,4,target_bacteria,streptococcus agalactiae,bacdive_species_exact_name_match,True,False,9,True,179
taxon:1313|organism:streptococcus pneumoniae,3,target_bacteria,streptococcus pneumoniae,bacdive_species_exact_name_match,True,False,9,True,191
taxon:1314|organism:streptococcus pyogenes,13,target_bacteria,streptococcus pyogenes,bacdive_species_exact_name_match,True,False,5,True,184
taxon:1317|organism:streptococcus downei (streptococcus sobrinus),1,target_bacteria,streptococcus downei,bacdive_species_exact_name_match,True,False,9,True,153
taxon:132473|organism:streptomyces alboniger,1,target_bacteria,streptomyces alboniger,bacdive_species_exact_name_match,True,False,5,True,152
taxon:1332765|organism:glaciozyma antarctica (strain pi12) (antarctic psychrophilic yeast) (leucosporidium antarcticum),2,target_fungi,glaciozyma antarctica,not_applicable_fungi_or_non_bacdive_scope,False,False,0,False,0
taxon:13335|organism:anaerobiospirillum succiniciproducens,1,target_bacteria,anaerobiospirillum succiniciproducens,bacdive_species_exact_name_match,True,False,4,True,157
taxon:1335|organism:streptococcus equinus (streptococcus bovis),2,target_bacteria,streptococcus equinus,bacdive_species_exact_name_match,True,False,3,True,173
taxon:1338|organism:streptococcus intermedius,1,target_bacteria,streptococcus intermedius,bacdive_species_exact_name_match,True,False,9,True,155
taxon:1341|organism:streptococcus ratti,2,target_bacteria,streptococcus ratti,bacdive_species_exact_name_match,True,False,7,True,168
taxon:1343740|organism:streptomyces rapamycinicus (strain atcc 29253 / dsm 41530 / nrrl 5491 / ayb-994) (streptomyces hygroscopicus (strain atcc 29253)),2,target_bacteria,streptomyces rapamycinicus,bacdive_exact_culture_collection,True,True,5,True,150
taxon:134601|organism:mycolicibacterium goodii (mycobacterium goodii),8,target_bacteria,mycolicibacterium goodii,bacdive_species_taxid_or_synonym_match,True,False,4,True,135
taxon:134676|organism:actinoplanes sp. (strain atcc 31044 / cbs 674.73 / se50/110),7,target_bacteria,actinoplanes sp.,bacdive_not_found,False,False,0,False,0
taxon:1346|organism:streptococcus iniae (streptococcus shiloi),2,target_bacteria,streptococcus iniae,bacdive_species_exact_name_match,True,False,5,True,177
taxon:1351|organism:enterococcus faecalis (streptococcus faecalis),5,target_bacteria,enterococcus faecalis,bacdive_species_exact_name_match,True,False,5,True,207
taxon:1352|organism:enterococcus faecium (streptococcus faecium),18,target_bacteria,enterococcus faecium,bacdive_species_exact_name_match,True,False,3,True,201
taxon:1353|organism:enterococcus gallinarum,2,target_bacteria,enterococcus gallinarum,bacdive_species_exact_name_match,True,False,4,True,185
taxon:1354|organism:enterococcus hirae,4,target_bacteria,enterococcus hirae,bacdive_species_exact_name_match,True,False,5,True,177
taxon:135720|organism:neisseria meningitidis serogroup c,3,target_bacteria,neisseria meningitidis,bacdive_species_exact_name_match,True,False,2,True,189
taxon:1359|organism:lactococcus lactis subsp. cremoris (streptococcus cremoris),16,target_bacteria,lactococcus lactis,bacdive_species_exact_name_match,True,False,4,True,186
taxon:1360|organism:lactococcus lactis subsp. lactis (streptococcus lactis),6,target_bacteria,lactococcus lactis,bacdive_species_exact_name_match,True,False,4,True,186
taxon:13689|organism:sphingomonas paucimobilis (pseudomonas paucimobilis),5,target_bacteria,sphingomonas paucimobilis,bacdive_species_exact_name_match,True,False,5,True,173
taxon:13690|organism:sphingobium yanoikuyae (sphingomonas yanoikuyae),4,target_bacteria,sphingobium yanoikuyae,bacdive_species_exact_name_match,True,False,5,True,166
taxon:1371|organism:marinococcus halophilus,3,target_bacteria,marinococcus halophilus,bacdive_species_exact_name_match,True,False,3,True,103
taxon:13725|organism:thiocystis violacea,1,target_bacteria,thiocystis violacea,bacdive_species_exact_name_match,True,False,5,True,78
taxon:1390|organism:bacillus amyloliquefaciens (bacillus velezensis),17,target_bacteria,bacillus amyloliquefaciens,bacdive_species_exact_name_match,True,False,1,True,177
taxon:1392|organism:bacillus anthracis,301,target_bacteria,bacillus anthracis,bacdive_species_exact_name_match,True,False,0,True,139
taxon:1393|organism:brevibacillus brevis (bacillus brevis),2,target_bacteria,brevibacillus brevis,bacdive_species_exact_name_match,True,False,0,True,167
taxon:1394|organism:bacillus caldolyticus,13,target_bacteria,bacillus caldolyticus,bacdive_not_found,False,False,0,True,90
taxon:1396|organism:bacillus cereus,14,target_bacteria,bacillus cereus,bacdive_species_exact_name_match,True,False,3,True,201
taxon:1397|organism:niallia circulans (bacillus circulans),16,target_bacteria,niallia circulans,bacdive_species_exact_name_match,True,False,4,True,170
taxon:1398|organism:heyndrickxia coagulans (weizmannia coagulans),3,target_bacteria,heyndrickxia coagulans,bacdive_species_exact_name_match,True,False,4,True,183
taxon:1399|organism:cytobacillus firmus (bacillus firmus),2,target_bacteria,cytobacillus firmus,bacdive_species_exact_name_match,True,False,5,True,174
taxon:1400155|organism:enterobacter hormaechei subsp. hoffmannii (strain uci 50),2,target_bacteria,enterobacter hormaechei,bacdive_species_exact_name_match,True,False,7,True,187
taxon:1402|organism:bacillus licheniformis,13,target_bacteria,bacillus licheniformis,bacdive_species_exact_name_match,True,False,3,True,179
taxon:1404|organism:priestia megaterium (bacillus megaterium),33,target_bacteria,priestia megaterium,bacdive_species_exact_name_match,True,False,4,True,178
taxon:1406|organism:paenibacillus polymyxa (bacillus polymyxa),1,target_bacteria,paenibacillus polymyxa,bacdive_species_exact_name_match,True,False,4,True,171
taxon:1407|organism:peribacillus psychrosaccharolyticus (bacillus psychrosaccharolyticus),2,target_bacteria,peribacillus psychrosaccharolyticus,bacdive_species_exact_name_match,True,False,9,True,158
taxon:140892|organism:rickettsia conorii subsp. caspia (strain a-167) (astrakhan rickettsia),1,target_bacteria,rickettsia conorii,bacdive_species_exact_name_match,True,False,0,True,137
taxon:1408|organism:bacillus pumilus (bacillus mesentericus),3,target_bacteria,bacillus pumilus,bacdive_species_exact_name_match,True,False,4,True,173
taxon:1409|organism:bacillus sp,21,target_bacteria,bacillus sp,bacdive_not_found,False,False,0,False,0
taxon:1421|organism:lysinibacillus sphaericus (bacillus sphaericus),13,target_bacteria,lysinibacillus sphaericus,bacdive_species_exact_name_match,True,False,3,True,195
taxon:1422|organism:geobacillus stearothermophilus (bacillus stearothermophilus),83,target_bacteria,geobacillus stearothermophilus,bacdive_species_exact_name_match,True,False,0,True,178
taxon:1423800|organism:fructilactobacillus sanfranciscensis (strain atcc 27651 / dsm 20451 / jcm 5668 / ccug 30143 / kctc 3205 / ncimb 702811 / nrrl b-3934 / l-12) (lactobacillus sanfranciscensis),2,target_bacteria,fructilactobacillus sanfranciscensis,bacdive_exact_culture_collection,True,True,9,True,158
taxon:1423|organism:bacillus subtilis,4,target_bacteria,bacillus subtilis,bacdive_species_exact_name_match,True,False,7,True,179
taxon:1428|organism:bacillus thuringiensis,1,target_bacteria,bacillus thuringiensis,bacdive_species_exact_name_match,True,False,4,True,174
taxon:1429090|organism:saccharomyces pastorianus (strain atcc 76670 / carlsberg bottom yeast no.2 / cbs 1503 / clib 180 / nbrc 10610 / nrrl y-1525) (saaz-type lager yeast) (saccharomyces monacensis),1,target_fungi,saccharomyces pastorianus,not_applicable_fungi_or_non_bacdive_scope,False,False,0,False,0
taxon:1430|organism:bacillus thuringiensis subsp. israelensis,1,target_bacteria,bacillus thuringiensis,bacdive_species_exact_name_match,True,False,4,True,174
taxon:143495|organism:aneurinibacillus thermoaerophilus,9,target_bacteria,aneurinibacillus thermoaerophilus,bacdive_species_exact_name_match,True,False,5,False,0
taxon:144185|organism:leifsonia aquatica (corynebacterium aquaticum),1,target_bacteria,leifsonia aquatica,bacdive_species_exact_name_match,True,False,3,True,164
taxon:1445|organism:alkalihalobacillus alcalophilus (bacillus alcalophilus),2,target_bacteria,alkalihalobacillus alcalophilus,bacdive_species_exact_name_match,True,False,2,True,152
taxon:145261|organism:methanothermobacter wolfeii (methanobacterium wolfei),2,target_archaea,methanothermobacter wolfeii,bacdive_species_taxid_or_synonym_match,True,False,5,False,0
taxon:145262|organism:methanothermobacter thermautotrophicus (methanobacterium thermoformicicum),1,target_archaea,methanothermobacter thermautotrophicus,bacdive_species_taxid_or_synonym_match,True,False,5,False,0
taxon:1452|organism:bacillus atrophaeus,6,target_bacteria,bacillus atrophaeus,bacdive_species_exact_name_match,True,False,5,True,173
taxon:1455|organism:bacillus badius,1,target_bacteria,bacillus badius,bacdive_species_exact_name_match,True,False,3,True,157
taxon:1459|organism:sporosarcina globispora (bacillus globisporus),1,target_bacteria,sporosarcina globispora,bacdive_species_exact_name_match,True,False,0,True,156
taxon:1462|organism:geobacillus kaustophilus,1,target_bacteria,geobacillus kaustophilus,bacdive_species_exact_name_match,True,False,3,True,156
taxon:1468|organism:paenibacillus macquariensis (bacillus macquariensis),1,target_bacteria,paenibacillus macquariensis,bacdive_species_exact_name_match,True,False,9,True,104
taxon:1470456|organism:streptomyces cyslabdanicus,2,target_bacteria,streptomyces cyslabdanicus,bacdive_species_exact_name_match,True,False,4,True,2
taxon:1471|organism:bacillus methanolicus,2,target_bacteria,bacillus methanolicus,bacdive_species_exact_name_match,True,False,4,True,134
taxon:1473|organism:virgibacillus pantothenticus,3,target_bacteria,virgibacillus pantothenticus,bacdive_species_exact_name_match,True,False,3,True,106
taxon:1474|organism:sporosarcina pasteurii (bacillus pasteurii),3,target_bacteria,sporosarcina pasteurii,bacdive_species_exact_name_match,True,False,1,True,164
taxon:1476|organism:sporosarcina psychrophila (bacillus psychrophilus),3,target_bacteria,sporosarcina psychrophila,bacdive_species_exact_name_match,True,False,2,True,131
taxon:1490|organism:paraclostridium bifermentans (clostridium bifermentans),1,target_bacteria,paraclostridium bifermentans,bacdive_species_exact_name_match,True,False,0,True,172
taxon:1492|organism:clostridium butyricum,1,target_bacteria,clostridium butyricum,bacdive_species_exact_name_match,True,False,5,True,156
taxon:1494|organism:clostridium cochlearium,2,target_bacteria,clostridium cochlearium,bacdive_species_exact_name_match,True,False,4,True,152
taxon:149539|organism:salmonella enteritidis,6,target_bacteria,salmonella enterica,bacdive_species_exact_name_match,True,False,8,True,210
taxon:1495|organism:clostridium cylindrosporum,1,target_bacteria,clostridium cylindrosporum,bacdive_species_exact_name_match,True,False,5,True,136
taxon:149682|organism:streptomyces roseochromogenus subsp. oscitans,3,target_bacteria,streptomyces roseochromogenus,bacdive_species_exact_name_match,True,False,3,True,131
taxon:1496|organism:clostridioides difficile (peptoclostridium difficile),21,target_bacteria,clostridioides difficile,bacdive_species_exact_name_match,True,False,5,True,183
taxon:1498|organism:hathewaya histolytica (clostridium histolyticum),1,target_bacteria,hathewaya histolytica,bacdive_species_exact_name_match,True,False,5,True,139
taxon:1499|organism:ruminiclostridium josui (clostridium josui),5,target_bacteria,ruminiclostridium josui,bacdive_species_exact_name_match,True,False,5,True,132
taxon:14|organism:dictyoglomus thermophilum,1,target_bacteria,dictyoglomus thermophilum,bacdive_species_exact_name_match,True,False,9,True,151
taxon:1501|organism:clostridium pasteurianum,10,target_bacteria,clostridium pasteurianum,bacdive_species_exact_name_match,True,False,4,True,141
taxon:1502|organism:clostridium perfringens,5,target_bacteria,clostridium perfringens,bacdive_species_exact_name_match,True,False,5,True,190
taxon:1505|organism:paraclostridium sordellii (clostridium sordellii),5,target_bacteria,paraclostridium sordellii,bacdive_species_taxid_or_synonym_match,True,False,9,True,177
taxon:1509|organism:clostridium sporogenes,7,target_bacteria,clostridium sporogenes,bacdive_species_exact_name_match,True,False,1,True,180
taxon:1512|organism:clostridium symbiosum (bacteroides symbiosus),2,target_bacteria,clostridium symbiosum,bacdive_species_exact_name_match,True,False,5,True,152
taxon:1515|organism:acetivibrio thermocellus (hungateiclostridium thermocellum) (clostridium thermocellum),2,target_bacteria,acetivibrio thermocellus,bacdive_species_exact_name_match,True,False,4,True,144
taxon:1517|organism:thermoanaerobacterium thermosaccharolyticum (clostridium thermosaccharolyticum),1,target_bacteria,thermoanaerobacterium thermosaccharolyticum,bacdive_species_exact_name_match,True,False,5,True,134
taxon:1520|organism:clostridium beijerinckii (clostridium mp),2,target_bacteria,clostridium beijerinckii,bacdive_species_exact_name_match,True,False,3,True,174
taxon:1525|organism:neomoorella thermoacetica (clostridium thermoaceticum),6,target_bacteria,neomoorella thermoacetica,bacdive_species_taxid_or_synonym_match,True,False,1,True,151
taxon:1528|organism:eubacterium barkeri (clostridium barkeri),10,target_bacteria,eubacterium barkeri,bacdive_species_exact_name_match,True,False,5,True,78
taxon:1538424|organism:pholiota microspora (white-rot fungus) (pholiota nameko),2,target_fungi,pholiota microspora,not_applicable_fungi_or_non_bacdive_scope,False,False,0,False,0
taxon:1542|organism:clostridium novyi,2,target_bacteria,clostridium novyi,bacdive_species_exact_name_match,True,False,4,True,152
taxon:154538|organism:trametes pubescens (white-rot fungus),1,target_fungi,trametes pubescens,not_applicable_fungi_or_non_bacdive_scope,False,False,0,False,0
taxon:1548|organism:clostridium scatologenes,8,target_bacteria,clostridium scatologenes,bacdive_species_exact_name_match,True,False,5,True,132
taxon:1550|organism:clostridium subterminale,1,target_bacteria,clostridium subterminale,bacdive_species_exact_name_match,True,False,4,True,20
taxon:1553|organism:clostridium tetanomorphum,3,target_bacteria,clostridium tetanomorphum,bacdive_species_exact_name_match,True,False,9,True,151
taxon:1556|organism:clostridium acidurici (gottschalkia acidurici),1,target_bacteria,clostridium acidurici,bacdive_species_taxid_or_synonym_match,True,False,9,True,157
taxon:1571|organism:sporosarcina ureae,1,target_bacteria,sporosarcina ureae,bacdive_species_exact_name_match,True,False,1,True,133
taxon:1579|organism:lactobacillus acidophilus,9,target_bacteria,lactobacillus acidophilus,bacdive_species_exact_name_match,True,False,6,True,174
taxon:1580|organism:levilactobacillus brevis (lactobacillus brevis),5,target_bacteria,levilactobacillus brevis,bacdive_species_exact_name_match,True,False,4,True,182
taxon:1581|organism:lentilactobacillus buchneri (lactobacillus buchneri),1,target_bacteria,lentilactobacillus buchneri,bacdive_species_exact_name_match,True,False,8,True,170
taxon:1582|organism:lacticaseibacillus casei (lactobacillus casei),23,target_bacteria,lacticaseibacillus casei,bacdive_species_exact_name_match,True,False,3,True,166
taxon:1585|organism:lactobacillus delbrueckii subsp. bulgaricus,6,target_bacteria,lactobacillus delbrueckii,bacdive_species_exact_name_match,True,False,8,True,180
taxon:1587|organism:lactobacillus helveticus (lactobacillus suntoryeus),3,target_bacteria,lactobacillus helveticus,bacdive_species_exact_name_match,True,False,8,True,177
taxon:158879|organism:staphylococcus aureus (strain n315),334,target_bacteria,staphylococcus aureus,bacdive_exact_designation,True,True,9,True,202
taxon:1588|organism:lentilactobacillus hilgardii (lactobacillus hilgardii),3,target_bacteria,lentilactobacillus hilgardii,bacdive_species_exact_name_match,True,False,8,True,168
taxon:1589|organism:lactiplantibacillus pentosus (lactobacillus pentosus),4,target_bacteria,lactiplantibacillus pentosus,bacdive_species_exact_name_match,True,False,8,True,179
taxon:1590|organism:lactiplantibacillus plantarum (lactobacillus plantarum),23,target_bacteria,lactiplantibacillus plantarum,bacdive_species_exact_name_match,True,False,4,True,183
taxon:1597|organism:lacticaseibacillus paracasei (lactobacillus paracasei),3,target_bacteria,lacticaseibacillus paracasei,bacdive_species_exact_name_match,True,False,3,True,187
taxon:1598|organism:limosilactobacillus reuteri (lactobacillus reuteri),4,target_bacteria,limosilactobacillus reuteri,bacdive_species_exact_name_match,True,False,4,True,180
taxon:1599|organism:latilactobacillus sakei (lactobacillus sakei),6,target_bacteria,latilactobacillus sakei,bacdive_species_exact_name_match,True,False,9,True,173
taxon:159|organism:brachyspira hyodysenteriae (treponema hyodysenteriae),2,target_bacteria,brachyspira hyodysenteriae,bacdive_species_exact_name_match,True,False,4,True,154
taxon:160491|organism:streptococcus pyogenes serotype m5 (strain manfredo),87,target_bacteria,streptococcus pyogenes,bacdive_species_exact_name_match,True,False,5,True,184
taxon:1613|organism:limosilactobacillus fermentum (lactobacillus fermentum),4,target_bacteria,limosilactobacillus fermentum,bacdive_species_exact_name_match,True,False,3,True,189
taxon:162425|organism:emericella nidulans (aspergillus nidulans),8,target_fungi,emericella nidulans,not_applicable_fungi_or_non_bacdive_scope,False,False,0,False,0
taxon:1625|organism:fructilactobacillus sanfranciscensis (lactobacillus sanfranciscensis),1,target_bacteria,fructilactobacillus sanfranciscensis,bacdive_species_exact_name_match,True,False,1,True,158
taxon:163164|organism:wolbachia pipientis wmel,76,target_bacteria,wolbachia pipientis,bacdive_not_found,False,False,0,True,131
taxon:1638|organism:listeria ivanovii,3,target_bacteria,listeria ivanovii,bacdive_species_exact_name_match,True,False,5,True,174
taxon:1639|organism:listeria monocytogenes,2,target_bacteria,listeria monocytogenes,bacdive_species_exact_name_match,True,False,2,True,204
taxon:1643|organism:listeria welshimeri,1,target_bacteria,listeria welshimeri,bacdive_species_exact_name_match,True,False,5,True,171
taxon:1655|organism:actinomyces naeslundii,1,target_bacteria,actinomyces naeslundii,bacdive_species_exact_name_match,True,False,4,True,182
taxon:165778|organism:nakataea oryzae (rice stem rot fungus) (magnaporthe salvinii),6,target_fungi,nakataea oryzae,not_applicable_fungi_or_non_bacdive_scope,False,False,0,False,0
taxon:1665|organism:arthrobacter globiformis,10,target_bacteria,arthrobacter globiformis,bacdive_species_exact_name_match,True,False,0,True,165
taxon:1667|organism:arthrobacter sp,16,target_bacteria,arthrobacter sp,bacdive_not_found,False,False,0,False,0
taxon:1677|organism:arthrobacter pascens,1,target_bacteria,arthrobacter pascens,bacdive_species_exact_name_match,True,False,9,True,103
taxon:168927|organism:escherichia coli o111:h-,2,target_bacteria,escherichia coli,bacdive_species_exact_name_match,True,False,1,True,218
taxon:169388|organism:fusarium solani (filamentous fungus),3,target_fungi,fusarium solani,not_applicable_fungi_or_non_bacdive_scope,False,False,0,False,0
taxon:169679|organism:clostridium saccharobutylicum,1,target_bacteria,clostridium saccharobutylicum,bacdive_species_exact_name_match,True,False,5,True,141
taxon:1697|organism:corynebacterium ammoniagenes (brevibacterium ammoniagenes),19,target_bacteria,corynebacterium ammoniagenes,bacdive_species_exact_name_match,True,False,4,True,171
taxon:1703|organism:brevibacterium linens,3,target_bacteria,brevibacterium linens,bacdive_species_exact_name_match,True,False,0,True,159
taxon:1718|organism:corynebacterium glutamicum (brevibacterium saccharolyticum),10,target_bacteria,corynebacterium glutamicum,bacdive_species_exact_name_match,True,False,4,True,179
taxon:1719|organism:corynebacterium pseudotuberculosis,2,target_bacteria,corynebacterium pseudotuberculosis,bacdive_species_exact_name_match,True,False,4,True,160
taxon:172045|organism:elizabethkingia miricola (chryseobacterium miricola),1,target_bacteria,elizabethkingia miricola,bacdive_species_exact_name_match,True,False,4,False,0
taxon:172|organism:leptospira biflexa,4,target_bacteria,leptospira biflexa,bacdive_species_exact_name_match,True,False,5,True,145
taxon:1731|organism:peptoclostridium acidaminophilum (eubacterium acidaminophilum),5,target_bacteria,peptoclostridium acidaminophilum,bacdive_species_exact_name_match,True,False,9,True,145
taxon:1735992|organism:neonectria sp. (strain dh2),2,target_fungi,neonectria sp.,not_applicable_fungi_or_non_bacdive_scope,False,False,0,False,0
taxon:1736392|organism:paenibacillus sp. (strain soil724d2),2,target_bacteria,paenibacillus sp.,bacdive_not_found,False,False,0,False,0
taxon:173|organism:leptospira interrogans,3,target_bacteria,leptospira interrogans,bacdive_species_exact_name_match,True,False,5,True,144
taxon:174|organism:leptospira borgpetersenii,3,target_bacteria,leptospira borgpetersenii,bacdive_species_exact_name_match,True,False,5,True,145
taxon:1752|organism:propionibacterium freudenreichii subsp. shermanii,4,target_bacteria,propionibacterium freudenreichii,bacdive_species_exact_name_match,True,False,5,True,182
taxon:176275|organism:beauveria bassiana (white muscardine disease fungus) (tritirachium shiotae),2,target_fungi,beauveria bassiana,not_applicable_fungi_or_non_bacdive_scope,False,False,0,False,0
taxon:1764|organism:mycobacterium avium,20,target_bacteria,mycobacterium avium,bacdive_species_exact_name_match,True,False,1,True,159
taxon:1766|organism:mycolicibacterium fortuitum (mycobacterium fortuitum),4,target_bacteria,mycolicibacterium fortuitum,bacdive_species_exact_name_match,True,False,5,True,165
taxon:1767|organism:mycobacterium intracellulare,5,target_bacteria,mycobacterium intracellulare,bacdive_species_exact_name_match,True,False,1,True,158
taxon:1768|organism:mycobacterium kansasii,2,target_bacteria,mycobacterium kansasii,bacdive_species_exact_name_match,True,False,2,True,148
taxon:1771|organism:mycolicibacterium phlei (mycobacterium phlei),1,target_bacteria,mycolicibacterium phlei,bacdive_species_exact_name_match,True,False,0,True,161
taxon:1772|organism:mycolicibacterium smegmatis (mycobacterium smegmatis),16,target_bacteria,mycolicibacterium smegmatis,bacdive_species_exact_name_match,True,False,0,True,154
taxon:1774|organism:mycobacteroides chelonae (mycobacterium chelonae),1,target_bacteria,mycobacteroides chelonae,bacdive_species_taxid_or_synonym_match,True,False,8,True,155
taxon:1777|organism:mycobacterium gastri,2,target_bacteria,mycobacterium gastri,bacdive_species_exact_name_match,True,False,0,True,142
taxon:1778|organism:mycobacterium gordonae,2,target_bacteria,mycobacterium gordonae,bacdive_species_exact_name_match,True,False,0,True,149
taxon:1781|organism:mycobacterium marinum,2,target_bacteria,mycobacterium marinum,bacdive_species_exact_name_match,True,False,4,True,154
taxon:1783|organism:mycobacterium scrofulaceum,2,target_bacteria,mycobacterium scrofulaceum,bacdive_species_exact_name_match,True,False,1,True,145
taxon:1792307|organism:bosea sp. (strain pamc 26642),3,target_bacteria,bosea sp.,bacdive_not_found,False,False,0,False,0
taxon:1795|organism:mycolicibacterium neoaurum (mycobacterium neoaurum),1,target_bacteria,mycolicibacterium neoaurum,bacdive_species_taxid_or_synonym_match,True,False,6,True,164
taxon:17|organism:methylophilus methylotrophus (bacterium w3a1),5,target_bacteria,methylophilus methylotrophus,bacdive_species_exact_name_match,True,False,0,True,137
taxon:1809|organism:mycobacterium ulcerans,2,target_bacteria,mycobacterium ulcerans,bacdive_species_exact_name_match,True,False,0,True,135
taxon:1810909|organism:aspergillus desertorum (emericella desertorum),2,target_fungi,aspergillus desertorum,not_applicable_fungi_or_non_bacdive_scope,False,False,0,False,0
taxon:1814|organism:amycolatopsis methanolica,7,target_bacteria,amycolatopsis methanolica,bacdive_species_exact_name_match,True,False,0,True,144
taxon:1828|organism:rhodococcoides fascians (rhodococcus fascians),9,target_bacteria,rhodococcoides fascians,bacdive_species_taxid_or_synonym_match,True,False,9,True,160
taxon:1829|organism:rhodococcus rhodochrous,11,target_bacteria,rhodococcus rhodochrous,bacdive_species_exact_name_match,True,False,5,True,193
taxon:1831|organism:rhodococcus sp,7,target_bacteria,rhodococcus sp,bacdive_not_found,False,False,0,False,0
taxon:1833|organism:rhodococcus erythropolis (arthrobacter picolinophilus),45,target_bacteria,rhodococcus erythropolis,bacdive_species_exact_name_match,True,False,0,True,170
taxon:183417|organism:proteus hauseri,3,target_bacteria,proteus hauseri,bacdive_species_exact_name_match,True,False,5,True,168
taxon:1836|organism:saccharopolyspora erythraea (streptomyces erythraeus),2,target_bacteria,saccharopolyspora erythraea,bacdive_species_exact_name_match,True,False,0,True,164
taxon:184077|organism:methylovorus mays,2,target_bacteria,methylovorus mays,bacdive_species_exact_name_match,True,False,4,True,3
taxon:1848|organism:pseudonocardia thermophila,10,target_bacteria,pseudonocardia thermophila,bacdive_species_exact_name_match,True,False,5,True,104
taxon:1850|organism:actinopolyspora halophila,10,target_bacteria,actinopolyspora halophila,bacdive_species_exact_name_match,True,False,4,True,132
taxon:1859699|organism:albifimbria verrucaria (myrothecium leaf spot and pod blight fungus) (myrothecium verrucaria),2,target_fungi,albifimbria verrucaria,not_applicable_fungi_or_non_bacdive_scope,False,False,0,False,0
taxon:1859971|organism:paramyrothecium roridum (myrothecium leaf spot fungus) (myrothecium roridum),1,target_fungi,paramyrothecium roridum,not_applicable_fungi_or_non_bacdive_scope,False,False,0,False,0
taxon:1859|organism:frankia alni,3,target_bacteria,frankia alni,bacdive_species_exact_name_match,True,False,7,True,145
taxon:186103|organism:streptococcus pyogenes serotype m18 (strain mgas8232),135,target_bacteria,streptococcus pyogenes,bacdive_species_exact_name_match,True,False,5,True,184
taxon:1866|organism:actinoplanes missouriensis,1,target_bacteria,actinoplanes missouriensis,bacdive_species_exact_name_match,True,False,0,True,101
taxon:1867|organism:actinoplanes teichomyceticus,2,target_bacteria,actinoplanes teichomyceticus,bacdive_species_exact_name_match,True,False,7,True,148
taxon:1872086|organism:ensifer sp,1,target_bacteria,ensifer sp,bacdive_not_found,False,False,0,False,0
taxon:1872490|organism:aminobacter sp,1,target_bacteria,aminobacter sp,bacdive_not_found,False,False,0,False,0
taxon:1873369|organism:aspergillus hancockii,12,target_fungi,aspergillus hancockii,not_applicable_fungi_or_non_bacdive_scope,False,False,0,False,0
taxon:187400|organism:paracoccus zeaxanthinifaciens,2,target_bacteria,paracoccus zeaxanthinifaciens,bacdive_species_exact_name_match,True,False,3,True,130
taxon:1877|organism:micromonospora echinospora (micromonospora purpurea),6,target_bacteria,micromonospora echinospora,bacdive_species_exact_name_match,True,False,0,True,150
taxon:1887|organism:streptomyces albogriseolus,3,target_bacteria,streptomyces albogriseolus,bacdive_species_exact_name_match,True,False,4,True,105
taxon:188|organism:paramagnetospirillum magnetotacticum (aquaspirillum magnetotacticum),2,target_bacteria,paramagnetospirillum magnetotacticum,bacdive_species_taxid_or_synonym_match,True,False,5,True,79
taxon:1890|organism:streptomyces antibioticus,11,target_bacteria,streptomyces antibioticus,bacdive_species_exact_name_match,True,False,0,True,138
taxon:1892|organism:streptomyces anulatus (streptomyces chrysomallus),7,target_bacteria,streptomyces anulatus,bacdive_species_exact_name_match,True,False,0,True,153
taxon:189385|organism:tremblaya princeps,7,target_bacteria,tremblaya princeps,bacdive_not_found,False,False,0,False,0
taxon:1894|organism:kitasatospora aureofaciens (streptomyces aureofaciens),8,target_bacteria,kitasatospora aureofaciens,bacdive_species_exact_name_match,True,False,0,True,167
taxon:1896212|organism:fibrobacter sp. (strain uwh6),2,target_bacteria,fibrobacter sp.,bacdive_not_found,False,False,0,False,0
taxon:1896|organism:streptomyces bikiniensis,2,target_bacteria,streptomyces bikiniensis,bacdive_species_exact_name_match,True,False,2,True,148
taxon:1901|organism:streptomyces clavuligerus,26,target_bacteria,streptomyces clavuligerus,bacdive_species_exact_name_match,True,False,4,True,139
taxon:190304|organism:fusobacterium nucleatum subsp. nucleatum (strain atcc 25586 / dsm 15643 / bcrc 10681 / cip 101130 / jcm 8532 / kctc 2640 / lmg 13131 / vpi 4355),138,target_bacteria,fusobacterium nucleatum,bacdive_species_exact_name_match,True,False,3,True,170
taxon:1905|organism:streptomyces exfoliatus (streptomyces hydrogenans),6,target_bacteria,streptomyces exfoliatus,bacdive_species_exact_name_match,True,False,4,True,156
taxon:1906|organism:streptomyces fradiae (streptomyces roseoflavus),28,target_bacteria,streptomyces fradiae,bacdive_species_exact_name_match,True,False,1,True,151
taxon:1907|organism:streptomyces glaucescens,7,target_bacteria,streptomyces glaucescens,bacdive_species_exact_name_match,True,False,0,True,147
taxon:1908|organism:streptomyces globisporus,6,target_bacteria,streptomyces globisporus,bacdive_species_exact_name_match,True,False,1,True,162
taxon:1909|organism:streptomyces griseolus,2,target_bacteria,streptomyces griseolus,bacdive_species_exact_name_match,True,False,0,True,154
taxon:1911|organism:streptomyces griseus,36,target_bacteria,streptomyces griseus,bacdive_species_exact_name_match,True,False,0,True,186
taxon:1912|organism:streptomyces hygroscopicus,13,target_bacteria,streptomyces hygroscopicus,bacdive_species_exact_name_match,True,False,0,True,201
taxon:1914|organism:streptomyces lavendulae,14,target_bacteria,streptomyces lavendulae,bacdive_species_exact_name_match,True,False,0,True,136
taxon:1915362|organism:epichloe typhina x neotyphodium lolii (neotyphodium sp. (strain lp1)),1,target_fungi,epichloe typhina,not_applicable_fungi_or_non_bacdive_scope,False,False,0,False,0
taxon:1915|organism:streptomyces lincolnensis,2,target_bacteria,streptomyces lincolnensis,bacdive_species_exact_name_match,True,False,4,True,132
taxon:1916|organism:streptomyces lividans,12,target_bacteria,streptomyces lividans,bacdive_species_taxid_or_synonym_match,True,False,4,True,133
taxon:1919|organism:streptomyces microflavus (streptomyces lipmanii),1,target_bacteria,streptomyces microflavus,bacdive_species_exact_name_match,True,False,4,True,164
taxon:1921421|organism:geobacillus genomosp. 3,3,target_bacteria,geobacillus genomosp.,bacdive_not_found,False,False,0,True,130
taxon:1924|organism:streptomyces purpurascens,6,target_bacteria,streptomyces purpurascens,bacdive_species_exact_name_match,True,False,0,True,145
taxon:1926491|organism:hahella sp. (strain ccb-mm4),6,target_bacteria,hahella sp.,bacdive_not_found,False,False,0,False,0
taxon:1927|organism:streptomyces rimosus,7,target_bacteria,streptomyces rimosus,bacdive_species_exact_name_match,True,False,0,True,138
taxon:192|organism:azospirillum brasilense,47,target_bacteria,azospirillum brasilense,bacdive_species_exact_name_match,True,False,4,True,174
taxon:1930|organism:streptomyces scabiei,1,target_bacteria,streptomyces scabiei,bacdive_species_exact_name_match,True,False,2,True,154
taxon:1931|organism:streptomyces sp,25,target_bacteria,streptomyces sp,bacdive_not_found,False,False,0,False,0
taxon:1932|organism:streptomyces tendae,1,target_bacteria,streptomyces tendae,bacdive_species_exact_name_match,True,False,0,True,96
taxon:1933|organism:streptoalloteichus tenebrarius (strain atcc 17920 / dsm 40477 / jcm 4838 / cbs 697.72 / nbrc 16177 / ncimb 11028 / nrrl b-12390 / a12253. 1 / isp 5477) (streptomyces tenebrarius),16,target_bacteria,streptoalloteichus tenebrarius,bacdive_exact_culture_collection,True,True,7,True,31
taxon:193462|organism:streptomyces niveus (streptomyces spheroides),9,target_bacteria,streptomyces niveus,bacdive_species_exact_name_match,True,False,0,True,150
taxon:193567|organism:streptococcus pyogenes serotype m3 (strain ssi-1),134,target_bacteria,streptococcus pyogenes,bacdive_species_exact_name_match,True,False,5,True,184
taxon:1935|organism:streptomyces violaceoruber,2,target_bacteria,streptomyces violaceoruber,bacdive_species_exact_name_match,True,False,2,True,130
taxon:1938|organism:streptomyces viridochromogenes,2,target_bacteria,streptomyces viridochromogenes,bacdive_species_exact_name_match,True,False,1,True,138
taxon:1945|organism:streptomyces jumonjinensis,1,target_bacteria,streptomyces jumonjinensis,bacdive_not_found,False,False,0,True,130
taxon:1946|organism:streptomyces kasugaensis,1,target_bacteria,streptomyces kasugaensis,bacdive_species_exact_name_match,True,False,5,True,109
taxon:195099|organism:campylobacter jejuni (strain rm1221),158,target_bacteria,campylobacter jejuni,bacdive_species_exact_name_match,True,False,4,True,183
taxon:1950|organism:streptomyces peucetius,11,target_bacteria,streptomyces peucetius,bacdive_species_exact_name_match,True,False,0,True,135
taxon:195709|organism:xanthomonas campestris pv. juglandis (xanthomonas arboricola pv. juglandis),1,target_bacteria,xanthomonas arboricola,bacdive_species_exact_name_match,True,False,4,True,134
taxon:195|organism:campylobacter coli,1,target_bacteria,campylobacter coli,bacdive_species_exact_name_match,True,False,5,True,180
taxon:1960|organism:streptomyces vinaceus,3,target_bacteria,streptomyces vinaceus,bacdive_species_exact_name_match,True,False,2,True,153
taxon:196162|organism:nocardioides sp. (strain atcc baa-499 / js614),107,target_bacteria,nocardioides sp.,bacdive_not_found,False,False,0,False,0
taxon:1961|organism:streptomyces virginiae (streptomyces cinnamonensis),6,target_bacteria,streptomyces virginiae,bacdive_species_exact_name_match,True,False,0,True,149
taxon:196620|organism:staphylococcus aureus (strain mw2),330,target_bacteria,staphylococcus aureus,bacdive_species_exact_name_match,True,False,4,True,202
taxon:196627|organism:corynebacterium glutamicum (strain atcc 13032 / dsm 20300 / jcm 1318 / bcrc 11384 / ccug 27702 / lmg 3730 / nbrc 12168 / ncimb 10025 / nrrl b-2784 / 534),262,target_bacteria,corynebacterium glutamicum,bacdive_exact_culture_collection,True,True,9,True,179
taxon:1967|organism:streptomyces kanamyceticus,16,target_bacteria,streptomyces kanamyceticus,bacdive_species_exact_name_match,True,False,4,True,155
taxon:196|organism:campylobacter fetus,1,target_bacteria,campylobacter fetus,bacdive_species_exact_name_match,True,False,5,True,169
taxon:1971|organism:streptomyces noursei (streptomyces albulus),3,target_bacteria,streptomyces noursei,bacdive_species_exact_name_match,True,False,3,True,139
taxon:1973307|organism:cyclocybe aegerita (black poplar mushroom) (agrocybe aegerita),41,target_fungi,cyclocybe aegerita,not_applicable_fungi_or_non_bacdive_scope,False,False,0,False,0
taxon:1979465|organism:neocamarosporium betae (beet black rot fungus) (pleospora betae),11,target_fungi,neocamarosporium betae,not_applicable_fungi_or_non_bacdive_scope,False,False,0,False,0
taxon:197|organism:campylobacter jejuni,7,target_bacteria,campylobacter jejuni,bacdive_species_exact_name_match,True,False,4,True,183
taxon:198730|organism:talaromyces verruculosus (penicillium verruculosum),32,target_fungi,talaromyces verruculosus,not_applicable_fungi_or_non_bacdive_scope,False,False,0,False,0
taxon:201|organism:campylobacter lari,1,target_bacteria,campylobacter lari,bacdive_species_exact_name_match,True,False,4,True,166
taxon:2021|organism:thermobifida fusca (thermomonospora fusca),2,target_bacteria,thermobifida fusca,bacdive_species_exact_name_match,True,False,4,True,154
taxon:2024|organism:thermoactinomyces intermedius,2,target_bacteria,thermoactinomyces intermedius,bacdive_species_exact_name_match,True,False,4,True,78
taxon:203124|organism:trichodesmium erythraeum (strain ims101),126,target_bacteria,trichodesmium erythraeum,bacdive_not_found,False,False,0,False,0
taxon:2045|organism:nocardioides simplex (arthrobacter simplex),1,target_bacteria,nocardioides simplex,bacdive_species_exact_name_match,True,False,0,True,152
taxon:2058884|organism:herbaspirillum sp. (strain bh-1),1,target_bacteria,herbaspirillum sp.,bacdive_not_found,False,False,0,False,0
taxon:205921|organism:streptococcus agalactiae serotype ia (strain atcc 27591 / a909 / cdc ss700),120,target_bacteria,streptococcus agalactiae,bacdive_exact_culture_collection,True,True,7,True,179
taxon:2059318|organism:ajellomyces capsulatus (strain nam1 / wu24) (darling's disease fungus) (histoplasma capsulatum),28,target_fungi,ajellomyces capsulatus,not_applicable_fungi_or_non_bacdive_scope,False,False,0,False,0
taxon:2064|organism:kitasatospora griseola (streptomyces griseolosporeus),7,target_bacteria,kitasatospora griseola,bacdive_species_exact_name_match,True,False,5,True,143
taxon:2074|organism:pseudonocardia autotrophica (amycolata autotrophica) (nocardia autotrophica),1,target_bacteria,pseudonocardia autotrophica,bacdive_species_exact_name_match,True,False,1,True,153
taxon:2094|organism:mycoplasmopsis arginini (mycoplasma arginini),1,target_bacteria,mycoplasmopsis arginini,bacdive_species_exact_name_match,True,False,4,True,133
taxon:209559|organism:petromyces alliaceus (aspergillus alliaceus),2,target_fungi,petromyces alliaceus,not_applicable_fungi_or_non_bacdive_scope,False,False,0,False,0
taxon:2098|organism:metamycoplasma hominis (mycoplasma hominis),4,target_bacteria,metamycoplasma hominis,bacdive_species_exact_name_match,True,False,4,True,165
taxon:2099|organism:mesomycoplasma hyopneumoniae (mycoplasma hyopneumoniae),2,target_bacteria,mesomycoplasma hyopneumoniae,bacdive_not_found,False,False,0,True,134
taxon:2100|organism:mesomycoplasma hyorhinis (mycoplasma hyorhinis),1,target_bacteria,mesomycoplasma hyorhinis,bacdive_species_exact_name_match,True,False,4,True,133
taxon:2102|organism:mycoplasma mycoides,1,target_bacteria,mycoplasma mycoides,bacdive_species_exact_name_match,True,False,0,True,144
taxon:210|organism:helicobacter pylori (campylobacter pylori),7,target_bacteria,helicobacter pylori,bacdive_species_exact_name_match,True,False,5,True,177
taxon:211146|organism:paenarthrobacter nitroguajacolicus (arthrobacter nitroguajacolicus),1,target_bacteria,paenarthrobacter nitroguajacolicus,bacdive_species_exact_name_match,True,False,4,True,152
taxon:212194|organism:mycobacterium sp. (strain dsm 3803 / jc1),1,target_bacteria,mycobacterium sp.,bacdive_exact_culture_collection,True,True,4,False,0
taxon:2122|organism:mycoplasmoides pirum (mycoplasma pirum),6,target_bacteria,mycoplasmoides pirum,bacdive_species_exact_name_match,True,False,0,True,78
taxon:2128|organism:mesomycoplasma flocculare (mycoplasma flocculare),1,target_bacteria,mesomycoplasma flocculare,bacdive_species_exact_name_match,True,False,0,True,134
taxon:2130|organism:ureaplasma urealyticum (ureaplasma urealyticum biotype 2),1,target_bacteria,ureaplasma urealyticum,bacdive_species_exact_name_match,True,False,6,True,134
taxon:2133|organism:spiroplasma citri,10,target_bacteria,spiroplasma citri,bacdive_species_exact_name_match,True,False,5,True,133
taxon:2135649|organism:rhizobium sp. (strain pp-f2f-g36),1,target_bacteria,rhizobium sp.,bacdive_not_found,False,False,0,False,0
taxon:214|organism:helicobacter felis,3,target_bacteria,helicobacter felis,bacdive_species_exact_name_match,True,False,7,True,135
taxon:2161|organism:methanobacterium bryantii,4,target_archaea,methanobacterium bryantii,bacdive_species_exact_name_match,True,False,5,False,0
taxon:2162|organism:methanobacterium formicicum,2,target_archaea,methanobacterium formicicum,bacdive_species_exact_name_match,True,False,5,False,0
taxon:216595|organism:pseudomonas fluorescens (strain sbw25),182,target_bacteria,pseudomonas fluorescens,bacdive_species_exact_name_match,True,False,1,True,199
taxon:216816|organism:bifidobacterium longum,26,target_bacteria,bifidobacterium longum,bacdive_species_exact_name_match,True,False,0,True,182
taxon:2173|organism:methanobrevibacter smithii,5,target_archaea,methanobrevibacter smithii,bacdive_species_exact_name_match,True,False,5,False,0
taxon:217|organism:helicobacter mustelae,2,target_bacteria,helicobacter mustelae,bacdive_species_exact_name_match,True,False,8,True,151
taxon:2180|organism:methanothermus fervidus,9,target_archaea,methanothermus fervidus,bacdive_species_exact_name_match,True,False,5,False,0
taxon:2181|organism:methanothermus sociabilis,1,target_archaea,methanothermus sociabilis,bacdive_species_exact_name_match,True,False,5,False,0
taxon:218496|organism:tropheryma whipplei (strain tw08/27) (whipple's bacillus),78,target_bacteria,tropheryma whipplei,bacdive_not_found,False,False,0,True,133
taxon:2186|organism:methanothermococcus thermolithotrophicus (methanococcus thermolithotrophicus),7,target_archaea,methanothermococcus thermolithotrophicus,bacdive_species_exact_name_match,True,False,5,False,0
taxon:2187|organism:methanococcus vannielii,14,target_archaea,methanococcus vannielii,bacdive_species_exact_name_match,True,False,5,False,0
taxon:2188|organism:methanococcus voltae,13,target_archaea,methanococcus voltae,bacdive_species_exact_name_match,True,False,3,False,0
taxon:2189|organism:methanotorris igneus (methanococcus igneus),1,target_archaea,methanotorris igneus,bacdive_species_exact_name_match,True,False,5,False,0
taxon:219305|organism:micromonospora sp. (strain atcc 39149 / nrrl 15099 / scc 1413),8,target_bacteria,micromonospora sp.,bacdive_not_found,False,False,0,False,0
taxon:2208|organism:methanosarcina barkeri,12,target_archaea,methanosarcina barkeri,bacdive_species_exact_name_match,True,False,5,False,0
taxon:2209|organism:methanosarcina mazei (methanosarcina frisia),1,target_archaea,methanosarcina mazei,bacdive_species_exact_name_match,True,False,3,False,0
taxon:2210|organism:methanosarcina thermophila,7,target_archaea,methanosarcina thermophila,bacdive_species_exact_name_match,True,False,5,False,0
taxon:2221|organism:methanolobus tindarius,1,target_archaea,methanolobus tindarius,bacdive_species_exact_name_match,True,False,5,False,0
taxon:2223|organism:methanothrix soehngenii (methanosaeta concilii),2,target_archaea,methanothrix soehngenii,bacdive_species_exact_name_match,True,False,4,False,0
taxon:2242|organism:halobacterium salinarum (halobacterium halobium),2,target_archaea,halobacterium salinarum,bacdive_species_exact_name_match,True,False,1,False,0
taxon:2246|organism:haloferax volcanii (halobacterium volcanii),2,target_archaea,haloferax volcanii,bacdive_species_exact_name_match,True,False,2,False,0
taxon:2262|organism:pyrococcus woesei,7,target_archaea,pyrococcus woesei,bacdive_species_exact_name_match,True,False,5,True,5
taxon:226302|organism:lachancea kluyveri (strain atcc 58438 / cbs 3082 / bcrc 21498 / nbrc 1685 / jcm 7257 / ncyc 543 / nrrl y-12651) (yeast) (saccharomyces kluyveri),5,target_fungi,lachancea kluyveri,not_applicable_fungi_or_non_bacdive_scope,False,False,0,False,0
taxon:2264|organism:thermococcus celer,2,target_archaea,thermococcus celer,bacdive_species_exact_name_match,True,False,5,True,132
taxon:2265|organism:thermococcus litoralis,2,target_archaea,thermococcus litoralis,bacdive_species_exact_name_match,True,False,5,True,134
taxon:2271|organism:thermoproteus tenax,6,target_archaea,thermoproteus tenax,bacdive_species_exact_name_match,True,False,5,True,133
taxon:2275|organism:desulfurococcus mucosus (desulfurococcus mobilis),2,target_archaea,desulfurococcus mucosus,bacdive_species_exact_name_match,True,False,6,True,136
taxon:2283|organism:acidianus ambivalens (desulfurolobus ambivalens),4,target_archaea,acidianus ambivalens,bacdive_species_exact_name_match,True,False,5,True,132
taxon:228400|organism:histophilus somni (strain 2336) (haemophilus somnus),134,target_bacteria,histophilus somni,bacdive_species_exact_name_match,True,False,5,True,169
taxon:2287|organism:saccharolobus solfataricus (sulfolobus solfataricus),8,target_archaea,saccharolobus solfataricus,bacdive_species_exact_name_match,True,False,1,True,140
taxon:2288|organism:sulfolobus sp,2,target_archaea,sulfolobus sp,bacdive_not_found,False,False,0,False,0
taxon:228|organism:pseudoalteromonas haloplanktis (alteromonas haloplanktis),1,target_bacteria,pseudoalteromonas haloplanktis,bacdive_species_exact_name_match,True,False,3,True,141
taxon:230603|organism:saccharomyces uvarum (yeast) (saccharomyces bayanus var. uvarum),1,target_fungi,saccharomyces uvarum,not_applicable_fungi_or_non_bacdive_scope,False,False,0,False,0
taxon:230806|organism:mycena epipterygia (yellow-stemmed mycena),1,target_fungi,mycena epipterygia,not_applicable_fungi_or_non_bacdive_scope,False,False,0,False,0
taxon:2315449|organism:candida tenuis (yeast) (yamadazyma tenuis),2,target_fungi,candida tenuis,not_applicable_fungi_or_non_bacdive_scope,False,False,0,False,0
taxon:232721|organism:acidovorax sp. (strain js42),132,target_bacteria,acidovorax sp.,bacdive_not_found,False,False,0,False,0
taxon:232|organism:alteromonas sp,1,target_bacteria,alteromonas sp,bacdive_not_found,False,False,0,False,0
taxon:2337|organism:thermotoga neapolitana,4,target_bacteria,thermotoga neapolitana,bacdive_species_exact_name_match,True,False,5,True,134
taxon:2340|organism:solemya velum gill symbiont,2,target_bacteria,solemya velum,bacdive_not_found,False,False,0,False,0
taxon:234826|organism:anaplasma marginale (strain st. maries),66,target_bacteria,anaplasma marginale,bacdive_not_found,False,False,0,True,133
taxon:2352|organism:flexistipes sinusarabici,2,target_bacteria,flexistipes sinusarabici,bacdive_species_exact_name_match,True,False,5,True,134
taxon:238|organism:elizabethkingia meningoseptica (chryseobacterium meningosepticum),8,target_bacteria,elizabethkingia meningoseptica,bacdive_species_exact_name_match,True,False,4,False,0
taxon:2423|organism:fervidobacterium islandicum,3,target_bacteria,fervidobacterium islandicum,bacdive_species_exact_name_match,True,False,5,True,132
taxon:244366|organism:klebsiella variicola,1,target_bacteria,klebsiella variicola,bacdive_species_exact_name_match,True,False,5,False,0
taxon:246196|organism:mycolicibacterium smegmatis (strain atcc 700084 / mc(2)155) (mycobacterium smegmatis),273,target_bacteria,mycolicibacterium smegmatis,bacdive_species_exact_name_match,True,False,0,True,154
taxon:246786|organism:metabacillus indicus (bacillus indicus),1,target_bacteria,metabacillus indicus,bacdive_species_exact_name_match,True,False,6,True,164
taxon:249|organism:terrimonas ferruginea (flavobacterium ferrugineum),2,target_bacteria,terrimonas ferruginea,bacdive_species_exact_name_match,True,False,9,False,0
taxon:24|organism:shewanella putrefaciens (pseudomonas putrefaciens),3,target_bacteria,shewanella putrefaciens,bacdive_species_exact_name_match,True,False,1,True,183
taxon:256|organism:myroides odoratus (flavobacterium odoratum),1,target_bacteria,myroides odoratus,bacdive_species_exact_name_match,True,False,5,False,0
taxon:257438|organism:gluconobacter thailandicus,2,target_bacteria,gluconobacter thailandicus,bacdive_species_exact_name_match,True,False,3,True,144
taxon:2582783|organism:aspergillus nanangensis,2,target_fungi,aspergillus nanangensis,not_applicable_fungi_or_non_bacdive_scope,False,False,0,False,0
taxon:258594|organism:rhodopseudomonas palustris (strain atcc baa-98 / cga009),220,target_bacteria,rhodopseudomonas palustris,bacdive_species_exact_name_match,True,False,4,True,151
taxon:2587412|organism:podospora anserina (pleurage anserina),4,target_fungi,podospora anserina,not_applicable_fungi_or_non_bacdive_scope,False,False,0,False,0
taxon:258|organism:sphingobacterium spiritivorum (flavobacterium spiritivorum),2,target_bacteria,sphingobacterium spiritivorum,bacdive_species_exact_name_match,True,False,3,False,0
taxon:262320|organism:flavobacterium frigidimaris,1,target_bacteria,flavobacterium frigidimaris,bacdive_species_exact_name_match,True,False,8,False,0
taxon:263|organism:francisella tularensis,1,target_bacteria,francisella tularensis,bacdive_species_exact_name_match,True,False,4,True,134
taxon:264445|organism:streptomyces hygroscopicus subsp. limoneus,8,target_bacteria,streptomyces hygroscopicus,bacdive_species_exact_name_match,True,False,0,True,201
taxon:264483|organism:phaffia rhodozyma (yeast) (xanthophyllomyces dendrorhous),8,target_fungi,phaffia rhodozyma,not_applicable_fungi_or_non_bacdive_scope,False,False,0,False,0
taxon:264691|organism:anabaena variabilis,2,target_bacteria,anabaena variabilis,bacdive_species_exact_name_match,True,False,4,False,0
taxon:264|organism:francisella novicida,1,target_bacteria,francisella tularensis,bacdive_species_exact_name_match,True,False,4,True,134
taxon:265669|organism:listeria monocytogenes serotype 4b (strain f2365),233,target_bacteria,listeria monocytogenes,bacdive_species_exact_name_match,True,False,2,True,204
taxon:266|organism:paracoccus denitrificans,30,target_bacteria,paracoccus denitrificans,bacdive_species_exact_name_match,True,False,1,True,167
taxon:267|organism:paracoccus sp,1,target_bacteria,paracoccus sp,bacdive_not_found,False,False,0,False,0
taxon:269800|organism:thermobifida fusca (strain yx),125,target_bacteria,thermobifida fusca,bacdive_species_exact_name_match,True,False,4,True,154
taxon:2714|organism:aquifex pyrophilus,5,target_bacteria,aquifex pyrophilus,bacdive_species_exact_name_match,True,False,4,True,3
taxon:271|organism:thermus aquaticus,12,target_bacteria,thermus aquaticus,bacdive_species_exact_name_match,True,False,4,True,135
taxon:272131|organism:nostoc punctiforme,2,target_bacteria,nostoc punctiforme,bacdive_species_exact_name_match,True,False,4,False,0
taxon:272567|organism:geobacillus stearothermophilus (strain dsm 13240 / cip 106956 / 10),14,target_bacteria,geobacillus stearothermophilus,bacdive_exact_culture_collection,True,True,9,True,178
taxon:2725|organism:unknown prokaryotic organism,33,target_bacteria,unknown prokaryotic,bacdive_not_found,False,False,0,False,0
taxon:272844|organism:pyrococcus abyssi (strain ge5 / orsay),196,target_archaea,pyrococcus abyssi,bacdive_exact_designation,True,True,5,True,133
taxon:27291|organism:saccharomyces paradoxus (yeast) (saccharomyces douglasii),3,target_fungi,saccharomyces paradoxus,not_applicable_fungi_or_non_bacdive_scope,False,False,0,False,0
taxon:27292|organism:saccharomyces pastorianus (lager yeast) (saccharomyces cerevisiae x saccharomyces eubayanus),4,target_fungi,saccharomyces pastorianus,not_applicable_fungi_or_non_bacdive_scope,False,False,0,False,0
taxon:272943|organism:cereibacter sphaeroides (strain atcc 17023 / dsm 158 / jcm 6121 / ccug 31486 / lmg 2827 / nbrc 12203 / ncimb 8253 / ath 2.4.1.) (rhodobacter sphaeroides),1,target_bacteria,cereibacter sphaeroides,bacdive_exact_culture_collection,True,True,6,True,159
taxon:27300|organism:schwanniomyces occidentalis (yeast) (debaryomyces occidentalis),5,target_fungi,schwanniomyces occidentalis,not_applicable_fungi_or_non_bacdive_scope,False,False,0,False,0
taxon:273036|organism:staphylococcus aureus (strain bovine rf122 / et3-1),243,target_bacteria,staphylococcus aureus,bacdive_species_exact_name_match,True,False,4,True,202
taxon:27381|organism:funneliformis mosseae (endomycorrhizal fungus) (glomus mosseae),1,target_fungi,funneliformis mosseae,not_applicable_fungi_or_non_bacdive_scope,False,False,0,False,0
taxon:2741|organism:peptococcus niger,1,target_bacteria,peptococcus niger,bacdive_species_exact_name_match,True,False,5,True,136
taxon:2747968|organism:fusarium vanettenii (neocosmospora pisi),1,target_fungi,fusarium vanettenii,not_applicable_fungi_or_non_bacdive_scope,False,False,0,False,0
taxon:274|organism:thermus thermophilus,24,target_bacteria,thermus thermophilus,bacdive_species_exact_name_match,True,False,3,True,156
taxon:277|organism:meiothermus ruber,2,target_bacteria,meiothermus ruber,bacdive_species_exact_name_match,True,False,4,True,135
taxon:278021|organism:antonospora locustae (microsporidian parasite) (nosema locustae),3,target_fungi,antonospora locustae,not_applicable_fungi_or_non_bacdive_scope,False,False,0,False,0
taxon:27973|organism:encephalitozoon hellem (microsporidian parasite),2,target_fungi,encephalitozoon hellem,not_applicable_fungi_or_non_bacdive_scope,False,False,0,False,0
taxon:28028|organism:corynebacterium flavescens,2,target_bacteria,corynebacterium flavescens,bacdive_species_exact_name_match,True,False,0,True,158
taxon:28037|organism:streptococcus mitis,1,target_bacteria,streptococcus mitis,bacdive_species_exact_name_match,True,False,5,True,183
taxon:28039|organism:lactobacillus leichmannii,2,target_bacteria,lactobacillus leichmannii,bacdive_species_taxid_or_synonym_match,True,False,7,True,30
taxon:28064|organism:heliobacterium mobile (heliobacillus mobilis),9,target_bacteria,heliobacterium mobile,bacdive_species_taxid_or_synonym_match,True,False,5,True,133
taxon:28068|organism:rubrivivax gelatinosus (rhodocyclus gelatinosus) (rhodopseudomonas gelatinosa),28,target_bacteria,rubrivivax gelatinosus,bacdive_species_exact_name_match,True,False,5,True,148
taxon:28090|organism:acinetobacter lwoffii,6,target_bacteria,acinetobacter lwoffii,bacdive_species_exact_name_match,True,False,6,True,171
taxon:280|organism:xanthobacter autotrophicus,3,target_bacteria,xanthobacter autotrophicus,bacdive_species_exact_name_match,True,False,4,True,156
taxon:281068|organism:fusarium cortaderiae,1,target_fungi,fusarium cortaderiae,not_applicable_fungi_or_non_bacdive_scope,False,False,0,False,0
taxon:28141|organism:cronobacter sakazakii (enterobacter sakazakii),4,target_bacteria,cronobacter sakazakii,bacdive_species_exact_name_match,True,False,1,True,176
taxon:28151|organism:serratia proteamaculans,2,target_bacteria,serratia proteamaculans,bacdive_species_exact_name_match,True,False,4,True,169
taxon:28172|organism:vibrio metschnikovii,2,target_bacteria,vibrio metschnikovii,bacdive_species_exact_name_match,True,False,1,True,175
taxon:281|organism:xanthobacter flavus,11,target_bacteria,xanthobacter flavus,bacdive_species_exact_name_match,True,False,4,True,152
taxon:28214|organism:sphingomonas sp,4,target_bacteria,sphingomonas sp,bacdive_not_found,False,False,0,False,0
taxon:2822231|organism:phanerodontia chrysosporium (white-rot fungus) (sporotrichum pruinosum),32,target_fungi,phanerodontia chrysosporium,not_applicable_fungi_or_non_bacdive_scope,False,False,0,False,0
taxon:282267|organism:fusarium asiaticum,1,target_fungi,fusarium asiaticum,not_applicable_fungi_or_non_bacdive_scope,False,False,0,False,0
taxon:282268|organism:fusarium austroamericanum,1,target_fungi,fusarium austroamericanum,not_applicable_fungi_or_non_bacdive_scope,False,False,0,False,0
taxon:282269|organism:fusarium meridionale,1,target_fungi,fusarium meridionale,not_applicable_fungi_or_non_bacdive_scope,False,False,0,False,0
taxon:282270|organism:fusarium mesoamericanum,1,target_fungi,fusarium mesoamericanum,not_applicable_fungi_or_non_bacdive_scope,False,False,0,False,0
taxon:282271|organism:fusarium boothii,1,target_fungi,fusarium boothii,not_applicable_fungi_or_non_bacdive_scope,False,False,0,False,0
taxon:282272|organism:fusarium acaciae-mearnsii,1,target_fungi,fusarium acaciae-mearnsii,not_applicable_fungi_or_non_bacdive_scope,False,False,0,False,0
taxon:282459|organism:staphylococcus aureus (strain mssa476),333,target_bacteria,staphylococcus aureus,bacdive_species_exact_name_match,True,False,4,True,202
taxon:283643|organism:cryptococcus deneoformans (strain b-3501a) (cryptococcus neoformans var. neoformans serotype d),64,target_fungi,cryptococcus deneoformans,not_applicable_fungi_or_non_bacdive_scope,False,False,0,False,0
taxon:28442|organism:haloarcula vallismortis (halobacterium vallismortis),3,target_archaea,haloarcula vallismortis,bacdive_species_exact_name_match,True,False,4,False,0
taxon:28446|organism:anaerotignum propionicum (clostridium propionicum),5,target_bacteria,anaerotignum propionicum,bacdive_species_exact_name_match,True,False,5,True,151
taxon:28448|organism:komagataeibacter xylinus (gluconacetobacter xylinus),4,target_bacteria,komagataeibacter xylinus,bacdive_species_exact_name_match,True,False,1,True,146
taxon:28449|organism:neisseria subflava,2,target_bacteria,neisseria subflava,bacdive_species_exact_name_match,True,False,4,True,189
taxon:28454|organism:sphingobacterium multivorum,2,target_bacteria,sphingobacterium multivorum,bacdive_species_exact_name_match,True,False,1,False,0
taxon:28567|organism:talaromyces wortmannii (penicillium wortmannii),6,target_fungi,talaromyces wortmannii,not_applicable_fungi_or_non_bacdive_scope,False,False,0,False,0
taxon:28576|organism:talaromyces variabilis (penicillium variabile),4,target_fungi,talaromyces variabilis,not_applicable_fungi_or_non_bacdive_scope,False,False,0,False,0
taxon:285|organism:comamonas testosteroni (pseudomonas testosteroni),39,target_bacteria,comamonas testosteroni,bacdive_species_exact_name_match,True,False,1,True,164
taxon:2867405|organism:blumeria hordei (barley powdery mildew) (blumeria graminis f. sp. hordei),1,target_fungi,blumeria hordei,not_applicable_fungi_or_non_bacdive_scope,False,False,0,False,0
taxon:287752|organism:aurantimonas manganoxydans (strain atcc baa-1229 / dsm 21871 / si85-9a1),2,target_bacteria,aurantimonas manganoxydans,bacdive_exact_culture_collection,True,True,4,True,159
taxon:287|organism:pseudomonas aeruginosa,31,target_bacteria,pseudomonas aeruginosa,bacdive_species_exact_name_match,True,False,7,True,219
taxon:288000|organism:bradyrhizobium sp. (strain btai1 / atcc baa-1182),155,target_bacteria,bradyrhizobium sp.,bacdive_not_found,False,False,0,False,0
taxon:28885|organism:hydrogenovibrio marinus,6,target_bacteria,hydrogenovibrio marinus,bacdive_species_exact_name_match,True,False,4,True,131
taxon:28995|organism:pleurotus pulmonarius (indian oyster mushroom),1,target_fungi,pleurotus pulmonarius,not_applicable_fungi_or_non_bacdive_scope,False,False,0,False,0
taxon:29001|organism:alternaria brassicicola (dark leaf spot agent),3,target_fungi,alternaria brassicicola,not_applicable_fungi_or_non_bacdive_scope,False,False,0,False,0
taxon:29003|organism:cercospora nicotianae (barn spot disease fungus),5,target_fungi,cercospora nicotianae,not_applicable_fungi_or_non_bacdive_scope,False,False,0,False,0
taxon:290398|organism:chromohalobacter israelensis (strain atcc baa-138 / dsm 3043 / cip 106854 / ncimb 13768 / 1h11) (chromohalobacter salexigens),4,target_bacteria,chromohalobacter israelensis,bacdive_species_exact_name_match,True,False,9,True,159
taxon:290399|organism:arthrobacter sp. (strain fb24),86,target_bacteria,arthrobacter sp.,bacdive_not_found,False,False,0,False,0
taxon:290400|organism:jannaschia sp. (strain ccs1),141,target_bacteria,jannaschia sp.,bacdive_not_found,False,False,0,False,0
taxon:290576|organism:colletotrichum lindemuthianum (bean anthracnose fungus) (glomerella lindemuthiana),1,target_fungi,colletotrichum lindemuthianum,not_applicable_fungi_or_non_bacdive_scope,False,False,0,False,0
taxon:292414|organism:ruegeria sp. (strain tm1040) (silicibacter sp.),142,target_bacteria,ruegeria sp.,bacdive_not_found,False,False,0,False,0
taxon:292805|organism:wolbachia sp. subsp. brugia malayi (strain trs),73,target_bacteria,wolbachia endosymbiont of brugia malayi,bacdive_not_found,False,False,0,False,0
taxon:292913|organism:sphingopyxis sp. (strain 113p3),1,target_bacteria,sphingopyxis sp.,bacdive_not_found,False,False,0,False,0
taxon:29292|organism:pyrococcus abyssi,1,target_archaea,pyrococcus abyssi,bacdive_species_exact_name_match,True,False,3,True,133
taxon:292|organism:burkholderia cepacia (pseudomonas cepacia),24,target_bacteria,burkholderia cepacia,bacdive_species_exact_name_match,True,False,0,True,184
taxon:29301|organism:streptomyces arenae,8,target_bacteria,streptomyces arenae,bacdive_species_exact_name_match,True,False,2,True,26
taxon:29303|organism:streptantibioticus cattleyicolor (streptomyces cattleya),4,target_bacteria,streptantibioticus cattleyicolor,bacdive_not_found,False,False,0,True,156
taxon:29317|organism:actinomyces sp,1,target_bacteria,actinomyces sp,bacdive_not_found,False,False,0,False,0
taxon:29320|organism:paenarthrobacter nicotinovorans (arthrobacter nicotinovorans),36,target_bacteria,paenarthrobacter nicotinovorans,bacdive_species_exact_name_match,True,False,4,True,150
taxon:29323|organism:thermoanaerobacter brockii (thermoanaerobium brockii),4,target_bacteria,thermoanaerobacter brockii,bacdive_species_exact_name_match,True,False,5,True,134
taxon:293382|organism:penicillium thymicola,22,target_fungi,penicillium thymicola,not_applicable_fungi_or_non_bacdive_scope,False,False,0,False,0
taxon:29345|organism:sedimentibacter hydroxybenzoicus (clostridium hydroxybenzoicum),3,target_bacteria,sedimentibacter hydroxybenzoicus,bacdive_species_exact_name_match,True,False,5,False,0
taxon:29347|organism:clostridium scindens (strain jcm 10418 / vpi 12708),63,target_bacteria,clostridium scindens,bacdive_exact_culture_collection,True,True,3,True,160
taxon:29369|organism:clostridium sardiniense (clostridium absonum),20,target_bacteria,clostridium sardiniense,bacdive_species_exact_name_match,True,False,3,True,142
taxon:29397|organism:lactobacillus delbrueckii subsp. lactis,2,target_bacteria,lactobacillus delbrueckii,bacdive_species_exact_name_match,True,False,8,True,180
taxon:293|organism:brevundimonas diminuta (pseudomonas diminuta),3,target_bacteria,brevundimonas diminuta,bacdive_species_exact_name_match,True,False,1,True,169
taxon:29421|organism:nitrobacter vulgaris,4,target_bacteria,nitrobacter vulgaris,bacdive_species_exact_name_match,True,False,2,True,135
taxon:29430|organism:acinetobacter haemolyticus,1,target_bacteria,acinetobacter haemolyticus,bacdive_species_exact_name_match,True,False,5,True,173
taxon:29438|organism:pseudomonas savastanoi (pseudomonas syringae pv. savastanoi),6,target_bacteria,pseudomonas savastanoi,bacdive_species_exact_name_match,True,False,2,True,158
taxon:29442|organism:pseudomonas tolaasii,2,target_bacteria,pseudomonas tolaasii,bacdive_species_exact_name_match,True,False,0,True,145
taxon:29447|organism:xanthomonas albilineans,1,target_bacteria,xanthomonas albilineans,bacdive_species_exact_name_match,True,False,4,True,134
taxon:29448|organism:bradyrhizobium elkanii,1,target_bacteria,bradyrhizobium elkanii,bacdive_species_exact_name_match,True,False,3,True,152
taxon:29449|organism:rhizobium etli,5,target_bacteria,rhizobium etli,bacdive_species_exact_name_match,True,False,9,False,0
taxon:29466|organism:veillonella parvula (staphylococcus parvulus),2,target_bacteria,veillonella parvula,bacdive_species_exact_name_match,True,False,4,True,174
taxon:29483|organism:yersinia aldovae,1,target_bacteria,yersinia aldovae,bacdive_species_exact_name_match,True,False,3,True,167
taxon:29484|organism:yersinia frederiksenii,1,target_bacteria,yersinia frederiksenii,bacdive_species_exact_name_match,True,False,3,True,176
taxon:29485|organism:yersinia rohdei,1,target_bacteria,yersinia rohdei,bacdive_species_exact_name_match,True,False,3,True,159
taxon:29486|organism:yersinia ruckeri,2,target_bacteria,yersinia ruckeri,bacdive_species_exact_name_match,True,False,5,True,161
taxon:29488|organism:photorhabdus luminescens (xenorhabdus luminescens),1,target_bacteria,photorhabdus luminescens,bacdive_species_exact_name_match,True,False,0,True,165
taxon:29494|organism:vibrio furnissii,2,target_bacteria,vibrio furnissii,bacdive_species_exact_name_match,True,False,2,True,163
taxon:294|organism:pseudomonas fluorescens,69,target_bacteria,pseudomonas fluorescens,bacdive_species_exact_name_match,True,False,1,True,199
taxon:29508|organism:leptospira meyeri,2,target_bacteria,leptospira meyeri,bacdive_species_exact_name_match,True,False,5,True,142
taxon:29518|organism:borreliella afzelii (borrelia afzelii),2,target_bacteria,borreliella afzelii,bacdive_species_taxid_or_synonym_match,True,False,5,True,135
taxon:29542|organism:syntrophotalea acetylenica (pelobacter acetylenicus),1,target_bacteria,syntrophotalea acetylenica,bacdive_species_exact_name_match,True,False,5,True,135
taxon:29544|organism:azoarcus sp,1,target_bacteria,azoarcus sp,bacdive_not_found,False,False,0,False,0
taxon:29549|organism:rhodothermus marinus (rhodothermus obamensis),5,target_bacteria,rhodothermus marinus,bacdive_species_exact_name_match,True,False,3,False,0
taxon:296591|organism:polaromonas sp. (strain js666 / atcc baa-500),150,target_bacteria,polaromonas sp.,bacdive_not_found,False,False,0,False,0
taxon:296|organism:pseudomonas fragi,1,target_bacteria,pseudomonas fragi,bacdive_species_exact_name_match,True,False,3,True,160
taxon:297246|organism:legionella pneumophila (strain paris),147,target_bacteria,legionella pneumophila,bacdive_exact_designation,True,True,9,True,179
taxon:297|organism:hydrogenophilus thermoluteolus (pseudomonas hydrogenothermophila),3,target_bacteria,hydrogenophilus thermoluteolus,bacdive_species_exact_name_match,True,False,7,True,143
taxon:29829|organism:lipomyces starkeyi (oleaginous yeast),3,target_fungi,lipomyces starkeyi,not_applicable_fungi_or_non_bacdive_scope,False,False,0,False,0
taxon:29833|organism:hanseniaspora uvarum (yeast) (kloeckera apiculata),1,target_fungi,hanseniaspora uvarum,not_applicable_fungi_or_non_bacdive_scope,False,False,0,False,0
taxon:29856|organism:bionectria ochroleuca (gliocladium roseum),2,target_fungi,bionectria ochroleuca,not_applicable_fungi_or_non_bacdive_scope,False,False,0,False,0
taxon:298653|organism:parafrankia sp. (strain ean1pec),71,target_bacteria,parafrankia sp.,bacdive_not_found,False,False,0,False,0
taxon:29875|organism:hypocrea virens (gliocladium virens) (trichoderma virens),1,target_fungi,hypocrea virens,not_applicable_fungi_or_non_bacdive_scope,False,False,0,False,0
taxon:29883|organism:laccaria bicolor (bicoloured deceiver) (laccaria laccata var. bicolor),1,target_fungi,laccaria bicolor,not_applicable_fungi_or_non_bacdive_scope,False,False,0,False,0
taxon:29892|organism:auricularia auricula-judae (judas ear fungus) (tremella auricula-judae),1,target_fungi,auricularia auricula-judae,not_applicable_fungi_or_non_bacdive_scope,False,False,0,False,0
taxon:29924|organism:mucor circinelloides f. lusitanicus (mucor racemosus var. lusitanicus),15,target_fungi,mucor circinelloides,not_applicable_fungi_or_non_bacdive_scope,False,False,0,False,0
taxon:299768|organism:streptococcus thermophilus (strain cnrz 1066),132,target_bacteria,streptococcus thermophilus,bacdive_species_exact_name_match,True,False,3,True,182
taxon:300|organism:ectopseudomonas mendocina (pseudomonas mendocina),5,target_bacteria,ectopseudomonas mendocina,bacdive_species_taxid_or_synonym_match,True,False,9,True,173
taxon:301|organism:ectopseudomonas oleovorans (pseudomonas oleovorans),4,target_bacteria,ectopseudomonas oleovorans,bacdive_species_taxid_or_synonym_match,True,False,9,True,174
taxon:303|organism:pseudomonas putida (arthrobacter siderocapsulatus),222,target_bacteria,pseudomonas putida,bacdive_species_exact_name_match,True,False,4,True,194
taxon:3042615|organism:pseudoalteromonas atlantica (strain t6c / atcc baa-1087),158,target_bacteria,pseudoalteromonas atlantica,bacdive_species_exact_name_match,True,False,8,True,159
taxon:305|organism:ralstonia solanacearum (pseudomonas solanacearum),1,target_bacteria,ralstonia solanacearum,bacdive_species_exact_name_match,True,False,4,True,159
taxon:306|organism:pseudomonas sp,27,target_bacteria,pseudomonas sp,bacdive_not_found,False,False,0,False,0
taxon:308754|organism:rhodovulum sp. (strain mb263),2,target_bacteria,rhodovulum sp.,bacdive_not_found,False,False,0,False,0
taxon:309800|organism:haloferax volcanii (strain atcc 29605 / dsm 3757 / jcm 8879 / nbrc 14742 / ncimb 2012 / vkm b-1768 / ds2) (halobacterium volcanii),27,target_archaea,haloferax volcanii,bacdive_exact_culture_collection,True,True,4,False,0
taxon:314264|organism:roseovarius sp. (strain 217),1,target_bacteria,roseovarius sp.,bacdive_not_found,False,False,0,False,0
taxon:314266|organism:sphingomonas sp. (strain ska58),11,target_bacteria,sphingomonas sp.,bacdive_not_found,False,False,0,False,0
taxon:314291|organism:vibrio splendidus (strain 12b01),2,target_bacteria,vibrio splendidus,bacdive_species_exact_name_match,True,False,4,True,192
taxon:314292|organism:photobacterium angustum (strain s14 / ccug 15956) (vibrio sp. (strain s14 / ccug 15956)),1,target_bacteria,photobacterium angustum,bacdive_species_exact_name_match,True,False,9,True,159
taxon:316056|organism:rhodopseudomonas palustris (strain bisb18),173,target_bacteria,rhodopseudomonas palustris,bacdive_species_exact_name_match,True,False,4,True,151
taxon:316278|organism:synechococcus sp. (strain rcc307),106,target_bacteria,synechococcus sp.,bacdive_not_found,False,False,0,False,0
taxon:316279|organism:synechococcus sp. (strain cc9902),138,target_bacteria,synechococcus sp.,bacdive_not_found,False,False,0,False,0
taxon:316385|organism:escherichia coli (strain k12 / dh10b),360,target_bacteria,escherichia coli,bacdive_exact_designation,True,True,9,True,218
taxon:316|organism:stutzerimonas stutzeri (pseudomonas stutzeri),16,target_bacteria,stutzerimonas stutzeri,bacdive_species_taxid_or_synonym_match,True,False,5,True,189
taxon:317013|organism:xanthomonas campestris pv. phaseoli,1,target_bacteria,xanthomonas phaseoli,bacdive_species_exact_name_match,True,False,0,True,133
taxon:317|organism:pseudomonas syringae,2,target_bacteria,pseudomonas syringae,bacdive_species_exact_name_match,True,False,0,True,164
taxon:31870|organism:colletotrichum graminicola (maize anthracnose fungus) (glomerella graminicola),1,target_fungi,colletotrichum graminicola,not_applicable_fungi_or_non_bacdive_scope,False,False,0,False,0
taxon:31958|organism:amycolatopsis orientalis (nocardia orientalis),12,target_bacteria,amycolatopsis orientalis,bacdive_species_exact_name_match,True,False,1,True,155
taxon:319701|organism:streptococcus pyogenes serotype m28 (strain mgas6180),94,target_bacteria,streptococcus pyogenes,bacdive_species_exact_name_match,True,False,5,True,184
taxon:319|organism:pseudomonas savastanoi pv. phaseolicola (pseudomonas syringae pv. phaseolicola),6,target_bacteria,pseudomonas savastanoi,bacdive_species_exact_name_match,True,False,2,True,158
taxon:320373|organism:burkholderia pseudomallei (strain 668),154,target_bacteria,burkholderia pseudomallei,bacdive_species_exact_name_match,True,False,0,True,159
taxon:320388|organism:burkholderia mallei (strain savp1),159,target_bacteria,burkholderia mallei,bacdive_species_exact_name_match,True,False,0,True,140
taxon:320389|organism:burkholderia mallei (strain nctc 10247),159,target_bacteria,burkholderia mallei,bacdive_species_exact_name_match,True,False,0,True,140
taxon:32048|organism:synechococcus sp. (strain pcc 6716),2,target_bacteria,synechococcus sp.,bacdive_not_found,False,False,0,False,0
taxon:32049|organism:picosynechococcus sp. (strain atcc 27264 / pcc 7002 / pr-6) (agmenellum quadruplicatum),88,target_bacteria,picosynechococcus sp.,bacdive_not_found,False,False,0,False,0
taxon:32051|organism:synechococcus sp. (strain wh7803),103,target_bacteria,synechococcus sp.,bacdive_not_found,False,False,0,False,0
taxon:32052|organism:synechococcus sp. (strain wh8020),2,target_bacteria,synechococcus sp.,bacdive_not_found,False,False,0,False,0
taxon:32053|organism:thermostichus vulcanus (synechococcus vulcanus),1,target_bacteria,thermostichus vulcanus,bacdive_not_found,False,False,0,False,0
taxon:321327|organism:synechococcus sp. (strain ja-3-3ab) (cyanobacteria bacterium yellowstone a-prime),114,target_bacteria,synechococcus sp.,bacdive_not_found,False,False,0,False,0
taxon:321332|organism:synechococcus sp. (strain ja-2-3b'a(2-13)) (cyanobacteria bacterium yellowstone b-prime),119,target_bacteria,synechococcus sp.),bacdive_not_found,False,False,0,False,0
taxon:321956|organism:lactobacillus delbrueckii subsp. bulgaricus (strain atcc baa-365 / lb-18),56,target_bacteria,lactobacillus delbrueckii,bacdive_species_exact_name_match,True,False,8,True,180
taxon:321|organism:pseudomonas syringae pv. syringae,11,target_bacteria,pseudomonas syringae,bacdive_species_exact_name_match,True,False,0,True,164
taxon:322159|organism:streptococcus thermophilus (strain atcc baa-491 / lmd-9),117,target_bacteria,streptococcus thermophilus,bacdive_species_exact_name_match,True,False,3,True,182
taxon:322|organism:pseudomonas amygdali pv. tabaci (pseudomonas syringae pv. tabaci),2,target_bacteria,pseudomonas amygdali,bacdive_species_exact_name_match,True,False,4,True,153
taxon:323|organism:pseudomonas syringae pv. tomato,3,target_bacteria,pseudomonas syringae group genomosp. 3,bacdive_species_exact_name_match,True,False,0,True,134
taxon:324057|organism:paenibacillus sp. (strain jdr-2),1,target_bacteria,paenibacillus sp.,bacdive_not_found,False,False,0,False,0
taxon:324833|organism:streptomyces lasalocidi (streptomyces lasaliensis),2,target_bacteria,streptomyces lasalocidi,bacdive_species_exact_name_match,True,False,5,True,146
taxon:329|organism:ralstonia pickettii (burkholderia pickettii),4,target_bacteria,ralstonia pickettii,bacdive_species_exact_name_match,True,False,5,True,167
taxon:33008|organism:rhodococcus globerulus,6,target_bacteria,rhodococcus globerulus,bacdive_species_exact_name_match,True,False,0,True,156
taxon:33015|organism:acholeplasma sp,6,target_bacteria,acholeplasma sp,bacdive_not_found,False,False,0,False,0
taxon:33038|organism:mediterraneibacter gnavus (ruminococcus gnavus),2,target_bacteria,mediterraneibacter gnavus,bacdive_species_exact_name_match,True,False,4,True,166
taxon:33044|organism:bartonella doshiae,1,target_bacteria,bartonella doshiae,bacdive_species_exact_name_match,True,False,9,True,154
taxon:33046|organism:bartonella taylorii,1,target_bacteria,bartonella taylorii,bacdive_species_exact_name_match,True,False,8,True,152
taxon:33047|organism:bartonella vinsonii (rochalimaea vinsonii),1,target_bacteria,bartonella vinsonii,bacdive_species_exact_name_match,True,False,9,True,156
taxon:33050|organism:sphingopyxis macrogoltabida (sphingomonas macrogoltabidus),2,target_bacteria,sphingopyxis macrogoltabida,bacdive_species_exact_name_match,True,False,3,True,154
taxon:33053|organism:neisseria perflava,1,target_bacteria,neisseria perflava,bacdive_species_exact_name_match,True,False,4,True,166
taxon:33060|organism:yersinia mollaretii,1,target_bacteria,yersinia mollaretii,bacdive_species_exact_name_match,True,False,3,True,177
taxon:33070|organism:parathermosynechococcus lividus (thermostichus lividus),1,target_bacteria,parathermosynechococcus lividus,bacdive_not_found,False,False,0,False,0
taxon:331112|organism:escherichia coli o9:h4 (strain hs),392,target_bacteria,escherichia coli,bacdive_species_exact_name_match,True,False,1,True,218
taxon:331272|organism:burkholderia cenocepacia (strain hi2424),191,target_bacteria,burkholderia cenocepacia,bacdive_species_exact_name_match,True,False,5,True,171
taxon:331636|organism:chlamydophila psittaci (strain atcc vr-125 / 6bc) (chlamydia psittaci),3,target_bacteria,chlamydia psittaci,bacdive_exact_culture_collection,True,True,0,False,0
taxon:33178|organism:aspergillus terreus,37,target_fungi,aspergillus terreus,not_applicable_fungi_or_non_bacdive_scope,False,False,0,False,0
taxon:332952|organism:aspergillus flavus (strain atcc 200026 / fgsc a1120 / iam 13836 / nrrl 3357 / jcm 12722 / srrc 167),39,target_fungi,aspergillus flavus,not_applicable_fungi_or_non_bacdive_scope,False,False,0,False,0
taxon:333|organism:pseudomonas chlororaphis (pseudomonas aureofaciens),14,target_bacteria,pseudomonas chlororaphis,bacdive_species_exact_name_match,True,False,4,True,168
taxon:334542|organism:rhodococcus qingshengii,6,target_bacteria,rhodococcus qingshengii,bacdive_species_exact_name_match,True,False,5,True,212
taxon:336982|organism:mycobacterium tuberculosis (strain f11),10,target_bacteria,mycobacterium tuberculosis,bacdive_species_exact_name_match,True,False,3,True,147
taxon:33898|organism:streptomyces galbus,4,target_bacteria,streptomyces galbus,bacdive_species_exact_name_match,True,False,2,True,152
taxon:33899|organism:streptomyces galilaeus,4,target_bacteria,streptomyces galilaeus,bacdive_species_exact_name_match,True,False,0,True,130
taxon:33940|organism:geobacillus thermodenitrificans,1,target_bacteria,geobacillus thermodenitrificans,bacdive_species_exact_name_match,True,False,3,True,152
taxon:33941|organism:geobacillus thermoleovorans (bacillus thermoleovorans),1,target_bacteria,geobacillus thermoleovorans,bacdive_species_exact_name_match,True,False,4,True,155
taxon:33945|organism:enterococcus avium (streptococcus avium),1,target_bacteria,enterococcus avium,bacdive_species_exact_name_match,True,False,4,True,176
taxon:33952|organism:acetobacterium woodii,1,target_bacteria,acetobacterium woodii,bacdive_species_exact_name_match,True,False,5,True,132
taxon:33953|organism:clostridium aminobutyricum,2,target_bacteria,clostridium aminobutyricum,bacdive_not_found,False,False,0,True,76
taxon:33964|organism:leuconostoc citreum,1,target_bacteria,leuconostoc citreum,bacdive_species_exact_name_match,True,False,3,True,174
taxon:33965|organism:leuconostoc mesenteroides subsp. cremoris,8,target_bacteria,leuconostoc mesenteroides,bacdive_species_exact_name_match,True,False,5,True,188
taxon:33990|organism:rickettsia bellii,1,target_bacteria,rickettsia bellii,bacdive_not_found,False,False,0,True,132
taxon:33991|organism:rickettsia montanensis,5,target_bacteria,rickettsia montanensis,bacdive_species_exact_name_match,True,False,0,True,77
taxon:33992|organism:rickettsia rhipicephali,3,target_bacteria,rickettsia rhipicephali,bacdive_not_found,False,False,0,True,130
taxon:339|organism:xanthomonas campestris,1,target_bacteria,xanthomonas campestris,bacdive_species_exact_name_match,True,False,0,True,160
taxon:33|organism:myxococcus fulvus,2,target_bacteria,myxococcus fulvus,bacdive_species_exact_name_match,True,False,2,True,137
taxon:34003|organism:paracoccus aminophilus,2,target_bacteria,paracoccus aminophilus,bacdive_species_exact_name_match,True,False,9,True,29
taxon:34007|organism:paracoccus versutus (thiobacillus versutus),2,target_bacteria,paracoccus versutus,bacdive_species_exact_name_match,True,False,3,True,143
taxon:340099|organism:thermoanaerobacter pseudethanolicus (strain atcc 33223 / 39e) (clostridium thermohydrosulfuricum),5,target_bacteria,thermoanaerobacter pseudethanolicus,bacdive_exact_culture_collection,True,True,9,True,139
taxon:34026|organism:neisseria flava,1,target_bacteria,neisseria flava,bacdive_species_exact_name_match,True,False,2,True,18
taxon:34028|organism:comamonas sp,9,target_bacteria,comamonas sp,bacdive_not_found,False,False,0,False,0
taxon:34058|organism:methylobacter marinus,3,target_bacteria,methylobacter marinus,bacdive_not_found,False,False,0,True,132
taxon:34073|organism:variovorax paradoxus,7,target_bacteria,variovorax paradoxus,bacdive_species_exact_name_match,True,False,4,True,165
taxon:340|organism:xanthomonas campestris pv. campestris,1,target_bacteria,xanthomonas campestris,bacdive_species_exact_name_match,True,False,0,True,160
taxon:342109|organism:xanthomonas oryzae pv. oryzae (strain maff 311018),193,target_bacteria,xanthomonas oryzae,bacdive_species_exact_name_match,True,False,0,True,134
taxon:34356|organism:kodamaea ohmeri (yeast) (yamadazyma ohmeri),2,target_fungi,kodamaea ohmeri,not_applicable_fungi_or_non_bacdive_scope,False,False,0,False,0
taxon:34358|organism:maudiozyma exigua (yeast) (kazachstania exigua),2,target_fungi,maudiozyma exigua,not_applicable_fungi_or_non_bacdive_scope,False,False,0,False,0
taxon:34364|organism:trigonopsis variabilis (yeast),18,target_fungi,trigonopsis variabilis,not_applicable_fungi_or_non_bacdive_scope,False,False,0,False,0
taxon:34381|organism:aspergillus japonicus,1,target_fungi,aspergillus japonicus,not_applicable_fungi_or_non_bacdive_scope,False,False,0,False,0
taxon:345341|organism:kutzneria sp. (strain 744),2,target_bacteria,kutzneria sp.,bacdive_not_found,False,False,0,False,0
taxon:346|organism:xanthomonas citri (xanthomonas campestris pv. citri),1,target_bacteria,xanthomonas citri,bacdive_species_exact_name_match,True,False,0,True,136
taxon:347834|organism:rhizobium etli (strain atcc 51251 / dsm 11541 / jcm 21823 / nbrc 15573 / cfn 42),1,target_bacteria,rhizobium etli,bacdive_exact_culture_collection,True,True,8,False,0
taxon:349101|organism:cereibacter sphaeroides (strain atcc 17029 / ath 2.4.9) (rhodobacter sphaeroides),150,target_bacteria,cereibacter sphaeroides,bacdive_species_exact_name_match,True,False,5,True,159
taxon:349746|organism:yersinia pestis bv. antiqua (strain angola),252,target_bacteria,yersinia pestis,bacdive_species_exact_name_match,True,False,0,True,135
taxon:34|organism:myxococcus xanthus,16,target_bacteria,myxococcus xanthus,bacdive_species_exact_name_match,True,False,4,True,152
taxon:350893|organism:flavobacterium daejeonense,1,target_bacteria,flavobacterium daejeonense,bacdive_species_exact_name_match,True,False,6,False,0
taxon:351745|organism:shewanella sp. (strain w3-18-1),184,target_bacteria,shewanella sp.,bacdive_not_found,False,False,0,False,0
taxon:352475|organism:shinella zoogloeoides (crabtreella saccharophila),1,target_bacteria,shinella zoogloeoides,bacdive_species_exact_name_match,True,False,5,True,132
taxon:354|organism:azotobacter vinelandii,13,target_bacteria,azotobacter vinelandii,bacdive_species_exact_name_match,True,False,0,True,143
taxon:355276|organism:leptospira borgpetersenii serovar hardjo-bovis (strain l550),137,target_bacteria,leptospira borgpetersenii,bacdive_species_exact_name_match,True,False,5,True,145
taxon:355278|organism:leptospira biflexa serovar patoc (strain patoc 1 / ames),108,target_bacteria,leptospira biflexa,bacdive_species_exact_name_match,True,False,5,True,145
taxon:35703|organism:citrobacter amalonaticus,2,target_bacteria,citrobacter amalonaticus,bacdive_species_exact_name_match,True,False,5,True,181
taxon:357544|organism:helicobacter pylori (strain hpag1),123,target_bacteria,helicobacter pylori,bacdive_species_exact_name_match,True,False,5,True,177
taxon:35762|organism:planobispora rosea,2,target_bacteria,planobispora rosea,bacdive_species_exact_name_match,True,False,5,True,145
taxon:357808|organism:roseiflexus sp. (strain rs-1),96,target_bacteria,roseiflexus sp.,bacdive_not_found,False,False,0,False,0
taxon:35789|organism:rickettsia helvetica,3,target_bacteria,rickettsia helvetica,bacdive_not_found,False,False,0,True,76
taxon:35790|organism:rickettsia japonica,1,target_bacteria,rickettsia japonica,bacdive_species_exact_name_match,True,False,0,True,133
taxon:35791|organism:rickettsia massiliae,1,target_bacteria,rickettsia massiliae,bacdive_species_exact_name_match,True,False,0,True,134
taxon:35792|organism:rickettsia parkeri,3,target_bacteria,rickettsia parkeri,bacdive_not_found,False,False,0,True,130
taxon:35793|organism:rickettsia sibirica,2,target_bacteria,rickettsia sibirica,bacdive_species_exact_name_match,True,False,0,True,134
taxon:35806|organism:rhodovulum sulfidophilum (rhodobacter sulfidophilus),1,target_bacteria,rhodovulum sulfidophilum,bacdive_species_exact_name_match,True,False,5,True,136
taxon:35817|organism:helicobacter heilmannii,2,target_bacteria,helicobacter heilmannii,bacdive_species_exact_name_match,True,False,5,True,139
taxon:35833|organism:bilophila wadsworthia,6,target_bacteria,bilophila wadsworthia,bacdive_species_exact_name_match,True,False,5,True,153
taxon:358|organism:agrobacterium tumefaciens,13,target_bacteria,agrobacterium tumefaciens,bacdive_species_exact_name_match,True,False,0,False,0
taxon:359786|organism:staphylococcus aureus (strain jh9),175,target_bacteria,staphylococcus aureus,bacdive_species_exact_name_match,True,False,4,True,202
taxon:359|organism:rhizobium rhizogenes (agrobacterium rhizogenes),6,target_bacteria,rhizobium rhizogenes,bacdive_species_exact_name_match,True,False,3,False,0
taxon:360115|organism:coxiella burnetii (strain rsa 331 / henzerling ii),106,target_bacteria,coxiella burnetii,bacdive_species_exact_name_match,True,False,0,True,135
taxon:36022|organism:cyberlindnera fabianii (yeast) (hansenula fabianii),1,target_fungi,cyberlindnera fabianii,not_applicable_fungi_or_non_bacdive_scope,False,False,0,False,0
taxon:36050|organism:fusarium poae,1,target_fungi,fusarium poae,not_applicable_fungi_or_non_bacdive_scope,False,False,0,False,0
taxon:36056|organism:boletus edulis (king bolete),1,target_fungi,boletus edulis,not_applicable_fungi_or_non_bacdive_scope,False,False,0,False,0
taxon:362|organism:agrobacterium radiobacter,5,target_bacteria,agrobacterium radiobacter,bacdive_species_exact_name_match,True,False,4,False,0
taxon:364030|organism:thiomonas delicata (thiomonas cuprina),2,target_bacteria,thiomonas delicata,bacdive_species_exact_name_match,True,False,4,False,0
taxon:36656|organism:penicillium crustosum (blue mold fungus),5,target_fungi,penicillium crustosum,not_applicable_fungi_or_non_bacdive_scope,False,False,0,False,0
taxon:36773|organism:burkholderia sp,7,target_bacteria,burkholderia sp,bacdive_not_found,False,False,0,False,0
taxon:36778|organism:gaeumannomyces avenae (oat take-all root rot fungus) (gaeumannomyces graminis var. avenae),5,target_fungi,gaeumannomyces avenae,not_applicable_fungi_or_non_bacdive_scope,False,False,0,False,0
taxon:36779|organism:gaeumannomyces tritici (wheat and barley take-all root rot fungus) (gaeumannomyces graminis var. tritici),4,target_fungi,gaeumannomyces tritici,not_applicable_fungi_or_non_bacdive_scope,False,False,0,False,0
taxon:36817|organism:streptomyces pseudogriseolus (streptomyces gancidicus) (streptomyces rubiginosus),1,target_bacteria,streptomyces pseudogriseolus,bacdive_species_exact_name_match,True,False,4,True,132
taxon:370437|organism:dietzia sp. (strain cq4),2,target_bacteria,dietzia sp.,bacdive_not_found,False,False,0,False,0
taxon:370553|organism:streptococcus pyogenes serotype m12 (strain mgas2096),86,target_bacteria,streptococcus pyogenes,bacdive_species_exact_name_match,True,False,5,True,184
taxon:373|organism:agrobacterium vitis (rhizobium vitis),37,target_bacteria,agrobacterium vitis,bacdive_species_taxid_or_synonym_match,True,False,8,False,0
taxon:374930|organism:haemophilus influenzae (strain pittee),172,target_bacteria,haemophilus influenzae,bacdive_species_exact_name_match,True,False,2,True,183
taxon:375286|organism:janthinobacterium sp. (strain marseille) (minibacterium massiliensis),135,target_bacteria,janthinobacterium sp.,bacdive_not_found,False,False,0,False,0
taxon:375|organism:bradyrhizobium japonicum,1,target_bacteria,bradyrhizobium japonicum,bacdive_species_exact_name_match,True,False,1,True,159
taxon:37632|organism:amycolatopsis sp,7,target_bacteria,amycolatopsis sp,bacdive_not_found,False,False,0,False,0
taxon:37692|organism:apple proliferation phytoplasma,2,target_bacteria,apple proliferation,bacdive_not_found,False,False,0,True,133
taxon:376|organism:bradyrhizobium sp,5,target_bacteria,bradyrhizobium sp,bacdive_not_found,False,False,0,False,0
taxon:37727|organism:talaromyces marneffei (penicillium marneffei),3,target_fungi,talaromyces marneffei,not_applicable_fungi_or_non_bacdive_scope,False,False,0,False,0
taxon:37734|organism:enterococcus casseliflavus (enterococcus flavescens),2,target_bacteria,enterococcus casseliflavus,bacdive_species_exact_name_match,True,False,6,True,178
taxon:378806|organism:stigmatella aurantiaca (strain dw4/3-1),2,target_bacteria,stigmatella aurantiaca,bacdive_species_exact_name_match,True,False,4,True,134
taxon:37919|organism:rhodococcus opacus (nocardia opaca),30,target_bacteria,rhodococcus opacus,bacdive_species_exact_name_match,True,False,0,True,178
taxon:37929|organism:glutamicibacter nicotianae (arthrobacter nicotianae),1,target_bacteria,glutamicibacter nicotianae,bacdive_species_exact_name_match,True,False,1,True,105
taxon:37930|organism:glutamicibacter protophormiae (brevibacterium protophormiae),18,target_bacteria,glutamicibacter protophormiae,bacdive_species_exact_name_match,True,False,4,True,146
taxon:37931|organism:paenarthrobacter ureafaciens,3,target_bacteria,paenarthrobacter ureafaciens,bacdive_species_exact_name_match,True,False,9,True,150
taxon:380174|organism:cohnella laeviribosi,1,target_bacteria,cohnella laeviribosi,bacdive_species_exact_name_match,True,False,6,True,144
taxon:38033|organism:chaetomium globosum (soil fungus),1,target_fungi,chaetomium globosum,not_applicable_fungi_or_non_bacdive_scope,False,False,0,False,0
taxon:380394|organism:acidithiobacillus ferrooxidans (strain atcc 53993 / bnl-5-31) (leptospirillum ferrooxidans (atcc 53993)),83,target_bacteria,acidithiobacillus ferrooxidans,bacdive_species_exact_name_match,True,False,3,True,134
taxon:380749|organism:hydrogenobaculum sp. (strain y04aas1),73,target_bacteria,hydrogenobaculum sp.,bacdive_not_found,False,False,0,False,0
taxon:381046|organism:lachancea thermotolerans (yeast) (kluyveromyces thermotolerans),1,target_fungi,lachancea thermotolerans,not_applicable_fungi_or_non_bacdive_scope,False,False,0,False,0
taxon:381666|organism:cupriavidus necator (strain atcc 17699 / dsm 428 / kctc 22496 / ncimb 10442 / h16 / stanier 337) (ralstonia eutropha),6,target_bacteria,cupriavidus necator,bacdive_exact_culture_collection,True,True,4,True,158
taxon:38294|organism:photobacterium damsela subsp. piscicida (pasteurella piscicida),7,target_bacteria,photobacterium damselae,bacdive_species_exact_name_match,True,False,9,True,182
taxon:382|organism:rhizobium meliloti (ensifer meliloti) (sinorhizobium meliloti),25,target_bacteria,rhizobium meliloti,bacdive_species_taxid_or_synonym_match,True,False,1,False,0
taxon:38300|organism:streptomyces pristinaespiralis,8,target_bacteria,streptomyces pristinaespiralis,bacdive_species_taxid_or_synonym_match,True,False,2,True,134
taxon:38314|organism:streptomyces nogalater,2,target_bacteria,streptomyces nogalater,bacdive_species_exact_name_match,True,False,0,True,29
taxon:384|organism:rhizobium leguminosarum,1,target_bacteria,rhizobium leguminosarum,bacdive_species_exact_name_match,True,False,8,False,0
taxon:385957|organism:amycolatopsis sp. (strain atcc 39116 / 75iv2),9,target_bacteria,amycolatopsis sp.,bacdive_not_found,False,False,0,False,0
taxon:385|organism:rhizobium leguminosarum bv. phaseoli,4,target_bacteria,rhizobium leguminosarum,bacdive_species_exact_name_match,True,False,8,False,0
taxon:386656|organism:yersinia pestis (strain pestoides f),288,target_bacteria,yersinia pestis,bacdive_species_exact_name_match,True,False,0,True,135
taxon:386|organism:rhizobium leguminosarum bv. trifolii,5,target_bacteria,rhizobium leguminosarum,bacdive_species_exact_name_match,True,False,8,False,0
taxon:387092|organism:nitratiruptor sp. (strain sb155-2),113,target_bacteria,nitratiruptor sp.,bacdive_not_found,False,False,0,False,0
taxon:387093|organism:sulfurovum sp. (strain nbc37-1),112,target_bacteria,sulfurovum sp.,bacdive_not_found,False,False,0,False,0
taxon:387|organism:rhizobium leguminosarum bv. viciae,6,target_bacteria,rhizobium leguminosarum,bacdive_species_exact_name_match,True,False,8,False,0
taxon:38945|organism:flammulina velutipes (agaricus velutipes),1,target_fungi,flammulina velutipes,not_applicable_fungi_or_non_bacdive_scope,False,False,0,False,0
taxon:391295|organism:streptococcus suis (strain 05zyh33),81,target_bacteria,streptococcus suis,bacdive_species_exact_name_match,True,False,0,True,184
taxon:391296|organism:streptococcus suis (strain 98hah33),88,target_bacteria,streptococcus suis,bacdive_species_exact_name_match,True,False,0,True,184
taxon:39152|organism:methanococcus maripaludis (methanococcus deltae),3,target_archaea,methanococcus maripaludis,bacdive_species_exact_name_match,True,False,3,False,0
taxon:391589|organism:roseobacter sp. (strain gai101),3,target_bacteria,roseobacter sp.,bacdive_not_found,False,False,0,False,0
taxon:391896|organism:rickettsia bellii (strain osu 85-389),59,target_bacteria,rickettsia bellii,bacdive_not_found,False,False,0,True,132
taxon:391953|organism:aquincola tertiaricarbonis,8,target_bacteria,aquincola tertiaricarbonis,bacdive_species_exact_name_match,True,False,6,True,152
taxon:391|organism:rhizobium sp,4,target_bacteria,rhizobium sp,bacdive_not_found,False,False,0,False,0
taxon:393011|organism:francisella tularensis subsp. holarctica (strain osu18),88,target_bacteria,francisella tularensis,bacdive_species_exact_name_match,True,False,4,True,134
taxon:393115|organism:francisella tularensis subsp. tularensis (strain fsc 198),92,target_bacteria,francisella tularensis,bacdive_species_exact_name_match,True,False,4,True,134
taxon:39478|organism:streptomyces laurentii,1,target_bacteria,streptomyces laurentii,bacdive_species_exact_name_match,True,False,5,True,148
taxon:396024|organism:aspergillus ruber (eurotium rubrum),18,target_fungi,aspergillus ruber,not_applicable_fungi_or_non_bacdive_scope,False,False,0,False,0
taxon:39687|organism:mycolicibacterium austroafricanum (mycobacterium austroafricanum),2,target_bacteria,mycolicibacterium austroafricanum,bacdive_species_taxid_or_synonym_match,True,False,8,True,161
taxon:39775|organism:methylomicrobium album (methylobacter albus),1,target_bacteria,methylomicrobium album,bacdive_species_exact_name_match,True,False,0,True,133
taxon:39831|organism:klebsiella pneumoniae subsp. rhinoscleromatis,1,target_bacteria,klebsiella pneumoniae,bacdive_species_exact_name_match,True,False,7,False,0
taxon:398|organism:rhizobium tropici,8,target_bacteria,rhizobium tropici,bacdive_species_exact_name_match,True,False,8,False,0
taxon:399726|organism:thermoanaerobacter sp. (strain x514),111,target_bacteria,thermoanaerobacter sp.,bacdive_not_found,False,False,0,False,0
taxon:399|organism:neorhizobium galegae (rhizobium galegae),1,target_bacteria,neorhizobium galegae,bacdive_species_exact_name_match,True,False,3,False,0
taxon:400667|organism:acinetobacter baumannii (strain atcc 17978 / dsm 105126 / cip 53.77 / lmg 1025 / ncdc kc755 / 5377),144,target_bacteria,acinetobacter baumannii,bacdive_exact_culture_collection,True,True,9,True,186
taxon:400673|organism:legionella pneumophila (strain corby),125,target_bacteria,legionella pneumophila,bacdive_species_exact_name_match,True,False,4,True,179
taxon:40145|organism:tricholoma matsutake (matsutake mushroom) (tricholoma nauseosum),2,target_fungi,tricholoma matsutake,not_applicable_fungi_or_non_bacdive_scope,False,False,0,False,0
taxon:40214|organism:acinetobacter johnsonii,3,target_bacteria,acinetobacter johnsonii,bacdive_species_exact_name_match,True,False,4,True,164
taxon:40216|organism:acinetobacter radioresistens,1,target_bacteria,acinetobacter radioresistens,bacdive_species_exact_name_match,True,False,5,True,154
taxon:402882|organism:shewanella baltica (strain os185),187,target_bacteria,shewanella baltica,bacdive_species_exact_name_match,True,False,9,True,158
taxon:40324|organism:stenotrophomonas maltophilia (pseudomonas maltophilia) (xanthomonas maltophilia),7,target_bacteria,stenotrophomonas maltophilia,bacdive_species_exact_name_match,True,False,3,True,201
taxon:403776|organism:sphingobacterium sp. (strain pm2-p1-29),1,target_bacteria,sphingobacterium sp.,bacdive_not_found,False,False,0,False,0
taxon:40382|organism:aspergillus ustus,4,target_fungi,aspergillus ustus,not_applicable_fungi_or_non_bacdive_scope,False,False,0,False,0
taxon:404589|organism:anaeromyxobacter sp. (strain fw109-5),108,target_bacteria,anaeromyxobacter sp.,bacdive_not_found,False,False,0,False,0
taxon:40480|organism:mycoplasma capricolum subsp. capripneumoniae,4,target_bacteria,mycoplasma capricolum,bacdive_species_exact_name_match,True,False,0,True,135
taxon:405440|organism:xylella fastidiosa (strain m12),126,target_bacteria,xylella fastidiosa,bacdive_species_exact_name_match,True,False,4,True,147
taxon:40559|organism:botryotinia fuckeliana (noble rot fungus) (botrytis cinerea),4,target_fungi,botryotinia fuckeliana,not_applicable_fungi_or_non_bacdive_scope,False,False,0,False,0
taxon:405|organism:methylobacillus flagellatus,2,target_bacteria,methylobacillus flagellatus,bacdive_species_exact_name_match,True,False,2,True,134
taxon:40601|organism:claviceps paspali (rye ergot fungus),3,target_fungi,claviceps paspali,not_applicable_fungi_or_non_bacdive_scope,False,False,0,False,0
taxon:40602|organism:claviceps fusiformis (ergot fungus),4,target_fungi,claviceps fusiformis,not_applicable_fungi_or_non_bacdive_scope,False,False,0,False,0
taxon:40611|organism:balansia obtecta,1,target_fungi,balansia obtecta,not_applicable_fungi_or_non_bacdive_scope,False,False,0,False,0
taxon:406|organism:methylobacillus glycogenes,7,target_bacteria,methylobacillus glycogenes,bacdive_species_exact_name_match,True,False,1,True,131
taxon:407148|organism:campylobacter jejuni subsp. jejuni serotype o:6 (strain 81116 / nctc 11828),145,target_bacteria,campylobacter jejuni,bacdive_exact_designation,True,True,6,True,183
taxon:40837|organism:mycoplana ramosa (mycoplana bullata),5,target_bacteria,mycoplana ramosa,bacdive_species_exact_name_match,True,False,5,True,5
taxon:408|organism:methylorubrum extorquens (methylobacterium dichloromethanicum) (methylobacterium extorquens),2,target_bacteria,methylorubrum extorquens,bacdive_species_exact_name_match,True,False,1,True,166
taxon:40933|organism:bartonella vinsonii subsp. berkhoffii,1,target_bacteria,bartonella vinsonii,bacdive_species_exact_name_match,True,False,9,True,156
taxon:409370|organism:blastobotrys adeninivorans (yeast) (arxula adeninivorans),2,target_fungi,blastobotrys adeninivorans,not_applicable_fungi_or_non_bacdive_scope,False,False,0,False,0
taxon:41058|organism:aspergillus sojae,2,target_fungi,aspergillus sojae,not_applicable_fungi_or_non_bacdive_scope,False,False,0,False,0
taxon:410|organism:methylobacterium organophilum,1,target_bacteria,methylobacterium organophilum,bacdive_species_exact_name_match,True,False,4,True,85
taxon:411468|organism:clostridium scindens (strain atcc 35704 / dsm 5676 / vpi 13733 / 19),4,target_bacteria,clostridium scindens (strain jcm 10418 / vpi 12708),bacdive_species_exact_name_match,True,False,1,False,160
taxon:41170|organism:exiguobacterium acetylicum (brevibacterium acetylicum),4,target_bacteria,exiguobacterium acetylicum,bacdive_species_exact_name_match,True,False,4,False,0
taxon:412694|organism:bacillus thuringiensis (strain al hakam),215,target_bacteria,bacillus thuringiensis,bacdive_species_exact_name_match,True,False,4,True,174
taxon:413997|organism:escherichia coli (strain b / rel606),9,target_bacteria,escherichia coli,bacdive_exact_designation,True,True,3,True,218
taxon:418127|organism:staphylococcus aureus (strain mu3 / atcc 700698),179,target_bacteria,staphylococcus aureus,bacdive_exact_culture_collection,True,True,9,True,202
taxon:418136|organism:francisella tularensis subsp. tularensis (strain wy96-3418),86,target_bacteria,francisella tularensis,bacdive_species_exact_name_match,True,False,4,True,134
taxon:41833|organism:umbelopsis ramanniana (oleaginous fungus) (mortierella ramanniana),2,target_fungi,umbelopsis ramanniana,not_applicable_fungi_or_non_bacdive_scope,False,False,0,False,0
taxon:418|organism:methylomonas sp,4,target_bacteria,methylomonas sp,bacdive_not_found,False,False,0,False,0
taxon:41956|organism:amanita muscaria (fly agaric) (agaricus muscarius),3,target_fungi,amanita muscaria,not_applicable_fungi_or_non_bacdive_scope,False,False,0,False,0
taxon:419610|organism:methylorubrum extorquens (strain pa1) (methylobacterium extorquens),75,target_bacteria,methylorubrum extorquens,bacdive_exact_designation,True,True,4,True,166
taxon:41986|organism:agromyces mediolanus (corynebacterium mediolanum),1,target_bacteria,agromyces mediolanus,bacdive_species_exact_name_match,True,False,3,True,167
taxon:41|organism:stigmatella aurantiaca,18,target_bacteria,stigmatella aurantiaca,bacdive_species_exact_name_match,True,False,4,True,134
taxon:42198|organism:actinosynnema pretiosum subsp. auranticum,1,target_bacteria,actinosynnema pretiosum,bacdive_species_exact_name_match,True,False,0,True,158
taxon:421|organism:methylomonas methanica,1,target_bacteria,methylomonas methanica,bacdive_species_exact_name_match,True,False,0,True,135
taxon:42236|organism:streptomyces diastatochromogenes,1,target_bacteria,streptomyces diastatochromogenes,bacdive_species_exact_name_match,True,False,0,True,147
taxon:42251|organism:tuber borchii (white truffle),3,target_fungi,tuber borchii,not_applicable_fungi_or_non_bacdive_scope,False,False,0,False,0
taxon:42445|organism:sinorhizobium sp,23,target_bacteria,sinorhizobium sp,bacdive_not_found,False,False,0,False,0
taxon:42471|organism:desulfofundulus thermocisternus (desulfotomaculum thermocisternum),1,target_bacteria,desulfofundulus thermocisternus,bacdive_species_exact_name_match,True,False,5,True,83
taxon:42566|organism:halomonas eurihalina,1,target_bacteria,halomonas eurihalina,bacdive_species_exact_name_match,True,False,9,True,147
taxon:426117|organism:methylobacterium sp. (strain 4-46),70,target_bacteria,methylobacterium sp.,bacdive_not_found,False,False,0,False,0
taxon:426428|organism:fusarium oxysporum f. sp. lycopersici (strain 4287 / cbs 123668 / fgsc 9935 / nrrl 34936) (fusarium vascular wilt of tomato),1,target_fungi,fusarium oxysporum,not_applicable_fungi_or_non_bacdive_scope,False,False,0,False,0
taxon:42684|organism:streptomyces collinus,9,target_bacteria,streptomyces collinus,bacdive_species_exact_name_match,True,False,4,True,154
taxon:426|organism:methylosinus trichosporium,9,target_bacteria,methylosinus trichosporium,bacdive_species_exact_name_match,True,False,0,True,135
taxon:42747|organism:fusarium heterosporum,2,target_fungi,fusarium heterosporum,not_applicable_fungi_or_non_bacdive_scope,False,False,0,False,0
taxon:42879|organism:methanococcus aeolicus,1,target_archaea,methanococcus aeolicus,bacdive_species_exact_name_match,True,False,8,False,0
taxon:42881|organism:streptomyces chromofuscus,1,target_bacteria,streptomyces chromofuscus,bacdive_species_exact_name_match,True,False,0,True,146
taxon:431946|organism:escherichia coli o150:h5 (strain se15),8,target_bacteria,escherichia coli,bacdive_species_exact_name_match,True,False,1,True,218
taxon:43263|organism:aquipseudomonas alcaligenes (pseudomonas alcaligenes),8,target_bacteria,aquipseudomonas alcaligenes,bacdive_species_taxid_or_synonym_match,True,False,9,True,169
taxon:434923|organism:coxiella burnetii (strain cbug_q212) (coxiella burnetii (strain q212)),74,target_bacteria,coxiella burnetii,bacdive_species_exact_name_match,True,False,0,True,135
taxon:434924|organism:coxiella burnetii (strain cbuk_q154) (coxiella burnetii (strain q154)),74,target_bacteria,coxiella burnetii,bacdive_species_exact_name_match,True,False,0,True,135
taxon:435|organism:acetobacter aceti,3,target_bacteria,acetobacter aceti,bacdive_species_exact_name_match,True,False,3,True,155
taxon:436114|organism:sulfurihydrogenibium sp. (strain yo3aop1),81,target_bacteria,sulfurihydrogenibium sp.,bacdive_not_found,False,False,0,False,0
taxon:43663|organism:paenarthrobacter aurescens (arthrobacter aurescens),6,target_bacteria,paenarthrobacter aurescens,bacdive_species_exact_name_match,True,False,3,True,152
taxon:43759|organism:streptomyces wedmorensis,7,target_bacteria,streptomyces wedmorensis,bacdive_species_exact_name_match,True,False,5,True,142
taxon:43767|organism:rhodococcus hoagii (corynebacterium equii),4,target_bacteria,rhodococcus hoagii,bacdive_species_exact_name_match,True,False,1,True,192
taxon:43770|organism:corynebacterium striatum,23,target_bacteria,corynebacterium striatum,bacdive_species_exact_name_match,True,False,4,True,184
taxon:438|organism:acetobacter pasteurianus (acetobacter turbidans),1,target_bacteria,acetobacter pasteurianus,bacdive_species_exact_name_match,True,False,0,True,137
taxon:439493|organism:pelagibacter sp. (strain htcc7211),1,target_bacteria,pelagibacter sp.,bacdive_not_found,False,False,0,False,0
taxon:43963|organism:magnusiomyces magnusii (yeast) (dipodascus magnusii),1,target_fungi,magnusiomyces magnusii,not_applicable_fungi_or_non_bacdive_scope,False,False,0,False,0
taxon:43982|organism:ambrosiozyma monospora (yeast) (endomycopsis monosporus),6,target_fungi,ambrosiozyma monospora,not_applicable_fungi_or_non_bacdive_scope,False,False,0,False,0
taxon:441770|organism:clostridium botulinum (strain atcc 19397 / type a),118,target_bacteria,clostridium botulinum,bacdive_exact_culture_collection,True,True,3,True,157
taxon:441952|organism:francisella tularensis subsp. mediasiatica (strain fsc147),80,target_bacteria,francisella tularensis,bacdive_species_exact_name_match,True,False,4,True,134
taxon:442|organism:gluconobacter oxydans (gluconobacter suboxydans),1,target_bacteria,gluconobacter oxydans,bacdive_species_exact_name_match,True,False,0,True,191
taxon:444450|organism:escherichia coli o157:h7 (strain ec4115 / ehec),356,target_bacteria,escherichia coli,bacdive_species_exact_name_match,True,False,1,True,218
taxon:446|organism:legionella pneumophila,12,target_bacteria,legionella pneumophila,bacdive_species_exact_name_match,True,False,4,True,179
taxon:447217|organism:anaeromyxobacter sp. (strain k),96,target_bacteria,anaeromyxobacter sp.,bacdive_not_found,False,False,0,False,0
taxon:447|organism:legionella bozemanae (fluoribacter bozemanae),1,target_bacteria,legionella bozemanae,bacdive_species_exact_name_match,True,False,4,True,98
taxon:451516|organism:staphylococcus aureus (strain usa300 / tch1516),166,target_bacteria,staphylococcus aureus,bacdive_species_exact_name_match,True,False,4,True,202
taxon:451640|organism:catenibacterium mitsuokai (strain dsm 15897 / jcm 10609 / ccug 48821 a / cip 106738 / rca14-39),1,target_bacteria,catenibacterium mitsuokai,bacdive_exact_culture_collection,True,True,8,True,147
taxon:45398|organism:streptomyces griseoviridis,1,target_bacteria,streptomyces griseoviridis,bacdive_species_exact_name_match,True,False,4,True,134
taxon:45589|organism:scheffersomyces shehatae (yeast) (candida shehatae),2,target_fungi,scheffersomyces shehatae,not_applicable_fungi_or_non_bacdive_scope,False,False,0,False,0
taxon:458234|organism:francisella tularensis subsp. holarctica (strain ftnf002-00 / fta),83,target_bacteria,francisella tularensis,bacdive_species_exact_name_match,True,False,4,True,134
taxon:46161|organism:actinomadura kijaniata,1,target_bacteria,actinomadura kijaniata,bacdive_species_exact_name_match,True,False,7,True,152
taxon:46429|organism:sphingobium chlorophenolicum,8,target_bacteria,sphingobium chlorophenolicum,bacdive_species_exact_name_match,True,False,5,True,162
taxon:46472|organism:aspergillus versicolor,11,target_fungi,aspergillus versicolor,not_applicable_fungi_or_non_bacdive_scope,False,False,0,False,0
taxon:46634|organism:aureobasidium melanogenum (aureobasidium pullulans var. melanogenum),5,target_fungi,aureobasidium melanogenum,not_applicable_fungi_or_non_bacdive_scope,False,False,0,False,0
taxon:46680|organism:pseudomonas nitroreducens,2,target_bacteria,pseudomonas nitroreducens,bacdive_species_exact_name_match,True,False,1,True,166
taxon:46770|organism:cenarchaeum symbiosum,1,target_archaea,cenarchaeum symbiosum,bacdive_not_found,False,False,0,True,133
taxon:469008|organism:escherichia coli (strain b / bl21-de3),11,target_bacteria,escherichia coli,bacdive_exact_designation,True,True,3,True,218
taxon:470|organism:acinetobacter baumannii,9,target_bacteria,acinetobacter baumannii,bacdive_species_exact_name_match,True,False,6,True,186
taxon:471472|organism:chlamydia trachomatis serovar l2 (strain atcc vr-902b / dsm 19102 / 434/bu),1,target_bacteria,chlamydia trachomatis,bacdive_exact_culture_collection,True,True,4,False,0
taxon:471871|organism:clostridium sporogenes (strain atcc 15579),13,target_bacteria,clostridium sporogenes,bacdive_species_exact_name_match,True,False,1,True,180
taxon:471|organism:acinetobacter calcoaceticus,10,target_bacteria,acinetobacter calcoaceticus,bacdive_species_exact_name_match,True,False,3,True,169
taxon:472|organism:acinetobacter sp,2,target_bacteria,acinetobacter sp,bacdive_not_found,False,False,0,False,0
taxon:474186|organism:enterococcus faecalis (strain atcc 47077 / og1rf),6,target_bacteria,enterococcus faecalis,bacdive_species_exact_name_match,True,False,5,True,207
taxon:47421|organism:hydrogenophaga pseudoflava (pseudomonas carboxydoflava),5,target_bacteria,hydrogenophaga pseudoflava,bacdive_species_exact_name_match,True,False,5,True,167
taxon:47428|organism:armillaria ostoyae (armillaria root rot fungus),4,target_fungi,armillaria ostoyae,not_applicable_fungi_or_non_bacdive_scope,False,False,0,False,0
taxon:47429|organism:armillaria mellea (honey mushroom) (agaricus melleus),16,target_fungi,armillaria mellea,not_applicable_fungi_or_non_bacdive_scope,False,False,0,False,0
taxon:474922|organism:colletotrichum gloeosporioides (anthracnose fungus) (glomerella cingulata),9,target_fungi,colletotrichum gloeosporioides,not_applicable_fungi_or_non_bacdive_scope,False,False,0,False,0
taxon:4754|organism:pneumocystis carinii,13,target_fungi,pneumocystis carinii,not_applicable_fungi_or_non_bacdive_scope,False,False,0,False,0
taxon:47660|organism:pseudomonas sp. (strain adp),6,target_bacteria,pseudomonas sp.,bacdive_not_found,False,False,0,False,0
taxon:47715|organism:lacticaseibacillus rhamnosus (lactobacillus rhamnosus),1,target_bacteria,lacticaseibacillus rhamnosus,bacdive_species_exact_name_match,True,False,2,True,202
taxon:47716|organism:streptomyces olivaceus,7,target_bacteria,streptomyces olivaceus,bacdive_species_exact_name_match,True,False,0,True,150
taxon:47721|organism:lyophyllum shimeji (hon-shimeji) (tricholoma shimeji),2,target_fungi,lyophyllum shimeji,not_applicable_fungi_or_non_bacdive_scope,False,False,0,False,0
taxon:47834|organism:spiroplasma kunkelii,2,target_bacteria,spiroplasma kunkelii,bacdive_species_exact_name_match,True,False,5,True,133
taxon:478434|organism:mycobacterium tuberculosis (strain kzn 1435 / mdr),7,target_bacteria,mycobacterium tuberculosis,bacdive_species_exact_name_match,True,False,3,True,147
taxon:47878|organism:pseudomonas azotoformans,2,target_bacteria,pseudomonas azotoformans,bacdive_species_exact_name_match,True,False,9,True,150
taxon:47882|organism:pseudomonas straminea,6,target_bacteria,pseudomonas straminea,bacdive_species_exact_name_match,True,False,1,True,101
taxon:47884|organism:pseudomonas taetrolens,1,target_bacteria,pseudomonas taetrolens,bacdive_species_exact_name_match,True,False,4,True,159
taxon:479436|organism:veillonella parvula (strain atcc 10790 / dsm 2008 / ccug 5123 / jcm 12972 / nctc 11810 / te3) (veillonella alcalescens),1,target_bacteria,veillonella parvula,bacdive_species_exact_name_match,True,False,4,True,174
taxon:479|organism:moraxella sp,1,target_bacteria,moraxella sp,bacdive_not_found,False,False,0,False,0
taxon:480520|organism:myroides profundi,1,target_bacteria,myroides profundi,bacdive_species_exact_name_match,True,False,5,False,0
taxon:48100|organism:alternaria solani,2,target_fungi,alternaria solani,not_applicable_fungi_or_non_bacdive_scope,False,False,0,False,0
taxon:481743|organism:geobacillus sp. (strain y412mc10),1,target_bacteria,geobacillus sp.,bacdive_not_found,False,False,0,False,0
taxon:481805|organism:escherichia coli (strain atcc 8739 / dsm 1576 / nbrc 3972 / ncimb 8545 / wdcm 00012 / crooks),394,target_bacteria,escherichia coli,bacdive_exact_culture_collection,True,True,9,True,218
taxon:481877|organism:enterocytozoon bieneusi (strain h348) (microsporidian parasite),3,target_fungi,enterocytozoon bieneusi,not_applicable_fungi_or_non_bacdive_scope,False,False,0,False,0
taxon:482561|organism:paracoccidioides brasiliensis (strain pb03),8,target_fungi,paracoccidioides brasiliensis,not_applicable_fungi_or_non_bacdive_scope,False,False,0,False,0
taxon:4829|organism:absidia glauca (pin mould),2,target_fungi,absidia glauca,not_applicable_fungi_or_non_bacdive_scope,False,False,0,False,0
taxon:4837|organism:phycomyces blakesleeanus,4,target_fungi,phycomyces blakesleeanus,not_applicable_fungi_or_non_bacdive_scope,False,False,0,False,0
taxon:4839|organism:rhizomucor miehei,1,target_fungi,rhizomucor miehei,not_applicable_fungi_or_non_bacdive_scope,False,False,0,False,0
taxon:483|organism:neisseria cinerea,3,target_bacteria,neisseria cinerea,bacdive_species_exact_name_match,True,False,4,True,163
taxon:4840|organism:rhizomucor pusillus,2,target_fungi,rhizomucor pusillus,not_applicable_fungi_or_non_bacdive_scope,False,False,0,False,0
taxon:484429|organism:sphingobium sp. (strain ybl2),28,target_bacteria,sphingobium sp.,bacdive_not_found,False,False,0,False,0
taxon:484|organism:neisseria flavescens,3,target_bacteria,neisseria flavescens,bacdive_species_exact_name_match,True,False,2,True,157
taxon:4850|organism:blakeslea trispora (choanephora trispora),3,target_fungi,blakeslea trispora,not_applicable_fungi_or_non_bacdive_scope,False,False,0,False,0
taxon:4853|organism:cunninghamella elegans,2,target_fungi,cunninghamella elegans,not_applicable_fungi_or_non_bacdive_scope,False,False,0,False,0
taxon:48563|organism:suillus bovinus (jersey cow bolete) (boletus bovinus),3,target_fungi,suillus bovinus,not_applicable_fungi_or_non_bacdive_scope,False,False,0,False,0
taxon:485|organism:neisseria gonorrhoeae,26,target_bacteria,neisseria gonorrhoeae,bacdive_species_exact_name_match,True,False,5,True,194
taxon:48665|organism:streptomyces viridifaciens,4,target_bacteria,streptomyces viridifaciens,bacdive_not_found,False,False,0,True,79
taxon:486|organism:neisseria lactamica,5,target_bacteria,neisseria lactamica,bacdive_species_exact_name_match,True,False,3,True,173
taxon:487213|organism:streptococcus pneumoniae (strain taiwan19f-14),101,target_bacteria,streptococcus pneumoniae,bacdive_species_exact_name_match,True,False,9,True,191
taxon:487|organism:neisseria meningitidis,2,target_bacteria,neisseria meningitidis,bacdive_species_exact_name_match,True,False,2,True,189
taxon:488223|organism:streptococcus pneumoniae (strain p1031),98,target_bacteria,streptococcus pneumoniae,bacdive_species_exact_name_match,True,False,9,True,191
taxon:48864|organism:solorina crocea,1,target_fungi,solorina crocea,not_applicable_fungi_or_non_bacdive_scope,False,False,0,False,0
taxon:488|organism:neisseria mucosa,3,target_bacteria,neisseria mucosa,bacdive_species_exact_name_match,True,False,5,True,190
taxon:48935|organism:novosphingobium aromaticivorans (sphingomonas aromaticivorans),4,target_bacteria,novosphingobium aromaticivorans,bacdive_species_exact_name_match,True,False,8,True,156
taxon:48984|organism:pantoea agglomerans pv. gypsophilae (erwinia herbicola),2,target_bacteria,enterobacter agglomerans,bacdive_species_exact_name_match,True,False,4,False,0
taxon:489|organism:neisseria polysaccharea,3,target_bacteria,neisseria polysaccharea,bacdive_species_exact_name_match,True,False,2,True,143
taxon:4903|organism:cyberlindnera jadinii (torula yeast) (pichia jadinii),12,target_fungi,cyberlindnera jadinii,not_applicable_fungi_or_non_bacdive_scope,False,False,0,False,0
taxon:490622|organism:trichoderma arundinaceum,1,target_fungi,trichoderma arundinaceum,not_applicable_fungi_or_non_bacdive_scope,False,False,0,False,0
taxon:4909|organism:pichia kudriavzevii (yeast) (issatchenkia orientalis),1,target_fungi,pichia kudriavzevii,not_applicable_fungi_or_non_bacdive_scope,False,False,0,False,0
taxon:490|organism:neisseria sicca,1,target_bacteria,neisseria sicca,bacdive_species_exact_name_match,True,False,5,True,174
taxon:4911|organism:kluyveromyces marxianus (yeast) (candida kefyr),14,target_fungi,kluyveromyces marxianus,not_applicable_fungi_or_non_bacdive_scope,False,False,0,False,0
taxon:4918|organism:pachysolen tannophilus (yeast),4,target_fungi,pachysolen tannophilus,not_applicable_fungi_or_non_bacdive_scope,False,False,0,False,0
taxon:4921|organism:candida norvegensis (yeast) (candida mycoderma),2,target_fungi,candida norvegensis,not_applicable_fungi_or_non_bacdive_scope,False,False,0,False,0
taxon:4922|organism:komagataella pastoris (yeast) (pichia pastoris),22,target_fungi,komagataella pastoris,not_applicable_fungi_or_non_bacdive_scope,False,False,0,False,0
taxon:4927|organism:wickerhamomyces anomalus (yeast) (hansenula anomala),3,target_fungi,wickerhamomyces anomalus,not_applicable_fungi_or_non_bacdive_scope,False,False,0,False,0
taxon:49283|organism:paenibacillus thiaminolyticus (bacillus thiaminolyticus),1,target_bacteria,paenibacillus thiaminolyticus,bacdive_species_exact_name_match,True,False,3,True,155
taxon:492|organism:neisseria animalis,2,target_bacteria,neisseria animalis,bacdive_species_exact_name_match,True,False,2,True,139
taxon:4931|organism:saccharomyces bayanus (yeast) (saccharomyces uvarum x saccharomyces eubayanus),6,target_fungi,saccharomyces bayanus,not_applicable_fungi_or_non_bacdive_scope,False,False,0,False,0
taxon:4932|organism:saccharomyces cerevisiae (baker's yeast),3,target_fungi,saccharomyces cerevisiae,not_applicable_fungi_or_non_bacdive_scope,False,False,0,False,0
taxon:49338|organism:desulfitobacterium hafniense (desulfitobacterium frappieri),8,target_bacteria,desulfitobacterium hafniense,bacdive_species_exact_name_match,True,False,5,True,146
taxon:4934|organism:lachancea kluyveri (yeast) (saccharomyces kluyveri),2,target_fungi,lachancea kluyveri,not_applicable_fungi_or_non_bacdive_scope,False,False,0,False,0
taxon:4944|organism:saccharomycopsis fibuligera (yeast),1,target_fungi,saccharomycopsis fibuligera,not_applicable_fungi_or_non_bacdive_scope,False,False,0,False,0
taxon:4950|organism:torulaspora delbrueckii (yeast) (candida colliculosa),2,target_fungi,torulaspora delbrueckii,not_applicable_fungi_or_non_bacdive_scope,False,False,0,False,0
taxon:4954|organism:zygosaccharomyces bailii,6,target_fungi,zygosaccharomyces bailii,not_applicable_fungi_or_non_bacdive_scope,False,False,0,False,0
taxon:4956|organism:zygosaccharomyces rouxii,6,target_fungi,zygosaccharomyces rouxii,not_applicable_fungi_or_non_bacdive_scope,False,False,0,False,0
taxon:495|organism:neisseria elongata,1,target_bacteria,neisseria elongata,bacdive_species_exact_name_match,True,False,5,True,165
taxon:498214|organism:clostridium botulinum (strain loch maree / type a3),109,target_bacteria,clostridium botulinum,bacdive_species_exact_name_match,True,False,0,True,157
taxon:49899|organism:thermococcus profundus,2,target_archaea,thermococcus profundus,bacdive_species_exact_name_match,True,False,5,True,132
taxon:5016|organism:cochliobolus heterostrophus (southern corn leaf blight fungus) (bipolaris maydis),4,target_fungi,cochliobolus heterostrophus,not_applicable_fungi_or_non_bacdive_scope,False,False,0,False,0
taxon:5022|organism:leptosphaeria maculans (blackleg fungus) (phoma lingam),6,target_fungi,leptosphaeria maculans,not_applicable_fungi_or_non_bacdive_scope,False,False,0,False,0
taxon:502779|organism:paracoccidioides lutzii (strain atcc mya-826 / pb01) (paracoccidioides brasiliensis),1,target_fungi,paracoccidioides lutzii,not_applicable_fungi_or_non_bacdive_scope,False,False,0,False,0
taxon:502800|organism:yersinia pseudotuberculosis serotype o:3 (strain ypiii),272,target_bacteria,yersinia pseudotuberculosis,bacdive_species_exact_name_match,True,False,5,True,187
taxon:502801|organism:yersinia pseudotuberculosis serotype ib (strain pb1/+),270,target_bacteria,yersinia pseudotuberculosis,bacdive_species_exact_name_match,True,False,5,True,187
taxon:5037|organism:ajellomyces capsulatus (darling's disease fungus) (histoplasma capsulatum),8,target_fungi,ajellomyces capsulatus,not_applicable_fungi_or_non_bacdive_scope,False,False,0,False,0
taxon:5044|organism:hapsidospora chrysogena (acremonium chrysogenum),8,target_fungi,hapsidospora chrysogena,not_applicable_fungi_or_non_bacdive_scope,False,False,0,False,0
taxon:5046|organism:sarocladium strictum (black bundle disease fungus) (acremonium strictum),6,target_fungi,sarocladium strictum,not_applicable_fungi_or_non_bacdive_scope,False,False,0,False,0
taxon:5047|organism:epichloe coenophiala (tall fescue endophyte fungus) (neotyphodium coenophialum),2,target_fungi,epichloe coenophiala,not_applicable_fungi_or_non_bacdive_scope,False,False,0,False,0
taxon:5059|organism:aspergillus flavus,5,target_fungi,aspergillus flavus,not_applicable_fungi_or_non_bacdive_scope,False,False,0,False,0
taxon:5061|organism:aspergillus niger,56,target_fungi,aspergillus niger,not_applicable_fungi_or_non_bacdive_scope,False,False,0,False,0
taxon:5062|organism:aspergillus oryzae (yellow koji mold),3,target_fungi,aspergillus oryzae,not_applicable_fungi_or_non_bacdive_scope,False,False,0,False,0
taxon:506591|organism:leisingera caerulea (phaeobacter caeruleus),4,target_bacteria,leisingera caerulea,bacdive_species_exact_name_match,True,False,9,True,141
taxon:5067|organism:aspergillus parasiticus,3,target_fungi,aspergillus parasiticus,not_applicable_fungi_or_non_bacdive_scope,False,False,0,False,0
taxon:5074|organism:penicillium brevicompactum,36,target_fungi,penicillium brevicompactum,not_applicable_fungi_or_non_bacdive_scope,False,False,0,False,0
taxon:5075|organism:penicillium camembertii,1,target_fungi,penicillium camembertii,not_applicable_fungi_or_non_bacdive_scope,False,False,0,False,0
taxon:5076|organism:penicillium chrysogenum (penicillium notatum),21,target_fungi,penicillium chrysogenum,not_applicable_fungi_or_non_bacdive_scope,False,False,0,False,0
taxon:5077|organism:penicillium citrinum,6,target_fungi,penicillium citrinum,not_applicable_fungi_or_non_bacdive_scope,False,False,0,False,0
taxon:5078|organism:penicillium patulum (penicillium griseofulvum),6,target_fungi,penicillium patulum,not_applicable_fungi_or_non_bacdive_scope,False,False,0,False,0
taxon:5079|organism:penicillium janthinellum (penicillium vitale),3,target_fungi,penicillium janthinellum,not_applicable_fungi_or_non_bacdive_scope,False,False,0,False,0
taxon:5082|organism:penicillium roqueforti,3,target_fungi,penicillium roqueforti,not_applicable_fungi_or_non_bacdive_scope,False,False,0,False,0
taxon:5083|organism:penicillium canescens,5,target_fungi,penicillium canescens,not_applicable_fungi_or_non_bacdive_scope,False,False,0,False,0
taxon:508767|organism:clostridium botulinum (strain alaska e43 / type e3),112,target_bacteria,clostridium botulinum,bacdive_species_exact_name_match,True,False,0,True,157
taxon:509173|organism:acinetobacter baumannii (strain aye),131,target_bacteria,acinetobacter baumannii,bacdive_species_exact_name_match,True,False,6,True,186
taxon:5098|organism:monascus purpureus (red mold) (monascus anka),1,target_fungi,monascus purpureus,not_applicable_fungi_or_non_bacdive_scope,False,False,0,False,0
taxon:510516|organism:aspergillus oryzae (strain atcc 42149 / rib 40) (yellow koji mold),1,target_fungi,aspergillus oryzae,not_applicable_fungi_or_non_bacdive_scope,False,False,0,False,0
taxon:5111|organism:claviceps purpurea (ergot fungus) (sphacelia segetum),5,target_fungi,claviceps purpurea,not_applicable_fungi_or_non_bacdive_scope,False,False,0,False,0
taxon:5116|organism:cryphonectria parasitica (chestnut blight fungus) (endothia parasitica),2,target_fungi,cryphonectria parasitica,not_applicable_fungi_or_non_bacdive_scope,False,False,0,False,0
taxon:51173|organism:ureibacillus thermosphaericus,1,target_bacteria,ureibacillus thermosphaericus,bacdive_species_exact_name_match,True,False,4,True,163
taxon:511|organism:alcaligenes faecalis,7,target_bacteria,alcaligenes faecalis,bacdive_species_exact_name_match,True,False,0,True,186
taxon:512562|organism:helicobacter pylori (strain shi470),104,target_bacteria,helicobacter pylori,bacdive_species_exact_name_match,True,False,5,True,177
taxon:512566|organism:streptococcus pneumoniae serotype 19f (strain g54),75,target_bacteria,streptococcus pneumoniae,bacdive_species_exact_name_match,True,False,9,True,191
taxon:5127|organism:fusarium fujikuroi (bakanae and foot rot disease fungus) (gibberella fujikuroi),20,target_fungi,fusarium fujikuroi,not_applicable_fungi_or_non_bacdive_scope,False,False,0,False,0
taxon:5128|organism:gibberella pulicaris,1,target_fungi,gibberella pulicaris,not_applicable_fungi_or_non_bacdive_scope,False,False,0,False,0
taxon:512|organism:alcaligenes sp,5,target_bacteria,alcaligenes sp,bacdive_not_found,False,False,0,False,0
taxon:5142|organism:neurospora intermedia,1,target_fungi,neurospora intermedia,not_applicable_fungi_or_non_bacdive_scope,False,False,0,False,0
taxon:5143|organism:neurospora africana,1,target_fungi,neurospora africana,not_applicable_fungi_or_non_bacdive_scope,False,False,0,False,0
taxon:51453|organism:hypocrea jecorina (trichoderma reesei),16,target_fungi,hypocrea jecorina,not_applicable_fungi_or_non_bacdive_scope,False,False,0,False,0
taxon:5147|organism:sordaria macrospora,3,target_fungi,sordaria macrospora,not_applicable_fungi_or_non_bacdive_scope,False,False,0,False,0
taxon:51657|organism:nakaseomyces delphensis (yeast) (kluyveromyces delphensis),1,target_fungi,nakaseomyces delphensis,not_applicable_fungi_or_non_bacdive_scope,False,False,0,False,0
taxon:51662|organism:pimelobacter sp. (strain r48),1,target_bacteria,pimelobacter sp.,bacdive_not_found,False,False,0,False,0
taxon:516950|organism:streptococcus pneumoniae (strain cgsp14),81,target_bacteria,streptococcus pneumoniae,bacdive_species_exact_name_match,True,False,9,True,191
taxon:5180|organism:sclerotinia sclerotiorum (white mold) (whetzelinia sclerotiorum),1,target_fungi,sclerotinia sclerotiorum,not_applicable_fungi_or_non_bacdive_scope,False,False,0,False,0
taxon:518|organism:bordetella bronchiseptica (alcaligenes bronchisepticus),1,target_bacteria,bordetella bronchiseptica,bacdive_species_exact_name_match,True,False,7,True,173
taxon:51915|organism:maudiozyma humilis (sour dough yeast) (kazachstania humilis),2,target_fungi,maudiozyma humilis,not_applicable_fungi_or_non_bacdive_scope,False,False,0,False,0
taxon:5191|organism:ascobolus immersus,4,target_fungi,ascobolus immersus,not_applicable_fungi_or_non_bacdive_scope,False,False,0,False,0
taxon:5207|organism:cryptococcus neoformans (filobasidiella neoformans),1,target_fungi,cryptococcus neoformans,not_applicable_fungi_or_non_bacdive_scope,False,False,0,False,0
taxon:520|organism:bordetella pertussis,1,target_bacteria,bordetella pertussis,bacdive_species_exact_name_match,True,False,4,True,199
taxon:521007|organism:borreliella burgdorferi (strain n40) (borrelia burgdorferi),1,target_bacteria,borreliella burgdorferi,bacdive_species_exact_name_match,True,False,5,True,135
taxon:5219|organism:exidia glandulosa (black witches' butter) (tremella glandulosa),1,target_fungi,exidia glandulosa,not_applicable_fungi_or_non_bacdive_scope,False,False,0,False,0
taxon:521|organism:bordetella avium,1,target_bacteria,bordetella avium,bacdive_species_exact_name_match,True,False,4,True,177
taxon:523796|organism:staphylococcus aureus (strain mrsa st398 / isolate s0385),1,target_bacteria,staphylococcus aureus,bacdive_species_exact_name_match,True,False,4,True,202
taxon:523841|organism:haloferax mediterranei (strain atcc 33500 / dsm 1411 / jcm 8866 / nbrc 14739 / ncimb 2177 / r-4) (halobacterium mediterranei),10,target_archaea,haloferax mediterranei,bacdive_exact_culture_collection,True,True,4,False,0
taxon:525244|organism:acinetobacter sp. (strain atcc 27244 / 9458),2,target_bacteria,acinetobacter sp.,bacdive_not_found,False,False,0,False,0
taxon:526|organism:acidiphilium rubrum,4,target_bacteria,acidiphilium rubrum,bacdive_not_found,False,False,0,True,76
taxon:5270|organism:mycosarcoma maydis (corn smut fungus) (ustilago maydis),4,target_fungi,mycosarcoma maydis,not_applicable_fungi_or_non_bacdive_scope,False,False,0,False,0
taxon:5286|organism:rhodotorula toruloides (yeast) (rhodosporidium toruloides),24,target_fungi,rhodotorula toruloides,not_applicable_fungi_or_non_bacdive_scope,False,False,0,False,0
taxon:5297|organism:puccinia graminis (black stem rust fungus),1,target_fungi,puccinia graminis,not_applicable_fungi_or_non_bacdive_scope,False,False,0,False,0
taxon:52|organism:chondromyces crocatus,2,target_bacteria,chondromyces crocatus,bacdive_species_exact_name_match,True,False,4,True,79
taxon:5315|organism:ganoderma lucidum (ling zhi medicinal fungus) (bracket fungus),23,target_fungi,ganoderma lucidum,not_applicable_fungi_or_non_bacdive_scope,False,False,0,False,0
taxon:5322|organism:pleurotus ostreatus (oyster mushroom) (white-rot fungus),2,target_fungi,pleurotus ostreatus,not_applicable_fungi_or_non_bacdive_scope,False,False,0,False,0
taxon:5323|organism:pleurotus eryngii (boletus of the steppes),3,target_fungi,pleurotus eryngii,not_applicable_fungi_or_non_bacdive_scope,False,False,0,False,0
taxon:5325|organism:trametes versicolor (white-rot fungus) (coriolus versicolor),3,target_fungi,trametes versicolor,not_applicable_fungi_or_non_bacdive_scope,False,False,0,False,0
taxon:5327|organism:trametes hirsuta (white-rot fungus) (coriolus hirsutus),2,target_fungi,trametes hirsuta,not_applicable_fungi_or_non_bacdive_scope,False,False,0,False,0
taxon:53336|organism:tatumella citrea (pantoea citrea),1,target_bacteria,tatumella citrea,bacdive_species_exact_name_match,True,False,9,True,152
taxon:5334|organism:schizophyllum commune (split gill fungus),9,target_fungi,schizophyllum commune,not_applicable_fungi_or_non_bacdive_scope,False,False,0,False,0
taxon:53406|organism:pseudomonas anguilliseptica,1,target_bacteria,pseudomonas anguilliseptica,bacdive_species_exact_name_match,True,False,5,True,153
taxon:53412|organism:metapseudomonas resinovorans (pseudomonas resinovorans),5,target_bacteria,metapseudomonas resinovorans,bacdive_species_taxid_or_synonym_match,True,False,9,True,151
taxon:53419|organism:treponema socranskii,1,target_bacteria,treponema socranskii,bacdive_species_exact_name_match,True,False,3,True,137
taxon:5341|organism:agaricus bisporus (white button mushroom),22,target_fungi,agaricus bisporus,not_applicable_fungi_or_non_bacdive_scope,False,False,0,False,0
taxon:53446|organism:streptomyces cinnamoneus (streptoverticillium cinnamoneum),2,target_bacteria,streptomyces cinnamoneus,bacdive_species_exact_name_match,True,False,0,True,155
taxon:5346|organism:coprinopsis cinerea (inky cap fungus) (hormographiella aspergillata),5,target_fungi,coprinopsis cinerea,not_applicable_fungi_or_non_bacdive_scope,False,False,0,False,0
taxon:5353|organism:lentinula edodes (shiitake mushroom) (lentinus edodes),3,target_fungi,lentinula edodes,not_applicable_fungi_or_non_bacdive_scope,False,False,0,False,0
taxon:536056|organism:escherichia coli (strain atcc 33849 / dsm 4235 / ncimb 12045 / k12 / dh1),8,target_bacteria,escherichia coli,bacdive_exact_culture_collection,True,True,7,True,218
taxon:53953|organism:pyrococcus horikoshii,2,target_archaea,pyrococcus horikoshii,bacdive_species_exact_name_match,True,False,5,True,134
taxon:54061|organism:ralstonia sp,9,target_bacteria,ralstonia sp,bacdive_not_found,False,False,0,False,0
taxon:54076|organism:thermococcus zilligii,1,target_archaea,thermococcus zilligii,bacdive_species_exact_name_match,True,False,5,True,135
taxon:5417|organism:vanrija humicola (yeast) (cryptococcus humicola),4,target_fungi,vanrija humicola,not_applicable_fungi_or_non_bacdive_scope,False,False,0,False,0
taxon:54291|organism:raoultella ornithinolytica (klebsiella ornithinolytica),1,target_bacteria,raoultella ornithinolytica,bacdive_species_exact_name_match,True,False,3,False,0
taxon:544404|organism:escherichia coli o157:h7 (strain tw14359 / ehec),7,target_bacteria,escherichia coli,bacdive_species_exact_name_match,True,False,1,True,218
taxon:544406|organism:helicobacter pylori (strain b128),1,target_bacteria,helicobacter pylori,bacdive_species_exact_name_match,True,False,5,True,177
taxon:54571|organism:streptomyces venezuelae,11,target_bacteria,streptomyces venezuelae,bacdive_species_exact_name_match,True,False,3,True,148
taxon:545|organism:citrobacter koseri (citrobacter diversus),2,target_bacteria,citrobacter koseri,bacdive_species_exact_name_match,True,False,4,True,190
taxon:5466|organism:colletotrichum trifolii,1,target_fungi,colletotrichum trifolii,not_applicable_fungi_or_non_bacdive_scope,False,False,0,False,0
taxon:546|organism:citrobacter freundii,22,target_bacteria,citrobacter freundii,bacdive_species_exact_name_match,True,False,0,True,177
taxon:5476|organism:candida albicans (yeast),48,target_fungi,candida albicans,not_applicable_fungi_or_non_bacdive_scope,False,False,0,False,0
taxon:5477|organism:candida boidinii (yeast),8,target_fungi,candida boidinii,not_applicable_fungi_or_non_bacdive_scope,False,False,0,False,0
taxon:5479|organism:candida maltosa (yeast),13,target_fungi,candida maltosa,not_applicable_fungi_or_non_bacdive_scope,False,False,0,False,0
taxon:5480|organism:candida parapsilosis (yeast),10,target_fungi,candida parapsilosis,not_applicable_fungi_or_non_bacdive_scope,False,False,0,False,0
taxon:5481|organism:diutina rugosa (yeast) (candida rugosa),2,target_fungi,diutina rugosa,not_applicable_fungi_or_non_bacdive_scope,False,False,0,False,0
taxon:5482|organism:candida tropicalis (yeast),25,target_fungi,candida tropicalis,not_applicable_fungi_or_non_bacdive_scope,False,False,0,False,0
taxon:548|organism:klebsiella aerogenes (enterobacter aerogenes),24,target_bacteria,klebsiella aerogenes,bacdive_species_exact_name_match,True,False,0,False,0
taxon:5499|organism:passalora fulva (tomato leaf mold) (cladosporium fulvum),1,target_fungi,passalora fulva,not_applicable_fungi_or_non_bacdive_scope,False,False,0,False,0
taxon:549|organism:enterobacter agglomerans (erwinia herbicola) (pantoea agglomerans),23,target_bacteria,enterobacter agglomerans,bacdive_species_exact_name_match,True,False,4,True,171
taxon:5503|organism:cochliobolus lunatus (filamentous fungus) (curvularia lunata),5,target_fungi,cochliobolus lunatus,not_applicable_fungi_or_non_bacdive_scope,False,False,0,False,0
taxon:5507|organism:fusarium oxysporum (fusarium vascular wilt),11,target_fungi,fusarium oxysporum,not_applicable_fungi_or_non_bacdive_scope,False,False,0,False,0
taxon:550|organism:enterobacter cloacae,11,target_bacteria,enterobacter cloacae,bacdive_species_exact_name_match,True,False,0,True,184
taxon:5514|organism:fusarium sporotrichioides,1,target_fungi,fusarium sporotrichioides,not_applicable_fungi_or_non_bacdive_scope,False,False,0,False,0
taxon:55158|organism:streptomyces peucetius subsp. caesius,6,target_bacteria,streptomyces peucetius,bacdive_species_exact_name_match,True,False,0,True,135
taxon:5516|organism:fusarium culmorum,1,target_fungi,fusarium culmorum,not_applicable_fungi_or_non_bacdive_scope,False,False,0,False,0
taxon:5518|organism:gibberella zeae (wheat head blight fungus) (fusarium graminearum),1,target_fungi,gibberella zeae,not_applicable_fungi_or_non_bacdive_scope,False,False,0,False,0
taxon:55209|organism:pantoea cypripedii (pectobacterium cypripedii) (erwinia cypripedii),3,target_bacteria,pantoea cypripedii,bacdive_species_exact_name_match,True,False,4,True,169
taxon:5520|organism:microdochium nivale (pink snow mold) (lanosa nivalis),6,target_fungi,microdochium nivale,not_applicable_fungi_or_non_bacdive_scope,False,False,0,False,0
taxon:55212|organism:erwinia rhapontici (pectobacterium rhapontici),2,target_bacteria,erwinia rhapontici,bacdive_species_exact_name_match,True,False,9,True,155
taxon:5523|organism:gibberella baccata (fusarium lateritium),1,target_fungi,gibberella baccata,not_applicable_fungi_or_non_bacdive_scope,False,False,0,False,0
taxon:552536|organism:listeria monocytogenes serotype 4a (strain hcc23),150,target_bacteria,listeria monocytogenes,bacdive_species_exact_name_match,True,False,2,True,204
taxon:5530|organism:metarhizium anisopliae (entomophthora anisopliae),4,target_fungi,metarhizium anisopliae,not_applicable_fungi_or_non_bacdive_scope,False,False,0,False,0
taxon:553199|organism:cutibacterium acnes (strain sk137) (propionibacterium acnes),1,target_bacteria,cutibacterium acnes,bacdive_species_exact_name_match,True,False,3,True,208
taxon:553611|organism:photobacterium leiognathi,5,target_bacteria,photobacterium leiognathi,bacdive_species_exact_name_match,True,False,9,True,152
taxon:5537|organism:rhodotorula mucilaginosa (yeast) (rhodotorula rubra),2,target_fungi,rhodotorula mucilaginosa,not_applicable_fungi_or_non_bacdive_scope,False,False,0,False,0
taxon:553|organism:pantoea ananas (erwinia uredovora),11,target_bacteria,pantoea ananas,bacdive_species_taxid_or_synonym_match,True,False,9,True,165
taxon:5541|organism:thermomyces lanuginosus (thermophilic fungus) (humicola lanuginosa),1,target_fungi,thermomyces lanuginosus,not_applicable_fungi_or_non_bacdive_scope,False,False,0,False,0
taxon:5544|organism:trichoderma harzianum (hypocrea lixii),2,target_fungi,trichoderma harzianum,not_applicable_fungi_or_non_bacdive_scope,False,False,0,False,0
taxon:5547|organism:hypocrea rufa (trichoderma viride),1,target_fungi,hypocrea rufa,not_applicable_fungi_or_non_bacdive_scope,False,False,0,False,0
taxon:5548|organism:trichoderma longibrachiatum,1,target_fungi,trichoderma longibrachiatum,not_applicable_fungi_or_non_bacdive_scope,False,False,0,False,0
taxon:554|organism:pectobacterium carotovorum (erwinia carotovora),1,target_bacteria,pectobacterium carotovorum,bacdive_species_exact_name_match,True,False,3,True,163
taxon:555311|organism:saccharolobus solfataricus (strain 98/2) (sulfolobus solfataricus),1,target_archaea,saccharolobus solfataricus,bacdive_species_exact_name_match,True,False,1,True,140
taxon:5554|organism:cutaneotrichosporon cutaneum (yeast) (trichosporon cutaneum),2,target_fungi,cutaneotrichosporon cutaneum,not_applicable_fungi_or_non_bacdive_scope,False,False,0,False,0
taxon:55588|organism:uromyces fabae (rust fungus),4,target_fungi,uromyces fabae,not_applicable_fungi_or_non_bacdive_scope,False,False,0,False,0
taxon:555970|organism:bifidobacterium animalis subsp. lactis (strain dsm 10140 / ccug 37979 / jcm 10602 / lmg 18314 / nrrl b-41405 / ur1),2,target_bacteria,bifidobacterium animalis,bacdive_species_exact_name_match,True,False,3,True,184
taxon:555|organism:pectobacterium carotovorum subsp. carotovorum (erwinia carotovora subsp. carotovora),10,target_bacteria,pectobacterium carotovorum,bacdive_species_exact_name_match,True,False,3,True,163
taxon:55601|organism:vibrio anguillarum (listonella anguillarum),1,target_bacteria,vibrio anguillarum,bacdive_species_taxid_or_synonym_match,True,False,9,True,170
taxon:556|organism:dickeya chrysanthemi (pectobacterium chrysanthemi) (erwinia chrysanthemi),5,target_bacteria,dickeya chrysanthemi,bacdive_species_exact_name_match,True,False,2,True,163
taxon:557433|organism:limosilactobacillus reuteri subsp. reuteri (strain jcm 1112) (lactobacillus reuteri),68,target_bacteria,limosilactobacillus reuteri,bacdive_exact_culture_collection,True,True,9,True,180
taxon:557722|organism:pseudomonas aeruginosa (strain lesb58),220,target_bacteria,pseudomonas aeruginosa,bacdive_species_exact_name_match,True,False,7,True,219
taxon:557760|organism:cereibacter sphaeroides (strain kd131 / kctc 12085) (rhodobacter sphaeroides),111,target_bacteria,cereibacter sphaeroides,bacdive_species_exact_name_match,True,False,5,True,159
taxon:5580|organism:aureobasidium pullulans (black yeast) (pullularia pullulans),1,target_fungi,aureobasidium pullulans,not_applicable_fungi_or_non_bacdive_scope,False,False,0,False,0
taxon:559292|organism:saccharomyces cerevisiae (strain atcc 204508 / s288c) (baker's yeast),3,target_fungi,saccharomyces cerevisiae,not_applicable_fungi_or_non_bacdive_scope,False,False,0,False,0
taxon:55952|organism:streptomyces toyocaensis,1,target_bacteria,streptomyces toyocaensis,bacdive_not_found,False,False,0,True,133
taxon:5599|organism:alternaria alternata (alternaria rot fungus) (torula alternata),11,target_fungi,alternaria alternata,not_applicable_fungi_or_non_bacdive_scope,False,False,0,False,0
taxon:561231|organism:pectobacterium parmentieri (strain wpp163) (pectobacterium wasabiae (strain wpp163)),1,target_bacteria,pectobacterium parmentieri,bacdive_species_exact_name_match,True,False,7,True,141
taxon:561275|organism:mycobacterium bovis (strain bcg / tokyo 172 / atcc 35737 / tmc 1019),144,target_bacteria,mycobacterium tuberculosis,bacdive_species_exact_name_match,True,False,3,True,147
taxon:561276|organism:streptococcus pneumoniae (strain atcc 700669 / spain 23f-1),103,target_bacteria,streptococcus pneumoniae,bacdive_species_exact_name_match,True,False,9,True,191
taxon:561501|organism:buchnera aphidicola subsp. acyrthosiphon pisum (strain tuc7),100,target_bacteria,buchnera aphidicola,bacdive_not_found,False,False,0,True,133
taxon:561896|organism:postia placenta (strain atcc 44394 / madison 698-r) (brown rot fungus) (poria monticola),47,target_fungi,rhodonia placenta,not_applicable_fungi_or_non_bacdive_scope,False,False,0,False,0
taxon:5627|organism:grifola frondosa (maitake) (polyporus frondosus),1,target_fungi,grifola frondosa,not_applicable_fungi_or_non_bacdive_scope,False,False,0,False,0
taxon:562|organism:escherichia coli,81,target_bacteria,escherichia coli,bacdive_species_exact_name_match,True,False,1,True,218
taxon:563|organism:shimwellia blattae (escherichia blattae),1,target_bacteria,shimwellia blattae,bacdive_species_exact_name_match,True,False,9,True,158
taxon:564|organism:escherichia fergusonii,1,target_bacteria,escherichia fergusonii,bacdive_species_exact_name_match,True,False,3,True,180
taxon:565042|organism:bifidobacterium longum subsp. longum (strain atcc 15707 / dsm 20219 / jcm 1217 / nctc 11818 / e194b),5,target_bacteria,bifidobacterium longum,bacdive_species_exact_name_match,True,False,0,True,182
taxon:565|organism:atlantibacter hermannii (escherichia hermannii),1,target_bacteria,atlantibacter hermannii,bacdive_species_taxid_or_synonym_match,True,False,9,True,171
taxon:56636|organism:aeropyrum pernix,1,target_archaea,aeropyrum pernix,bacdive_species_exact_name_match,True,False,9,True,138
taxon:56641|organism:fusarium cerealis (fusarium crookwellense),1,target_fungi,fusarium cerealis,not_applicable_fungi_or_non_bacdive_scope,False,False,0,False,0
taxon:566679|organism:bradyrhizobium sp. (strain ors 375),1,target_bacteria,bradyrhizobium sp.,bacdive_not_found,False,False,0,False,0
taxon:566|organism:pseudescherichia vulneris (escherichia vulneris),12,target_bacteria,pseudescherichia vulneris,bacdive_species_exact_name_match,True,False,1,True,176
taxon:56812|organism:shewanella frigidimarina,1,target_bacteria,shewanella frigidimarina,bacdive_species_exact_name_match,True,False,9,True,163
taxon:568206|organism:bacillus anthracis (strain cdc 684 / nrrl 3495),198,target_bacteria,bacillus anthracis,bacdive_species_exact_name_match,True,False,0,True,139
taxon:56877|organism:helicobacter bizzozeronii,1,target_bacteria,helicobacter bizzozeronii,bacdive_species_exact_name_match,True,False,5,True,131
taxon:568819|organism:listeria monocytogenes serotype 4b (strain clip80459),159,target_bacteria,listeria monocytogenes,bacdive_species_exact_name_match,True,False,2,True,204
taxon:56956|organism:thermus brockianus,1,target_bacteria,thermus brockianus,bacdive_species_exact_name_match,True,False,3,True,137
taxon:569|organism:hafnia alvei,1,target_bacteria,hafnia alvei,bacdive_species_exact_name_match,True,False,4,True,179
taxon:56|organism:sorangium cellulosum (polyangium cellulosum),2,target_bacteria,sorangium cellulosum,bacdive_species_exact_name_match,True,False,4,True,137
taxon:57040|organism:malonomonas rubra,1,target_bacteria,malonomonas rubra,bacdive_species_exact_name_match,True,False,5,True,137
taxon:570417|organism:wolbachia pipientis subsp. culex pipiens (strain wpip),50,target_bacteria,wolbachia endosymbiont of culex quinquefasciatus,bacdive_not_found,False,False,0,False,0
taxon:57045|organism:salmonella paratyphi b (salmonella enterica subsp. enterica serovar paratyphi b),1,target_bacteria,salmonella enterica,bacdive_species_exact_name_match,True,False,8,True,210
taxon:57174|organism:caldococcus noboribetus,1,target_archaea,caldococcus noboribetus,bacdive_species_exact_name_match,True,False,3,False,0
taxon:571|organism:klebsiella oxytoca,17,target_bacteria,klebsiella oxytoca,bacdive_species_exact_name_match,True,False,0,False,0
taxon:573235|organism:escherichia coli o26:h11 (strain 11368 / ehec),8,target_bacteria,escherichia coli,bacdive_species_exact_name_match,True,False,1,True,218
taxon:573|organism:klebsiella pneumoniae,53,target_bacteria,klebsiella pneumoniae,bacdive_species_exact_name_match,True,False,7,False,0
taxon:575|organism:raoultella planticola (klebsiella planticola),2,target_bacteria,raoultella planticola,bacdive_species_exact_name_match,True,False,1,False,0
taxon:57679|organism:cutaneotrichosporon curvatum (oleaginous yeast) (cryptococcus curvatus),1,target_fungi,cutaneotrichosporon curvatum,not_applicable_fungi_or_non_bacdive_scope,False,False,0,False,0
taxon:576|organism:klebsiella sp,2,target_bacteria,klebsiella sp,bacdive_not_found,False,False,0,False,0
taxon:57706|organism:citrobacter braakii,1,target_bacteria,citrobacter braakii,bacdive_species_exact_name_match,True,False,4,True,179
taxon:577|organism:raoultella terrigena (klebsiella terrigena),5,target_bacteria,raoultella terrigena,bacdive_species_exact_name_match,True,False,5,False,0
taxon:58172|organism:paenibacillus sp,2,target_bacteria,paenibacillus sp,bacdive_not_found,False,False,0,False,0
taxon:582|organism:morganella morganii (proteus morganii),4,target_bacteria,morganella morganii,bacdive_species_exact_name_match,True,False,5,True,180
taxon:58346|organism:streptomyces platensis,2,target_bacteria,streptomyces platensis,bacdive_species_exact_name_match,True,False,3,True,130
taxon:58351|organism:kitasatospora kifunensis (streptomyces kifunensis),2,target_bacteria,kitasatospora kifunensis,bacdive_species_exact_name_match,True,False,3,True,151
taxon:584|organism:proteus mirabilis,7,target_bacteria,proteus mirabilis,bacdive_species_exact_name_match,True,False,0,True,187
taxon:585034|organism:escherichia coli o8 (strain iai1),366,target_bacteria,escherichia coli,bacdive_species_exact_name_match,True,False,1,True,218
taxon:585054|organism:escherichia fergusonii (strain atcc 35469 / dsm 13698 / ccug 18766 / iam 14443 / jcm 21226 / lmg 7866 / nbrc 102419 / nctc 12128 / cdc 0568-73),1,target_bacteria,escherichia fergusonii,bacdive_exact_culture_collection,True,True,9,True,180
taxon:585395|organism:escherichia coli o103:h2 (strain 12009 / ehec),8,target_bacteria,escherichia coli,bacdive_species_exact_name_match,True,False,1,True,218
taxon:585396|organism:escherichia coli o111:h- (strain 11128 / ehec),8,target_bacteria,escherichia coli,bacdive_species_exact_name_match,True,False,1,True,218
taxon:585|organism:proteus vulgaris,5,target_bacteria,proteus vulgaris,bacdive_species_exact_name_match,True,False,0,True,184
taxon:58712|organism:salmonella anatum,3,target_bacteria,salmonella enterica,bacdive_species_exact_name_match,True,False,8,True,210
taxon:587|organism:providencia rettgeri,1,target_bacteria,providencia rettgeri,bacdive_species_exact_name_match,True,False,0,True,178
taxon:588|organism:providencia stuartii,4,target_bacteria,providencia stuartii,bacdive_species_exact_name_match,True,False,1,True,178
taxon:591020|organism:shigella flexneri serotype x (strain 2002017),8,target_bacteria,shigella flexneri,bacdive_species_exact_name_match,True,False,4,True,180
taxon:591157|organism:streptomyces sp. (strain spb78),1,target_bacteria,streptomyces sp.,bacdive_not_found,False,False,0,False,0
taxon:591159|organism:streptomyces viridochromogenes (strain dsm 40736 / jcm 4977 / bcrc 1201 / tue 494),2,target_bacteria,streptomyces viridochromogenes,bacdive_exact_culture_collection,True,True,4,True,138
taxon:592021|organism:bacillus anthracis (strain a0248),194,target_bacteria,bacillus anthracis,bacdive_species_exact_name_match,True,False,0,True,139
taxon:59205|organism:salmonella houtenae,1,target_bacteria,salmonella enterica,bacdive_species_exact_name_match,True,False,8,True,210
taxon:592205|organism:helicobacter pylori (strain b38),1,target_bacteria,helicobacter pylori,bacdive_species_exact_name_match,True,False,5,True,177
taxon:59374|organism:fibrobacter succinogenes (strain atcc 19169 / s85),6,target_bacteria,fibrobacter succinogenes,bacdive_exact_culture_collection,True,True,1,False,0
taxon:59405|organism:thauera aromatica,28,target_bacteria,thauera aromatica,bacdive_species_exact_name_match,True,False,5,True,134
taxon:59406|organism:aromatoleum evansii (azoarcus evansii),10,target_bacteria,aromatoleum evansii,bacdive_species_exact_name_match,True,False,5,True,20
taxon:594|organism:salmonella gallinarum,4,target_bacteria,salmonella enterica,bacdive_species_exact_name_match,True,False,8,True,210
taxon:595496|organism:escherichia coli (strain k12 / mc4100 / bw2952),352,target_bacteria,escherichia coli,bacdive_exact_designation,True,True,9,True,218
taxon:595605|organism:sphingobium wenxiniae (strain dsm 21828 / cgmcc 1.7748 / jz-1),1,target_bacteria,sphingobium wenxiniae,bacdive_exact_culture_collection,True,True,5,True,97
taxon:596|organism:salmonella muenchen,4,target_bacteria,salmonella enterica,bacdive_species_exact_name_match,True,False,8,True,210
taxon:5970|organism:exophiala dermatitidis (black yeast-like fungus) (wangiella dermatitidis),1,target_fungi,exophiala dermatitidis,not_applicable_fungi_or_non_bacdive_scope,False,False,0,False,0
taxon:59931|organism:synechococcus sp. (strain wh7805),2,target_bacteria,synechococcus sp.,bacdive_not_found,False,False,0,False,0
taxon:600|organism:salmonella thompson,1,target_bacteria,salmonella enterica,bacdive_species_exact_name_match,True,False,8,True,210
taxon:60175|organism:penicillium nalgiovense,1,target_fungi,penicillium nalgiovense,not_applicable_fungi_or_non_bacdive_scope,False,False,0,False,0
taxon:60480|organism:shewanella sp. (strain mr-4),203,target_bacteria,shewanella sp.,bacdive_not_found,False,False,0,False,0
taxon:60894|organism:saccharopolyspora spinosa,4,target_bacteria,saccharopolyspora spinosa,bacdive_species_exact_name_match,True,False,5,True,152
taxon:61016|organism:virgibacillus salexigens (salibacillus salexigens),1,target_bacteria,virgibacillus salexigens,bacdive_species_exact_name_match,True,False,6,True,104
taxon:615|organism:serratia marcescens,35,target_bacteria,serratia marcescens,bacdive_species_exact_name_match,True,False,1,True,198
taxon:61646|organism:lelliottia amnigena (enterobacter amnigenus),2,target_bacteria,lelliottia amnigena,bacdive_species_exact_name_match,True,False,1,True,155
taxon:618|organism:serratia odorifera,1,target_bacteria,serratia odorifera,bacdive_species_exact_name_match,True,False,2,True,169
taxon:621|organism:shigella boydii,3,target_bacteria,shigella boydii,bacdive_species_exact_name_match,True,False,6,True,179
taxon:622|organism:shigella dysenteriae,7,target_bacteria,shigella dysenteriae,bacdive_species_exact_name_match,True,False,2,True,175
taxon:623|organism:shigella flexneri,562,target_bacteria,shigella flexneri,bacdive_species_exact_name_match,True,False,4,True,180
taxon:624|organism:shigella sonnei,4,target_bacteria,shigella sonnei,bacdive_species_exact_name_match,True,False,5,True,179
taxon:627192|organism:sphingobium sp. (strain nbrc 103272 / syk-6),21,target_bacteria,sphingobium sp.,bacdive_exact_culture_collection,True,True,3,False,0
taxon:630|organism:yersinia enterocolitica,8,target_bacteria,yersinia enterocolitica,bacdive_species_exact_name_match,True,False,6,True,196
taxon:631|organism:yersinia intermedia,1,target_bacteria,yersinia intermedia,bacdive_species_exact_name_match,True,False,4,True,183
taxon:632|organism:yersinia pestis,403,target_bacteria,yersinia pestis,bacdive_species_exact_name_match,True,False,0,True,135
taxon:633|organism:yersinia pseudotuberculosis,4,target_bacteria,yersinia pseudotuberculosis,bacdive_species_exact_name_match,True,False,5,True,187
taxon:63400|organism:arthroderma benhamiae (trichophyton mentagrophytes),1,target_fungi,arthroderma benhamiae,not_applicable_fungi_or_non_bacdive_scope,False,False,0,False,0
taxon:634|organism:yersinia bercovieri,1,target_bacteria,yersinia bercovieri,bacdive_species_exact_name_match,True,False,3,True,176
taxon:63577|organism:hypocrea atroviridis (trichoderma atroviride),19,target_fungi,hypocrea atroviridis,not_applicable_fungi_or_non_bacdive_scope,False,False,0,False,0
taxon:636|organism:edwardsiella tarda,1,target_bacteria,edwardsiella tarda,bacdive_species_exact_name_match,True,False,1,True,172
taxon:640131|organism:klebsiella variicola (strain at-22),10,target_bacteria,klebsiella variicola,bacdive_species_exact_name_match,True,False,5,False,0
taxon:641143|organism:capnocytophaga granulosa (strain atcc 51502 / dsm 11449 / jcm 8566 / lmg 16022 / nctc 12948 / b0611),2,target_bacteria,capnocytophaga granulosa,bacdive_exact_culture_collection,True,True,9,False,0
taxon:64363|organism:dothistroma septosporum (red band needle blight fungus) (mycosphaerella pini),2,target_fungi,dothistroma septosporum,not_applicable_fungi_or_non_bacdive_scope,False,False,0,False,0
taxon:643680|organism:saccharomyces cerevisiae (strain lalvin ec1118 / prise de mousse) (baker's yeast),2,target_fungi,saccharomyces cerevisiae,not_applicable_fungi_or_non_bacdive_scope,False,False,0,False,0
taxon:644107|organism:ruegeria lacuscaerulensis (strain dsm 11314 / kctc 2953 / iti-1157) (silicibacter lacuscaerulensis),1,target_bacteria,ruegeria lacuscaerulensis,bacdive_exact_culture_collection,True,True,4,True,134
taxon:64471|organism:synechococcus sp. (strain cc9311),117,target_bacteria,synechococcus sp.,bacdive_not_found,False,False,0,False,0
taxon:64495|organism:rhizopus oryzae (mucormycosis agent) (rhizopus arrhizus var. delemar),4,target_fungi,rhizopus oryzae,not_applicable_fungi_or_non_bacdive_scope,False,False,0,False,0
taxon:644|organism:aeromonas hydrophila,7,target_bacteria,aeromonas hydrophila,bacdive_species_exact_name_match,True,False,0,True,194
taxon:64518|organism:mortierella alpina (oleaginous fungus) (mortierella renispora),5,target_fungi,mortierella alpina,not_applicable_fungi_or_non_bacdive_scope,False,False,0,False,0
taxon:645657|organism:bacillus subtilis subsp. natto (strain best195),1,target_bacteria,bacillus subtilis,bacdive_species_exact_name_match,True,False,7,True,179
taxon:648682|organism:clitopilus passeckerianus (pleurotus passeckerianus),3,target_fungi,clitopilus passeckerianus,not_applicable_fungi_or_non_bacdive_scope,False,False,0,False,0
taxon:648|organism:aeromonas caviae (aeromonas punctata),2,target_bacteria,aeromonas caviae,bacdive_species_exact_name_match,True,False,1,True,187
taxon:65058|organism:corynebacterium ulcerans,2,target_bacteria,corynebacterium ulcerans,bacdive_species_exact_name_match,True,False,5,True,169
taxon:650|organism:aeromonas jandaei,1,target_bacteria,aeromonas jandaei,bacdive_species_exact_name_match,True,False,5,True,168
taxon:651740|organism:pseudomonas cedrina,1,target_bacteria,pseudomonas cedrina,bacdive_species_exact_name_match,True,False,5,True,157
taxon:652616|organism:mycobacterium tuberculosis (strain atcc 35801 / tmc 107 / erdman),9,target_bacteria,mycobacterium tuberculosis,bacdive_species_exact_name_match,True,False,3,True,147
taxon:655812|organism:aerococcus viridans (strain atcc 11563 / dsm 20340 / ccug 4311 / jcm 20461 / nbrc 12219 / nctc 8251 / m1),2,target_bacteria,aerococcus viridans,bacdive_exact_culture_collection,True,True,9,True,192
taxon:65786|organism:hydrogenophaga intermedia,1,target_bacteria,hydrogenophaga intermedia,bacdive_species_exact_name_match,True,False,9,True,153
taxon:659244|organism:saccharomyces uvarum (strain atcc 76518 / cbs 7001 / clib 283 / nbrc 10550 / mcyc 623 / ncyc 2669 / nrrl y-11845) (yeast) (saccharomyces bayanus var. uvarum),1,target_fungi,saccharomyces uvarum,not_applicable_fungi_or_non_bacdive_scope,False,False,0,False,0
taxon:659|organism:photobacterium phosphoreum,6,target_bacteria,photobacterium phosphoreum,bacdive_species_exact_name_match,True,False,3,True,166
taxon:66084|organism:wolbachia sp. subsp. drosophila simulans (strain wri),46,target_bacteria,wolbachia sp. subsp. drosophila simulans,bacdive_not_found,False,False,0,False,0
taxon:662548|organism:variovorax sp. (strain jcm 16519 / ra8),4,target_bacteria,variovorax sp.,bacdive_exact_culture_collection,True,True,3,False,0
taxon:66377|organism:streptomyces violens (chainia violens),1,target_bacteria,streptomyces violens,bacdive_species_exact_name_match,True,False,0,True,149
taxon:663951|organism:staphylococcus aureus (strain tw20 / 0582),1,target_bacteria,staphylococcus aureus,bacdive_species_exact_name_match,True,False,4,True,202
taxon:663|organism:vibrio alginolyticus,10,target_bacteria,vibrio alginolyticus,bacdive_species_exact_name_match,True,False,8,True,184
taxon:66431|organism:streptomyces thioluteus,6,target_bacteria,streptomyces thioluteus,bacdive_species_exact_name_match,True,False,9,True,39
taxon:666|organism:vibrio cholerae,2,target_bacteria,vibrio cholerae,bacdive_species_exact_name_match,True,False,3,True,202
taxon:66712|organism:propionibacterium freudenreichii subsp. freudenreichii,6,target_bacteria,propionibacterium freudenreichii,bacdive_species_exact_name_match,True,False,5,True,182
taxon:66821|organism:sulfurospirillum multivorans (dehalospirillum multivorans),3,target_bacteria,sulfurospirillum multivorans,bacdive_species_exact_name_match,True,False,5,True,134
taxon:66869|organism:streptomyces atroolivaceus,1,target_bacteria,streptomyces atroolivaceus,bacdive_species_exact_name_match,True,False,0,True,160
taxon:66881|organism:streptomyces cremeus,8,target_bacteria,streptomyces cremeus,bacdive_species_exact_name_match,True,False,5,True,27
taxon:668|organism:aliivibrio fischeri (vibrio fischeri),7,target_bacteria,aliivibrio fischeri,bacdive_species_exact_name_match,True,False,1,True,174
taxon:669|organism:vibrio harveyi (beneckea harveyi),8,target_bacteria,vibrio harveyi,bacdive_species_exact_name_match,True,False,0,True,183
taxon:670|organism:vibrio parahaemolyticus,1,target_bacteria,vibrio parahaemolyticus,bacdive_species_exact_name_match,True,False,0,True,198
taxon:671|organism:vibrio proteolyticus (aeromonas proteolytica),1,target_bacteria,vibrio proteolyticus,bacdive_species_exact_name_match,True,False,9,True,153
taxon:67294|organism:streptomyces filamentosus (streptomyces roseosporus),1,target_bacteria,streptomyces filamentosus,bacdive_species_exact_name_match,True,False,5,True,160
taxon:672|organism:vibrio vulnificus,6,target_bacteria,vibrio vulnificus,bacdive_species_exact_name_match,True,False,1,True,188
taxon:67327|organism:streptomyces melanosporofaciens,5,target_bacteria,streptomyces melanosporofaciens,bacdive_species_exact_name_match,True,False,4,True,78
taxon:67369|organism:streptomyces toxytricini (actinomyces toxytricini),2,target_bacteria,streptomyces toxytricini,bacdive_species_exact_name_match,True,False,0,True,148
taxon:674|organism:vibrio mimicus,4,target_bacteria,vibrio mimicus,bacdive_species_exact_name_match,True,False,4,True,175
taxon:67825|organism:citrobacter rodentium,1,target_bacteria,citrobacter rodentium,bacdive_species_exact_name_match,True,False,7,True,170
taxon:681288|organism:staphylococcus aureus (strain ed98),1,target_bacteria,staphylococcus aureus,bacdive_species_exact_name_match,True,False,4,True,202
taxon:68170|organism:lentzea aerocolonigenes (lechevalieria aerocolonigenes) (saccharothrix aerocolonigenes),7,target_bacteria,lentzea aerocolonigenes,bacdive_species_exact_name_match,True,False,4,True,169
taxon:68270|organism:streptomyces spectabilis,1,target_bacteria,streptomyces spectabilis,bacdive_species_exact_name_match,True,False,2,True,144
taxon:68825|organism:rasamsonia emersonii (thermophilic fungus) (talaromyces emersonii),35,target_fungi,rasamsonia emersonii,not_applicable_fungi_or_non_bacdive_scope,False,False,0,False,0
taxon:69367|organism:microbacterium luteolum (aureobacterium luteolum),2,target_bacteria,microbacterium luteolum,bacdive_species_exact_name_match,True,False,0,True,34
taxon:69488|organism:penicillium simplicissimum,1,target_fungi,penicillium simplicissimum,not_applicable_fungi_or_non_bacdive_scope,False,False,0,False,0
taxon:69773|organism:penicillium glabrum (penicillium frequentans),1,target_fungi,penicillium glabrum,not_applicable_fungi_or_non_bacdive_scope,False,False,0,False,0
taxon:69774|organism:penicillium herquei,8,target_fungi,penicillium herquei,not_applicable_fungi_or_non_bacdive_scope,False,False,0,False,0
taxon:69780|organism:penicillium ochrochloron,3,target_fungi,penicillium ochrochloron,not_applicable_fungi_or_non_bacdive_scope,False,False,0,False,0
taxon:69781|organism:penicillium oxalicum,11,target_fungi,penicillium oxalicum,not_applicable_fungi_or_non_bacdive_scope,False,False,0,False,0
taxon:70109|organism:penicillium paxilli,3,target_fungi,penicillium paxilli,not_applicable_fungi_or_non_bacdive_scope,False,False,0,False,0
taxon:701177|organism:escherichia coli o55:h7 (strain cb9615 / epec),9,target_bacteria,escherichia coli,bacdive_species_exact_name_match,True,False,1,True,218
taxon:703339|organism:staphylococcus aureus (strain 04-02981),1,target_bacteria,staphylococcus aureus,bacdive_species_exact_name_match,True,False,4,True,202
taxon:712898|organism:pantoea vagans (strain c9-1) (pantoea agglomerans (strain c9-1)),5,target_bacteria,pantoea vagans,bacdive_species_exact_name_match,True,False,8,True,153
taxon:714359|organism:bacillus thuringiensis (strain bmb171),1,target_bacteria,bacillus thuringiensis,bacdive_species_exact_name_match,True,False,4,True,174
taxon:714962|organism:escherichia coli o18:k1:h7 (strain ihe3034 / expec),8,target_bacteria,escherichia coli,bacdive_species_exact_name_match,True,False,1,True,218
taxon:714|organism:aggregatibacter actinomycetemcomitans (actinobacillus actinomycetemcomitans) (haemophilus actinomycetemcomitans),14,target_bacteria,aggregatibacter actinomycetemcomitans,bacdive_species_exact_name_match,True,False,1,True,184
taxon:715|organism:actinobacillus pleuropneumoniae (haemophilus pleuropneumoniae),21,target_bacteria,actinobacillus pleuropneumoniae,bacdive_species_exact_name_match,True,False,5,True,174
taxon:717982|organism:auricularia subglabra (strain tfb-10046 / ss5) (white-rot fungus) (auricularia delicata (strain tfb10046)),1,target_fungi,auricularia subglabra,not_applicable_fungi_or_non_bacdive_scope,False,False,0,False,0
taxon:71958|organism:neonothopanus nambi (agaricus nambi),10,target_fungi,neonothopanus nambi,not_applicable_fungi_or_non_bacdive_scope,False,False,0,False,0
taxon:72120|organism:omphalotus olearius (jack o'lantern),3,target_fungi,omphalotus olearius,not_applicable_fungi_or_non_bacdive_scope,False,False,0,False,0
taxon:72360|organism:bacillus mojavensis,1,target_bacteria,bacillus mojavensis,bacdive_species_exact_name_match,True,False,7,True,150
taxon:72607|organism:acinetobacter genomosp. 13,1,target_bacteria,acinetobacter genomosp.,bacdive_not_found,False,False,0,True,132
taxon:727|organism:haemophilus influenzae,6,target_bacteria,haemophilus influenzae,bacdive_species_exact_name_match,True,False,2,True,183
taxon:728|organism:avibacterium paragallinarum (haemophilus gallinarum),3,target_bacteria,avibacterium paragallinarum,bacdive_species_exact_name_match,True,False,4,True,162
taxon:731|organism:histophilus somni (haemophilus somnus),2,target_bacteria,histophilus somni,bacdive_species_exact_name_match,True,False,5,True,169
taxon:73839|organism:epichloe festucae var. lolii (neotyphodium lolii) (acremonium lolii),5,target_fungi,epichloe festucae,not_applicable_fungi_or_non_bacdive_scope,False,False,0,False,0
taxon:746128|organism:aspergillus fumigatus (neosartorya fumigata),18,target_fungi,aspergillus fumigatus,not_applicable_fungi_or_non_bacdive_scope,False,False,0,False,0
taxon:746361|organism:lactococcus lactis subsp. cremoris (strain nz9000),3,target_bacteria,lactococcus lactis subsp. cremoris,bacdive_species_exact_name_match,True,False,4,False,0
taxon:74722|organism:stachybotrys chartarum (toxic black mold) (stilbospora chartarum),1,target_fungi,stachybotrys chartarum,not_applicable_fungi_or_non_bacdive_scope,False,False,0,False,0
taxon:747457|organism:pseudoalteromonas sp. (strain sank 73390),6,target_bacteria,pseudoalteromonas sp.,bacdive_not_found,False,False,0,False,0
taxon:749493|organism:enterococcus faecalis (strain tx4000 / jh2-2),3,target_bacteria,enterococcus faecalis,bacdive_exact_designation,True,True,7,True,207
taxon:749527|organism:escherichia coli (strain ms 21-1),1,target_bacteria,escherichia coli,bacdive_species_exact_name_match,True,False,1,True,218
taxon:749537|organism:escherichia coli (strain ms 115-1),4,target_bacteria,escherichia coli,bacdive_species_exact_name_match,True,False,1,True,218
taxon:751586|organism:brevundimonas diminuta (strain atcc 11568 / dsm 7234 / nbrc 12697 / ncimb 9393 / nctc 8545),1,target_bacteria,brevundimonas diminuta,bacdive_exact_culture_collection,True,True,8,True,169
taxon:75697|organism:castellaniella defragrans (alcaligenes defragrans),1,target_bacteria,castellaniella defragrans,bacdive_species_exact_name_match,True,False,9,True,165
taxon:75736|organism:starmerella bombicola (yeast) (candida bombicola),22,target_fungi,starmerella bombicola,not_applicable_fungi_or_non_bacdive_scope,False,False,0,False,0
taxon:757414|organism:pseudomonas cannabina pv. alisalensis,1,target_bacteria,pseudomonas cannabina,bacdive_species_exact_name_match,True,False,9,True,145
taxon:759273|organism:colletotrichum higginsianum (strain imi 349063) (crucifer anthracnose fungus),3,target_fungi,colletotrichum higginsianum,not_applicable_fungi_or_non_bacdive_scope,False,False,0,False,0
taxon:75985|organism:mannheimia haemolytica (pasteurella haemolytica),5,target_bacteria,mannheimia haemolytica,bacdive_species_exact_name_match,True,False,4,True,177
taxon:762570|organism:rhodothermus marinus (strain sg0.5jp17-172),2,target_bacteria,rhodothermus marinus,bacdive_species_exact_name_match,True,False,3,False,0
taxon:763407|organism:phycomyces blakesleeanus (strain atcc 8743b / dsm 1359 / fgsc 10004 / nbrc 33097 / nrrl 1555),5,target_fungi,phycomyces blakesleeanus,not_applicable_fungi_or_non_bacdive_scope,False,False,0,False,0
taxon:765874|organism:corynebacterium pseudotuberculosis (strain frc41),1,target_bacteria,corynebacterium pseudotuberculosis,bacdive_species_exact_name_match,True,False,4,True,160
taxon:76761|organism:pseudomonas veronii,2,target_bacteria,pseudomonas veronii,bacdive_species_exact_name_match,True,False,5,True,159
taxon:76857|organism:fusobacterium nucleatum subsp. polymorphum (fusobacterium polymorphum),2,target_bacteria,fusobacterium nucleatum,bacdive_species_exact_name_match,True,False,3,True,174
taxon:76867|organism:hebeloma cylindrosporum,26,target_fungi,hebeloma cylindrosporum,not_applicable_fungi_or_non_bacdive_scope,False,False,0,False,0
taxon:769|organism:anaplasma centrale,2,target_bacteria,anaplasma centrale,bacdive_not_found,False,False,0,True,133
taxon:774|organism:bartonella bacilliformis,2,target_bacteria,bartonella bacilliformis,bacdive_species_exact_name_match,True,False,0,True,154
taxon:779|organism:ehrlichia ruminantium (cowdria ruminantium),4,target_bacteria,ehrlichia ruminantium,bacdive_not_found,False,False,0,True,132
taxon:783|organism:rickettsia rickettsii,4,target_bacteria,rickettsia rickettsii,bacdive_species_exact_name_match,True,False,0,True,134
taxon:78579|organism:thermothelomyces thermophilus (myceliophthora thermophila),10,target_fungi,thermothelomyces thermophilus,not_applicable_fungi_or_non_bacdive_scope,False,False,0,False,0
taxon:786|organism:rickettsia akari,1,target_bacteria,rickettsia akari,bacdive_not_found,False,False,0,True,133
taxon:787|organism:rickettsia australis,1,target_bacteria,rickettsia australis,bacdive_not_found,False,False,0,True,76
taxon:788|organism:rickettsia canadensis,1,target_bacteria,rickettsia canadensis,bacdive_species_exact_name_match,True,False,0,True,134
taxon:79880|organism:shouchella clausii (alkalihalobacillus clausii),4,target_bacteria,shouchella clausii,bacdive_species_exact_name_match,True,False,2,True,162
taxon:807|organism:bartonella elizabethae (rochalimaea elizabethae),1,target_bacteria,bartonella elizabethae,bacdive_species_exact_name_match,True,False,8,True,152
taxon:80866|organism:delftia acidovorans (pseudomonas acidovorans) (comamonas acidovorans),7,target_bacteria,delftia acidovorans,bacdive_species_exact_name_match,True,False,1,True,160
taxon:80869|organism:paracidovorax citrulli (acidovorax citrulli),2,target_bacteria,paracidovorax citrulli,bacdive_species_taxid_or_synonym_match,True,False,5,True,149
taxon:813|organism:chlamydia trachomatis,1,target_bacteria,chlamydia trachomatis,bacdive_species_exact_name_match,True,False,4,False,0
taxon:817|organism:bacteroides fragilis,6,target_bacteria,bacteroides fragilis,bacdive_species_exact_name_match,True,False,5,False,0
taxon:818|organism:bacteroides thetaiotaomicron,3,target_bacteria,bacteroides thetaiotaomicron,bacdive_species_exact_name_match,True,False,4,False,0
taxon:82310|organism:phlebiopsis gigantea (white-rot fungus) (peniophora gigantea),1,target_fungi,phlebiopsis gigantea,not_applicable_fungi_or_non_bacdive_scope,False,False,0,False,0
taxon:82367|organism:paracoccus pantotrophus (thiosphaera pantotropha),2,target_bacteria,paracoccus pantotrophus,bacdive_species_exact_name_match,True,False,1,True,149
taxon:82|organism:hyphomicrobium sp,1,target_bacteria,hyphomicrobium sp,bacdive_not_found,False,False,0,False,0
taxon:831|organism:butyrivibrio fibrisolvens,2,target_bacteria,butyrivibrio fibrisolvens,bacdive_species_exact_name_match,True,False,6,True,148
taxon:83263|organism:aminobacter aminovorans (chelatobacter heintzii),2,target_bacteria,aminobacter aminovorans,bacdive_species_exact_name_match,True,False,4,True,152
taxon:83333|organism:escherichia coli (strain k12),1,target_bacteria,escherichia coli,bacdive_exact_designation,True,True,9,True,218
taxon:83334|organism:escherichia coli o157:h7,767,target_bacteria,escherichia coli,bacdive_species_exact_name_match,True,False,1,True,218
taxon:83554|organism:chlamydia psittaci (chlamydophila psittaci),1,target_bacteria,chlamydia psittaci,bacdive_species_exact_name_match,True,False,0,False,0
taxon:83558|organism:chlamydia pneumoniae (chlamydophila pneumoniae),105,target_bacteria,chlamydia pneumoniae,bacdive_species_exact_name_match,True,False,4,False,0
taxon:83661|organism:desulfonispora thiosulfatigenes,1,target_bacteria,desulfonispora thiosulfatigenes,bacdive_species_exact_name_match,True,False,5,True,83
taxon:837|organism:porphyromonas gingivalis (bacteroides gingivalis),1,target_bacteria,porphyromonas gingivalis,bacdive_species_exact_name_match,True,False,3,False,0
taxon:839|organism:xylanibacter ruminicola (prevotella ruminicola),2,target_bacteria,xylanibacter ruminicola,bacdive_species_taxid_or_synonym_match,True,False,3,False,0
taxon:84025|organism:clostridium haemolyticum,1,target_bacteria,clostridium haemolyticum,bacdive_species_exact_name_match,True,False,4,True,55
taxon:84531|organism:lysobacter antibioticus,24,target_bacteria,lysobacter antibioticus,bacdive_species_exact_name_match,True,False,4,True,147
taxon:847|organism:oxalobacter formigenes,3,target_bacteria,oxalobacter formigenes,bacdive_species_exact_name_match,True,False,0,True,139
taxon:84|organism:hyphomicrobium methylovorum,5,target_bacteria,hyphomicrobium methylovorum,bacdive_species_exact_name_match,True,False,4,True,131
taxon:850|organism:fusobacterium mortiferum,1,target_bacteria,fusobacterium mortiferum,bacdive_species_exact_name_match,True,False,5,True,152
taxon:851|organism:fusobacterium nucleatum,1,target_bacteria,fusobacterium nucleatum,bacdive_species_exact_name_match,True,False,3,True,170
taxon:85581|organism:photobacterium damselae subsp. damselae (listonella damsela),1,target_bacteria,photobacterium damselae,bacdive_species_exact_name_match,True,False,9,True,182
taxon:85698|organism:alcaligenes xylosoxydans xylosoxydans (achromobacter xylosoxidans),3,target_bacteria,alcaligenes xylosoxydans,bacdive_species_taxid_or_synonym_match,True,False,3,True,187
taxon:86029|organism:bacillus subtilis subsp. natto,13,target_bacteria,bacillus subtilis,bacdive_species_exact_name_match,True,False,7,True,179
taxon:865|organism:pectinatus frisingensis,1,target_bacteria,pectinatus frisingensis,bacdive_species_exact_name_match,True,False,6,True,154
taxon:870730|organism:pichia angusta (yeast) (hansenula polymorpha),20,target_fungi,pichia angusta,not_applicable_fungi_or_non_bacdive_scope,False,False,0,False,0
taxon:870|organism:dichelobacter nodosus (bacteroides nodosus),3,target_bacteria,dichelobacter nodosus,bacdive_species_exact_name_match,True,False,9,True,157
taxon:871738|organism:dehalobacter restrictus (strain dsm 9455 / per-k23),4,target_bacteria,dehalobacter restrictus,bacdive_exact_culture_collection,True,True,5,True,133
taxon:877507|organism:epichloe festucae (strain fl1),3,target_fungi,epichloe festucae,not_applicable_fungi_or_non_bacdive_scope,False,False,0,False,0
taxon:878|organism:solidesulfovibrio fructosivorans (desulfovibrio fructosivorans),4,target_bacteria,solidesulfovibrio fructosivorans,bacdive_species_exact_name_match,True,False,5,True,134
taxon:879274|organism:shinella sp. (strain hzn7),4,target_bacteria,shinella sp.,bacdive_not_found,False,False,0,False,0
taxon:882102|organism:vibrio anguillarum (strain atcc 68554 / 775) (listonella anguillarum),2,target_bacteria,vibrio anguillarum,bacdive_species_candidate_unvalidated,False,False,5,True,170
taxon:885923|organism:wickerhamomyces anomalus (strain atcc 8168 / cbs 5759 / dsm 6766 / jcm 3585 / iam 12210 / ncyc 432 / nbrc 10213 / nrrl y-366 / aj 5027) (yeast) (pichia anomala),2,target_fungi,wickerhamomyces anomalus,not_applicable_fungi_or_non_bacdive_scope,False,False,0,False,0
taxon:887061|organism:methylovorus sp. (strain mp688),2,target_bacteria,methylovorus sp.,bacdive_not_found,False,False,0,False,0
taxon:89488|organism:monascus pilosus (red mold),2,target_fungi,monascus pilosus,not_applicable_fungi_or_non_bacdive_scope,False,False,0,False,0
taxon:897|organism:desulfococcus multivorans,1,target_bacteria,desulfococcus multivorans,bacdive_species_exact_name_match,True,False,5,True,132
taxon:90370|organism:salmonella typhi,493,target_bacteria,salmonella enterica,bacdive_species_exact_name_match,True,False,8,True,210
taxon:90371|organism:salmonella typhimurium,5,target_bacteria,salmonella enterica,bacdive_species_exact_name_match,True,False,8,True,210
taxon:907340|organism:cyberlindnera saturnus (yeast) (williopsis saturnus),1,target_fungi,cyberlindnera saturnus,not_applicable_fungi_or_non_bacdive_scope,False,False,0,False,0
taxon:90736|organism:moritella marina (vibrio marinus),6,target_bacteria,moritella marina,bacdive_species_exact_name_match,True,False,8,True,155
taxon:907|organism:megasphaera elsdenii,1,target_bacteria,megasphaera elsdenii,bacdive_species_exact_name_match,True,False,4,True,160
taxon:913088|organism:escherichia coli (strain tw11681),4,target_bacteria,escherichia coli,bacdive_species_exact_name_match,True,False,1,True,218
taxon:913|organism:nitrobacter winogradskyi (nitrobacter agilis),2,target_bacteria,nitrobacter winogradskyi,bacdive_species_exact_name_match,True,False,0,True,134
taxon:91625|organism:mortierella isabellina (filamentous fungus) (umbelopsis isabellina),2,target_fungi,mortierella isabellina,not_applicable_fungi_or_non_bacdive_scope,False,False,0,False,0
taxon:91752|organism:hericium erinaceus (lion's mane mushroom) (hydnum erinaceus),21,target_fungi,hericium erinaceus,not_applicable_fungi_or_non_bacdive_scope,False,False,0,False,0
taxon:920|organism:acidithiobacillus ferrooxidans (thiobacillus ferrooxidans),8,target_bacteria,acidithiobacillus ferrooxidans,bacdive_species_exact_name_match,True,False,3,True,134
taxon:92644|organism:streptomyces malaysiensis,1,target_bacteria,streptomyces malaysiensis,bacdive_species_exact_name_match,True,False,5,True,131
taxon:926570|organism:acidiphilium multivorum (strain dsm 11245 / jcm 8867 / nbrc 100883 / aiu 301),1,target_bacteria,acidiphilium multivorum,bacdive_exact_culture_collection,True,True,4,True,133
taxon:92743|organism:streptomyces paromomycinus (streptomyces rimosus subsp. paromomycinus),5,target_bacteria,streptomyces paromomycinus,bacdive_species_exact_name_match,True,False,5,True,39
taxon:92942|organism:nostoc linckia,1,target_bacteria,nostoc linckia,bacdive_not_found,False,False,0,False,0
taxon:929705|organism:sulfobacillus thermosulfidooxidans (strain dsm 9293 / vkm b-1269 / at-1),1,target_bacteria,sulfobacillus thermosulfidooxidans,bacdive_exact_culture_collection,True,True,4,False,0
taxon:930|organism:acidithiobacillus thiooxidans (thiobacillus thiooxidans),2,target_bacteria,acidithiobacillus thiooxidans,bacdive_species_exact_name_match,True,False,3,True,144
taxon:931|organism:thiobacillus thioparus,5,target_bacteria,thiobacillus thioparus,bacdive_species_exact_name_match,True,False,3,True,146
taxon:935198|organism:clostridium botulinum (strain eklund 17b / type b),107,target_bacteria,clostridium botulinum,bacdive_species_exact_name_match,True,False,0,True,157
taxon:936156|organism:bacillus subtilis (strain bsn5),1,target_bacteria,bacillus subtilis,bacdive_species_exact_name_match,True,False,7,True,179
taxon:93625|organism:psilocybe cyanescens,16,target_fungi,psilocybe cyanescens,not_applicable_fungi_or_non_bacdive_scope,False,False,0,False,0
taxon:94122|organism:shewanella sp. (strain ana-3),199,target_bacteria,shewanella sp.,bacdive_not_found,False,False,0,False,0
taxon:948311|organism:gibberella intermedia (bulb rot disease fungus) (fusarium proliferatum),1,target_fungi,gibberella intermedia,not_applicable_fungi_or_non_bacdive_scope,False,False,0,False,0
taxon:960|organism:bacteriovorax stolpii (bdellovibrio stolpii),2,target_bacteria,bacteriovorax stolpii,bacdive_species_exact_name_match,True,False,3,True,133
taxon:964|organism:herbaspirillum seropedicae,1,target_bacteria,herbaspirillum seropedicae,bacdive_species_exact_name_match,True,False,5,True,151
taxon:97093|organism:trichoderma koningii (hypocrea koningii),2,target_fungi,trichoderma koningii,not_applicable_fungi_or_non_bacdive_scope,False,False,0,False,0
taxon:971|organism:selenomonas ruminantium,5,target_bacteria,selenomonas ruminantium,bacdive_species_exact_name_match,True,False,3,True,156
taxon:979|organism:cellulophaga lytica (cytophaga lytica),3,target_bacteria,cellulophaga lytica,bacdive_species_exact_name_match,True,False,6,False,0
taxon:98228|organism:bacillus sp. (strain oxb-1),2,target_bacteria,bacillus sp.,bacdive_not_found,False,False,0,False,0
taxon:98349|organism:pleurotus sapidus (oyster mushroom) (agaricus sapidus),1,target_fungi,pleurotus sapidus,not_applicable_fungi_or_non_bacdive_scope,False,False,0,False,0
taxon:98360|organism:salmonella dublin,4,target_bacteria,salmonella enterica,bacdive_species_exact_name_match,True,False,8,True,210
taxon:983966|organism:cyberlindnera jadinii (strain atcc 18201 / cbs 1600 / bcrc 20928 / jcm 3617 / nbrc 0987 / nrrl y-1542) (torula yeast) (candida utilis),3,target_fungi,cyberlindnera jadinii,not_applicable_fungi_or_non_bacdive_scope,False,False,0,False,0
taxon:985010|organism:pseudomonas sp. (strain tji-51),2,target_bacteria,pseudomonas sp.,bacdive_not_found,False,False,0,False,0
taxon:98792|organism:buchnera aphidicola subsp. pterocomma populeum,1,target_bacteria,buchnera aphidicola,bacdive_not_found,False,False,0,True,133
taxon:98793|organism:buchnera aphidicola subsp. rhopalosiphum padi,6,target_bacteria,buchnera aphidicola,bacdive_not_found,False,False,0,True,133
taxon:98797|organism:buchnera aphidicola subsp. thelaxes suberi,3,target_bacteria,buchnera aphidicola,bacdive_not_found,False,False,0,True,133
