trait_id,trait_name,prediction_scope,file_name,taxonomy_namespace,taxonomic_rank,metatraits_trait_name,unit,group_1,group_2,ontology_ids,databases,example_taxon_id,example_taxon_name,example_consensus_value,example_minimum,example_median,example_mean,example_maximum,why_matched,boundary_note
F1,oxygen_tolerance,all,gtdb_family_summary_all.tsv.gz,gtdb,family,aerotolerant,boolean,Environmental preferences,Atmosphere,MICRO:0000502,BacDive-AI:SPIREv1=a1bef3e;GenomeSPOT:SPIREv1=1.0.1;Traitar:SPIREv1=8bd7d86,864477170,0-14-0-10-38-17,true,NA,NA,NA,NA,group_2:contains~~Atmosphere,"Primary signal: group_2=Atmosphere. Substrate-growth rows map to F7, not F1."
F1,oxygen_tolerance,all,gtdb_family_summary_all.tsv.gz,gtdb,family,capnophilic,boolean,Environmental preferences,Atmosphere,SNOMED:413748004,Traitar:SPIREv1=8bd7d86,864477170,0-14-0-10-38-17,true,NA,NA,NA,NA,group_2:contains~~Atmosphere,"Primary signal: group_2=Atmosphere. Substrate-growth rows map to F7, not F1."
F1,oxygen_tolerance,all,gtdb_family_summary_all.tsv.gz,gtdb,family,facultative anaerobe,boolean,Environmental preferences,Atmosphere,OMP:0000087,Traitar:SPIREv1=8bd7d86,864477170,0-14-0-10-38-17,false,NA,NA,NA,NA,group_2:contains~~Atmosphere,"Primary signal: group_2=Atmosphere. Substrate-growth rows map to F7, not F1."
F1,oxygen_tolerance,all,gtdb_family_summary_all.tsv.gz,gtdb,family,obligate aerobic,boolean,Environmental preferences,Atmosphere,OMP:0000185,BacDive-AI:SPIREv1=a1bef3e;Traitar:SPIREv1=8bd7d86,864477170,0-14-0-10-38-17,false,NA,NA,NA,NA,group_2:contains~~Atmosphere,"Primary signal: group_2=Atmosphere. Substrate-growth rows map to F7, not F1."
F1,oxygen_tolerance,all,gtdb_family_summary_all.tsv.gz,gtdb,family,obligate anaerobic,boolean,Environmental preferences,Atmosphere,OMP:0000184,BacDive-AI:SPIREv1=a1bef3e;Traitar:SPIREv1=8bd7d86,864477170,0-14-0-10-38-17,No robust majority,NA,NA,NA,NA,group_2:contains~~Atmosphere,"Primary signal: group_2=Atmosphere. Substrate-growth rows map to F7, not F1."
F1,oxygen_tolerance,all,gtdb_family_summary_all.tsv.gz,gtdb,family,aerotolerant,boolean,Environmental preferences,Atmosphere,MICRO:0000502,BacDive-AI:SPIREv1=a1bef3e;GenomeSPOT:SPIREv1=1.0.1;Traitar:SPIREv1=8bd7d86,2070788780,0-14-0-20-30-16,No robust majority,NA,NA,NA,NA,group_2:contains~~Atmosphere,"Primary signal: group_2=Atmosphere. Substrate-growth rows map to F7, not F1."
F1,oxygen_tolerance,all,gtdb_family_summary_all.tsv.gz,gtdb,family,capnophilic,boolean,Environmental preferences,Atmosphere,SNOMED:413748004,Traitar:SPIREv1=8bd7d86,2070788780,0-14-0-20-30-16,No robust majority,NA,NA,NA,NA,group_2:contains~~Atmosphere,"Primary signal: group_2=Atmosphere. Substrate-growth rows map to F7, not F1."
F1,oxygen_tolerance,all,gtdb_family_summary_all.tsv.gz,gtdb,family,facultative anaerobe,boolean,Environmental preferences,Atmosphere,OMP:0000087,Traitar:SPIREv1=8bd7d86,2070788780,0-14-0-20-30-16,false,NA,NA,NA,NA,group_2:contains~~Atmosphere,"Primary signal: group_2=Atmosphere. Substrate-growth rows map to F7, not F1."
F1,oxygen_tolerance,all,gtdb_family_summary_all.tsv.gz,gtdb,family,obligate aerobic,boolean,Environmental preferences,Atmosphere,OMP:0000185,BacDive-AI:SPIREv1=a1bef3e;Traitar:SPIREv1=8bd7d86,2070788780,0-14-0-20-30-16,false,NA,NA,NA,NA,group_2:contains~~Atmosphere,"Primary signal: group_2=Atmosphere. Substrate-growth rows map to F7, not F1."
F1,oxygen_tolerance,all,gtdb_family_summary_all.tsv.gz,gtdb,family,obligate anaerobic,boolean,Environmental preferences,Atmosphere,OMP:0000184,BacDive-AI:SPIREv1=a1bef3e;Traitar:SPIREv1=8bd7d86,2070788780,0-14-0-20-30-16,No robust majority,NA,NA,NA,NA,group_2:contains~~Atmosphere,"Primary signal: group_2=Atmosphere. Substrate-growth rows map to F7, not F1."
F1,oxygen_tolerance,all,gtdb_family_summary_all.tsv.gz,gtdb,family,aerotolerant,boolean,Environmental preferences,Atmosphere,MICRO:0000502,BacDive-AI:SPIREv1=a1bef3e;GenomeSPOT:SPIREv1=1.0.1;Traitar:SPIREv1=8bd7d86,410678088,0-14-0-20-34-12,false,NA,NA,NA,NA,group_2:contains~~Atmosphere,"Primary signal: group_2=Atmosphere. Substrate-growth rows map to F7, not F1."
F1,oxygen_tolerance,all,gtdb_family_summary_all.tsv.gz,gtdb,family,capnophilic,boolean,Environmental preferences,Atmosphere,SNOMED:413748004,Traitar:SPIREv1=8bd7d86,410678088,0-14-0-20-34-12,false,NA,NA,NA,NA,group_2:contains~~Atmosphere,"Primary signal: group_2=Atmosphere. Substrate-growth rows map to F7, not F1."
F1,oxygen_tolerance,all,gtdb_family_summary_all.tsv.gz,gtdb,family,facultative anaerobe,boolean,Environmental preferences,Atmosphere,OMP:0000087,Traitar:SPIREv1=8bd7d86,410678088,0-14-0-20-34-12,false,NA,NA,NA,NA,group_2:contains~~Atmosphere,"Primary signal: group_2=Atmosphere. Substrate-growth rows map to F7, not F1."
F1,oxygen_tolerance,all,gtdb_family_summary_all.tsv.gz,gtdb,family,obligate aerobic,boolean,Environmental preferences,Atmosphere,OMP:0000185,BacDive-AI:SPIREv1=a1bef3e;Traitar:SPIREv1=8bd7d86,410678088,0-14-0-20-34-12,No robust majority,NA,NA,NA,NA,group_2:contains~~Atmosphere,"Primary signal: group_2=Atmosphere. Substrate-growth rows map to F7, not F1."
F1,oxygen_tolerance,all,gtdb_family_summary_all.tsv.gz,gtdb,family,obligate anaerobic,boolean,Environmental preferences,Atmosphere,OMP:0000184,BacDive-AI:SPIREv1=a1bef3e;Traitar:SPIREv1=8bd7d86,410678088,0-14-0-20-34-12,true,NA,NA,NA,NA,group_2:contains~~Atmosphere,"Primary signal: group_2=Atmosphere. Substrate-growth rows map to F7, not F1."
F1,oxygen_tolerance,all,gtdb_family_summary_all.tsv.gz,gtdb,family,aerotolerant,boolean,Environmental preferences,Atmosphere,MICRO:0000502,BacDive-AI:SPIREv1=a1bef3e;GenomeSPOT:SPIREv1=1.0.1;Traitar:SPIREv1=8bd7d86,929049184,0-14-0-20-40-13,No robust majority,NA,NA,NA,NA,group_2:contains~~Atmosphere,"Primary signal: group_2=Atmosphere. Substrate-growth rows map to F7, not F1."
F1,oxygen_tolerance,all,gtdb_family_summary_all.tsv.gz,gtdb,family,capnophilic,boolean,Environmental preferences,Atmosphere,SNOMED:413748004,Traitar:SPIREv1=8bd7d86,929049184,0-14-0-20-40-13,true,NA,NA,NA,NA,group_2:contains~~Atmosphere,"Primary signal: group_2=Atmosphere. Substrate-growth rows map to F7, not F1."
F1,oxygen_tolerance,all,gtdb_family_summary_all.tsv.gz,gtdb,family,facultative anaerobe,boolean,Environmental preferences,Atmosphere,OMP:0000087,Traitar:SPIREv1=8bd7d86,929049184,0-14-0-20-40-13,false,NA,NA,NA,NA,group_2:contains~~Atmosphere,"Primary signal: group_2=Atmosphere. Substrate-growth rows map to F7, not F1."
F1,oxygen_tolerance,all,gtdb_family_summary_all.tsv.gz,gtdb,family,obligate aerobic,boolean,Environmental preferences,Atmosphere,OMP:0000185,BacDive-AI:SPIREv1=a1bef3e;Traitar:SPIREv1=8bd7d86,929049184,0-14-0-20-40-13,No robust majority,NA,NA,NA,NA,group_2:contains~~Atmosphere,"Primary signal: group_2=Atmosphere. Substrate-growth rows map to F7, not F1."
F1,oxygen_tolerance,all,gtdb_family_summary_all.tsv.gz,gtdb,family,obligate anaerobic,boolean,Environmental preferences,Atmosphere,OMP:0000184,BacDive-AI:SPIREv1=a1bef3e;Traitar:SPIREv1=8bd7d86,929049184,0-14-0-20-40-13,No robust majority,NA,NA,NA,NA,group_2:contains~~Atmosphere,"Primary signal: group_2=Atmosphere. Substrate-growth rows map to F7, not F1."
F1,oxygen_tolerance,all,gtdb_family_summary_all.tsv.gz,gtdb,family,aerotolerant,boolean,Environmental preferences,Atmosphere,MICRO:0000502,BacDive-AI:SPIREv1=a1bef3e;GenomeSPOT:SPIREv1=1.0.1;Traitar:SPIREv1=8bd7d86,165559233,0-14-0-80-44-23,false,NA,NA,NA,NA,group_2:contains~~Atmosphere,"Primary signal: group_2=Atmosphere. Substrate-growth rows map to F7, not F1."
F1,oxygen_tolerance,all,gtdb_family_summary_all.tsv.gz,gtdb,family,capnophilic,boolean,Environmental preferences,Atmosphere,SNOMED:413748004,Traitar:SPIREv1=8bd7d86,165559233,0-14-0-80-44-23,No robust majority,NA,NA,NA,NA,group_2:contains~~Atmosphere,"Primary signal: group_2=Atmosphere. Substrate-growth rows map to F7, not F1."
F1,oxygen_tolerance,all,gtdb_family_summary_all.tsv.gz,gtdb,family,facultative anaerobe,boolean,Environmental preferences,Atmosphere,OMP:0000087,Traitar:SPIREv1=8bd7d86,165559233,0-14-0-80-44-23,false,NA,NA,NA,NA,group_2:contains~~Atmosphere,"Primary signal: group_2=Atmosphere. Substrate-growth rows map to F7, not F1."
F1,oxygen_tolerance,all,gtdb_family_summary_all.tsv.gz,gtdb,family,obligate aerobic,boolean,Environmental preferences,Atmosphere,OMP:0000185,BacDive-AI:SPIREv1=a1bef3e;Traitar:SPIREv1=8bd7d86,165559233,0-14-0-80-44-23,false,NA,NA,NA,NA,group_2:contains~~Atmosphere,"Primary signal: group_2=Atmosphere. Substrate-growth rows map to F7, not F1."
F1,oxygen_tolerance,all,gtdb_family_summary_all.tsv.gz,gtdb,family,obligate anaerobic,boolean,Environmental preferences,Atmosphere,OMP:0000184,BacDive-AI:SPIREv1=a1bef3e;Traitar:SPIREv1=8bd7d86,165559233,0-14-0-80-44-23,true,NA,NA,NA,NA,group_2:contains~~Atmosphere,"Primary signal: group_2=Atmosphere. Substrate-growth rows map to F7, not F1."
F1,oxygen_tolerance,all,gtdb_family_summary_all.tsv.gz,gtdb,family,aerotolerant,boolean,Environmental preferences,Atmosphere,MICRO:0000502,BacDive-AI:proGenomes3=a1bef3e;BacDive-AI:SPIREv1=a1bef3e;GenomeSPOT:proGenomes3=1.0.1;GenomeSPOT:SPIREv1=1.0.1;Traitar:proGenomes3=8bd7d86;Traitar:SPIREv1=8bd7d86,2057107470,0-14-0-80-59-12,No robust majority,NA,NA,NA,NA,group_2:contains~~Atmosphere,"Primary signal: group_2=Atmosphere. Substrate-growth rows map to F7, not F1."
F1,oxygen_tolerance,all,gtdb_family_summary_all.tsv.gz,gtdb,family,capnophilic,boolean,Environmental preferences,Atmosphere,SNOMED:413748004,Traitar:proGenomes3=8bd7d86;Traitar:SPIREv1=8bd7d86,2057107470,0-14-0-80-59-12,false,NA,NA,NA,NA,group_2:contains~~Atmosphere,"Primary signal: group_2=Atmosphere. Substrate-growth rows map to F7, not F1."
F1,oxygen_tolerance,all,gtdb_family_summary_all.tsv.gz,gtdb,family,facultative anaerobe,boolean,Environmental preferences,Atmosphere,OMP:0000087,Traitar:proGenomes3=8bd7d86;Traitar:SPIREv1=8bd7d86,2057107470,0-14-0-80-59-12,false,NA,NA,NA,NA,group_2:contains~~Atmosphere,"Primary signal: group_2=Atmosphere. Substrate-growth rows map to F7, not F1."
F1,oxygen_tolerance,all,gtdb_family_summary_all.tsv.gz,gtdb,family,obligate aerobic,boolean,Environmental preferences,Atmosphere,OMP:0000185,BacDive-AI:proGenomes3=a1bef3e;BacDive-AI:SPIREv1=a1bef3e;Traitar:proGenomes3=8bd7d86;Traitar:SPIREv1=8bd7d86,2057107470,0-14-0-80-59-12,No robust majority,NA,NA,NA,NA,group_2:contains~~Atmosphere,"Primary signal: group_2=Atmosphere. Substrate-growth rows map to F7, not F1."
F1,oxygen_tolerance,all,gtdb_family_summary_all.tsv.gz,gtdb,family,obligate anaerobic,boolean,Environmental preferences,Atmosphere,OMP:0000184,BacDive-AI:proGenomes3=a1bef3e;BacDive-AI:SPIREv1=a1bef3e;Traitar:proGenomes3=8bd7d86;Traitar:SPIREv1=8bd7d86,2057107470,0-14-0-80-59-12,No robust majority,NA,NA,NA,NA,group_2:contains~~Atmosphere,"Primary signal: group_2=Atmosphere. Substrate-growth rows map to F7, not F1."
F1,oxygen_tolerance,all,gtdb_family_summary_all.tsv.gz,gtdb,family,aerotolerant,boolean,Environmental preferences,Atmosphere,MICRO:0000502,BacDive-AI:proGenomes3=a1bef3e;BacDive-AI:SPIREv1=a1bef3e;GenomeSPOT:proGenomes3=1.0.1;GenomeSPOT:SPIREv1=1.0.1;Traitar:SPIREv1=8bd7d86,980929432,0-14-0-80-60-11,false,NA,NA,NA,NA,group_2:contains~~Atmosphere,"Primary signal: group_2=Atmosphere. Substrate-growth rows map to F7, not F1."
F1,oxygen_tolerance,all,gtdb_family_summary_all.tsv.gz,gtdb,family,capnophilic,boolean,Environmental preferences,Atmosphere,SNOMED:413748004,Traitar:SPIREv1=8bd7d86,980929432,0-14-0-80-60-11,false,NA,NA,NA,NA,group_2:contains~~Atmosphere,"Primary signal: group_2=Atmosphere. Substrate-growth rows map to F7, not F1."
F1,oxygen_tolerance,all,gtdb_family_summary_all.tsv.gz,gtdb,family,facultative anaerobe,boolean,Environmental preferences,Atmosphere,OMP:0000087,Traitar:SPIREv1=8bd7d86,980929432,0-14-0-80-60-11,false,NA,NA,NA,NA,group_2:contains~~Atmosphere,"Primary signal: group_2=Atmosphere. Substrate-growth rows map to F7, not F1."
F1,oxygen_tolerance,all,gtdb_family_summary_all.tsv.gz,gtdb,family,obligate aerobic,boolean,Environmental preferences,Atmosphere,OMP:0000185,BacDive-AI:proGenomes3=a1bef3e;BacDive-AI:SPIREv1=a1bef3e;Traitar:SPIREv1=8bd7d86,980929432,0-14-0-80-60-11,No robust majority,NA,NA,NA,NA,group_2:contains~~Atmosphere,"Primary signal: group_2=Atmosphere. Substrate-growth rows map to F7, not F1."
F1,oxygen_tolerance,all,gtdb_family_summary_all.tsv.gz,gtdb,family,obligate anaerobic,boolean,Environmental preferences,Atmosphere,OMP:0000184,BacDive-AI:proGenomes3=a1bef3e;BacDive-AI:SPIREv1=a1bef3e;Traitar:SPIREv1=8bd7d86,980929432,0-14-0-80-60-11,true,NA,NA,NA,NA,group_2:contains~~Atmosphere,"Primary signal: group_2=Atmosphere. Substrate-growth rows map to F7, not F1."
F1,oxygen_tolerance,all,gtdb_family_summary_all.tsv.gz,gtdb,family,aerotolerant,boolean,Environmental preferences,Atmosphere,MICRO:0000502,BacDive-AI:SPIREv1=a1bef3e;GenomeSPOT:SPIREv1=1.0.1;Traitar:SPIREv1=8bd7d86,495931365,01-FULL-45-15b,true,NA,NA,NA,NA,group_2:contains~~Atmosphere,"Primary signal: group_2=Atmosphere. Substrate-growth rows map to F7, not F1."
F1,oxygen_tolerance,all,gtdb_family_summary_all.tsv.gz,gtdb,family,capnophilic,boolean,Environmental preferences,Atmosphere,SNOMED:413748004,Traitar:SPIREv1=8bd7d86,495931365,01-FULL-45-15b,true,NA,NA,NA,NA,group_2:contains~~Atmosphere,"Primary signal: group_2=Atmosphere. Substrate-growth rows map to F7, not F1."
F1,oxygen_tolerance,all,gtdb_family_summary_all.tsv.gz,gtdb,family,facultative anaerobe,boolean,Environmental preferences,Atmosphere,OMP:0000087,Traitar:SPIREv1=8bd7d86,495931365,01-FULL-45-15b,false,NA,NA,NA,NA,group_2:contains~~Atmosphere,"Primary signal: group_2=Atmosphere. Substrate-growth rows map to F7, not F1."
F1,oxygen_tolerance,all,gtdb_family_summary_all.tsv.gz,gtdb,family,obligate aerobic,boolean,Environmental preferences,Atmosphere,OMP:0000185,BacDive-AI:SPIREv1=a1bef3e;Traitar:SPIREv1=8bd7d86,495931365,01-FULL-45-15b,No robust majority,NA,NA,NA,NA,group_2:contains~~Atmosphere,"Primary signal: group_2=Atmosphere. Substrate-growth rows map to F7, not F1."
F1,oxygen_tolerance,all,gtdb_family_summary_all.tsv.gz,gtdb,family,obligate anaerobic,boolean,Environmental preferences,Atmosphere,OMP:0000184,BacDive-AI:SPIREv1=a1bef3e;Traitar:SPIREv1=8bd7d86,495931365,01-FULL-45-15b,false,NA,NA,NA,NA,group_2:contains~~Atmosphere,"Primary signal: group_2=Atmosphere. Substrate-growth rows map to F7, not F1."
F1,oxygen_tolerance,all,gtdb_family_summary_all.tsv.gz,gtdb,family,aerotolerant,boolean,Environmental preferences,Atmosphere,MICRO:0000502,BacDive-AI:SPIREv1=a1bef3e;GenomeSPOT:SPIREv1=1.0.1;Traitar:SPIREv1=8bd7d86,1879272904,02-FULL-45-10c,true,NA,NA,NA,NA,group_2:contains~~Atmosphere,"Primary signal: group_2=Atmosphere. Substrate-growth rows map to F7, not F1."
F1,oxygen_tolerance,all,gtdb_family_summary_all.tsv.gz,gtdb,family,capnophilic,boolean,Environmental preferences,Atmosphere,SNOMED:413748004,Traitar:SPIREv1=8bd7d86,1879272904,02-FULL-45-10c,No robust majority,NA,NA,NA,NA,group_2:contains~~Atmosphere,"Primary signal: group_2=Atmosphere. Substrate-growth rows map to F7, not F1."
F1,oxygen_tolerance,all,gtdb_family_summary_all.tsv.gz,gtdb,family,facultative anaerobe,boolean,Environmental preferences,Atmosphere,OMP:0000087,Traitar:SPIREv1=8bd7d86,1879272904,02-FULL-45-10c,false,NA,NA,NA,NA,group_2:contains~~Atmosphere,"Primary signal: group_2=Atmosphere. Substrate-growth rows map to F7, not F1."
F1,oxygen_tolerance,all,gtdb_family_summary_all.tsv.gz,gtdb,family,obligate aerobic,boolean,Environmental preferences,Atmosphere,OMP:0000185,BacDive-AI:SPIREv1=a1bef3e;Traitar:SPIREv1=8bd7d86,1879272904,02-FULL-45-10c,false,NA,NA,NA,NA,group_2:contains~~Atmosphere,"Primary signal: group_2=Atmosphere. Substrate-growth rows map to F7, not F1."
F1,oxygen_tolerance,all,gtdb_family_summary_all.tsv.gz,gtdb,family,obligate anaerobic,boolean,Environmental preferences,Atmosphere,OMP:0000184,BacDive-AI:SPIREv1=a1bef3e;Traitar:SPIREv1=8bd7d86,1879272904,02-FULL-45-10c,false,NA,NA,NA,NA,group_2:contains~~Atmosphere,"Primary signal: group_2=Atmosphere. Substrate-growth rows map to F7, not F1."
F1,oxygen_tolerance,all,gtdb_family_summary_all.tsv.gz,gtdb,family,aerotolerant,boolean,Environmental preferences,Atmosphere,MICRO:0000502,BacDive-AI:SPIREv1=a1bef3e;GenomeSPOT:SPIREv1=1.0.1;Traitar:SPIREv1=8bd7d86,1109772479,1-14-0-10-31-34,false,NA,NA,NA,NA,group_2:contains~~Atmosphere,"Primary signal: group_2=Atmosphere. Substrate-growth rows map to F7, not F1."
F1,oxygen_tolerance,all,gtdb_family_summary_all.tsv.gz,gtdb,family,capnophilic,boolean,Environmental preferences,Atmosphere,SNOMED:413748004,Traitar:SPIREv1=8bd7d86,1109772479,1-14-0-10-31-34,false,NA,NA,NA,NA,group_2:contains~~Atmosphere,"Primary signal: group_2=Atmosphere. Substrate-growth rows map to F7, not F1."
F1,oxygen_tolerance,all,gtdb_family_summary_all.tsv.gz,gtdb,family,facultative anaerobe,boolean,Environmental preferences,Atmosphere,OMP:0000087,Traitar:SPIREv1=8bd7d86,1109772479,1-14-0-10-31-34,false,NA,NA,NA,NA,group_2:contains~~Atmosphere,"Primary signal: group_2=Atmosphere. Substrate-growth rows map to F7, not F1."
F1,oxygen_tolerance,all,gtdb_family_summary_all.tsv.gz,gtdb,family,obligate aerobic,boolean,Environmental preferences,Atmosphere,OMP:0000185,BacDive-AI:SPIREv1=a1bef3e;Traitar:SPIREv1=8bd7d86,1109772479,1-14-0-10-31-34,false,NA,NA,NA,NA,group_2:contains~~Atmosphere,"Primary signal: group_2=Atmosphere. Substrate-growth rows map to F7, not F1."
F1,oxygen_tolerance,all,gtdb_family_summary_all.tsv.gz,gtdb,family,obligate anaerobic,boolean,Environmental preferences,Atmosphere,OMP:0000184,BacDive-AI:SPIREv1=a1bef3e;Traitar:SPIREv1=8bd7d86,1109772479,1-14-0-10-31-34,true,NA,NA,NA,NA,group_2:contains~~Atmosphere,"Primary signal: group_2=Atmosphere. Substrate-growth rows map to F7, not F1."
F1,oxygen_tolerance,no_predictions,gtdb_family_summary_no_predictions.tsv.gz,gtdb,family,aerotolerant,boolean,Environmental preferences,Atmosphere,MICRO:0000502,JGI/GOLD/IMG=2025-07-29,223750323,1-14-0-20-64-10,true,NA,NA,NA,NA,group_2:contains~~Atmosphere,"Primary signal: group_2=Atmosphere. Substrate-growth rows map to F7, not F1."
F1,oxygen_tolerance,no_predictions,gtdb_family_summary_no_predictions.tsv.gz,gtdb,family,oxygen preference,factor,Environmental preferences,Atmosphere,MICRO:0000491,JGI/GOLD/IMG=2025-07-29,223750323,1-14-0-20-64-10,microaerophilic,NA,NA,NA,NA,group_2:contains~~Atmosphere,"Primary signal: group_2=Atmosphere. Substrate-growth rows map to F7, not F1."
F1,oxygen_tolerance,no_predictions,gtdb_family_summary_no_predictions.tsv.gz,gtdb,family,aerotolerant,boolean,Environmental preferences,Atmosphere,MICRO:0000502,JGI/GOLD/IMG=2025-07-29,1551576428,2-02-FULL-39-32,true,NA,NA,NA,NA,group_2:contains~~Atmosphere,"Primary signal: group_2=Atmosphere. Substrate-growth rows map to F7, not F1."
F1,oxygen_tolerance,no_predictions,gtdb_family_summary_no_predictions.tsv.gz,gtdb,family,oxygen preference,factor,Environmental preferences,Atmosphere,MICRO:0000491,JGI/GOLD/IMG=2025-07-29,1551576428,2-02-FULL-39-32,microaerophilic,NA,NA,NA,NA,group_2:contains~~Atmosphere,"Primary signal: group_2=Atmosphere. Substrate-growth rows map to F7, not F1."
F1,oxygen_tolerance,no_predictions,gtdb_family_summary_no_predictions.tsv.gz,gtdb,family,aerotolerant,boolean,Environmental preferences,Atmosphere,MICRO:0000502,BV-BRC=2025-07-29,149144555,AB-539-J10,false,NA,NA,NA,NA,group_2:contains~~Atmosphere,"Primary signal: group_2=Atmosphere. Substrate-growth rows map to F7, not F1."
F1,oxygen_tolerance,no_predictions,gtdb_family_summary_no_predictions.tsv.gz,gtdb,family,oxygen preference,factor,Environmental preferences,Atmosphere,MICRO:0000491,BV-BRC=2025-07-29,149144555,AB-539-J10,anaerobic,NA,NA,NA,NA,group_2:contains~~Atmosphere,"Primary signal: group_2=Atmosphere. Substrate-growth rows map to F7, not F1."
F1,oxygen_tolerance,no_predictions,gtdb_family_summary_no_predictions.tsv.gz,gtdb,family,aerotolerant,boolean,Environmental preferences,Atmosphere,MICRO:0000502,BacDive=2025-07-29,318463998,Acanthopleuribacteraceae,true,NA,NA,NA,NA,group_2:contains~~Atmosphere,"Primary signal: group_2=Atmosphere. Substrate-growth rows map to F7, not F1."
F1,oxygen_tolerance,no_predictions,gtdb_family_summary_no_predictions.tsv.gz,gtdb,family,oxygen preference,factor,Environmental preferences,Atmosphere,MICRO:0000491,BacDive=2025-07-29,318463998,Acanthopleuribacteraceae,aerobic,NA,NA,NA,NA,group_2:contains~~Atmosphere,"Primary signal: group_2=Atmosphere. Substrate-growth rows map to F7, not F1."
F1,oxygen_tolerance,no_predictions,gtdb_family_summary_no_predictions.tsv.gz,gtdb,family,aerotolerant,boolean,Environmental preferences,Atmosphere,MICRO:0000502,BacDive=2025-07-29;BV-BRC=2025-07-29;JGI/GOLD=2025-07-29;JGI/GOLD/IMG=2025-07-29,1775432467,Acetivibrionaceae,false,NA,NA,NA,NA,group_2:contains~~Atmosphere,"Primary signal: group_2=Atmosphere. Substrate-growth rows map to F7, not F1."
F1,oxygen_tolerance,no_predictions,gtdb_family_summary_no_predictions.tsv.gz,gtdb,family,oxygen preference,factor,Environmental preferences,Atmosphere,MICRO:0000491,BacDive=2025-07-29;BV-BRC=2025-07-29;JGI/GOLD=2025-07-29;JGI/GOLD/IMG=2025-07-29,1775432467,Acetivibrionaceae,No robust majority,NA,NA,NA,NA,group_2:contains~~Atmosphere,"Primary signal: group_2=Atmosphere. Substrate-growth rows map to F7, not F1."
F1,oxygen_tolerance,no_predictions,gtdb_family_summary_no_predictions.tsv.gz,gtdb,family,aerotolerant,boolean,Environmental preferences,Atmosphere,MICRO:0000502,BacDive=2025-07-29;BV-BRC=2025-07-29;JGI/GOLD=2025-07-29;JGI/GOLD/IMG=2025-07-29,915913853,Acetobacteraceae,true,NA,NA,NA,NA,group_2:contains~~Atmosphere,"Primary signal: group_2=Atmosphere. Substrate-growth rows map to F7, not F1."
F1,oxygen_tolerance,no_predictions,gtdb_family_summary_no_predictions.tsv.gz,gtdb,family,oxygen preference,factor,Environmental preferences,Atmosphere,MICRO:0000491,BacDive=2025-07-29;BV-BRC=2025-07-29;JGI/GOLD=2025-07-29;JGI/GOLD/IMG=2025-07-29,915913853,Acetobacteraceae,No robust majority,NA,NA,NA,NA,group_2:contains~~Atmosphere,"Primary signal: group_2=Atmosphere. Substrate-growth rows map to F7, not F1."
F1,oxygen_tolerance,no_predictions,gtdb_family_summary_no_predictions.tsv.gz,gtdb,family,aerotolerant,boolean,Environmental preferences,Atmosphere,MICRO:0000502,BacDive=2025-07-29;BV-BRC=2025-07-29;JGI/GOLD/IMG=2025-07-29,537360503,Acetohalobiaceae,false,NA,NA,NA,NA,group_2:contains~~Atmosphere,"Primary signal: group_2=Atmosphere. Substrate-growth rows map to F7, not F1."
F1,oxygen_tolerance,no_predictions,gtdb_family_summary_no_predictions.tsv.gz,gtdb,family,oxygen preference,factor,Environmental preferences,Atmosphere,MICRO:0000491,BacDive=2025-07-29;BV-BRC=2025-07-29;JGI/GOLD/IMG=2025-07-29,537360503,Acetohalobiaceae,No robust majority,NA,NA,NA,NA,group_2:contains~~Atmosphere,"Primary signal: group_2=Atmosphere. Substrate-growth rows map to F7, not F1."
F1,oxygen_tolerance,no_predictions,gtdb_family_summary_no_predictions.tsv.gz,gtdb,family,aerotolerant,boolean,Environmental preferences,Atmosphere,MICRO:0000502,BacDive=2025-07-29;BV-BRC=2025-07-29;JGI/GOLD/IMG=2025-07-29,1471551112,Acetomicrobiaceae,false,NA,NA,NA,NA,group_2:contains~~Atmosphere,"Primary signal: group_2=Atmosphere. Substrate-growth rows map to F7, not F1."
F1,oxygen_tolerance,no_predictions,gtdb_family_summary_no_predictions.tsv.gz,gtdb,family,oxygen preference,factor,Environmental preferences,Atmosphere,MICRO:0000491,BacDive=2025-07-29;BV-BRC=2025-07-29;JGI/GOLD/IMG=2025-07-29,1471551112,Acetomicrobiaceae,No robust majority,NA,NA,NA,NA,group_2:contains~~Atmosphere,"Primary signal: group_2=Atmosphere. Substrate-growth rows map to F7, not F1."
F1,oxygen_tolerance,no_predictions,gtdb_family_summary_no_predictions.tsv.gz,gtdb,family,aerotolerant,boolean,Environmental preferences,Atmosphere,MICRO:0000502,BV-BRC=2025-07-29;JGI/GOLD/IMG=2025-07-29,1223190644,Acetonemaceae,false,NA,NA,NA,NA,group_2:contains~~Atmosphere,"Primary signal: group_2=Atmosphere. Substrate-growth rows map to F7, not F1."
F1,oxygen_tolerance,no_predictions,gtdb_family_summary_no_predictions.tsv.gz,gtdb,family,oxygen preference,factor,Environmental preferences,Atmosphere,MICRO:0000491,BV-BRC=2025-07-29;JGI/GOLD/IMG=2025-07-29,1223190644,Acetonemaceae,anaerobic,NA,NA,NA,NA,group_2:contains~~Atmosphere,"Primary signal: group_2=Atmosphere. Substrate-growth rows map to F7, not F1."
F1,oxygen_tolerance,no_predictions,gtdb_family_summary_no_predictions.tsv.gz,gtdb,family,aerotolerant,boolean,Environmental preferences,Atmosphere,MICRO:0000502,BacDive=2025-07-29;BV-BRC=2025-07-29;JGI/GOLD=2025-07-29;JGI/GOLD/IMG=2025-07-29,1029517523,Acholeplasmataceae,No robust majority,NA,NA,NA,NA,group_2:contains~~Atmosphere,"Primary signal: group_2=Atmosphere. Substrate-growth rows map to F7, not F1."
F1,oxygen_tolerance,no_predictions,gtdb_family_summary_no_predictions.tsv.gz,gtdb,family,oxygen preference,factor,Environmental preferences,Atmosphere,MICRO:0000491,BacDive=2025-07-29;BV-BRC=2025-07-29;JGI/GOLD=2025-07-29;JGI/GOLD/IMG=2025-07-29,1029517523,Acholeplasmataceae,No robust majority,NA,NA,NA,NA,group_2:contains~~Atmosphere,"Primary signal: group_2=Atmosphere. Substrate-growth rows map to F7, not F1."
F1,oxygen_tolerance,no_predictions,gtdb_family_summary_no_predictions.tsv.gz,gtdb,family,aerotolerant,boolean,Environmental preferences,Atmosphere,MICRO:0000502,BacDive=2025-07-29;BV-BRC=2025-07-29;JGI/GOLD/IMG=2025-07-29,1733949799,Acidaminobacteraceae,false,NA,NA,NA,NA,group_2:contains~~Atmosphere,"Primary signal: group_2=Atmosphere. Substrate-growth rows map to F7, not F1."
F1,oxygen_tolerance,no_predictions,gtdb_family_summary_no_predictions.tsv.gz,gtdb,family,oxygen preference,factor,Environmental preferences,Atmosphere,MICRO:0000491,BacDive=2025-07-29;BV-BRC=2025-07-29;JGI/GOLD/IMG=2025-07-29,1733949799,Acidaminobacteraceae,No robust majority,NA,NA,NA,NA,group_2:contains~~Atmosphere,"Primary signal: group_2=Atmosphere. Substrate-growth rows map to F7, not F1."
F1,oxygen_tolerance,no_predictions,gtdb_family_summary_no_predictions.tsv.gz,gtdb,family,aerotolerant,boolean,Environmental preferences,Atmosphere,MICRO:0000502,BacDive=2025-07-29;BV-BRC=2025-07-29;JGI/GOLD=2025-07-29;JGI/GOLD/IMG=2025-07-29,1860107176,Acidaminococcaceae,false,NA,NA,NA,NA,group_2:contains~~Atmosphere,"Primary signal: group_2=Atmosphere. Substrate-growth rows map to F7, not F1."
F1,oxygen_tolerance,no_predictions,gtdb_family_summary_no_predictions.tsv.gz,gtdb,family,oxygen preference,factor,Environmental preferences,Atmosphere,MICRO:0000491,BacDive=2025-07-29;BV-BRC=2025-07-29;JGI/GOLD=2025-07-29;JGI/GOLD/IMG=2025-07-29,1860107176,Acidaminococcaceae,No robust majority,NA,NA,NA,NA,group_2:contains~~Atmosphere,"Primary signal: group_2=Atmosphere. Substrate-growth rows map to F7, not F1."
F1,oxygen_tolerance,no_predictions,gtdb_family_summary_no_predictions.tsv.gz,gtdb,family,aerotolerant,boolean,Environmental preferences,Atmosphere,MICRO:0000502,BacDive=2025-07-29,2105485286,Acidihalobacteraceae,true,NA,NA,NA,NA,group_2:contains~~Atmosphere,"Primary signal: group_2=Atmosphere. Substrate-growth rows map to F7, not F1."
F1,oxygen_tolerance,no_predictions,gtdb_family_summary_no_predictions.tsv.gz,gtdb,family,oxygen preference,factor,Environmental preferences,Atmosphere,MICRO:0000491,BacDive=2025-07-29,2105485286,Acidihalobacteraceae,aerobic,NA,NA,NA,NA,group_2:contains~~Atmosphere,"Primary signal: group_2=Atmosphere. Substrate-growth rows map to F7, not F1."
F1,oxygen_tolerance,no_predictions,gtdb_family_summary_no_predictions.tsv.gz,gtdb,family,aerotolerant,boolean,Environmental preferences,Atmosphere,MICRO:0000502,BacDive=2025-07-29;BV-BRC=2025-07-29;JGI/GOLD=2025-07-29;JGI/GOLD/IMG=2025-07-29,626102019,Acidilobaceae,No robust majority,NA,NA,NA,NA,group_2:contains~~Atmosphere,"Primary signal: group_2=Atmosphere. Substrate-growth rows map to F7, not F1."
F1,oxygen_tolerance,no_predictions,gtdb_family_summary_no_predictions.tsv.gz,gtdb,family,oxygen preference,factor,Environmental preferences,Atmosphere,MICRO:0000491,BacDive=2025-07-29;BV-BRC=2025-07-29;JGI/GOLD=2025-07-29;JGI/GOLD/IMG=2025-07-29,626102019,Acidilobaceae,No robust majority,NA,NA,NA,NA,group_2:contains~~Atmosphere,"Primary signal: group_2=Atmosphere. Substrate-growth rows map to F7, not F1."
F1,oxygen_tolerance,no_predictions,gtdb_family_summary_no_predictions.tsv.gz,gtdb,family,aerotolerant,boolean,Environmental preferences,Atmosphere,MICRO:0000502,BV-BRC=2025-07-29;JGI/GOLD/IMG=2025-07-29,494083113,Acidimicrobiaceae,true,NA,NA,NA,NA,group_2:contains~~Atmosphere,"Primary signal: group_2=Atmosphere. Substrate-growth rows map to F7, not F1."
F1,oxygen_tolerance,no_predictions,gtdb_family_summary_no_predictions.tsv.gz,gtdb,family,oxygen preference,factor,Environmental preferences,Atmosphere,MICRO:0000491,BV-BRC=2025-07-29;JGI/GOLD/IMG=2025-07-29,494083113,Acidimicrobiaceae,No robust majority,NA,NA,NA,NA,group_2:contains~~Atmosphere,"Primary signal: group_2=Atmosphere. Substrate-growth rows map to F7, not F1."
F1,oxygen_tolerance,no_predictions,gtdb_family_summary_no_predictions.tsv.gz,gtdb,family,aerotolerant,boolean,Environmental preferences,Atmosphere,MICRO:0000502,BacDive=2025-07-29;BV-BRC=2025-07-29;JGI/GOLD=2025-07-29;JGI/GOLD/IMG=2025-07-29,727093411,Acidithiobacillaceae,true,NA,NA,NA,NA,group_2:contains~~Atmosphere,"Primary signal: group_2=Atmosphere. Substrate-growth rows map to F7, not F1."
F1,oxygen_tolerance,no_predictions,gtdb_family_summary_no_predictions.tsv.gz,gtdb,family,oxygen preference,factor,Environmental preferences,Atmosphere,MICRO:0000491,BacDive=2025-07-29;BV-BRC=2025-07-29;JGI/GOLD=2025-07-29;JGI/GOLD/IMG=2025-07-29,727093411,Acidithiobacillaceae,No robust majority,NA,NA,NA,NA,group_2:contains~~Atmosphere,"Primary signal: group_2=Atmosphere. Substrate-growth rows map to F7, not F1."
F1,oxygen_tolerance,no_predictions,gtdb_family_summary_no_predictions.tsv.gz,gtdb,family,aerotolerant,boolean,Environmental preferences,Atmosphere,MICRO:0000502,BacDive=2025-07-29;BV-BRC=2025-07-29;JGI/GOLD=2025-07-29;JGI/GOLD/IMG=2025-07-29,354524460,Acidobacteriaceae,true,NA,NA,NA,NA,group_2:contains~~Atmosphere,"Primary signal: group_2=Atmosphere. Substrate-growth rows map to F7, not F1."
F1,oxygen_tolerance,no_predictions,gtdb_family_summary_no_predictions.tsv.gz,gtdb,family,oxygen preference,factor,Environmental preferences,Atmosphere,MICRO:0000491,BacDive=2025-07-29;BV-BRC=2025-07-29;JGI/GOLD=2025-07-29;JGI/GOLD/IMG=2025-07-29,354524460,Acidobacteriaceae,aerobic,NA,NA,NA,NA,group_2:contains~~Atmosphere,"Primary signal: group_2=Atmosphere. Substrate-growth rows map to F7, not F1."
F1,oxygen_tolerance,no_predictions,gtdb_family_summary_no_predictions.tsv.gz,gtdb,family,aerotolerant,boolean,Environmental preferences,Atmosphere,MICRO:0000502,BV-BRC=2025-07-29;JGI/GOLD=2025-07-29;JGI/GOLD/IMG=2025-07-29,2088988400,Acidothermaceae,true,NA,NA,NA,NA,group_2:contains~~Atmosphere,"Primary signal: group_2=Atmosphere. Substrate-growth rows map to F7, not F1."
F1,oxygen_tolerance,no_predictions,gtdb_family_summary_no_predictions.tsv.gz,gtdb,family,oxygen preference,factor,Environmental preferences,Atmosphere,MICRO:0000491,BV-BRC=2025-07-29;JGI/GOLD=2025-07-29;JGI/GOLD/IMG=2025-07-29,2088988400,Acidothermaceae,aerobic,NA,NA,NA,NA,group_2:contains~~Atmosphere,"Primary signal: group_2=Atmosphere. Substrate-growth rows map to F7, not F1."
F1,oxygen_tolerance,no_predictions,gtdb_family_summary_no_predictions.tsv.gz,gtdb,family,aerotolerant,boolean,Environmental preferences,Atmosphere,MICRO:0000502,BV-BRC=2025-07-29;JGI/GOLD=2025-07-29;JGI/GOLD/IMG=2025-07-29,510566438,Aciduliprofundaceae,false,NA,NA,NA,NA,group_2:contains~~Atmosphere,"Primary signal: group_2=Atmosphere. Substrate-growth rows map to F7, not F1."
F1,oxygen_tolerance,no_predictions,gtdb_family_summary_no_predictions.tsv.gz,gtdb,family,oxygen preference,factor,Environmental preferences,Atmosphere,MICRO:0000491,BV-BRC=2025-07-29;JGI/GOLD=2025-07-29;JGI/GOLD/IMG=2025-07-29,510566438,Aciduliprofundaceae,No robust majority,NA,NA,NA,NA,group_2:contains~~Atmosphere,"Primary signal: group_2=Atmosphere. Substrate-growth rows map to F7, not F1."
F1,oxygen_tolerance,no_predictions,gtdb_family_summary_no_predictions.tsv.gz,gtdb,family,aerotolerant,boolean,Environmental preferences,Atmosphere,MICRO:0000502,BacDive=2025-07-29;BV-BRC=2025-07-29;JGI/GOLD=2025-07-29;JGI/GOLD/IMG=2025-07-29,300353966,Actinomycetaceae,true,NA,NA,NA,NA,group_2:contains~~Atmosphere,"Primary signal: group_2=Atmosphere. Substrate-growth rows map to F7, not F1."
F1,oxygen_tolerance,no_predictions,gtdb_family_summary_no_predictions.tsv.gz,gtdb,family,oxygen preference,factor,Environmental preferences,Atmosphere,MICRO:0000491,BacDive=2025-07-29;BV-BRC=2025-07-29;JGI/GOLD=2025-07-29;JGI/GOLD/IMG=2025-07-29,300353966,Actinomycetaceae,No robust majority,NA,NA,NA,NA,group_2:contains~~Atmosphere,"Primary signal: group_2=Atmosphere. Substrate-growth rows map to F7, not F1."
F1,oxygen_tolerance,no_predictions,gtdb_family_summary_no_predictions.tsv.gz,gtdb,family,aerotolerant,boolean,Environmental preferences,Atmosphere,MICRO:0000502,BacDive=2025-07-29;BV-BRC=2025-07-29;JGI/GOLD/IMG=2025-07-29,534118293,Actinopolymorphaceae,true,NA,NA,NA,NA,group_2:contains~~Atmosphere,"Primary signal: group_2=Atmosphere. Substrate-growth rows map to F7, not F1."
F1,oxygen_tolerance,no_predictions,gtdb_family_summary_no_predictions.tsv.gz,gtdb,family,oxygen preference,factor,Environmental preferences,Atmosphere,MICRO:0000491,BacDive=2025-07-29;BV-BRC=2025-07-29;JGI/GOLD/IMG=2025-07-29,534118293,Actinopolymorphaceae,aerobic,NA,NA,NA,NA,group_2:contains~~Atmosphere,"Primary signal: group_2=Atmosphere. Substrate-growth rows map to F7, not F1."
F1,oxygen_tolerance,no_predictions,gtdb_family_summary_no_predictions.tsv.gz,gtdb,family,aerotolerant,boolean,Environmental preferences,Atmosphere,MICRO:0000502,BacDive=2025-07-29;BV-BRC=2025-07-29;JGI/GOLD/IMG=2025-07-29,726709100,Acutalibacteraceae,false,NA,NA,NA,NA,group_2:contains~~Atmosphere,"Primary signal: group_2=Atmosphere. Substrate-growth rows map to F7, not F1."
F1,oxygen_tolerance,no_predictions,gtdb_family_summary_no_predictions.tsv.gz,gtdb,family,oxygen preference,factor,Environmental preferences,Atmosphere,MICRO:0000491,BacDive=2025-07-29;BV-BRC=2025-07-29;JGI/GOLD/IMG=2025-07-29,726709100,Acutalibacteraceae,No robust majority,NA,NA,NA,NA,group_2:contains~~Atmosphere,"Primary signal: group_2=Atmosphere. Substrate-growth rows map to F7, not F1."
F1,oxygen_tolerance,no_predictions,gtdb_family_summary_no_predictions.tsv.gz,gtdb,family,aerotolerant,boolean,Environmental preferences,Atmosphere,MICRO:0000502,JGI/GOLD/IMG=2025-07-29,1461284038,AE-B3A,true,NA,NA,NA,NA,group_2:contains~~Atmosphere,"Primary signal: group_2=Atmosphere. Substrate-growth rows map to F7, not F1."
F1,oxygen_tolerance,no_predictions,gtdb_family_summary_no_predictions.tsv.gz,gtdb,family,oxygen preference,factor,Environmental preferences,Atmosphere,MICRO:0000491,JGI/GOLD/IMG=2025-07-29,1461284038,AE-B3A,aerobic,NA,NA,NA,NA,group_2:contains~~Atmosphere,"Primary signal: group_2=Atmosphere. Substrate-growth rows map to F7, not F1."
F1,oxygen_tolerance,no_predictions,gtdb_family_summary_no_predictions.tsv.gz,gtdb,family,aerotolerant,boolean,Environmental preferences,Atmosphere,MICRO:0000502,BacDive=2025-07-29;BV-BRC=2025-07-29;JGI/GOLD/IMG=2025-07-29,418417608,Aeribacillaceae,true,NA,NA,NA,NA,group_2:contains~~Atmosphere,"Primary signal: group_2=Atmosphere. Substrate-growth rows map to F7, not F1."
F1,oxygen_tolerance,no_predictions,gtdb_family_summary_no_predictions.tsv.gz,gtdb,family,oxygen preference,factor,Environmental preferences,Atmosphere,MICRO:0000491,BacDive=2025-07-29;BV-BRC=2025-07-29;JGI/GOLD/IMG=2025-07-29,418417608,Aeribacillaceae,No robust majority,NA,NA,NA,NA,group_2:contains~~Atmosphere,"Primary signal: group_2=Atmosphere. Substrate-growth rows map to F7, not F1."
F1,oxygen_tolerance,no_predictions,gtdb_family_summary_no_predictions.tsv.gz,gtdb,family,aerotolerant,boolean,Environmental preferences,Atmosphere,MICRO:0000502,BacDive=2025-07-29;BV-BRC=2025-07-29;JGI/GOLD=2025-07-29;JGI/GOLD/IMG=2025-07-29,488720778,Aerococcaceae,true,NA,NA,NA,NA,group_2:contains~~Atmosphere,"Primary signal: group_2=Atmosphere. Substrate-growth rows map to F7, not F1."
F1,oxygen_tolerance,no_predictions,gtdb_family_summary_no_predictions.tsv.gz,gtdb,family,oxygen preference,factor,Environmental preferences,Atmosphere,MICRO:0000491,BacDive=2025-07-29;BV-BRC=2025-07-29;JGI/GOLD=2025-07-29;JGI/GOLD/IMG=2025-07-29,488720778,Aerococcaceae,No robust majority,NA,NA,NA,NA,group_2:contains~~Atmosphere,"Primary signal: group_2=Atmosphere. Substrate-growth rows map to F7, not F1."
F10,motility,all,gtdb_family_summary_all.tsv.gz,gtdb,family,presence of motility,boolean,Physiology,Motility,OMP:0000005,BacDive-AI:SPIREv1=a1bef3e;Traitar:SPIREv1=8bd7d86,864477170,0-14-0-10-38-17,false,NA,NA,NA,NA,group_2:contains~~Motility,"group_2 in {Motility, Cell appendages}."
F10,motility,all,gtdb_family_summary_all.tsv.gz,gtdb,family,presence of motility,boolean,Physiology,Motility,OMP:0000005,BacDive-AI:SPIREv1=a1bef3e;Traitar:SPIREv1=8bd7d86,2070788780,0-14-0-20-30-16,false,NA,NA,NA,NA,group_2:contains~~Motility,"group_2 in {Motility, Cell appendages}."
F10,motility,all,gtdb_family_summary_all.tsv.gz,gtdb,family,presence of motility,boolean,Physiology,Motility,OMP:0000005,BacDive-AI:SPIREv1=a1bef3e;Traitar:SPIREv1=8bd7d86,410678088,0-14-0-20-34-12,false,NA,NA,NA,NA,group_2:contains~~Motility,"group_2 in {Motility, Cell appendages}."
F10,motility,all,gtdb_family_summary_all.tsv.gz,gtdb,family,presence of motility,boolean,Physiology,Motility,OMP:0000005,BacDive-AI:SPIREv1=a1bef3e;Traitar:SPIREv1=8bd7d86,929049184,0-14-0-20-40-13,false,NA,NA,NA,NA,group_2:contains~~Motility,"group_2 in {Motility, Cell appendages}."
F10,motility,all,gtdb_family_summary_all.tsv.gz,gtdb,family,presence of motility,boolean,Physiology,Motility,OMP:0000005,BacDive-AI:SPIREv1=a1bef3e;Traitar:SPIREv1=8bd7d86,165559233,0-14-0-80-44-23,false,NA,NA,NA,NA,group_2:contains~~Motility,"group_2 in {Motility, Cell appendages}."
F10,motility,all,gtdb_family_summary_all.tsv.gz,gtdb,family,presence of motility,boolean,Physiology,Motility,OMP:0000005,BacDive-AI:proGenomes3=a1bef3e;BacDive-AI:SPIREv1=a1bef3e;Traitar:proGenomes3=8bd7d86;Traitar:SPIREv1=8bd7d86,2057107470,0-14-0-80-59-12,false,NA,NA,NA,NA,group_2:contains~~Motility,"group_2 in {Motility, Cell appendages}."
F10,motility,all,gtdb_family_summary_all.tsv.gz,gtdb,family,presence of motility,boolean,Physiology,Motility,OMP:0000005,BacDive-AI:proGenomes3=a1bef3e;BacDive-AI:SPIREv1=a1bef3e;Traitar:SPIREv1=8bd7d86,980929432,0-14-0-80-60-11,No robust majority,NA,NA,NA,NA,group_2:contains~~Motility,"group_2 in {Motility, Cell appendages}."
F10,motility,all,gtdb_family_summary_all.tsv.gz,gtdb,family,presence of motility,boolean,Physiology,Motility,OMP:0000005,BacDive-AI:SPIREv1=a1bef3e;Traitar:SPIREv1=8bd7d86,495931365,01-FULL-45-15b,false,NA,NA,NA,NA,group_2:contains~~Motility,"group_2 in {Motility, Cell appendages}."
F10,motility,all,gtdb_family_summary_all.tsv.gz,gtdb,family,presence of motility,boolean,Physiology,Motility,OMP:0000005,BacDive-AI:SPIREv1=a1bef3e;Traitar:SPIREv1=8bd7d86,1879272904,02-FULL-45-10c,false,NA,NA,NA,NA,group_2:contains~~Motility,"group_2 in {Motility, Cell appendages}."
F10,motility,all,gtdb_family_summary_all.tsv.gz,gtdb,family,presence of motility,boolean,Physiology,Motility,OMP:0000005,BacDive-AI:SPIREv1=a1bef3e;Traitar:SPIREv1=8bd7d86,1109772479,1-14-0-10-31-34,false,NA,NA,NA,NA,group_2:contains~~Motility,"group_2 in {Motility, Cell appendages}."
F10,motility,all,gtdb_family_summary_all.tsv.gz,gtdb,family,presence of motility,boolean,Physiology,Motility,OMP:0000005,BacDive-AI:SPIREv1=a1bef3e;Traitar:SPIREv1=8bd7d86,1729449137,1-14-0-10-40-38,false,NA,NA,NA,NA,group_2:contains~~Motility,"group_2 in {Motility, Cell appendages}."
F10,motility,all,gtdb_family_summary_all.tsv.gz,gtdb,family,presence of motility,boolean,Physiology,Motility,OMP:0000005,BacDive-AI:SPIREv1=a1bef3e;Traitar:SPIREv1=8bd7d86,606509743,1-14-0-10-41-12,false,NA,NA,NA,NA,group_2:contains~~Motility,"group_2 in {Motility, Cell appendages}."
F10,motility,all,gtdb_family_summary_all.tsv.gz,gtdb,family,presence of motility,boolean,Physiology,Motility,OMP:0000005,BacDive-AI:SPIREv1=a1bef3e;Traitar:SPIREv1=8bd7d86,1223959005,1-14-0-10-42-12,false,NA,NA,NA,NA,group_2:contains~~Motility,"group_2 in {Motility, Cell appendages}."
F10,motility,all,gtdb_family_summary_all.tsv.gz,gtdb,family,presence of motility,boolean,Physiology,Motility,OMP:0000005,BacDive-AI:SPIREv1=a1bef3e,1602257932,1-14-0-10-42-19,false,NA,NA,NA,NA,group_2:contains~~Motility,"group_2 in {Motility, Cell appendages}."
F10,motility,all,gtdb_family_summary_all.tsv.gz,gtdb,family,presence of motility,boolean,Physiology,Motility,OMP:0000005,BacDive-AI:SPIREv1=a1bef3e;Traitar:SPIREv1=8bd7d86,621118134,1-14-0-10-43-13,false,NA,NA,NA,NA,group_2:contains~~Motility,"group_2 in {Motility, Cell appendages}."
F10,motility,all,gtdb_family_summary_all.tsv.gz,gtdb,family,presence of motility,boolean,Physiology,Motility,OMP:0000005,BacDive-AI:SPIREv1=a1bef3e;Traitar:SPIREv1=8bd7d86,858815153,1-14-0-10-44-23,false,NA,NA,NA,NA,group_2:contains~~Motility,"group_2 in {Motility, Cell appendages}."
F10,motility,all,gtdb_family_summary_all.tsv.gz,gtdb,family,presence of motility,boolean,Physiology,Motility,OMP:0000005,BacDive-AI:proGenomes3=a1bef3e;BacDive-AI:SPIREv1=a1bef3e;Traitar:proGenomes3=8bd7d86,868383462,1-14-0-10-45-34,No robust majority,NA,NA,NA,NA,group_2:contains~~Motility,"group_2 in {Motility, Cell appendages}."
F10,motility,all,gtdb_family_summary_all.tsv.gz,gtdb,family,presence of motility,boolean,Physiology,Motility,OMP:0000005,BacDive-AI:proGenomes3=a1bef3e;BacDive-AI:SPIREv1=a1bef3e;Traitar:proGenomes3=8bd7d86,1563564256,1-14-0-20-47-16,No robust majority,NA,NA,NA,NA,group_2:contains~~Motility,"group_2 in {Motility, Cell appendages}."
F10,motility,all,gtdb_family_summary_all.tsv.gz,gtdb,family,presence of motility,boolean,Physiology,Motility,OMP:0000005,BacDive-AI:SPIREv1=a1bef3e;Traitar:SPIREv1=8bd7d86,1069637774,1-14-0-20-49-13,No robust majority,NA,NA,NA,NA,group_2:contains~~Motility,"group_2 in {Motility, Cell appendages}."
F10,motility,all,gtdb_family_summary_all.tsv.gz,gtdb,family,presence of motility,boolean,Physiology,Motility,OMP:0000005,BacDive-AI:proGenomes3=a1bef3e;BacDive-AI:SPIREv1=a1bef3e;Traitar:SPIREv1=8bd7d86,223750323,1-14-0-20-64-10,false,NA,NA,NA,NA,group_2:contains~~Motility,"group_2 in {Motility, Cell appendages}."
F10,motility,all,gtdb_family_summary_all.tsv.gz,gtdb,family,presence of motility,boolean,Physiology,Motility,OMP:0000005,BacDive-AI:proGenomes3=a1bef3e;BacDive-AI:SPIREv1=a1bef3e;Traitar:proGenomes3=8bd7d86;Traitar:SPIREv1=8bd7d86,1113309094,1-14-2-50-48-13,false,NA,NA,NA,NA,group_2:contains~~Motility,"group_2 in {Motility, Cell appendages}."
F10,motility,all,gtdb_family_summary_all.tsv.gz,gtdb,family,presence of motility,boolean,Physiology,Motility,OMP:0000005,BacDive-AI:proGenomes3=a1bef3e;BacDive-AI:SPIREv1=a1bef3e;Traitar:SPIREv1=8bd7d86,651849632,13-1-40CM-64-14,false,NA,NA,NA,NA,group_2:contains~~Motility,"group_2 in {Motility, Cell appendages}."
F10,motility,all,gtdb_family_summary_all.tsv.gz,gtdb,family,presence of motility,boolean,Physiology,Motility,OMP:0000005,BacDive-AI:proGenomes3=a1bef3e;BacDive-AI:SPIREv1=a1bef3e;Traitar:proGenomes3=8bd7d86;Traitar:SPIREv1=8bd7d86,1421590683,1604HC,false,NA,NA,NA,NA,group_2:contains~~Motility,"group_2 in {Motility, Cell appendages}."
F10,motility,all,gtdb_family_summary_all.tsv.gz,gtdb,family,presence of motility,boolean,Physiology,Motility,OMP:0000005,BacDive-AI:proGenomes3=a1bef3e;Traitar:proGenomes3=8bd7d86,1728940786,16-39-46,false,NA,NA,NA,NA,group_2:contains~~Motility,"group_2 in {Motility, Cell appendages}."
F10,motility,all,gtdb_family_summary_all.tsv.gz,gtdb,family,presence of motility,boolean,Physiology,Motility,OMP:0000005,BacDive-AI:proGenomes3=a1bef3e;BacDive-AI:SPIREv1=a1bef3e;Traitar:proGenomes3=8bd7d86;Traitar:SPIREv1=8bd7d86,1859961409,172606-1,false,NA,NA,NA,NA,group_2:contains~~Motility,"group_2 in {Motility, Cell appendages}."
F10,motility,all,gtdb_family_summary_all.tsv.gz,gtdb,family,presence of motility,boolean,Physiology,Motility,OMP:0000005,BacDive-AI:proGenomes3=a1bef3e;BacDive-AI:SPIREv1=a1bef3e;Traitar:proGenomes3=8bd7d86;Traitar:SPIREv1=8bd7d86,618313202,2013-40CM-41-45,false,NA,NA,NA,NA,group_2:contains~~Motility,"group_2 in {Motility, Cell appendages}."
F10,motility,all,gtdb_family_summary_all.tsv.gz,gtdb,family,presence of motility,boolean,Physiology,Motility,OMP:0000005,BacDive-AI:SPIREv1=a1bef3e;Traitar:SPIREv1=8bd7d86,1060972233,2-01-FULL-39-13,false,NA,NA,NA,NA,group_2:contains~~Motility,"group_2 in {Motility, Cell appendages}."
F10,motility,all,gtdb_family_summary_all.tsv.gz,gtdb,family,presence of motility,boolean,Physiology,Motility,OMP:0000005,BacDive-AI:SPIREv1=a1bef3e;Traitar:SPIREv1=8bd7d86,377377779,2-01-FULL-39-33,false,NA,NA,NA,NA,group_2:contains~~Motility,"group_2 in {Motility, Cell appendages}."
F10,motility,all,gtdb_family_summary_all.tsv.gz,gtdb,family,presence of motility,boolean,Physiology,Motility,OMP:0000005,BacDive-AI:SPIREv1=a1bef3e;Traitar:SPIREv1=8bd7d86,1633691174,2-01-FULL-40-14,false,NA,NA,NA,NA,group_2:contains~~Motility,"group_2 in {Motility, Cell appendages}."
F10,motility,all,gtdb_family_summary_all.tsv.gz,gtdb,family,presence of motility,boolean,Physiology,Motility,OMP:0000005,BacDive-AI:SPIREv1=a1bef3e;Traitar:SPIREv1=8bd7d86,16529870,2-01-FULL-41-18,false,NA,NA,NA,NA,group_2:contains~~Motility,"group_2 in {Motility, Cell appendages}."
F10,motility,all,gtdb_family_summary_all.tsv.gz,gtdb,family,presence of motility,boolean,Physiology,Motility,OMP:0000005,BacDive-AI:SPIREv1=a1bef3e;Traitar:SPIREv1=8bd7d86,754833786,2-01-FULL-43-14,false,NA,NA,NA,NA,group_2:contains~~Motility,"group_2 in {Motility, Cell appendages}."
F10,motility,all,gtdb_family_summary_all.tsv.gz,gtdb,family,presence of motility,boolean,Physiology,Motility,OMP:0000005,BacDive-AI:proGenomes3=a1bef3e;BacDive-AI:SPIREv1=a1bef3e;Traitar:proGenomes3=8bd7d86;Traitar:SPIREv1=8bd7d86,1213064403,2-01-FULL-45-10,false,NA,NA,NA,NA,group_2:contains~~Motility,"group_2 in {Motility, Cell appendages}."
F10,motility,all,gtdb_family_summary_all.tsv.gz,gtdb,family,presence of motility,boolean,Physiology,Motility,OMP:0000005,BacDive-AI:proGenomes3=a1bef3e;BacDive-AI:SPIREv1=a1bef3e;Traitar:SPIREv1=8bd7d86,75825233,2-01-FULL-45-33,false,NA,NA,NA,NA,group_2:contains~~Motility,"group_2 in {Motility, Cell appendages}."
F10,motility,all,gtdb_family_summary_all.tsv.gz,gtdb,family,presence of motility,boolean,Physiology,Motility,OMP:0000005,BacDive-AI:SPIREv1=a1bef3e;Traitar:SPIREv1=8bd7d86,2029196542,2-01-FULL-46-14,false,NA,NA,NA,NA,group_2:contains~~Motility,"group_2 in {Motility, Cell appendages}."
F10,motility,all,gtdb_family_summary_all.tsv.gz,gtdb,family,presence of motility,boolean,Physiology,Motility,OMP:0000005,BacDive-AI:SPIREv1=a1bef3e;Traitar:SPIREv1=8bd7d86,1816990637,2-01-FULL-50-11,false,NA,NA,NA,NA,group_2:contains~~Motility,"group_2 in {Motility, Cell appendages}."
F10,motility,all,gtdb_family_summary_all.tsv.gz,gtdb,family,presence of motility,boolean,Physiology,Motility,OMP:0000005,BacDive-AI:SPIREv1=a1bef3e;Traitar:SPIREv1=8bd7d86,659345777,2-01-FULL-51-21,false,NA,NA,NA,NA,group_2:contains~~Motility,"group_2 in {Motility, Cell appendages}."
F10,motility,all,gtdb_family_summary_all.tsv.gz,gtdb,family,presence of motility,boolean,Physiology,Motility,OMP:0000005,BacDive-AI:SPIREv1=a1bef3e;Traitar:SPIREv1=8bd7d86,1705026443,2-01-FULL-52-15,false,NA,NA,NA,NA,group_2:contains~~Motility,"group_2 in {Motility, Cell appendages}."
F10,motility,all,gtdb_family_summary_all.tsv.gz,gtdb,family,presence of motility,boolean,Physiology,Motility,OMP:0000005,BacDive-AI:SPIREv1=a1bef3e;Traitar:SPIREv1=8bd7d86,1552003277,2-01-FULL-56-20,false,NA,NA,NA,NA,group_2:contains~~Motility,"group_2 in {Motility, Cell appendages}."
F10,motility,all,gtdb_family_summary_all.tsv.gz,gtdb,family,presence of motility,boolean,Physiology,Motility,OMP:0000005,BacDive-AI:SPIREv1=a1bef3e;Traitar:SPIREv1=8bd7d86,23763981,2-01-FULL-59-12,false,NA,NA,NA,NA,group_2:contains~~Motility,"group_2 in {Motility, Cell appendages}."
F10,motility,all,gtdb_family_summary_all.tsv.gz,gtdb,family,presence of motility,boolean,Physiology,Motility,OMP:0000005,BacDive-AI:SPIREv1=a1bef3e;Traitar:SPIREv1=8bd7d86,446369707,2-01-FULL-66-17,No robust majority,NA,NA,NA,NA,group_2:contains~~Motility,"group_2 in {Motility, Cell appendages}."
F10,motility,all,gtdb_family_summary_all.tsv.gz,gtdb,family,presence of motility,boolean,Physiology,Motility,OMP:0000005,BacDive-AI:proGenomes3=a1bef3e;BacDive-AI:SPIREv1=a1bef3e;Traitar:proGenomes3=8bd7d86;Traitar:SPIREv1=8bd7d86,1183816981,2-02-FULL-35-15,No robust majority,NA,NA,NA,NA,group_2:contains~~Motility,"group_2 in {Motility, Cell appendages}."
F10,motility,all,gtdb_family_summary_all.tsv.gz,gtdb,family,presence of motility,boolean,Physiology,Motility,OMP:0000005,BacDive-AI:SPIREv1=a1bef3e;Traitar:SPIREv1=8bd7d86,274046720,2-02-FULL-39-11,false,NA,NA,NA,NA,group_2:contains~~Motility,"group_2 in {Motility, Cell appendages}."
F10,motility,all,gtdb_family_summary_all.tsv.gz,gtdb,family,presence of motility,boolean,Physiology,Motility,OMP:0000005,BacDive-AI:proGenomes3=a1bef3e;BacDive-AI:SPIREv1=a1bef3e;Traitar:proGenomes3=8bd7d86;Traitar:SPIREv1=8bd7d86,1551576428,2-02-FULL-39-32,false,NA,NA,NA,NA,group_2:contains~~Motility,"group_2 in {Motility, Cell appendages}."
F10,motility,all,gtdb_family_summary_all.tsv.gz,gtdb,family,presence of motility,boolean,Physiology,Motility,OMP:0000005,BacDive-AI:proGenomes3=a1bef3e;Traitar:proGenomes3=8bd7d86,1757978506,2-02-FULL-40-11,false,NA,NA,NA,NA,group_2:contains~~Motility,"group_2 in {Motility, Cell appendages}."
F10,motility,all,gtdb_family_summary_all.tsv.gz,gtdb,family,presence of motility,boolean,Physiology,Motility,OMP:0000005,BacDive-AI:SPIREv1=a1bef3e;Traitar:SPIREv1=8bd7d86,1449675966,2-02-FULL-40-12,false,NA,NA,NA,NA,group_2:contains~~Motility,"group_2 in {Motility, Cell appendages}."
F10,motility,all,gtdb_family_summary_all.tsv.gz,gtdb,family,presence of motility,boolean,Physiology,Motility,OMP:0000005,BacDive-AI:SPIREv1=a1bef3e;Traitar:SPIREv1=8bd7d86,1938343107,2-02-FULL-43-11,false,NA,NA,NA,NA,group_2:contains~~Motility,"group_2 in {Motility, Cell appendages}."
F10,motility,all,gtdb_family_summary_all.tsv.gz,gtdb,family,presence of motility,boolean,Physiology,Motility,OMP:0000005,BacDive-AI:proGenomes3=a1bef3e;BacDive-AI:SPIREv1=a1bef3e;Traitar:proGenomes3=8bd7d86;Traitar:SPIREv1=8bd7d86,756639051,2-02-FULL-44-16,No robust majority,NA,NA,NA,NA,group_2:contains~~Motility,"group_2 in {Motility, Cell appendages}."
F10,motility,all,gtdb_family_summary_all.tsv.gz,gtdb,family,presence of motility,boolean,Physiology,Motility,OMP:0000005,BacDive-AI:SPIREv1=a1bef3e;Traitar:SPIREv1=8bd7d86,1788554414,2-02-FULL-48-12,false,NA,NA,NA,NA,group_2:contains~~Motility,"group_2 in {Motility, Cell appendages}."
F10,motility,all,gtdb_family_summary_all.tsv.gz,gtdb,family,presence of motility,boolean,Physiology,Motility,OMP:0000005,BacDive-AI:proGenomes3=a1bef3e;BacDive-AI:SPIREv1=a1bef3e;Traitar:SPIREv1=8bd7d86,929761530,2-02-FULL-48-14,false,NA,NA,NA,NA,group_2:contains~~Motility,"group_2 in {Motility, Cell appendages}."
F10,motility,all,gtdb_family_summary_all.tsv.gz,gtdb,family,presence of motility,boolean,Physiology,Motility,OMP:0000005,BacDive-AI:SPIREv1=a1bef3e;Traitar:SPIREv1=8bd7d86,972277430,2-02-FULL-48-16,false,NA,NA,NA,NA,group_2:contains~~Motility,"group_2 in {Motility, Cell appendages}."
F10,motility,no_predictions,gtdb_family_summary_no_predictions.tsv.gz,gtdb,family,flagellum arrangement,factor,Morphology,Cell appendages,OMP:0000078,BacDive=2025-07-29,318463998,Acanthopleuribacteraceae,peritrichous,NA,NA,NA,NA,group_2:contains~~Cell appendages,"group_2 in {Motility, Cell appendages}."
F10,motility,no_predictions,gtdb_family_summary_no_predictions.tsv.gz,gtdb,family,presence of motility,boolean,Physiology,Motility,OMP:0000005,BacDive=2025-07-29,318463998,Acanthopleuribacteraceae,true,NA,NA,NA,NA,group_2:contains~~Motility,"group_2 in {Motility, Cell appendages}."
F10,motility,no_predictions,gtdb_family_summary_no_predictions.tsv.gz,gtdb,family,flagellum arrangement,factor,Morphology,Cell appendages,OMP:0000078,BacDive=2025-07-29,1775432467,Acetivibrionaceae,peritrichous,NA,NA,NA,NA,group_2:contains~~Cell appendages,"group_2 in {Motility, Cell appendages}."
F10,motility,no_predictions,gtdb_family_summary_no_predictions.tsv.gz,gtdb,family,presence of motility,boolean,Physiology,Motility,OMP:0000005,BacDive=2025-07-29;BV-BRC=2025-07-29;JGI/GOLD=2025-07-29;JGI/GOLD/IMG=2025-07-29,1775432467,Acetivibrionaceae,true,NA,NA,NA,NA,group_2:contains~~Motility,"group_2 in {Motility, Cell appendages}."
F10,motility,no_predictions,gtdb_family_summary_no_predictions.tsv.gz,gtdb,family,flagellum arrangement,factor,Morphology,Cell appendages,OMP:0000078,BacDive=2025-07-29,915913853,Acetobacteraceae,No robust majority,NA,NA,NA,NA,group_2:contains~~Cell appendages,"group_2 in {Motility, Cell appendages}."
F10,motility,no_predictions,gtdb_family_summary_no_predictions.tsv.gz,gtdb,family,presence of motility,boolean,Physiology,Motility,OMP:0000005,BacDive=2025-07-29;BV-BRC=2025-07-29;JGI/GOLD=2025-07-29;JGI/GOLD/IMG=2025-07-29,915913853,Acetobacteraceae,No robust majority,NA,NA,NA,NA,group_2:contains~~Motility,"group_2 in {Motility, Cell appendages}."
F10,motility,no_predictions,gtdb_family_summary_no_predictions.tsv.gz,gtdb,family,presence of motility,boolean,Physiology,Motility,OMP:0000005,BacDive=2025-07-29;JGI/GOLD/IMG=2025-07-29,537360503,Acetohalobiaceae,true,NA,NA,NA,NA,group_2:contains~~Motility,"group_2 in {Motility, Cell appendages}."
F10,motility,no_predictions,gtdb_family_summary_no_predictions.tsv.gz,gtdb,family,presence of motility,boolean,Physiology,Motility,OMP:0000005,BacDive=2025-07-29;BV-BRC=2025-07-29;JGI/GOLD/IMG=2025-07-29,1471551112,Acetomicrobiaceae,No robust majority,NA,NA,NA,NA,group_2:contains~~Motility,"group_2 in {Motility, Cell appendages}."
F10,motility,no_predictions,gtdb_family_summary_no_predictions.tsv.gz,gtdb,family,presence of motility,boolean,Physiology,Motility,OMP:0000005,BV-BRC=2025-07-29;JGI/GOLD/IMG=2025-07-29,1029517523,Acholeplasmataceae,false,NA,NA,NA,NA,group_2:contains~~Motility,"group_2 in {Motility, Cell appendages}."
F10,motility,no_predictions,gtdb_family_summary_no_predictions.tsv.gz,gtdb,family,presence of motility,boolean,Physiology,Motility,OMP:0000005,BV-BRC=2025-07-29;JGI/GOLD/IMG=2025-07-29,1733949799,Acidaminobacteraceae,true,NA,NA,NA,NA,group_2:contains~~Motility,"group_2 in {Motility, Cell appendages}."
F10,motility,no_predictions,gtdb_family_summary_no_predictions.tsv.gz,gtdb,family,presence of motility,boolean,Physiology,Motility,OMP:0000005,BacDive=2025-07-29;BV-BRC=2025-07-29;JGI/GOLD/IMG=2025-07-29,1860107176,Acidaminococcaceae,false,NA,NA,NA,NA,group_2:contains~~Motility,"group_2 in {Motility, Cell appendages}."
F10,motility,no_predictions,gtdb_family_summary_no_predictions.tsv.gz,gtdb,family,presence of motility,boolean,Physiology,Motility,OMP:0000005,BacDive=2025-07-29,2105485286,Acidihalobacteraceae,true,NA,NA,NA,NA,group_2:contains~~Motility,"group_2 in {Motility, Cell appendages}."
F10,motility,no_predictions,gtdb_family_summary_no_predictions.tsv.gz,gtdb,family,presence of motility,boolean,Physiology,Motility,OMP:0000005,BacDive=2025-07-29;BV-BRC=2025-07-29;JGI/GOLD=2025-07-29;JGI/GOLD/IMG=2025-07-29,626102019,Acidilobaceae,false,NA,NA,NA,NA,group_2:contains~~Motility,"group_2 in {Motility, Cell appendages}."
F10,motility,no_predictions,gtdb_family_summary_no_predictions.tsv.gz,gtdb,family,presence of motility,boolean,Physiology,Motility,OMP:0000005,JGI/GOLD/IMG=2025-07-29,494083113,Acidimicrobiaceae,No robust majority,NA,NA,NA,NA,group_2:contains~~Motility,"group_2 in {Motility, Cell appendages}."
F10,motility,no_predictions,gtdb_family_summary_no_predictions.tsv.gz,gtdb,family,flagellum arrangement,factor,Morphology,Cell appendages,OMP:0000078,BacDive=2025-07-29,727093411,Acidithiobacillaceae,polar,NA,NA,NA,NA,group_2:contains~~Cell appendages,"group_2 in {Motility, Cell appendages}."
F10,motility,no_predictions,gtdb_family_summary_no_predictions.tsv.gz,gtdb,family,presence of motility,boolean,Physiology,Motility,OMP:0000005,BacDive=2025-07-29;BV-BRC=2025-07-29;JGI/GOLD=2025-07-29;JGI/GOLD/IMG=2025-07-29,727093411,Acidithiobacillaceae,No robust majority,NA,NA,NA,NA,group_2:contains~~Motility,"group_2 in {Motility, Cell appendages}."
F10,motility,no_predictions,gtdb_family_summary_no_predictions.tsv.gz,gtdb,family,flagellum arrangement,factor,Morphology,Cell appendages,OMP:0000078,BacDive=2025-07-29,354524460,Acidobacteriaceae,"monotrichous, polar",NA,NA,NA,NA,group_2:contains~~Cell appendages,"group_2 in {Motility, Cell appendages}."
F10,motility,no_predictions,gtdb_family_summary_no_predictions.tsv.gz,gtdb,family,presence of motility,boolean,Physiology,Motility,OMP:0000005,BacDive=2025-07-29;BV-BRC=2025-07-29;JGI/GOLD=2025-07-29;JGI/GOLD/IMG=2025-07-29,354524460,Acidobacteriaceae,No robust majority,NA,NA,NA,NA,group_2:contains~~Motility,"group_2 in {Motility, Cell appendages}."
F10,motility,no_predictions,gtdb_family_summary_no_predictions.tsv.gz,gtdb,family,presence of motility,boolean,Physiology,Motility,OMP:0000005,BV-BRC=2025-07-29;JGI/GOLD=2025-07-29;JGI/GOLD/IMG=2025-07-29,510566438,Aciduliprofundaceae,true,NA,NA,NA,NA,group_2:contains~~Motility,"group_2 in {Motility, Cell appendages}."
F10,motility,no_predictions,gtdb_family_summary_no_predictions.tsv.gz,gtdb,family,flagellum arrangement,factor,Morphology,Cell appendages,OMP:0000078,BacDive=2025-07-29,300353966,Actinomycetaceae,lophotrichous,NA,NA,NA,NA,group_2:contains~~Cell appendages,"group_2 in {Motility, Cell appendages}."
F10,motility,no_predictions,gtdb_family_summary_no_predictions.tsv.gz,gtdb,family,presence of motility,boolean,Physiology,Motility,OMP:0000005,BacDive=2025-07-29;BV-BRC=2025-07-29;JGI/GOLD=2025-07-29;JGI/GOLD/IMG=2025-07-29,300353966,Actinomycetaceae,false,NA,NA,NA,NA,group_2:contains~~Motility,"group_2 in {Motility, Cell appendages}."
F10,motility,no_predictions,gtdb_family_summary_no_predictions.tsv.gz,gtdb,family,presence of motility,boolean,Physiology,Motility,OMP:0000005,BacDive=2025-07-29,534118293,Actinopolymorphaceae,false,NA,NA,NA,NA,group_2:contains~~Motility,"group_2 in {Motility, Cell appendages}."
F10,motility,no_predictions,gtdb_family_summary_no_predictions.tsv.gz,gtdb,family,presence of motility,boolean,Physiology,Motility,OMP:0000005,BV-BRC=2025-07-29;JGI/GOLD/IMG=2025-07-29,726709100,Acutalibacteraceae,false,NA,NA,NA,NA,group_2:contains~~Motility,"group_2 in {Motility, Cell appendages}."
F10,motility,no_predictions,gtdb_family_summary_no_predictions.tsv.gz,gtdb,family,presence of motility,boolean,Physiology,Motility,OMP:0000005,BacDive=2025-07-29;JGI/GOLD/IMG=2025-07-29,418417608,Aeribacillaceae,true,NA,NA,NA,NA,group_2:contains~~Motility,"group_2 in {Motility, Cell appendages}."
F10,motility,no_predictions,gtdb_family_summary_no_predictions.tsv.gz,gtdb,family,presence of motility,boolean,Physiology,Motility,OMP:0000005,BacDive=2025-07-29;BV-BRC=2025-07-29;JGI/GOLD=2025-07-29;JGI/GOLD/IMG=2025-07-29,488720778,Aerococcaceae,false,NA,NA,NA,NA,group_2:contains~~Motility,"group_2 in {Motility, Cell appendages}."
F10,motility,no_predictions,gtdb_family_summary_no_predictions.tsv.gz,gtdb,family,flagellum arrangement,factor,Morphology,Cell appendages,OMP:0000078,BacDive=2025-07-29,1388292156,Aeromonadaceae,No robust majority,NA,NA,NA,NA,group_2:contains~~Cell appendages,"group_2 in {Motility, Cell appendages}."
F10,motility,no_predictions,gtdb_family_summary_no_predictions.tsv.gz,gtdb,family,presence of motility,boolean,Physiology,Motility,OMP:0000005,BacDive=2025-07-29;BV-BRC=2025-07-29;JGI/GOLD=2025-07-29;JGI/GOLD/IMG=2025-07-29,1388292156,Aeromonadaceae,true,NA,NA,NA,NA,group_2:contains~~Motility,"group_2 in {Motility, Cell appendages}."
F10,motility,no_predictions,gtdb_family_summary_no_predictions.tsv.gz,gtdb,family,presence of motility,boolean,Physiology,Motility,OMP:0000005,JGI/GOLD/IMG=2025-07-29,1180519614,Aestuariivirgaceae,false,NA,NA,NA,NA,group_2:contains~~Motility,"group_2 in {Motility, Cell appendages}."
F10,motility,no_predictions,gtdb_family_summary_no_predictions.tsv.gz,gtdb,family,flagellum arrangement,factor,Morphology,Cell appendages,OMP:0000078,BacDive=2025-07-29,1529274800,Afifellaceae,polar,NA,NA,NA,NA,group_2:contains~~Cell appendages,"group_2 in {Motility, Cell appendages}."
F10,motility,no_predictions,gtdb_family_summary_no_predictions.tsv.gz,gtdb,family,presence of motility,boolean,Physiology,Motility,OMP:0000005,BacDive=2025-07-29;JGI/GOLD/IMG=2025-07-29,1529274800,Afifellaceae,No robust majority,NA,NA,NA,NA,group_2:contains~~Motility,"group_2 in {Motility, Cell appendages}."
F10,motility,no_predictions,gtdb_family_summary_no_predictions.tsv.gz,gtdb,family,presence of motility,boolean,Physiology,Motility,OMP:0000005,BacDive=2025-07-29,980979208,Aggregatilineaceae,false,NA,NA,NA,NA,group_2:contains~~Motility,"group_2 in {Motility, Cell appendages}."
F10,motility,no_predictions,gtdb_family_summary_no_predictions.tsv.gz,gtdb,family,presence of motility,boolean,Physiology,Motility,OMP:0000005,BacDive=2025-07-29,1476734845,Ahniellaceae,false,NA,NA,NA,NA,group_2:contains~~Motility,"group_2 in {Motility, Cell appendages}."
F10,motility,no_predictions,gtdb_family_summary_no_predictions.tsv.gz,gtdb,family,presence of motility,boolean,Physiology,Motility,OMP:0000005,BV-BRC=2025-07-29;JGI/GOLD/IMG=2025-07-29,1217766786,Akkermansiaceae,false,NA,NA,NA,NA,group_2:contains~~Motility,"group_2 in {Motility, Cell appendages}."
F10,motility,no_predictions,gtdb_family_summary_no_predictions.tsv.gz,gtdb,family,presence of motility,boolean,Physiology,Motility,OMP:0000005,BacDive=2025-07-29,1379861894,AKS1,true,NA,NA,NA,NA,group_2:contains~~Motility,"group_2 in {Motility, Cell appendages}."
F10,motility,no_predictions,gtdb_family_summary_no_predictions.tsv.gz,gtdb,family,flagellum arrangement,factor,Morphology,Cell appendages,OMP:0000078,BacDive=2025-07-29,837857257,Alcanivoracaceae,peritrichous,NA,NA,NA,NA,group_2:contains~~Cell appendages,"group_2 in {Motility, Cell appendages}."
F10,motility,no_predictions,gtdb_family_summary_no_predictions.tsv.gz,gtdb,family,presence of motility,boolean,Physiology,Motility,OMP:0000005,BacDive=2025-07-29;BV-BRC=2025-07-29;JGI/GOLD/IMG=2025-07-29,837857257,Alcanivoracaceae,No robust majority,NA,NA,NA,NA,group_2:contains~~Motility,"group_2 in {Motility, Cell appendages}."
F10,motility,no_predictions,gtdb_family_summary_no_predictions.tsv.gz,gtdb,family,presence of motility,boolean,Physiology,Motility,OMP:0000005,BacDive=2025-07-29,1748840100,Algiphilaceae,true,NA,NA,NA,NA,group_2:contains~~Motility,"group_2 in {Motility, Cell appendages}."
F10,motility,no_predictions,gtdb_family_summary_no_predictions.tsv.gz,gtdb,family,presence of motility,boolean,Physiology,Motility,OMP:0000005,BacDive=2025-07-29;BV-BRC=2025-07-29;JGI/GOLD/IMG=2025-07-29,1842749628,Alicyclobacillaceae,true,NA,NA,NA,NA,group_2:contains~~Motility,"group_2 in {Motility, Cell appendages}."
F10,motility,no_predictions,gtdb_family_summary_no_predictions.tsv.gz,gtdb,family,flagellum arrangement,factor,Morphology,Cell appendages,OMP:0000078,BacDive=2025-07-29,386430198,Alkalibacillaceae,peritrichous,NA,NA,NA,NA,group_2:contains~~Cell appendages,"group_2 in {Motility, Cell appendages}."
F10,motility,no_predictions,gtdb_family_summary_no_predictions.tsv.gz,gtdb,family,presence of motility,boolean,Physiology,Motility,OMP:0000005,BacDive=2025-07-29;JGI/GOLD/IMG=2025-07-29,386430198,Alkalibacillaceae,true,NA,NA,NA,NA,group_2:contains~~Motility,"group_2 in {Motility, Cell appendages}."
F10,motility,no_predictions,gtdb_family_summary_no_predictions.tsv.gz,gtdb,family,presence of motility,boolean,Physiology,Motility,OMP:0000005,JGI/GOLD/IMG=2025-07-29,1544771507,Alkalibacteraceae,false,NA,NA,NA,NA,group_2:contains~~Motility,"group_2 in {Motility, Cell appendages}."
F10,motility,no_predictions,gtdb_family_summary_no_predictions.tsv.gz,gtdb,family,presence of motility,boolean,Physiology,Motility,OMP:0000005,BacDive=2025-07-29;JGI/GOLD/IMG=2025-07-29,1149066213,Alkalispirochaetaceae,true,NA,NA,NA,NA,group_2:contains~~Motility,"group_2 in {Motility, Cell appendages}."
F10,motility,no_predictions,gtdb_family_summary_no_predictions.tsv.gz,gtdb,family,flagellum arrangement,factor,Morphology,Cell appendages,OMP:0000078,BacDive=2025-07-29,1763759227,Alteromonadaceae,No robust majority,NA,NA,NA,NA,group_2:contains~~Cell appendages,"group_2 in {Motility, Cell appendages}."
F10,motility,no_predictions,gtdb_family_summary_no_predictions.tsv.gz,gtdb,family,presence of motility,boolean,Physiology,Motility,OMP:0000005,BacDive=2025-07-29;BV-BRC=2025-07-29;JGI/GOLD=2025-07-29;JGI/GOLD/IMG=2025-07-29,1763759227,Alteromonadaceae,true,NA,NA,NA,NA,group_2:contains~~Motility,"group_2 in {Motility, Cell appendages}."
F10,motility,no_predictions,gtdb_family_summary_no_predictions.tsv.gz,gtdb,family,presence of motility,boolean,Physiology,Motility,OMP:0000005,BacDive=2025-07-29,1953328682,Aminiphilaceae,true,NA,NA,NA,NA,group_2:contains~~Motility,"group_2 in {Motility, Cell appendages}."
F10,motility,no_predictions,gtdb_family_summary_no_predictions.tsv.gz,gtdb,family,presence of motility,boolean,Physiology,Motility,OMP:0000005,BacDive=2025-07-29;BV-BRC=2025-07-29;JGI/GOLD/IMG=2025-07-29,825025696,Aminobacteriaceae,No robust majority,NA,NA,NA,NA,group_2:contains~~Motility,"group_2 in {Motility, Cell appendages}."
F10,motility,no_predictions,gtdb_family_summary_no_predictions.tsv.gz,gtdb,family,presence of motility,boolean,Physiology,Motility,OMP:0000005,BacDive=2025-07-29;BV-BRC=2025-07-29;JGI/GOLD/IMG=2025-07-29,1149948969,Ammonificaceae,true,NA,NA,NA,NA,group_2:contains~~Motility,"group_2 in {Motility, Cell appendages}."
F10,motility,no_predictions,gtdb_family_summary_no_predictions.tsv.gz,gtdb,family,presence of motility,boolean,Physiology,Motility,OMP:0000005,BacDive=2025-07-29;BV-BRC=2025-07-29;JGI/GOLD/IMG=2025-07-29,515410228,Amorphaceae,false,NA,NA,NA,NA,group_2:contains~~Motility,"group_2 in {Motility, Cell appendages}."
F10,motility,no_predictions,gtdb_family_summary_no_predictions.tsv.gz,gtdb,family,flagellum arrangement,factor,Morphology,Cell appendages,OMP:0000078,BacDive=2025-07-29,223512156,Amphibacillaceae,No robust majority,NA,NA,NA,NA,group_2:contains~~Cell appendages,"group_2 in {Motility, Cell appendages}."
F10,motility,no_predictions,gtdb_family_summary_no_predictions.tsv.gz,gtdb,family,presence of motility,boolean,Physiology,Motility,OMP:0000005,BacDive=2025-07-29;BV-BRC=2025-07-29;JGI/GOLD=2025-07-29;JGI/GOLD/IMG=2025-07-29,223512156,Amphibacillaceae,true,NA,NA,NA,NA,group_2:contains~~Motility,"group_2 in {Motility, Cell appendages}."
F11,cell_morphology,all,gtdb_family_summary_all.tsv.gz,gtdb,family,cell color: yellow pigment,boolean,Morphology,Cell morphology,OMP:0000116,Traitar:SPIREv1=8bd7d86,864477170,0-14-0-10-38-17,false,NA,NA,NA,NA,group_2:contains~~Cell morphology,"group_2 in {Cell morphology, Cell size phenotype}."
F11,cell_morphology,all,gtdb_family_summary_all.tsv.gz,gtdb,family,cell color: yellow pigment,boolean,Morphology,Cell morphology,OMP:0000116,Traitar:SPIREv1=8bd7d86,2070788780,0-14-0-20-30-16,false,NA,NA,NA,NA,group_2:contains~~Cell morphology,"group_2 in {Cell morphology, Cell size phenotype}."
F11,cell_morphology,all,gtdb_family_summary_all.tsv.gz,gtdb,family,cell color: yellow pigment,boolean,Morphology,Cell morphology,OMP:0000116,Traitar:SPIREv1=8bd7d86,410678088,0-14-0-20-34-12,false,NA,NA,NA,NA,group_2:contains~~Cell morphology,"group_2 in {Cell morphology, Cell size phenotype}."
F11,cell_morphology,all,gtdb_family_summary_all.tsv.gz,gtdb,family,cell color: yellow pigment,boolean,Morphology,Cell morphology,OMP:0000116,Traitar:SPIREv1=8bd7d86,929049184,0-14-0-20-40-13,false,NA,NA,NA,NA,group_2:contains~~Cell morphology,"group_2 in {Cell morphology, Cell size phenotype}."
F11,cell_morphology,all,gtdb_family_summary_all.tsv.gz,gtdb,family,cell color: yellow pigment,boolean,Morphology,Cell morphology,OMP:0000116,Traitar:SPIREv1=8bd7d86,165559233,0-14-0-80-44-23,false,NA,NA,NA,NA,group_2:contains~~Cell morphology,"group_2 in {Cell morphology, Cell size phenotype}."
F11,cell_morphology,all,gtdb_family_summary_all.tsv.gz,gtdb,family,cell color: yellow pigment,boolean,Morphology,Cell morphology,OMP:0000116,Traitar:proGenomes3=8bd7d86;Traitar:SPIREv1=8bd7d86,2057107470,0-14-0-80-59-12,false,NA,NA,NA,NA,group_2:contains~~Cell morphology,"group_2 in {Cell morphology, Cell size phenotype}."
F11,cell_morphology,all,gtdb_family_summary_all.tsv.gz,gtdb,family,cell color: yellow pigment,boolean,Morphology,Cell morphology,OMP:0000116,Traitar:SPIREv1=8bd7d86,980929432,0-14-0-80-60-11,false,NA,NA,NA,NA,group_2:contains~~Cell morphology,"group_2 in {Cell morphology, Cell size phenotype}."
F11,cell_morphology,all,gtdb_family_summary_all.tsv.gz,gtdb,family,cell color: yellow pigment,boolean,Morphology,Cell morphology,OMP:0000116,Traitar:SPIREv1=8bd7d86,495931365,01-FULL-45-15b,false,NA,NA,NA,NA,group_2:contains~~Cell morphology,"group_2 in {Cell morphology, Cell size phenotype}."
F11,cell_morphology,all,gtdb_family_summary_all.tsv.gz,gtdb,family,cell color: yellow pigment,boolean,Morphology,Cell morphology,OMP:0000116,Traitar:SPIREv1=8bd7d86,1879272904,02-FULL-45-10c,false,NA,NA,NA,NA,group_2:contains~~Cell morphology,"group_2 in {Cell morphology, Cell size phenotype}."
F11,cell_morphology,all,gtdb_family_summary_all.tsv.gz,gtdb,family,cell color: yellow pigment,boolean,Morphology,Cell morphology,OMP:0000116,Traitar:SPIREv1=8bd7d86,1109772479,1-14-0-10-31-34,false,NA,NA,NA,NA,group_2:contains~~Cell morphology,"group_2 in {Cell morphology, Cell size phenotype}."
F11,cell_morphology,all,gtdb_family_summary_all.tsv.gz,gtdb,family,cell color: yellow pigment,boolean,Morphology,Cell morphology,OMP:0000116,Traitar:SPIREv1=8bd7d86,1729449137,1-14-0-10-40-38,false,NA,NA,NA,NA,group_2:contains~~Cell morphology,"group_2 in {Cell morphology, Cell size phenotype}."
F11,cell_morphology,all,gtdb_family_summary_all.tsv.gz,gtdb,family,cell color: yellow pigment,boolean,Morphology,Cell morphology,OMP:0000116,Traitar:SPIREv1=8bd7d86,606509743,1-14-0-10-41-12,false,NA,NA,NA,NA,group_2:contains~~Cell morphology,"group_2 in {Cell morphology, Cell size phenotype}."
F11,cell_morphology,all,gtdb_family_summary_all.tsv.gz,gtdb,family,cell color: yellow pigment,boolean,Morphology,Cell morphology,OMP:0000116,Traitar:SPIREv1=8bd7d86,1223959005,1-14-0-10-42-12,false,NA,NA,NA,NA,group_2:contains~~Cell morphology,"group_2 in {Cell morphology, Cell size phenotype}."
F11,cell_morphology,all,gtdb_family_summary_all.tsv.gz,gtdb,family,cell color: yellow pigment,boolean,Morphology,Cell morphology,OMP:0000116,Traitar:SPIREv1=8bd7d86,621118134,1-14-0-10-43-13,false,NA,NA,NA,NA,group_2:contains~~Cell morphology,"group_2 in {Cell morphology, Cell size phenotype}."
F11,cell_morphology,all,gtdb_family_summary_all.tsv.gz,gtdb,family,cell color: yellow pigment,boolean,Morphology,Cell morphology,OMP:0000116,Traitar:SPIREv1=8bd7d86,858815153,1-14-0-10-44-23,false,NA,NA,NA,NA,group_2:contains~~Cell morphology,"group_2 in {Cell morphology, Cell size phenotype}."
F11,cell_morphology,all,gtdb_family_summary_all.tsv.gz,gtdb,family,cell color: yellow pigment,boolean,Morphology,Cell morphology,OMP:0000116,Traitar:proGenomes3=8bd7d86,868383462,1-14-0-10-45-34,false,NA,NA,NA,NA,group_2:contains~~Cell morphology,"group_2 in {Cell morphology, Cell size phenotype}."
F11,cell_morphology,all,gtdb_family_summary_all.tsv.gz,gtdb,family,cell color: yellow pigment,boolean,Morphology,Cell morphology,OMP:0000116,Traitar:proGenomes3=8bd7d86,1563564256,1-14-0-20-47-16,false,NA,NA,NA,NA,group_2:contains~~Cell morphology,"group_2 in {Cell morphology, Cell size phenotype}."
F11,cell_morphology,all,gtdb_family_summary_all.tsv.gz,gtdb,family,cell color: yellow pigment,boolean,Morphology,Cell morphology,OMP:0000116,Traitar:SPIREv1=8bd7d86,1069637774,1-14-0-20-49-13,false,NA,NA,NA,NA,group_2:contains~~Cell morphology,"group_2 in {Cell morphology, Cell size phenotype}."
F11,cell_morphology,all,gtdb_family_summary_all.tsv.gz,gtdb,family,cell color: yellow pigment,boolean,Morphology,Cell morphology,OMP:0000116,Traitar:SPIREv1=8bd7d86,223750323,1-14-0-20-64-10,false,NA,NA,NA,NA,group_2:contains~~Cell morphology,"group_2 in {Cell morphology, Cell size phenotype}."
F11,cell_morphology,all,gtdb_family_summary_all.tsv.gz,gtdb,family,cell color: yellow pigment,boolean,Morphology,Cell morphology,OMP:0000116,Traitar:proGenomes3=8bd7d86;Traitar:SPIREv1=8bd7d86,1113309094,1-14-2-50-48-13,false,NA,NA,NA,NA,group_2:contains~~Cell morphology,"group_2 in {Cell morphology, Cell size phenotype}."
F11,cell_morphology,all,gtdb_family_summary_all.tsv.gz,gtdb,family,cell color: yellow pigment,boolean,Morphology,Cell morphology,OMP:0000116,Traitar:SPIREv1=8bd7d86,651849632,13-1-40CM-64-14,false,NA,NA,NA,NA,group_2:contains~~Cell morphology,"group_2 in {Cell morphology, Cell size phenotype}."
F11,cell_morphology,all,gtdb_family_summary_all.tsv.gz,gtdb,family,cell color: yellow pigment,boolean,Morphology,Cell morphology,OMP:0000116,Traitar:proGenomes3=8bd7d86;Traitar:SPIREv1=8bd7d86,1421590683,1604HC,false,NA,NA,NA,NA,group_2:contains~~Cell morphology,"group_2 in {Cell morphology, Cell size phenotype}."
F11,cell_morphology,all,gtdb_family_summary_all.tsv.gz,gtdb,family,cell color: yellow pigment,boolean,Morphology,Cell morphology,OMP:0000116,Traitar:proGenomes3=8bd7d86,1728940786,16-39-46,false,NA,NA,NA,NA,group_2:contains~~Cell morphology,"group_2 in {Cell morphology, Cell size phenotype}."
F11,cell_morphology,all,gtdb_family_summary_all.tsv.gz,gtdb,family,cell color: yellow pigment,boolean,Morphology,Cell morphology,OMP:0000116,Traitar:proGenomes3=8bd7d86;Traitar:SPIREv1=8bd7d86,1859961409,172606-1,No robust majority,NA,NA,NA,NA,group_2:contains~~Cell morphology,"group_2 in {Cell morphology, Cell size phenotype}."
F11,cell_morphology,all,gtdb_family_summary_all.tsv.gz,gtdb,family,cell color: yellow pigment,boolean,Morphology,Cell morphology,OMP:0000116,Traitar:proGenomes3=8bd7d86;Traitar:SPIREv1=8bd7d86,618313202,2013-40CM-41-45,false,NA,NA,NA,NA,group_2:contains~~Cell morphology,"group_2 in {Cell morphology, Cell size phenotype}."
F11,cell_morphology,all,gtdb_family_summary_all.tsv.gz,gtdb,family,cell color: yellow pigment,boolean,Morphology,Cell morphology,OMP:0000116,Traitar:SPIREv1=8bd7d86,1060972233,2-01-FULL-39-13,false,NA,NA,NA,NA,group_2:contains~~Cell morphology,"group_2 in {Cell morphology, Cell size phenotype}."
F11,cell_morphology,all,gtdb_family_summary_all.tsv.gz,gtdb,family,cell color: yellow pigment,boolean,Morphology,Cell morphology,OMP:0000116,Traitar:SPIREv1=8bd7d86,377377779,2-01-FULL-39-33,false,NA,NA,NA,NA,group_2:contains~~Cell morphology,"group_2 in {Cell morphology, Cell size phenotype}."
F11,cell_morphology,all,gtdb_family_summary_all.tsv.gz,gtdb,family,cell color: yellow pigment,boolean,Morphology,Cell morphology,OMP:0000116,Traitar:SPIREv1=8bd7d86,1633691174,2-01-FULL-40-14,false,NA,NA,NA,NA,group_2:contains~~Cell morphology,"group_2 in {Cell morphology, Cell size phenotype}."
F11,cell_morphology,all,gtdb_family_summary_all.tsv.gz,gtdb,family,cell color: yellow pigment,boolean,Morphology,Cell morphology,OMP:0000116,Traitar:SPIREv1=8bd7d86,16529870,2-01-FULL-41-18,false,NA,NA,NA,NA,group_2:contains~~Cell morphology,"group_2 in {Cell morphology, Cell size phenotype}."
F11,cell_morphology,all,gtdb_family_summary_all.tsv.gz,gtdb,family,cell color: yellow pigment,boolean,Morphology,Cell morphology,OMP:0000116,Traitar:SPIREv1=8bd7d86,754833786,2-01-FULL-43-14,false,NA,NA,NA,NA,group_2:contains~~Cell morphology,"group_2 in {Cell morphology, Cell size phenotype}."
F11,cell_morphology,all,gtdb_family_summary_all.tsv.gz,gtdb,family,cell color: yellow pigment,boolean,Morphology,Cell morphology,OMP:0000116,Traitar:proGenomes3=8bd7d86;Traitar:SPIREv1=8bd7d86,1213064403,2-01-FULL-45-10,false,NA,NA,NA,NA,group_2:contains~~Cell morphology,"group_2 in {Cell morphology, Cell size phenotype}."
F11,cell_morphology,all,gtdb_family_summary_all.tsv.gz,gtdb,family,cell color: yellow pigment,boolean,Morphology,Cell morphology,OMP:0000116,Traitar:SPIREv1=8bd7d86,75825233,2-01-FULL-45-33,No robust majority,NA,NA,NA,NA,group_2:contains~~Cell morphology,"group_2 in {Cell morphology, Cell size phenotype}."
F11,cell_morphology,all,gtdb_family_summary_all.tsv.gz,gtdb,family,cell color: yellow pigment,boolean,Morphology,Cell morphology,OMP:0000116,Traitar:SPIREv1=8bd7d86,2029196542,2-01-FULL-46-14,false,NA,NA,NA,NA,group_2:contains~~Cell morphology,"group_2 in {Cell morphology, Cell size phenotype}."
F11,cell_morphology,all,gtdb_family_summary_all.tsv.gz,gtdb,family,cell color: yellow pigment,boolean,Morphology,Cell morphology,OMP:0000116,Traitar:SPIREv1=8bd7d86,1816990637,2-01-FULL-50-11,false,NA,NA,NA,NA,group_2:contains~~Cell morphology,"group_2 in {Cell morphology, Cell size phenotype}."
F11,cell_morphology,all,gtdb_family_summary_all.tsv.gz,gtdb,family,cell color: yellow pigment,boolean,Morphology,Cell morphology,OMP:0000116,Traitar:SPIREv1=8bd7d86,659345777,2-01-FULL-51-21,No robust majority,NA,NA,NA,NA,group_2:contains~~Cell morphology,"group_2 in {Cell morphology, Cell size phenotype}."
F11,cell_morphology,all,gtdb_family_summary_all.tsv.gz,gtdb,family,cell color: yellow pigment,boolean,Morphology,Cell morphology,OMP:0000116,Traitar:SPIREv1=8bd7d86,1705026443,2-01-FULL-52-15,false,NA,NA,NA,NA,group_2:contains~~Cell morphology,"group_2 in {Cell morphology, Cell size phenotype}."
F11,cell_morphology,all,gtdb_family_summary_all.tsv.gz,gtdb,family,cell color: yellow pigment,boolean,Morphology,Cell morphology,OMP:0000116,Traitar:SPIREv1=8bd7d86,1552003277,2-01-FULL-56-20,false,NA,NA,NA,NA,group_2:contains~~Cell morphology,"group_2 in {Cell morphology, Cell size phenotype}."
F11,cell_morphology,all,gtdb_family_summary_all.tsv.gz,gtdb,family,cell color: yellow pigment,boolean,Morphology,Cell morphology,OMP:0000116,Traitar:SPIREv1=8bd7d86,23763981,2-01-FULL-59-12,false,NA,NA,NA,NA,group_2:contains~~Cell morphology,"group_2 in {Cell morphology, Cell size phenotype}."
F11,cell_morphology,all,gtdb_family_summary_all.tsv.gz,gtdb,family,cell color: yellow pigment,boolean,Morphology,Cell morphology,OMP:0000116,Traitar:SPIREv1=8bd7d86,446369707,2-01-FULL-66-17,false,NA,NA,NA,NA,group_2:contains~~Cell morphology,"group_2 in {Cell morphology, Cell size phenotype}."
F11,cell_morphology,all,gtdb_family_summary_all.tsv.gz,gtdb,family,cell color: yellow pigment,boolean,Morphology,Cell morphology,OMP:0000116,Traitar:proGenomes3=8bd7d86;Traitar:SPIREv1=8bd7d86,1183816981,2-02-FULL-35-15,false,NA,NA,NA,NA,group_2:contains~~Cell morphology,"group_2 in {Cell morphology, Cell size phenotype}."
F11,cell_morphology,all,gtdb_family_summary_all.tsv.gz,gtdb,family,cell color: yellow pigment,boolean,Morphology,Cell morphology,OMP:0000116,Traitar:SPIREv1=8bd7d86,274046720,2-02-FULL-39-11,false,NA,NA,NA,NA,group_2:contains~~Cell morphology,"group_2 in {Cell morphology, Cell size phenotype}."
F11,cell_morphology,all,gtdb_family_summary_all.tsv.gz,gtdb,family,cell color: yellow pigment,boolean,Morphology,Cell morphology,OMP:0000116,Traitar:proGenomes3=8bd7d86;Traitar:SPIREv1=8bd7d86,1551576428,2-02-FULL-39-32,false,NA,NA,NA,NA,group_2:contains~~Cell morphology,"group_2 in {Cell morphology, Cell size phenotype}."
F11,cell_morphology,all,gtdb_family_summary_all.tsv.gz,gtdb,family,cell color: yellow pigment,boolean,Morphology,Cell morphology,OMP:0000116,Traitar:proGenomes3=8bd7d86,1757978506,2-02-FULL-40-11,false,NA,NA,NA,NA,group_2:contains~~Cell morphology,"group_2 in {Cell morphology, Cell size phenotype}."
F11,cell_morphology,all,gtdb_family_summary_all.tsv.gz,gtdb,family,cell color: yellow pigment,boolean,Morphology,Cell morphology,OMP:0000116,Traitar:SPIREv1=8bd7d86,1449675966,2-02-FULL-40-12,false,NA,NA,NA,NA,group_2:contains~~Cell morphology,"group_2 in {Cell morphology, Cell size phenotype}."
F11,cell_morphology,all,gtdb_family_summary_all.tsv.gz,gtdb,family,cell color: yellow pigment,boolean,Morphology,Cell morphology,OMP:0000116,Traitar:SPIREv1=8bd7d86,1938343107,2-02-FULL-43-11,false,NA,NA,NA,NA,group_2:contains~~Cell morphology,"group_2 in {Cell morphology, Cell size phenotype}."
F11,cell_morphology,all,gtdb_family_summary_all.tsv.gz,gtdb,family,cell color: yellow pigment,boolean,Morphology,Cell morphology,OMP:0000116,Traitar:proGenomes3=8bd7d86;Traitar:SPIREv1=8bd7d86,756639051,2-02-FULL-44-16,false,NA,NA,NA,NA,group_2:contains~~Cell morphology,"group_2 in {Cell morphology, Cell size phenotype}."
F11,cell_morphology,all,gtdb_family_summary_all.tsv.gz,gtdb,family,cell color: yellow pigment,boolean,Morphology,Cell morphology,OMP:0000116,Traitar:SPIREv1=8bd7d86,1788554414,2-02-FULL-48-12,false,NA,NA,NA,NA,group_2:contains~~Cell morphology,"group_2 in {Cell morphology, Cell size phenotype}."
F11,cell_morphology,all,gtdb_family_summary_all.tsv.gz,gtdb,family,cell color: yellow pigment,boolean,Morphology,Cell morphology,OMP:0000116,Traitar:SPIREv1=8bd7d86,929761530,2-02-FULL-48-14,false,NA,NA,NA,NA,group_2:contains~~Cell morphology,"group_2 in {Cell morphology, Cell size phenotype}."
F11,cell_morphology,all,gtdb_family_summary_all.tsv.gz,gtdb,family,cell color: yellow pigment,boolean,Morphology,Cell morphology,OMP:0000116,Traitar:SPIREv1=8bd7d86,972277430,2-02-FULL-48-16,No robust majority,NA,NA,NA,NA,group_2:contains~~Cell morphology,"group_2 in {Cell morphology, Cell size phenotype}."
F11,cell_morphology,all,gtdb_family_summary_all.tsv.gz,gtdb,family,cell color: yellow pigment,boolean,Morphology,Cell morphology,OMP:0000116,Traitar:SPIREv1=8bd7d86,868346299,2-02-FULL-49-11,false,NA,NA,NA,NA,group_2:contains~~Cell morphology,"group_2 in {Cell morphology, Cell size phenotype}."
F11,cell_morphology,no_predictions,gtdb_family_summary_no_predictions.tsv.gz,gtdb,family,cell shape,factor,Morphology,Cell morphology,OMP:0000073,BV-BRC=2025-07-29,1040095196,2-12-FULL-49-11,coccus-shaped,NA,NA,NA,NA,group_2:contains~~Cell morphology,"group_2 in {Cell morphology, Cell size phenotype}."
F11,cell_morphology,no_predictions,gtdb_family_summary_no_predictions.tsv.gz,gtdb,family,cell length maximum,µm,Morphology,Cell size phenotype,OMP:0000322,BacDive=2025-07-29,318463998,Acanthopleuribacteraceae,NA,4.7,4.7,4.7,4.7,group_2:contains~~Cell size phenotype,"group_2 in {Cell morphology, Cell size phenotype}."
F11,cell_morphology,no_predictions,gtdb_family_summary_no_predictions.tsv.gz,gtdb,family,cell length minimum,µm,Morphology,Cell size phenotype,OMP:0000322,BacDive=2025-07-29,318463998,Acanthopleuribacteraceae,NA,2.4,2.4,2.4,2.4,group_2:contains~~Cell size phenotype,"group_2 in {Cell morphology, Cell size phenotype}."
F11,cell_morphology,no_predictions,gtdb_family_summary_no_predictions.tsv.gz,gtdb,family,cell shape,factor,Morphology,Cell morphology,OMP:0000073,BacDive=2025-07-29,318463998,Acanthopleuribacteraceae,rod-shaped,NA,NA,NA,NA,group_2:contains~~Cell morphology,"group_2 in {Cell morphology, Cell size phenotype}."
F11,cell_morphology,no_predictions,gtdb_family_summary_no_predictions.tsv.gz,gtdb,family,cell width maximum,µm,Morphology,Cell size phenotype,OMP:0000317,BacDive=2025-07-29,318463998,Acanthopleuribacteraceae,NA,1.0,1.0,1.0,1.0,group_2:contains~~Cell size phenotype,"group_2 in {Cell morphology, Cell size phenotype}."
F11,cell_morphology,no_predictions,gtdb_family_summary_no_predictions.tsv.gz,gtdb,family,cell width minimum,µm,Morphology,Cell size phenotype,OMP:0000317,BacDive=2025-07-29,318463998,Acanthopleuribacteraceae,NA,0.7,0.7,0.7,0.7,group_2:contains~~Cell size phenotype,"group_2 in {Cell morphology, Cell size phenotype}."
F11,cell_morphology,no_predictions,gtdb_family_summary_no_predictions.tsv.gz,gtdb,family,cell length,µm,Morphology,Cell size phenotype,OMP:0000322,BacDive=2025-07-29,1775432467,Acetivibrionaceae,NA,3.5,3.5,3.5,3.5,group_2:contains~~Cell size phenotype,"group_2 in {Cell morphology, Cell size phenotype}."
F11,cell_morphology,no_predictions,gtdb_family_summary_no_predictions.tsv.gz,gtdb,family,cell length maximum,µm,Morphology,Cell size phenotype,OMP:0000322,BacDive=2025-07-29;JGI/GOLD/IMG=2025-07-29,1775432467,Acetivibrionaceae,NA,1.33,8.0,6.866,10.0,group_2:contains~~Cell size phenotype,"group_2 in {Cell morphology, Cell size phenotype}."
F11,cell_morphology,no_predictions,gtdb_family_summary_no_predictions.tsv.gz,gtdb,family,cell length minimum,µm,Morphology,Cell size phenotype,OMP:0000322,BacDive=2025-07-29;JGI/GOLD/IMG=2025-07-29,1775432467,Acetivibrionaceae,NA,0.66,2.0,2.532,5.0,group_2:contains~~Cell size phenotype,"group_2 in {Cell morphology, Cell size phenotype}."
F11,cell_morphology,no_predictions,gtdb_family_summary_no_predictions.tsv.gz,gtdb,family,cell shape,factor,Morphology,Cell morphology,OMP:0000073,BacDive=2025-07-29;BV-BRC=2025-07-29;JGI/GOLD=2025-07-29;JGI/GOLD/IMG=2025-07-29,1775432467,Acetivibrionaceae,rod-shaped,NA,NA,NA,NA,group_2:contains~~Cell morphology,"group_2 in {Cell morphology, Cell size phenotype}."
F11,cell_morphology,no_predictions,gtdb_family_summary_no_predictions.tsv.gz,gtdb,family,cell width,µm,Morphology,Cell size phenotype,OMP:0000317,BacDive=2025-07-29,1775432467,Acetivibrionaceae,NA,0.2,0.325,0.325,0.45,group_2:contains~~Cell size phenotype,"group_2 in {Cell morphology, Cell size phenotype}."
F11,cell_morphology,no_predictions,gtdb_family_summary_no_predictions.tsv.gz,gtdb,family,cell width maximum,µm,Morphology,Cell size phenotype,OMP:0000317,BacDive=2025-07-29;JGI/GOLD/IMG=2025-07-29,1775432467,Acetivibrionaceae,NA,0.2,0.5,0.5666666666666667,1.0,group_2:contains~~Cell size phenotype,"group_2 in {Cell morphology, Cell size phenotype}."
F11,cell_morphology,no_predictions,gtdb_family_summary_no_predictions.tsv.gz,gtdb,family,cell width minimum,µm,Morphology,Cell size phenotype,OMP:0000317,BacDive=2025-07-29;JGI/GOLD/IMG=2025-07-29,1775432467,Acetivibrionaceae,NA,0.1,0.4,0.3333333333333333,0.5,group_2:contains~~Cell size phenotype,"group_2 in {Cell morphology, Cell size phenotype}."
F11,cell_morphology,no_predictions,gtdb_family_summary_no_predictions.tsv.gz,gtdb,family,cell color,factor,Morphology,Cell morphology,OMP:0000116,JGI/GOLD=2025-07-29;JGI/GOLD/IMG=2025-07-29,915913853,Acetobacteraceae,No robust majority,NA,NA,NA,NA,group_2:contains~~Cell morphology,"group_2 in {Cell morphology, Cell size phenotype}."
F11,cell_morphology,no_predictions,gtdb_family_summary_no_predictions.tsv.gz,gtdb,family,cell length,µm,Morphology,Cell size phenotype,OMP:0000322,BacDive=2025-07-29;JGI/GOLD/IMG=2025-07-29,915913853,Acetobacteraceae,NA,0.9,1.675,1.8555555555555554,4.2,group_2:contains~~Cell size phenotype,"group_2 in {Cell morphology, Cell size phenotype}."
F11,cell_morphology,no_predictions,gtdb_family_summary_no_predictions.tsv.gz,gtdb,family,cell length maximum,µm,Morphology,Cell size phenotype,OMP:0000322,BacDive=2025-07-29;JGI/GOLD/IMG=2025-07-29,915913853,Acetobacteraceae,NA,0.8,2.0,2.339268292682927,5.1,group_2:contains~~Cell size phenotype,"group_2 in {Cell morphology, Cell size phenotype}."
F11,cell_morphology,no_predictions,gtdb_family_summary_no_predictions.tsv.gz,gtdb,family,cell length minimum,µm,Morphology,Cell size phenotype,OMP:0000322,BacDive=2025-07-29;JGI/GOLD/IMG=2025-07-29,915913853,Acetobacteraceae,NA,0.6,1.3,1.4770731707317073,3.6,group_2:contains~~Cell size phenotype,"group_2 in {Cell morphology, Cell size phenotype}."
F11,cell_morphology,no_predictions,gtdb_family_summary_no_predictions.tsv.gz,gtdb,family,cell shape,factor,Morphology,Cell morphology,OMP:0000073,BacDive=2025-07-29;BV-BRC=2025-07-29;JGI/GOLD=2025-07-29;JGI/GOLD/IMG=2025-07-29,915913853,Acetobacteraceae,No robust majority,NA,NA,NA,NA,group_2:contains~~Cell morphology,"group_2 in {Cell morphology, Cell size phenotype}."
F11,cell_morphology,no_predictions,gtdb_family_summary_no_predictions.tsv.gz,gtdb,family,cell width,µm,Morphology,Cell size phenotype,OMP:0000317,BacDive=2025-07-29;JGI/GOLD=2025-07-29;JGI/GOLD/IMG=2025-07-29,915913853,Acetobacteraceae,NA,0.5,0.8,0.9519999999999998,1.8,group_2:contains~~Cell size phenotype,"group_2 in {Cell morphology, Cell size phenotype}."
F11,cell_morphology,no_predictions,gtdb_family_summary_no_predictions.tsv.gz,gtdb,family,cell width maximum,µm,Morphology,Cell size phenotype,OMP:0000317,BacDive=2025-07-29;JGI/GOLD/IMG=2025-07-29,915913853,Acetobacteraceae,NA,0.2,0.9,0.8852941176470588,1.5,group_2:contains~~Cell size phenotype,"group_2 in {Cell morphology, Cell size phenotype}."
F11,cell_morphology,no_predictions,gtdb_family_summary_no_predictions.tsv.gz,gtdb,family,cell width minimum,µm,Morphology,Cell size phenotype,OMP:0000317,BacDive=2025-07-29;JGI/GOLD/IMG=2025-07-29,915913853,Acetobacteraceae,NA,0.1,0.6499999999999999,0.6779411764705883,1.3,group_2:contains~~Cell size phenotype,"group_2 in {Cell morphology, Cell size phenotype}."
F11,cell_morphology,no_predictions,gtdb_family_summary_no_predictions.tsv.gz,gtdb,family,cell length,µm,Morphology,Cell size phenotype,OMP:0000322,BacDive=2025-07-29,537360503,Acetohalobiaceae,NA,20.0,20.0,20.0,20.0,group_2:contains~~Cell size phenotype,"group_2 in {Cell morphology, Cell size phenotype}."
F11,cell_morphology,no_predictions,gtdb_family_summary_no_predictions.tsv.gz,gtdb,family,cell length maximum,µm,Morphology,Cell size phenotype,OMP:0000322,JGI/GOLD/IMG=2025-07-29,537360503,Acetohalobiaceae,NA,5.0,5.0,5.0,5.0,group_2:contains~~Cell size phenotype,"group_2 in {Cell morphology, Cell size phenotype}."
F11,cell_morphology,no_predictions,gtdb_family_summary_no_predictions.tsv.gz,gtdb,family,cell length minimum,µm,Morphology,Cell size phenotype,OMP:0000322,JGI/GOLD/IMG=2025-07-29,537360503,Acetohalobiaceae,NA,1.0,1.0,1.0,1.0,group_2:contains~~Cell size phenotype,"group_2 in {Cell morphology, Cell size phenotype}."
F11,cell_morphology,no_predictions,gtdb_family_summary_no_predictions.tsv.gz,gtdb,family,cell shape,factor,Morphology,Cell morphology,OMP:0000073,BacDive=2025-07-29;JGI/GOLD/IMG=2025-07-29,537360503,Acetohalobiaceae,rod-shaped,NA,NA,NA,NA,group_2:contains~~Cell morphology,"group_2 in {Cell morphology, Cell size phenotype}."
F11,cell_morphology,no_predictions,gtdb_family_summary_no_predictions.tsv.gz,gtdb,family,cell width,µm,Morphology,Cell size phenotype,OMP:0000317,BacDive=2025-07-29,537360503,Acetohalobiaceae,NA,0.35,0.35,0.35,0.35,group_2:contains~~Cell size phenotype,"group_2 in {Cell morphology, Cell size phenotype}."
F11,cell_morphology,no_predictions,gtdb_family_summary_no_predictions.tsv.gz,gtdb,family,cell width maximum,µm,Morphology,Cell size phenotype,OMP:0000317,JGI/GOLD/IMG=2025-07-29,537360503,Acetohalobiaceae,NA,1.0,1.0,1.0,1.0,group_2:contains~~Cell size phenotype,"group_2 in {Cell morphology, Cell size phenotype}."
F11,cell_morphology,no_predictions,gtdb_family_summary_no_predictions.tsv.gz,gtdb,family,cell width minimum,µm,Morphology,Cell size phenotype,OMP:0000317,JGI/GOLD/IMG=2025-07-29,537360503,Acetohalobiaceae,NA,0.7,0.7,0.7,0.7,group_2:contains~~Cell size phenotype,"group_2 in {Cell morphology, Cell size phenotype}."
F11,cell_morphology,no_predictions,gtdb_family_summary_no_predictions.tsv.gz,gtdb,family,cell length maximum,µm,Morphology,Cell size phenotype,OMP:0000322,JGI/GOLD/IMG=2025-07-29,1471551112,Acetomicrobiaceae,NA,4.0,4.0,4.0,4.0,group_2:contains~~Cell size phenotype,"group_2 in {Cell morphology, Cell size phenotype}."
F11,cell_morphology,no_predictions,gtdb_family_summary_no_predictions.tsv.gz,gtdb,family,cell length minimum,µm,Morphology,Cell size phenotype,OMP:0000322,JGI/GOLD/IMG=2025-07-29,1471551112,Acetomicrobiaceae,NA,2.0,2.0,2.0,2.0,group_2:contains~~Cell size phenotype,"group_2 in {Cell morphology, Cell size phenotype}."
F11,cell_morphology,no_predictions,gtdb_family_summary_no_predictions.tsv.gz,gtdb,family,cell shape,factor,Morphology,Cell morphology,OMP:0000073,BacDive=2025-07-29;BV-BRC=2025-07-29;JGI/GOLD/IMG=2025-07-29,1471551112,Acetomicrobiaceae,rod-shaped,NA,NA,NA,NA,group_2:contains~~Cell morphology,"group_2 in {Cell morphology, Cell size phenotype}."
F11,cell_morphology,no_predictions,gtdb_family_summary_no_predictions.tsv.gz,gtdb,family,cell width maximum,µm,Morphology,Cell size phenotype,OMP:0000317,JGI/GOLD/IMG=2025-07-29,1471551112,Acetomicrobiaceae,NA,1.0,1.0,1.0,1.0,group_2:contains~~Cell size phenotype,"group_2 in {Cell morphology, Cell size phenotype}."
F11,cell_morphology,no_predictions,gtdb_family_summary_no_predictions.tsv.gz,gtdb,family,cell width minimum,µm,Morphology,Cell size phenotype,OMP:0000317,JGI/GOLD/IMG=2025-07-29,1471551112,Acetomicrobiaceae,NA,0.5,0.5,0.5,0.5,group_2:contains~~Cell size phenotype,"group_2 in {Cell morphology, Cell size phenotype}."
F11,cell_morphology,no_predictions,gtdb_family_summary_no_predictions.tsv.gz,gtdb,family,cell shape,factor,Morphology,Cell morphology,OMP:0000073,JGI/GOLD/IMG=2025-07-29,1223190644,Acetonemaceae,rod-shaped,NA,NA,NA,NA,group_2:contains~~Cell morphology,"group_2 in {Cell morphology, Cell size phenotype}."
F11,cell_morphology,no_predictions,gtdb_family_summary_no_predictions.tsv.gz,gtdb,family,cell shape,factor,Morphology,Cell morphology,OMP:0000073,BV-BRC=2025-07-29;JGI/GOLD=2025-07-29;JGI/GOLD/IMG=2025-07-29,1029517523,Acholeplasmataceae,No robust majority,NA,NA,NA,NA,group_2:contains~~Cell morphology,"group_2 in {Cell morphology, Cell size phenotype}."
F11,cell_morphology,no_predictions,gtdb_family_summary_no_predictions.tsv.gz,gtdb,family,cell length maximum,µm,Morphology,Cell size phenotype,OMP:0000322,JGI/GOLD/IMG=2025-07-29,1733949799,Acidaminobacteraceae,NA,5.0,5.0,5.0,5.0,group_2:contains~~Cell size phenotype,"group_2 in {Cell morphology, Cell size phenotype}."
F11,cell_morphology,no_predictions,gtdb_family_summary_no_predictions.tsv.gz,gtdb,family,cell length minimum,µm,Morphology,Cell size phenotype,OMP:0000322,JGI/GOLD/IMG=2025-07-29,1733949799,Acidaminobacteraceae,NA,2.0,2.0,2.0,2.0,group_2:contains~~Cell size phenotype,"group_2 in {Cell morphology, Cell size phenotype}."
F11,cell_morphology,no_predictions,gtdb_family_summary_no_predictions.tsv.gz,gtdb,family,cell shape,factor,Morphology,Cell morphology,OMP:0000073,BacDive=2025-07-29;BV-BRC=2025-07-29;JGI/GOLD/IMG=2025-07-29,1733949799,Acidaminobacteraceae,No robust majority,NA,NA,NA,NA,group_2:contains~~Cell morphology,"group_2 in {Cell morphology, Cell size phenotype}."
F11,cell_morphology,no_predictions,gtdb_family_summary_no_predictions.tsv.gz,gtdb,family,cell width,µm,Morphology,Cell size phenotype,OMP:0000317,JGI/GOLD/IMG=2025-07-29,1733949799,Acidaminobacteraceae,NA,1.0,1.0,1.0,1.0,group_2:contains~~Cell size phenotype,"group_2 in {Cell morphology, Cell size phenotype}."
F11,cell_morphology,no_predictions,gtdb_family_summary_no_predictions.tsv.gz,gtdb,family,cell length,µm,Morphology,Cell size phenotype,OMP:0000322,JGI/GOLD/IMG=2025-07-29,1860107176,Acidaminococcaceae,NA,1.8,1.8,1.8,1.8,group_2:contains~~Cell size phenotype,"group_2 in {Cell morphology, Cell size phenotype}."
F11,cell_morphology,no_predictions,gtdb_family_summary_no_predictions.tsv.gz,gtdb,family,cell length maximum,µm,Morphology,Cell size phenotype,OMP:0000322,BacDive=2025-07-29,1860107176,Acidaminococcaceae,NA,0.6,0.6,0.6,0.6,group_2:contains~~Cell size phenotype,"group_2 in {Cell morphology, Cell size phenotype}."
F11,cell_morphology,no_predictions,gtdb_family_summary_no_predictions.tsv.gz,gtdb,family,cell length minimum,µm,Morphology,Cell size phenotype,OMP:0000322,BacDive=2025-07-29,1860107176,Acidaminococcaceae,NA,0.5,0.5,0.5,0.5,group_2:contains~~Cell size phenotype,"group_2 in {Cell morphology, Cell size phenotype}."
F11,cell_morphology,no_predictions,gtdb_family_summary_no_predictions.tsv.gz,gtdb,family,cell shape,factor,Morphology,Cell morphology,OMP:0000073,BacDive=2025-07-29;BV-BRC=2025-07-29;JGI/GOLD/IMG=2025-07-29,1860107176,Acidaminococcaceae,No robust majority,NA,NA,NA,NA,group_2:contains~~Cell morphology,"group_2 in {Cell morphology, Cell size phenotype}."
F11,cell_morphology,no_predictions,gtdb_family_summary_no_predictions.tsv.gz,gtdb,family,cell width maximum,µm,Morphology,Cell size phenotype,OMP:0000317,JGI/GOLD/IMG=2025-07-29,1860107176,Acidaminococcaceae,NA,0.5,0.75,0.75,1.0,group_2:contains~~Cell size phenotype,"group_2 in {Cell morphology, Cell size phenotype}."
F11,cell_morphology,no_predictions,gtdb_family_summary_no_predictions.tsv.gz,gtdb,family,cell width minimum,µm,Morphology,Cell size phenotype,OMP:0000317,JGI/GOLD/IMG=2025-07-29,1860107176,Acidaminococcaceae,NA,0.3,0.44999999999999996,0.44999999999999996,0.6,group_2:contains~~Cell size phenotype,"group_2 in {Cell morphology, Cell size phenotype}."
F11,cell_morphology,no_predictions,gtdb_family_summary_no_predictions.tsv.gz,gtdb,family,cell length,µm,Morphology,Cell size phenotype,OMP:0000322,BacDive=2025-07-29,2105485286,Acidihalobacteraceae,NA,1.0,1.0,1.0,1.0,group_2:contains~~Cell size phenotype,"group_2 in {Cell morphology, Cell size phenotype}."
F11,cell_morphology,no_predictions,gtdb_family_summary_no_predictions.tsv.gz,gtdb,family,cell length maximum,µm,Morphology,Cell size phenotype,OMP:0000322,BacDive=2025-07-29,2105485286,Acidihalobacteraceae,NA,2.0,2.0,2.0,2.0,group_2:contains~~Cell size phenotype,"group_2 in {Cell morphology, Cell size phenotype}."
F11,cell_morphology,no_predictions,gtdb_family_summary_no_predictions.tsv.gz,gtdb,family,cell length minimum,µm,Morphology,Cell size phenotype,OMP:0000322,BacDive=2025-07-29,2105485286,Acidihalobacteraceae,NA,1.0,1.0,1.0,1.0,group_2:contains~~Cell size phenotype,"group_2 in {Cell morphology, Cell size phenotype}."
F11,cell_morphology,no_predictions,gtdb_family_summary_no_predictions.tsv.gz,gtdb,family,cell shape,factor,Morphology,Cell morphology,OMP:0000073,BacDive=2025-07-29,2105485286,Acidihalobacteraceae,rod-shaped,NA,NA,NA,NA,group_2:contains~~Cell morphology,"group_2 in {Cell morphology, Cell size phenotype}."
F11,cell_morphology,no_predictions,gtdb_family_summary_no_predictions.tsv.gz,gtdb,family,cell length maximum,µm,Morphology,Cell size phenotype,OMP:0000322,BacDive=2025-07-29,626102019,Acidilobaceae,NA,1.0,1.1,1.4000000000000001,2.1,group_2:contains~~Cell size phenotype,"group_2 in {Cell morphology, Cell size phenotype}."
F12,cell_envelope_gram,all,gtdb_family_summary_all.tsv.gz,gtdb,family,gram negative,boolean,Morphology,Cell envelope,OMP:0000189,Traitar:SPIREv1=8bd7d86,864477170,0-14-0-10-38-17,false,NA,NA,NA,NA,group_2:exact=~Cell envelope,Primary signal: group_2 EXACTLY 'Cell envelope'.
F12,cell_envelope_gram,all,gtdb_family_summary_all.tsv.gz,gtdb,family,gram positive,boolean,Morphology,Cell envelope,OMP:0000188,BacDive-AI:SPIREv1=a1bef3e;Traitar:SPIREv1=8bd7d86,864477170,0-14-0-10-38-17,No robust majority,NA,NA,NA,NA,group_2:exact=~Cell envelope,Primary signal: group_2 EXACTLY 'Cell envelope'.
F12,cell_envelope_gram,all,gtdb_family_summary_all.tsv.gz,gtdb,family,gram negative,boolean,Morphology,Cell envelope,OMP:0000189,Traitar:SPIREv1=8bd7d86,2070788780,0-14-0-20-30-16,false,NA,NA,NA,NA,group_2:exact=~Cell envelope,Primary signal: group_2 EXACTLY 'Cell envelope'.
F12,cell_envelope_gram,all,gtdb_family_summary_all.tsv.gz,gtdb,family,gram positive,boolean,Morphology,Cell envelope,OMP:0000188,BacDive-AI:SPIREv1=a1bef3e;Traitar:SPIREv1=8bd7d86,2070788780,0-14-0-20-30-16,No robust majority,NA,NA,NA,NA,group_2:exact=~Cell envelope,Primary signal: group_2 EXACTLY 'Cell envelope'.
F12,cell_envelope_gram,all,gtdb_family_summary_all.tsv.gz,gtdb,family,gram negative,boolean,Morphology,Cell envelope,OMP:0000189,Traitar:SPIREv1=8bd7d86,410678088,0-14-0-20-34-12,false,NA,NA,NA,NA,group_2:exact=~Cell envelope,Primary signal: group_2 EXACTLY 'Cell envelope'.
F12,cell_envelope_gram,all,gtdb_family_summary_all.tsv.gz,gtdb,family,gram positive,boolean,Morphology,Cell envelope,OMP:0000188,BacDive-AI:SPIREv1=a1bef3e;Traitar:SPIREv1=8bd7d86,410678088,0-14-0-20-34-12,No robust majority,NA,NA,NA,NA,group_2:exact=~Cell envelope,Primary signal: group_2 EXACTLY 'Cell envelope'.
F12,cell_envelope_gram,all,gtdb_family_summary_all.tsv.gz,gtdb,family,gram negative,boolean,Morphology,Cell envelope,OMP:0000189,Traitar:SPIREv1=8bd7d86,929049184,0-14-0-20-40-13,false,NA,NA,NA,NA,group_2:exact=~Cell envelope,Primary signal: group_2 EXACTLY 'Cell envelope'.
F12,cell_envelope_gram,all,gtdb_family_summary_all.tsv.gz,gtdb,family,gram positive,boolean,Morphology,Cell envelope,OMP:0000188,BacDive-AI:SPIREv1=a1bef3e;Traitar:SPIREv1=8bd7d86,929049184,0-14-0-20-40-13,No robust majority,NA,NA,NA,NA,group_2:exact=~Cell envelope,Primary signal: group_2 EXACTLY 'Cell envelope'.
F12,cell_envelope_gram,all,gtdb_family_summary_all.tsv.gz,gtdb,family,gram negative,boolean,Morphology,Cell envelope,OMP:0000189,Traitar:SPIREv1=8bd7d86,165559233,0-14-0-80-44-23,false,NA,NA,NA,NA,group_2:exact=~Cell envelope,Primary signal: group_2 EXACTLY 'Cell envelope'.
F12,cell_envelope_gram,all,gtdb_family_summary_all.tsv.gz,gtdb,family,gram positive,boolean,Morphology,Cell envelope,OMP:0000188,BacDive-AI:SPIREv1=a1bef3e;Traitar:SPIREv1=8bd7d86,165559233,0-14-0-80-44-23,No robust majority,NA,NA,NA,NA,group_2:exact=~Cell envelope,Primary signal: group_2 EXACTLY 'Cell envelope'.
F12,cell_envelope_gram,all,gtdb_family_summary_all.tsv.gz,gtdb,family,gram negative,boolean,Morphology,Cell envelope,OMP:0000189,Traitar:proGenomes3=8bd7d86;Traitar:SPIREv1=8bd7d86,2057107470,0-14-0-80-59-12,true,NA,NA,NA,NA,group_2:exact=~Cell envelope,Primary signal: group_2 EXACTLY 'Cell envelope'.
F12,cell_envelope_gram,all,gtdb_family_summary_all.tsv.gz,gtdb,family,gram positive,boolean,Morphology,Cell envelope,OMP:0000188,BacDive-AI:proGenomes3=a1bef3e;BacDive-AI:SPIREv1=a1bef3e;Traitar:proGenomes3=8bd7d86;Traitar:SPIREv1=8bd7d86,2057107470,0-14-0-80-59-12,false,NA,NA,NA,NA,group_2:exact=~Cell envelope,Primary signal: group_2 EXACTLY 'Cell envelope'.
F12,cell_envelope_gram,all,gtdb_family_summary_all.tsv.gz,gtdb,family,gram negative,boolean,Morphology,Cell envelope,OMP:0000189,Traitar:SPIREv1=8bd7d86,980929432,0-14-0-80-60-11,true,NA,NA,NA,NA,group_2:exact=~Cell envelope,Primary signal: group_2 EXACTLY 'Cell envelope'.
F12,cell_envelope_gram,all,gtdb_family_summary_all.tsv.gz,gtdb,family,gram positive,boolean,Morphology,Cell envelope,OMP:0000188,BacDive-AI:proGenomes3=a1bef3e;BacDive-AI:SPIREv1=a1bef3e;Traitar:SPIREv1=8bd7d86,980929432,0-14-0-80-60-11,false,NA,NA,NA,NA,group_2:exact=~Cell envelope,Primary signal: group_2 EXACTLY 'Cell envelope'.
F12,cell_envelope_gram,all,gtdb_family_summary_all.tsv.gz,gtdb,family,gram negative,boolean,Morphology,Cell envelope,OMP:0000189,Traitar:SPIREv1=8bd7d86,495931365,01-FULL-45-15b,false,NA,NA,NA,NA,group_2:exact=~Cell envelope,Primary signal: group_2 EXACTLY 'Cell envelope'.
F12,cell_envelope_gram,all,gtdb_family_summary_all.tsv.gz,gtdb,family,gram positive,boolean,Morphology,Cell envelope,OMP:0000188,BacDive-AI:SPIREv1=a1bef3e;Traitar:SPIREv1=8bd7d86,495931365,01-FULL-45-15b,No robust majority,NA,NA,NA,NA,group_2:exact=~Cell envelope,Primary signal: group_2 EXACTLY 'Cell envelope'.
F12,cell_envelope_gram,all,gtdb_family_summary_all.tsv.gz,gtdb,family,gram negative,boolean,Morphology,Cell envelope,OMP:0000189,Traitar:SPIREv1=8bd7d86,1879272904,02-FULL-45-10c,false,NA,NA,NA,NA,group_2:exact=~Cell envelope,Primary signal: group_2 EXACTLY 'Cell envelope'.
F12,cell_envelope_gram,all,gtdb_family_summary_all.tsv.gz,gtdb,family,gram positive,boolean,Morphology,Cell envelope,OMP:0000188,BacDive-AI:SPIREv1=a1bef3e;Traitar:SPIREv1=8bd7d86,1879272904,02-FULL-45-10c,false,NA,NA,NA,NA,group_2:exact=~Cell envelope,Primary signal: group_2 EXACTLY 'Cell envelope'.
F12,cell_envelope_gram,all,gtdb_family_summary_all.tsv.gz,gtdb,family,gram negative,boolean,Morphology,Cell envelope,OMP:0000189,Traitar:SPIREv1=8bd7d86,1109772479,1-14-0-10-31-34,false,NA,NA,NA,NA,group_2:exact=~Cell envelope,Primary signal: group_2 EXACTLY 'Cell envelope'.
F12,cell_envelope_gram,all,gtdb_family_summary_all.tsv.gz,gtdb,family,gram positive,boolean,Morphology,Cell envelope,OMP:0000188,BacDive-AI:SPIREv1=a1bef3e;Traitar:SPIREv1=8bd7d86,1109772479,1-14-0-10-31-34,false,NA,NA,NA,NA,group_2:exact=~Cell envelope,Primary signal: group_2 EXACTLY 'Cell envelope'.
F12,cell_envelope_gram,all,gtdb_family_summary_all.tsv.gz,gtdb,family,gram negative,boolean,Morphology,Cell envelope,OMP:0000189,Traitar:SPIREv1=8bd7d86,1729449137,1-14-0-10-40-38,false,NA,NA,NA,NA,group_2:exact=~Cell envelope,Primary signal: group_2 EXACTLY 'Cell envelope'.
F12,cell_envelope_gram,all,gtdb_family_summary_all.tsv.gz,gtdb,family,gram positive,boolean,Morphology,Cell envelope,OMP:0000188,BacDive-AI:SPIREv1=a1bef3e;Traitar:SPIREv1=8bd7d86,1729449137,1-14-0-10-40-38,false,NA,NA,NA,NA,group_2:exact=~Cell envelope,Primary signal: group_2 EXACTLY 'Cell envelope'.
F12,cell_envelope_gram,all,gtdb_family_summary_all.tsv.gz,gtdb,family,gram negative,boolean,Morphology,Cell envelope,OMP:0000189,Traitar:SPIREv1=8bd7d86,606509743,1-14-0-10-41-12,false,NA,NA,NA,NA,group_2:exact=~Cell envelope,Primary signal: group_2 EXACTLY 'Cell envelope'.
F12,cell_envelope_gram,all,gtdb_family_summary_all.tsv.gz,gtdb,family,gram positive,boolean,Morphology,Cell envelope,OMP:0000188,BacDive-AI:SPIREv1=a1bef3e;Traitar:SPIREv1=8bd7d86,606509743,1-14-0-10-41-12,No robust majority,NA,NA,NA,NA,group_2:exact=~Cell envelope,Primary signal: group_2 EXACTLY 'Cell envelope'.
F12,cell_envelope_gram,all,gtdb_family_summary_all.tsv.gz,gtdb,family,gram negative,boolean,Morphology,Cell envelope,OMP:0000189,Traitar:SPIREv1=8bd7d86,1223959005,1-14-0-10-42-12,false,NA,NA,NA,NA,group_2:exact=~Cell envelope,Primary signal: group_2 EXACTLY 'Cell envelope'.
F12,cell_envelope_gram,all,gtdb_family_summary_all.tsv.gz,gtdb,family,gram positive,boolean,Morphology,Cell envelope,OMP:0000188,BacDive-AI:SPIREv1=a1bef3e;Traitar:SPIREv1=8bd7d86,1223959005,1-14-0-10-42-12,No robust majority,NA,NA,NA,NA,group_2:exact=~Cell envelope,Primary signal: group_2 EXACTLY 'Cell envelope'.
F12,cell_envelope_gram,all,gtdb_family_summary_all.tsv.gz,gtdb,family,gram positive,boolean,Morphology,Cell envelope,OMP:0000188,BacDive-AI:SPIREv1=a1bef3e,1602257932,1-14-0-10-42-19,false,NA,NA,NA,NA,group_2:exact=~Cell envelope,Primary signal: group_2 EXACTLY 'Cell envelope'.
F12,cell_envelope_gram,all,gtdb_family_summary_all.tsv.gz,gtdb,family,gram negative,boolean,Morphology,Cell envelope,OMP:0000189,Traitar:SPIREv1=8bd7d86,621118134,1-14-0-10-43-13,false,NA,NA,NA,NA,group_2:exact=~Cell envelope,Primary signal: group_2 EXACTLY 'Cell envelope'.
F12,cell_envelope_gram,all,gtdb_family_summary_all.tsv.gz,gtdb,family,gram positive,boolean,Morphology,Cell envelope,OMP:0000188,BacDive-AI:SPIREv1=a1bef3e;Traitar:SPIREv1=8bd7d86,621118134,1-14-0-10-43-13,No robust majority,NA,NA,NA,NA,group_2:exact=~Cell envelope,Primary signal: group_2 EXACTLY 'Cell envelope'.
F12,cell_envelope_gram,all,gtdb_family_summary_all.tsv.gz,gtdb,family,gram negative,boolean,Morphology,Cell envelope,OMP:0000189,Traitar:SPIREv1=8bd7d86,858815153,1-14-0-10-44-23,false,NA,NA,NA,NA,group_2:exact=~Cell envelope,Primary signal: group_2 EXACTLY 'Cell envelope'.
F12,cell_envelope_gram,all,gtdb_family_summary_all.tsv.gz,gtdb,family,gram positive,boolean,Morphology,Cell envelope,OMP:0000188,BacDive-AI:SPIREv1=a1bef3e;Traitar:SPIREv1=8bd7d86,858815153,1-14-0-10-44-23,No robust majority,NA,NA,NA,NA,group_2:exact=~Cell envelope,Primary signal: group_2 EXACTLY 'Cell envelope'.
F12,cell_envelope_gram,all,gtdb_family_summary_all.tsv.gz,gtdb,family,gram negative,boolean,Morphology,Cell envelope,OMP:0000189,Traitar:proGenomes3=8bd7d86,868383462,1-14-0-10-45-34,true,NA,NA,NA,NA,group_2:exact=~Cell envelope,Primary signal: group_2 EXACTLY 'Cell envelope'.
F12,cell_envelope_gram,all,gtdb_family_summary_all.tsv.gz,gtdb,family,gram positive,boolean,Morphology,Cell envelope,OMP:0000188,BacDive-AI:proGenomes3=a1bef3e;BacDive-AI:SPIREv1=a1bef3e;Traitar:proGenomes3=8bd7d86,868383462,1-14-0-10-45-34,false,NA,NA,NA,NA,group_2:exact=~Cell envelope,Primary signal: group_2 EXACTLY 'Cell envelope'.
F12,cell_envelope_gram,all,gtdb_family_summary_all.tsv.gz,gtdb,family,gram negative,boolean,Morphology,Cell envelope,OMP:0000189,Traitar:proGenomes3=8bd7d86,1563564256,1-14-0-20-47-16,true,NA,NA,NA,NA,group_2:exact=~Cell envelope,Primary signal: group_2 EXACTLY 'Cell envelope'.
F12,cell_envelope_gram,all,gtdb_family_summary_all.tsv.gz,gtdb,family,gram positive,boolean,Morphology,Cell envelope,OMP:0000188,BacDive-AI:proGenomes3=a1bef3e;BacDive-AI:SPIREv1=a1bef3e;Traitar:proGenomes3=8bd7d86,1563564256,1-14-0-20-47-16,false,NA,NA,NA,NA,group_2:exact=~Cell envelope,Primary signal: group_2 EXACTLY 'Cell envelope'.
F12,cell_envelope_gram,all,gtdb_family_summary_all.tsv.gz,gtdb,family,gram negative,boolean,Morphology,Cell envelope,OMP:0000189,Traitar:SPIREv1=8bd7d86,1069637774,1-14-0-20-49-13,true,NA,NA,NA,NA,group_2:exact=~Cell envelope,Primary signal: group_2 EXACTLY 'Cell envelope'.
F12,cell_envelope_gram,all,gtdb_family_summary_all.tsv.gz,gtdb,family,gram positive,boolean,Morphology,Cell envelope,OMP:0000188,BacDive-AI:SPIREv1=a1bef3e;Traitar:SPIREv1=8bd7d86,1069637774,1-14-0-20-49-13,false,NA,NA,NA,NA,group_2:exact=~Cell envelope,Primary signal: group_2 EXACTLY 'Cell envelope'.
F12,cell_envelope_gram,all,gtdb_family_summary_all.tsv.gz,gtdb,family,gram negative,boolean,Morphology,Cell envelope,OMP:0000189,Traitar:SPIREv1=8bd7d86,223750323,1-14-0-20-64-10,true,NA,NA,NA,NA,group_2:exact=~Cell envelope,Primary signal: group_2 EXACTLY 'Cell envelope'.
F12,cell_envelope_gram,all,gtdb_family_summary_all.tsv.gz,gtdb,family,gram positive,boolean,Morphology,Cell envelope,OMP:0000188,BacDive-AI:proGenomes3=a1bef3e;BacDive-AI:SPIREv1=a1bef3e;Traitar:SPIREv1=8bd7d86,223750323,1-14-0-20-64-10,false,NA,NA,NA,NA,group_2:exact=~Cell envelope,Primary signal: group_2 EXACTLY 'Cell envelope'.
F12,cell_envelope_gram,all,gtdb_family_summary_all.tsv.gz,gtdb,family,gram negative,boolean,Morphology,Cell envelope,OMP:0000189,Traitar:proGenomes3=8bd7d86;Traitar:SPIREv1=8bd7d86,1113309094,1-14-2-50-48-13,false,NA,NA,NA,NA,group_2:exact=~Cell envelope,Primary signal: group_2 EXACTLY 'Cell envelope'.
F12,cell_envelope_gram,all,gtdb_family_summary_all.tsv.gz,gtdb,family,gram positive,boolean,Morphology,Cell envelope,OMP:0000188,BacDive-AI:proGenomes3=a1bef3e;BacDive-AI:SPIREv1=a1bef3e;Traitar:proGenomes3=8bd7d86;Traitar:SPIREv1=8bd7d86,1113309094,1-14-2-50-48-13,No robust majority,NA,NA,NA,NA,group_2:exact=~Cell envelope,Primary signal: group_2 EXACTLY 'Cell envelope'.
F12,cell_envelope_gram,all,gtdb_family_summary_all.tsv.gz,gtdb,family,gram negative,boolean,Morphology,Cell envelope,OMP:0000189,Traitar:SPIREv1=8bd7d86,651849632,13-1-40CM-64-14,true,NA,NA,NA,NA,group_2:exact=~Cell envelope,Primary signal: group_2 EXACTLY 'Cell envelope'.
F12,cell_envelope_gram,all,gtdb_family_summary_all.tsv.gz,gtdb,family,gram positive,boolean,Morphology,Cell envelope,OMP:0000188,BacDive-AI:proGenomes3=a1bef3e;BacDive-AI:SPIREv1=a1bef3e;Traitar:SPIREv1=8bd7d86,651849632,13-1-40CM-64-14,false,NA,NA,NA,NA,group_2:exact=~Cell envelope,Primary signal: group_2 EXACTLY 'Cell envelope'.
F12,cell_envelope_gram,all,gtdb_family_summary_all.tsv.gz,gtdb,family,gram negative,boolean,Morphology,Cell envelope,OMP:0000189,Traitar:proGenomes3=8bd7d86;Traitar:SPIREv1=8bd7d86,1421590683,1604HC,No robust majority,NA,NA,NA,NA,group_2:exact=~Cell envelope,Primary signal: group_2 EXACTLY 'Cell envelope'.
F12,cell_envelope_gram,all,gtdb_family_summary_all.tsv.gz,gtdb,family,gram positive,boolean,Morphology,Cell envelope,OMP:0000188,BacDive-AI:proGenomes3=a1bef3e;BacDive-AI:SPIREv1=a1bef3e;Traitar:proGenomes3=8bd7d86;Traitar:SPIREv1=8bd7d86,1421590683,1604HC,false,NA,NA,NA,NA,group_2:exact=~Cell envelope,Primary signal: group_2 EXACTLY 'Cell envelope'.
F12,cell_envelope_gram,all,gtdb_family_summary_all.tsv.gz,gtdb,family,gram negative,boolean,Morphology,Cell envelope,OMP:0000189,Traitar:proGenomes3=8bd7d86,1728940786,16-39-46,true,NA,NA,NA,NA,group_2:exact=~Cell envelope,Primary signal: group_2 EXACTLY 'Cell envelope'.
F12,cell_envelope_gram,all,gtdb_family_summary_all.tsv.gz,gtdb,family,gram positive,boolean,Morphology,Cell envelope,OMP:0000188,BacDive-AI:proGenomes3=a1bef3e;Traitar:proGenomes3=8bd7d86,1728940786,16-39-46,false,NA,NA,NA,NA,group_2:exact=~Cell envelope,Primary signal: group_2 EXACTLY 'Cell envelope'.
F12,cell_envelope_gram,all,gtdb_family_summary_all.tsv.gz,gtdb,family,gram negative,boolean,Morphology,Cell envelope,OMP:0000189,Traitar:proGenomes3=8bd7d86;Traitar:SPIREv1=8bd7d86,1859961409,172606-1,true,NA,NA,NA,NA,group_2:exact=~Cell envelope,Primary signal: group_2 EXACTLY 'Cell envelope'.
F12,cell_envelope_gram,all,gtdb_family_summary_all.tsv.gz,gtdb,family,gram positive,boolean,Morphology,Cell envelope,OMP:0000188,BacDive-AI:proGenomes3=a1bef3e;BacDive-AI:SPIREv1=a1bef3e;Traitar:proGenomes3=8bd7d86;Traitar:SPIREv1=8bd7d86,1859961409,172606-1,false,NA,NA,NA,NA,group_2:exact=~Cell envelope,Primary signal: group_2 EXACTLY 'Cell envelope'.
F12,cell_envelope_gram,all,gtdb_family_summary_all.tsv.gz,gtdb,family,gram negative,boolean,Morphology,Cell envelope,OMP:0000189,Traitar:proGenomes3=8bd7d86;Traitar:SPIREv1=8bd7d86,618313202,2013-40CM-41-45,true,NA,NA,NA,NA,group_2:exact=~Cell envelope,Primary signal: group_2 EXACTLY 'Cell envelope'.
F12,cell_envelope_gram,no_predictions,gtdb_family_summary_no_predictions.tsv.gz,gtdb,family,gram positive,boolean,Morphology,Cell envelope,OMP:0000188,BV-BRC=2025-07-29,1040095196,2-12-FULL-49-11,false,NA,NA,NA,NA,group_2:exact=~Cell envelope,Primary signal: group_2 EXACTLY 'Cell envelope'.
F12,cell_envelope_gram,no_predictions,gtdb_family_summary_no_predictions.tsv.gz,gtdb,family,gram positive,boolean,Morphology,Cell envelope,OMP:0000188,JGI/GOLD/IMG=2025-07-29,1923495403,AAA164-E04,false,NA,NA,NA,NA,group_2:exact=~Cell envelope,Primary signal: group_2 EXACTLY 'Cell envelope'.
F12,cell_envelope_gram,no_predictions,gtdb_family_summary_no_predictions.tsv.gz,gtdb,family,gram positive,boolean,Morphology,Cell envelope,OMP:0000188,BV-BRC=2025-07-29;JGI/GOLD/IMG=2025-07-29,2115315536,AAA536-G10,false,NA,NA,NA,NA,group_2:exact=~Cell envelope,Primary signal: group_2 EXACTLY 'Cell envelope'.
F12,cell_envelope_gram,no_predictions,gtdb_family_summary_no_predictions.tsv.gz,gtdb,family,gram positive,boolean,Morphology,Cell envelope,OMP:0000188,JGI/GOLD/IMG=2025-07-29,1701128972,AB-629-J13,false,NA,NA,NA,NA,group_2:exact=~Cell envelope,Primary signal: group_2 EXACTLY 'Cell envelope'.
F12,cell_envelope_gram,no_predictions,gtdb_family_summary_no_predictions.tsv.gz,gtdb,family,gram positive,boolean,Morphology,Cell envelope,OMP:0000188,BacDive=2025-07-29,318463998,Acanthopleuribacteraceae,false,NA,NA,NA,NA,group_2:exact=~Cell envelope,Primary signal: group_2 EXACTLY 'Cell envelope'.
F12,cell_envelope_gram,no_predictions,gtdb_family_summary_no_predictions.tsv.gz,gtdb,family,gram positive,boolean,Morphology,Cell envelope,OMP:0000188,BacDive=2025-07-29;BV-BRC=2025-07-29;JGI/GOLD=2025-07-29;JGI/GOLD/IMG=2025-07-29,1775432467,Acetivibrionaceae,true,NA,NA,NA,NA,group_2:exact=~Cell envelope,Primary signal: group_2 EXACTLY 'Cell envelope'.
F12,cell_envelope_gram,no_predictions,gtdb_family_summary_no_predictions.tsv.gz,gtdb,family,gram positive,boolean,Morphology,Cell envelope,OMP:0000188,BacDive=2025-07-29;BV-BRC=2025-07-29;JGI/GOLD=2025-07-29;JGI/GOLD/IMG=2025-07-29,915913853,Acetobacteraceae,false,NA,NA,NA,NA,group_2:exact=~Cell envelope,Primary signal: group_2 EXACTLY 'Cell envelope'.
F12,cell_envelope_gram,no_predictions,gtdb_family_summary_no_predictions.tsv.gz,gtdb,family,gram positive,boolean,Morphology,Cell envelope,OMP:0000188,BacDive=2025-07-29;JGI/GOLD=2025-07-29;JGI/GOLD/IMG=2025-07-29,537360503,Acetohalobiaceae,No robust majority,NA,NA,NA,NA,group_2:exact=~Cell envelope,Primary signal: group_2 EXACTLY 'Cell envelope'.
F12,cell_envelope_gram,no_predictions,gtdb_family_summary_no_predictions.tsv.gz,gtdb,family,gram positive,boolean,Morphology,Cell envelope,OMP:0000188,BacDive=2025-07-29;JGI/GOLD/IMG=2025-07-29,1471551112,Acetomicrobiaceae,false,NA,NA,NA,NA,group_2:exact=~Cell envelope,Primary signal: group_2 EXACTLY 'Cell envelope'.
F12,cell_envelope_gram,no_predictions,gtdb_family_summary_no_predictions.tsv.gz,gtdb,family,gram positive,boolean,Morphology,Cell envelope,OMP:0000188,JGI/GOLD/IMG=2025-07-29,1223190644,Acetonemaceae,false,NA,NA,NA,NA,group_2:exact=~Cell envelope,Primary signal: group_2 EXACTLY 'Cell envelope'.
F12,cell_envelope_gram,no_predictions,gtdb_family_summary_no_predictions.tsv.gz,gtdb,family,gram positive,boolean,Morphology,Cell envelope,OMP:0000188,BacDive=2025-07-29;BV-BRC=2025-07-29;JGI/GOLD=2025-07-29;JGI/GOLD/IMG=2025-07-29,1029517523,Acholeplasmataceae,No robust majority,NA,NA,NA,NA,group_2:exact=~Cell envelope,Primary signal: group_2 EXACTLY 'Cell envelope'.
F12,cell_envelope_gram,no_predictions,gtdb_family_summary_no_predictions.tsv.gz,gtdb,family,gram positive,boolean,Morphology,Cell envelope,OMP:0000188,BacDive=2025-07-29;BV-BRC=2025-07-29;JGI/GOLD/IMG=2025-07-29,1733949799,Acidaminobacteraceae,true,NA,NA,NA,NA,group_2:exact=~Cell envelope,Primary signal: group_2 EXACTLY 'Cell envelope'.
F12,cell_envelope_gram,no_predictions,gtdb_family_summary_no_predictions.tsv.gz,gtdb,family,gram positive,boolean,Morphology,Cell envelope,OMP:0000188,BacDive=2025-07-29;BV-BRC=2025-07-29;JGI/GOLD/IMG=2025-07-29,1860107176,Acidaminococcaceae,false,NA,NA,NA,NA,group_2:exact=~Cell envelope,Primary signal: group_2 EXACTLY 'Cell envelope'.
F12,cell_envelope_gram,no_predictions,gtdb_family_summary_no_predictions.tsv.gz,gtdb,family,gram positive,boolean,Morphology,Cell envelope,OMP:0000188,JGI/GOLD=2025-07-29,192131368,Acidiferrobacteraceae,false,NA,NA,NA,NA,group_2:exact=~Cell envelope,Primary signal: group_2 EXACTLY 'Cell envelope'.
F12,cell_envelope_gram,no_predictions,gtdb_family_summary_no_predictions.tsv.gz,gtdb,family,gram positive,boolean,Morphology,Cell envelope,OMP:0000188,BacDive=2025-07-29,2105485286,Acidihalobacteraceae,false,NA,NA,NA,NA,group_2:exact=~Cell envelope,Primary signal: group_2 EXACTLY 'Cell envelope'.
F12,cell_envelope_gram,no_predictions,gtdb_family_summary_no_predictions.tsv.gz,gtdb,family,gram positive,boolean,Morphology,Cell envelope,OMP:0000188,BacDive=2025-07-29;BV-BRC=2025-07-29;JGI/GOLD=2025-07-29;JGI/GOLD/IMG=2025-07-29,626102019,Acidilobaceae,false,NA,NA,NA,NA,group_2:exact=~Cell envelope,Primary signal: group_2 EXACTLY 'Cell envelope'.
F12,cell_envelope_gram,no_predictions,gtdb_family_summary_no_predictions.tsv.gz,gtdb,family,gram positive,boolean,Morphology,Cell envelope,OMP:0000188,JGI/GOLD/IMG=2025-07-29,60301471,Acidilutibacteraceae,true,NA,NA,NA,NA,group_2:exact=~Cell envelope,Primary signal: group_2 EXACTLY 'Cell envelope'.
F12,cell_envelope_gram,no_predictions,gtdb_family_summary_no_predictions.tsv.gz,gtdb,family,gram positive,boolean,Morphology,Cell envelope,OMP:0000188,BV-BRC=2025-07-29;JGI/GOLD/IMG=2025-07-29,494083113,Acidimicrobiaceae,true,NA,NA,NA,NA,group_2:exact=~Cell envelope,Primary signal: group_2 EXACTLY 'Cell envelope'.
F12,cell_envelope_gram,no_predictions,gtdb_family_summary_no_predictions.tsv.gz,gtdb,family,gram positive,boolean,Morphology,Cell envelope,OMP:0000188,BacDive=2025-07-29;BV-BRC=2025-07-29;JGI/GOLD=2025-07-29;JGI/GOLD/IMG=2025-07-29,727093411,Acidithiobacillaceae,false,NA,NA,NA,NA,group_2:exact=~Cell envelope,Primary signal: group_2 EXACTLY 'Cell envelope'.
F12,cell_envelope_gram,no_predictions,gtdb_family_summary_no_predictions.tsv.gz,gtdb,family,gram positive,boolean,Morphology,Cell envelope,OMP:0000188,BacDive=2025-07-29;BV-BRC=2025-07-29;JGI/GOLD=2025-07-29;JGI/GOLD/IMG=2025-07-29,354524460,Acidobacteriaceae,false,NA,NA,NA,NA,group_2:exact=~Cell envelope,Primary signal: group_2 EXACTLY 'Cell envelope'.
F12,cell_envelope_gram,no_predictions,gtdb_family_summary_no_predictions.tsv.gz,gtdb,family,gram positive,boolean,Morphology,Cell envelope,OMP:0000188,BV-BRC=2025-07-29;JGI/GOLD=2025-07-29;JGI/GOLD/IMG=2025-07-29,2088988400,Acidothermaceae,true,NA,NA,NA,NA,group_2:exact=~Cell envelope,Primary signal: group_2 EXACTLY 'Cell envelope'.
F12,cell_envelope_gram,no_predictions,gtdb_family_summary_no_predictions.tsv.gz,gtdb,family,gram positive,boolean,Morphology,Cell envelope,OMP:0000188,JGI/GOLD=2025-07-29;JGI/GOLD/IMG=2025-07-29,510566438,Aciduliprofundaceae,false,NA,NA,NA,NA,group_2:exact=~Cell envelope,Primary signal: group_2 EXACTLY 'Cell envelope'.
F12,cell_envelope_gram,no_predictions,gtdb_family_summary_no_predictions.tsv.gz,gtdb,family,gram positive,boolean,Morphology,Cell envelope,OMP:0000188,JGI/GOLD/IMG=2025-07-29,512080888,Actinomarinaceae,true,NA,NA,NA,NA,group_2:exact=~Cell envelope,Primary signal: group_2 EXACTLY 'Cell envelope'.
F12,cell_envelope_gram,no_predictions,gtdb_family_summary_no_predictions.tsv.gz,gtdb,family,gram positive,boolean,Morphology,Cell envelope,OMP:0000188,BacDive=2025-07-29;BV-BRC=2025-07-29;JGI/GOLD=2025-07-29;JGI/GOLD/IMG=2025-07-29,300353966,Actinomycetaceae,true,NA,NA,NA,NA,group_2:exact=~Cell envelope,Primary signal: group_2 EXACTLY 'Cell envelope'.
F12,cell_envelope_gram,no_predictions,gtdb_family_summary_no_predictions.tsv.gz,gtdb,family,gram positive,boolean,Morphology,Cell envelope,OMP:0000188,BacDive=2025-07-29;BV-BRC=2025-07-29;JGI/GOLD=2025-07-29;JGI/GOLD/IMG=2025-07-29,534118293,Actinopolymorphaceae,true,NA,NA,NA,NA,group_2:exact=~Cell envelope,Primary signal: group_2 EXACTLY 'Cell envelope'.
F12,cell_envelope_gram,no_predictions,gtdb_family_summary_no_predictions.tsv.gz,gtdb,family,gram positive,boolean,Morphology,Cell envelope,OMP:0000188,BacDive=2025-07-29;BV-BRC=2025-07-29;JGI/GOLD=2025-07-29;JGI/GOLD/IMG=2025-07-29,726709100,Acutalibacteraceae,true,NA,NA,NA,NA,group_2:exact=~Cell envelope,Primary signal: group_2 EXACTLY 'Cell envelope'.
F12,cell_envelope_gram,no_predictions,gtdb_family_summary_no_predictions.tsv.gz,gtdb,family,gram positive,boolean,Morphology,Cell envelope,OMP:0000188,BacDive=2025-07-29;JGI/GOLD=2025-07-29;JGI/GOLD/IMG=2025-07-29,418417608,Aeribacillaceae,true,NA,NA,NA,NA,group_2:exact=~Cell envelope,Primary signal: group_2 EXACTLY 'Cell envelope'.
F12,cell_envelope_gram,no_predictions,gtdb_family_summary_no_predictions.tsv.gz,gtdb,family,gram positive,boolean,Morphology,Cell envelope,OMP:0000188,BacDive=2025-07-29;BV-BRC=2025-07-29;JGI/GOLD=2025-07-29;JGI/GOLD/IMG=2025-07-29,488720778,Aerococcaceae,true,NA,NA,NA,NA,group_2:exact=~Cell envelope,Primary signal: group_2 EXACTLY 'Cell envelope'.
F12,cell_envelope_gram,no_predictions,gtdb_family_summary_no_predictions.tsv.gz,gtdb,family,gram positive,boolean,Morphology,Cell envelope,OMP:0000188,BacDive=2025-07-29;BV-BRC=2025-07-29;JGI/GOLD=2025-07-29;JGI/GOLD/IMG=2025-07-29,1388292156,Aeromonadaceae,false,NA,NA,NA,NA,group_2:exact=~Cell envelope,Primary signal: group_2 EXACTLY 'Cell envelope'.
F12,cell_envelope_gram,no_predictions,gtdb_family_summary_no_predictions.tsv.gz,gtdb,family,gram positive,boolean,Morphology,Cell envelope,OMP:0000188,JGI/GOLD/IMG=2025-07-29,1180519614,Aestuariivirgaceae,false,NA,NA,NA,NA,group_2:exact=~Cell envelope,Primary signal: group_2 EXACTLY 'Cell envelope'.
F12,cell_envelope_gram,no_predictions,gtdb_family_summary_no_predictions.tsv.gz,gtdb,family,gram positive,boolean,Morphology,Cell envelope,OMP:0000188,BacDive=2025-07-29;JGI/GOLD/IMG=2025-07-29,1529274800,Afifellaceae,false,NA,NA,NA,NA,group_2:exact=~Cell envelope,Primary signal: group_2 EXACTLY 'Cell envelope'.
F12,cell_envelope_gram,no_predictions,gtdb_family_summary_no_predictions.tsv.gz,gtdb,family,gram positive,boolean,Morphology,Cell envelope,OMP:0000188,BacDive=2025-07-29,980979208,Aggregatilineaceae,false,NA,NA,NA,NA,group_2:exact=~Cell envelope,Primary signal: group_2 EXACTLY 'Cell envelope'.
F12,cell_envelope_gram,no_predictions,gtdb_family_summary_no_predictions.tsv.gz,gtdb,family,gram positive,boolean,Morphology,Cell envelope,OMP:0000188,BacDive=2025-07-29,1476734845,Ahniellaceae,false,NA,NA,NA,NA,group_2:exact=~Cell envelope,Primary signal: group_2 EXACTLY 'Cell envelope'.
F12,cell_envelope_gram,no_predictions,gtdb_family_summary_no_predictions.tsv.gz,gtdb,family,gram positive,boolean,Morphology,Cell envelope,OMP:0000188,BV-BRC=2025-07-29;JGI/GOLD=2025-07-29;JGI/GOLD/IMG=2025-07-29,1217766786,Akkermansiaceae,false,NA,NA,NA,NA,group_2:exact=~Cell envelope,Primary signal: group_2 EXACTLY 'Cell envelope'.
F12,cell_envelope_gram,no_predictions,gtdb_family_summary_no_predictions.tsv.gz,gtdb,family,gram positive,boolean,Morphology,Cell envelope,OMP:0000188,BacDive=2025-07-29,1379861894,AKS1,false,NA,NA,NA,NA,group_2:exact=~Cell envelope,Primary signal: group_2 EXACTLY 'Cell envelope'.
F12,cell_envelope_gram,no_predictions,gtdb_family_summary_no_predictions.tsv.gz,gtdb,family,gram positive,boolean,Morphology,Cell envelope,OMP:0000188,BacDive=2025-07-29;BV-BRC=2025-07-29;JGI/GOLD=2025-07-29;JGI/GOLD/IMG=2025-07-29,837857257,Alcanivoracaceae,false,NA,NA,NA,NA,group_2:exact=~Cell envelope,Primary signal: group_2 EXACTLY 'Cell envelope'.
F12,cell_envelope_gram,no_predictions,gtdb_family_summary_no_predictions.tsv.gz,gtdb,family,gram positive,boolean,Morphology,Cell envelope,OMP:0000188,BacDive=2025-07-29,1748840100,Algiphilaceae,false,NA,NA,NA,NA,group_2:exact=~Cell envelope,Primary signal: group_2 EXACTLY 'Cell envelope'.
F12,cell_envelope_gram,no_predictions,gtdb_family_summary_no_predictions.tsv.gz,gtdb,family,gram positive,boolean,Morphology,Cell envelope,OMP:0000188,BacDive=2025-07-29;BV-BRC=2025-07-29;JGI/GOLD=2025-07-29;JGI/GOLD/IMG=2025-07-29,1842749628,Alicyclobacillaceae,true,NA,NA,NA,NA,group_2:exact=~Cell envelope,Primary signal: group_2 EXACTLY 'Cell envelope'.
F12,cell_envelope_gram,no_predictions,gtdb_family_summary_no_predictions.tsv.gz,gtdb,family,gram positive,boolean,Morphology,Cell envelope,OMP:0000188,BacDive=2025-07-29;BV-BRC=2025-07-29;JGI/GOLD=2025-07-29;JGI/GOLD/IMG=2025-07-29,386430198,Alkalibacillaceae,true,NA,NA,NA,NA,group_2:exact=~Cell envelope,Primary signal: group_2 EXACTLY 'Cell envelope'.
F12,cell_envelope_gram,no_predictions,gtdb_family_summary_no_predictions.tsv.gz,gtdb,family,gram positive,boolean,Morphology,Cell envelope,OMP:0000188,JGI/GOLD=2025-07-29;JGI/GOLD/IMG=2025-07-29,1544771507,Alkalibacteraceae,true,NA,NA,NA,NA,group_2:exact=~Cell envelope,Primary signal: group_2 EXACTLY 'Cell envelope'.
F12,cell_envelope_gram,no_predictions,gtdb_family_summary_no_predictions.tsv.gz,gtdb,family,gram positive,boolean,Morphology,Cell envelope,OMP:0000188,BacDive=2025-07-29;JGI/GOLD=2025-07-29;JGI/GOLD/IMG=2025-07-29,1149066213,Alkalispirochaetaceae,false,NA,NA,NA,NA,group_2:exact=~Cell envelope,Primary signal: group_2 EXACTLY 'Cell envelope'.
F12,cell_envelope_gram,no_predictions,gtdb_family_summary_no_predictions.tsv.gz,gtdb,family,gram positive,boolean,Morphology,Cell envelope,OMP:0000188,BacDive=2025-07-29;BV-BRC=2025-07-29;JGI/GOLD=2025-07-29;JGI/GOLD/IMG=2025-07-29,1763759227,Alteromonadaceae,false,NA,NA,NA,NA,group_2:exact=~Cell envelope,Primary signal: group_2 EXACTLY 'Cell envelope'.
F12,cell_envelope_gram,no_predictions,gtdb_family_summary_no_predictions.tsv.gz,gtdb,family,gram positive,boolean,Morphology,Cell envelope,OMP:0000188,BacDive=2025-07-29;BV-BRC=2025-07-29;JGI/GOLD/IMG=2025-07-29,1953328682,Aminiphilaceae,false,NA,NA,NA,NA,group_2:exact=~Cell envelope,Primary signal: group_2 EXACTLY 'Cell envelope'.
F12,cell_envelope_gram,no_predictions,gtdb_family_summary_no_predictions.tsv.gz,gtdb,family,gram positive,boolean,Morphology,Cell envelope,OMP:0000188,BacDive=2025-07-29;BV-BRC=2025-07-29;JGI/GOLD/IMG=2025-07-29,825025696,Aminobacteriaceae,false,NA,NA,NA,NA,group_2:exact=~Cell envelope,Primary signal: group_2 EXACTLY 'Cell envelope'.
F12,cell_envelope_gram,no_predictions,gtdb_family_summary_no_predictions.tsv.gz,gtdb,family,gram positive,boolean,Morphology,Cell envelope,OMP:0000188,BacDive=2025-07-29;BV-BRC=2025-07-29;JGI/GOLD=2025-07-29;JGI/GOLD/IMG=2025-07-29,1149948969,Ammonificaceae,true,NA,NA,NA,NA,group_2:exact=~Cell envelope,Primary signal: group_2 EXACTLY 'Cell envelope'.
F12,cell_envelope_gram,no_predictions,gtdb_family_summary_no_predictions.tsv.gz,gtdb,family,gram positive,boolean,Morphology,Cell envelope,OMP:0000188,BV-BRC=2025-07-29;JGI/GOLD/IMG=2025-07-29,405828086,Amoebophilaceae,false,NA,NA,NA,NA,group_2:exact=~Cell envelope,Primary signal: group_2 EXACTLY 'Cell envelope'.
F12,cell_envelope_gram,no_predictions,gtdb_family_summary_no_predictions.tsv.gz,gtdb,family,gram positive,boolean,Morphology,Cell envelope,OMP:0000188,BacDive=2025-07-29;BV-BRC=2025-07-29;JGI/GOLD/IMG=2025-07-29,515410228,Amorphaceae,false,NA,NA,NA,NA,group_2:exact=~Cell envelope,Primary signal: group_2 EXACTLY 'Cell envelope'.
F12,cell_envelope_gram,no_predictions,gtdb_family_summary_no_predictions.tsv.gz,gtdb,family,gram positive,boolean,Morphology,Cell envelope,OMP:0000188,BacDive=2025-07-29;BV-BRC=2025-07-29;JGI/GOLD=2025-07-29;JGI/GOLD/IMG=2025-07-29,223512156,Amphibacillaceae,true,NA,NA,NA,NA,group_2:exact=~Cell envelope,Primary signal: group_2 EXACTLY 'Cell envelope'.
F12,cell_envelope_gram,no_predictions,gtdb_family_summary_no_predictions.tsv.gz,gtdb,family,gram positive,boolean,Morphology,Cell envelope,OMP:0000188,BacDive=2025-07-29;JGI/GOLD/IMG=2025-07-29,180628341,Anaerobacillaceae,true,NA,NA,NA,NA,group_2:exact=~Cell envelope,Primary signal: group_2 EXACTLY 'Cell envelope'.
F12,cell_envelope_gram,no_predictions,gtdb_family_summary_no_predictions.tsv.gz,gtdb,family,gram positive,boolean,Morphology,Cell envelope,OMP:0000188,BV-BRC=2025-07-29;JGI/GOLD/IMG=2025-07-29,28067372,Anaerofustaceae,true,NA,NA,NA,NA,group_2:exact=~Cell envelope,Primary signal: group_2 EXACTLY 'Cell envelope'.
F13,sporulation,all,gtdb_family_summary_all.tsv.gz,gtdb,family,sporulation,boolean,Physiology,Sporulation,GO:0043934,BacDive-AI:SPIREv1=a1bef3e;Traitar:SPIREv1=8bd7d86,864477170,0-14-0-10-38-17,false,NA,NA,NA,NA,group_2:contains~~Sporulation,Primary signal: group_2=Sporulation.
F13,sporulation,all,gtdb_family_summary_all.tsv.gz,gtdb,family,sporulation,boolean,Physiology,Sporulation,GO:0043934,BacDive-AI:SPIREv1=a1bef3e;Traitar:SPIREv1=8bd7d86,2070788780,0-14-0-20-30-16,false,NA,NA,NA,NA,group_2:contains~~Sporulation,Primary signal: group_2=Sporulation.
F13,sporulation,all,gtdb_family_summary_all.tsv.gz,gtdb,family,sporulation,boolean,Physiology,Sporulation,GO:0043934,BacDive-AI:SPIREv1=a1bef3e;Traitar:SPIREv1=8bd7d86,410678088,0-14-0-20-34-12,false,NA,NA,NA,NA,group_2:contains~~Sporulation,Primary signal: group_2=Sporulation.
F13,sporulation,all,gtdb_family_summary_all.tsv.gz,gtdb,family,sporulation,boolean,Physiology,Sporulation,GO:0043934,BacDive-AI:SPIREv1=a1bef3e;Traitar:SPIREv1=8bd7d86,929049184,0-14-0-20-40-13,false,NA,NA,NA,NA,group_2:contains~~Sporulation,Primary signal: group_2=Sporulation.
F13,sporulation,all,gtdb_family_summary_all.tsv.gz,gtdb,family,sporulation,boolean,Physiology,Sporulation,GO:0043934,BacDive-AI:SPIREv1=a1bef3e;Traitar:SPIREv1=8bd7d86,165559233,0-14-0-80-44-23,false,NA,NA,NA,NA,group_2:contains~~Sporulation,Primary signal: group_2=Sporulation.
F13,sporulation,all,gtdb_family_summary_all.tsv.gz,gtdb,family,sporulation,boolean,Physiology,Sporulation,GO:0043934,BacDive-AI:proGenomes3=a1bef3e;BacDive-AI:SPIREv1=a1bef3e;Traitar:proGenomes3=8bd7d86;Traitar:SPIREv1=8bd7d86,2057107470,0-14-0-80-59-12,false,NA,NA,NA,NA,group_2:contains~~Sporulation,Primary signal: group_2=Sporulation.
F13,sporulation,all,gtdb_family_summary_all.tsv.gz,gtdb,family,sporulation,boolean,Physiology,Sporulation,GO:0043934,BacDive-AI:proGenomes3=a1bef3e;BacDive-AI:SPIREv1=a1bef3e;Traitar:SPIREv1=8bd7d86,980929432,0-14-0-80-60-11,false,NA,NA,NA,NA,group_2:contains~~Sporulation,Primary signal: group_2=Sporulation.
F13,sporulation,all,gtdb_family_summary_all.tsv.gz,gtdb,family,sporulation,boolean,Physiology,Sporulation,GO:0043934,BacDive-AI:SPIREv1=a1bef3e;Traitar:SPIREv1=8bd7d86,495931365,01-FULL-45-15b,false,NA,NA,NA,NA,group_2:contains~~Sporulation,Primary signal: group_2=Sporulation.
F13,sporulation,all,gtdb_family_summary_all.tsv.gz,gtdb,family,sporulation,boolean,Physiology,Sporulation,GO:0043934,BacDive-AI:SPIREv1=a1bef3e;Traitar:SPIREv1=8bd7d86,1879272904,02-FULL-45-10c,false,NA,NA,NA,NA,group_2:contains~~Sporulation,Primary signal: group_2=Sporulation.
F13,sporulation,all,gtdb_family_summary_all.tsv.gz,gtdb,family,sporulation,boolean,Physiology,Sporulation,GO:0043934,BacDive-AI:SPIREv1=a1bef3e;Traitar:SPIREv1=8bd7d86,1109772479,1-14-0-10-31-34,false,NA,NA,NA,NA,group_2:contains~~Sporulation,Primary signal: group_2=Sporulation.
F13,sporulation,all,gtdb_family_summary_all.tsv.gz,gtdb,family,sporulation,boolean,Physiology,Sporulation,GO:0043934,BacDive-AI:SPIREv1=a1bef3e;Traitar:SPIREv1=8bd7d86,1729449137,1-14-0-10-40-38,false,NA,NA,NA,NA,group_2:contains~~Sporulation,Primary signal: group_2=Sporulation.
F13,sporulation,all,gtdb_family_summary_all.tsv.gz,gtdb,family,sporulation,boolean,Physiology,Sporulation,GO:0043934,BacDive-AI:SPIREv1=a1bef3e;Traitar:SPIREv1=8bd7d86,606509743,1-14-0-10-41-12,false,NA,NA,NA,NA,group_2:contains~~Sporulation,Primary signal: group_2=Sporulation.
F13,sporulation,all,gtdb_family_summary_all.tsv.gz,gtdb,family,sporulation,boolean,Physiology,Sporulation,GO:0043934,BacDive-AI:SPIREv1=a1bef3e;Traitar:SPIREv1=8bd7d86,1223959005,1-14-0-10-42-12,false,NA,NA,NA,NA,group_2:contains~~Sporulation,Primary signal: group_2=Sporulation.
F13,sporulation,all,gtdb_family_summary_all.tsv.gz,gtdb,family,sporulation,boolean,Physiology,Sporulation,GO:0043934,BacDive-AI:SPIREv1=a1bef3e,1602257932,1-14-0-10-42-19,false,NA,NA,NA,NA,group_2:contains~~Sporulation,Primary signal: group_2=Sporulation.
F13,sporulation,all,gtdb_family_summary_all.tsv.gz,gtdb,family,sporulation,boolean,Physiology,Sporulation,GO:0043934,BacDive-AI:SPIREv1=a1bef3e;Traitar:SPIREv1=8bd7d86,621118134,1-14-0-10-43-13,false,NA,NA,NA,NA,group_2:contains~~Sporulation,Primary signal: group_2=Sporulation.
F13,sporulation,all,gtdb_family_summary_all.tsv.gz,gtdb,family,sporulation,boolean,Physiology,Sporulation,GO:0043934,BacDive-AI:SPIREv1=a1bef3e;Traitar:SPIREv1=8bd7d86,858815153,1-14-0-10-44-23,false,NA,NA,NA,NA,group_2:contains~~Sporulation,Primary signal: group_2=Sporulation.
F13,sporulation,all,gtdb_family_summary_all.tsv.gz,gtdb,family,sporulation,boolean,Physiology,Sporulation,GO:0043934,BacDive-AI:proGenomes3=a1bef3e;BacDive-AI:SPIREv1=a1bef3e;Traitar:proGenomes3=8bd7d86,868383462,1-14-0-10-45-34,false,NA,NA,NA,NA,group_2:contains~~Sporulation,Primary signal: group_2=Sporulation.
F13,sporulation,all,gtdb_family_summary_all.tsv.gz,gtdb,family,sporulation,boolean,Physiology,Sporulation,GO:0043934,BacDive-AI:proGenomes3=a1bef3e;BacDive-AI:SPIREv1=a1bef3e;Traitar:proGenomes3=8bd7d86,1563564256,1-14-0-20-47-16,false,NA,NA,NA,NA,group_2:contains~~Sporulation,Primary signal: group_2=Sporulation.
F13,sporulation,all,gtdb_family_summary_all.tsv.gz,gtdb,family,sporulation,boolean,Physiology,Sporulation,GO:0043934,BacDive-AI:SPIREv1=a1bef3e;Traitar:SPIREv1=8bd7d86,1069637774,1-14-0-20-49-13,false,NA,NA,NA,NA,group_2:contains~~Sporulation,Primary signal: group_2=Sporulation.
F13,sporulation,all,gtdb_family_summary_all.tsv.gz,gtdb,family,sporulation,boolean,Physiology,Sporulation,GO:0043934,BacDive-AI:proGenomes3=a1bef3e;BacDive-AI:SPIREv1=a1bef3e;Traitar:SPIREv1=8bd7d86,223750323,1-14-0-20-64-10,false,NA,NA,NA,NA,group_2:contains~~Sporulation,Primary signal: group_2=Sporulation.
F13,sporulation,all,gtdb_family_summary_all.tsv.gz,gtdb,family,sporulation,boolean,Physiology,Sporulation,GO:0043934,BacDive-AI:proGenomes3=a1bef3e;BacDive-AI:SPIREv1=a1bef3e;Traitar:proGenomes3=8bd7d86;Traitar:SPIREv1=8bd7d86,1113309094,1-14-2-50-48-13,false,NA,NA,NA,NA,group_2:contains~~Sporulation,Primary signal: group_2=Sporulation.
F13,sporulation,all,gtdb_family_summary_all.tsv.gz,gtdb,family,sporulation,boolean,Physiology,Sporulation,GO:0043934,BacDive-AI:proGenomes3=a1bef3e;BacDive-AI:SPIREv1=a1bef3e;Traitar:SPIREv1=8bd7d86,651849632,13-1-40CM-64-14,false,NA,NA,NA,NA,group_2:contains~~Sporulation,Primary signal: group_2=Sporulation.
F13,sporulation,all,gtdb_family_summary_all.tsv.gz,gtdb,family,sporulation,boolean,Physiology,Sporulation,GO:0043934,BacDive-AI:proGenomes3=a1bef3e;BacDive-AI:SPIREv1=a1bef3e;Traitar:proGenomes3=8bd7d86;Traitar:SPIREv1=8bd7d86,1421590683,1604HC,false,NA,NA,NA,NA,group_2:contains~~Sporulation,Primary signal: group_2=Sporulation.
F13,sporulation,all,gtdb_family_summary_all.tsv.gz,gtdb,family,sporulation,boolean,Physiology,Sporulation,GO:0043934,BacDive-AI:proGenomes3=a1bef3e;Traitar:proGenomes3=8bd7d86,1728940786,16-39-46,false,NA,NA,NA,NA,group_2:contains~~Sporulation,Primary signal: group_2=Sporulation.
F13,sporulation,all,gtdb_family_summary_all.tsv.gz,gtdb,family,sporulation,boolean,Physiology,Sporulation,GO:0043934,BacDive-AI:proGenomes3=a1bef3e;BacDive-AI:SPIREv1=a1bef3e;Traitar:proGenomes3=8bd7d86;Traitar:SPIREv1=8bd7d86,1859961409,172606-1,false,NA,NA,NA,NA,group_2:contains~~Sporulation,Primary signal: group_2=Sporulation.
F13,sporulation,all,gtdb_family_summary_all.tsv.gz,gtdb,family,sporulation,boolean,Physiology,Sporulation,GO:0043934,BacDive-AI:proGenomes3=a1bef3e;BacDive-AI:SPIREv1=a1bef3e;Traitar:proGenomes3=8bd7d86;Traitar:SPIREv1=8bd7d86,618313202,2013-40CM-41-45,false,NA,NA,NA,NA,group_2:contains~~Sporulation,Primary signal: group_2=Sporulation.
F13,sporulation,all,gtdb_family_summary_all.tsv.gz,gtdb,family,sporulation,boolean,Physiology,Sporulation,GO:0043934,BacDive-AI:SPIREv1=a1bef3e;Traitar:SPIREv1=8bd7d86,1060972233,2-01-FULL-39-13,false,NA,NA,NA,NA,group_2:contains~~Sporulation,Primary signal: group_2=Sporulation.
F13,sporulation,all,gtdb_family_summary_all.tsv.gz,gtdb,family,sporulation,boolean,Physiology,Sporulation,GO:0043934,BacDive-AI:SPIREv1=a1bef3e;Traitar:SPIREv1=8bd7d86,377377779,2-01-FULL-39-33,false,NA,NA,NA,NA,group_2:contains~~Sporulation,Primary signal: group_2=Sporulation.
F13,sporulation,all,gtdb_family_summary_all.tsv.gz,gtdb,family,sporulation,boolean,Physiology,Sporulation,GO:0043934,BacDive-AI:SPIREv1=a1bef3e;Traitar:SPIREv1=8bd7d86,1633691174,2-01-FULL-40-14,false,NA,NA,NA,NA,group_2:contains~~Sporulation,Primary signal: group_2=Sporulation.
F13,sporulation,all,gtdb_family_summary_all.tsv.gz,gtdb,family,sporulation,boolean,Physiology,Sporulation,GO:0043934,BacDive-AI:SPIREv1=a1bef3e;Traitar:SPIREv1=8bd7d86,16529870,2-01-FULL-41-18,false,NA,NA,NA,NA,group_2:contains~~Sporulation,Primary signal: group_2=Sporulation.
F13,sporulation,all,gtdb_family_summary_all.tsv.gz,gtdb,family,sporulation,boolean,Physiology,Sporulation,GO:0043934,BacDive-AI:SPIREv1=a1bef3e;Traitar:SPIREv1=8bd7d86,754833786,2-01-FULL-43-14,false,NA,NA,NA,NA,group_2:contains~~Sporulation,Primary signal: group_2=Sporulation.
F13,sporulation,all,gtdb_family_summary_all.tsv.gz,gtdb,family,sporulation,boolean,Physiology,Sporulation,GO:0043934,BacDive-AI:proGenomes3=a1bef3e;BacDive-AI:SPIREv1=a1bef3e;Traitar:proGenomes3=8bd7d86;Traitar:SPIREv1=8bd7d86,1213064403,2-01-FULL-45-10,false,NA,NA,NA,NA,group_2:contains~~Sporulation,Primary signal: group_2=Sporulation.
F13,sporulation,all,gtdb_family_summary_all.tsv.gz,gtdb,family,sporulation,boolean,Physiology,Sporulation,GO:0043934,BacDive-AI:proGenomes3=a1bef3e;BacDive-AI:SPIREv1=a1bef3e;Traitar:SPIREv1=8bd7d86,75825233,2-01-FULL-45-33,false,NA,NA,NA,NA,group_2:contains~~Sporulation,Primary signal: group_2=Sporulation.
F13,sporulation,all,gtdb_family_summary_all.tsv.gz,gtdb,family,sporulation,boolean,Physiology,Sporulation,GO:0043934,BacDive-AI:SPIREv1=a1bef3e;Traitar:SPIREv1=8bd7d86,2029196542,2-01-FULL-46-14,false,NA,NA,NA,NA,group_2:contains~~Sporulation,Primary signal: group_2=Sporulation.
F13,sporulation,all,gtdb_family_summary_all.tsv.gz,gtdb,family,sporulation,boolean,Physiology,Sporulation,GO:0043934,BacDive-AI:SPIREv1=a1bef3e;Traitar:SPIREv1=8bd7d86,1816990637,2-01-FULL-50-11,false,NA,NA,NA,NA,group_2:contains~~Sporulation,Primary signal: group_2=Sporulation.
F13,sporulation,all,gtdb_family_summary_all.tsv.gz,gtdb,family,sporulation,boolean,Physiology,Sporulation,GO:0043934,BacDive-AI:SPIREv1=a1bef3e;Traitar:SPIREv1=8bd7d86,659345777,2-01-FULL-51-21,false,NA,NA,NA,NA,group_2:contains~~Sporulation,Primary signal: group_2=Sporulation.
F13,sporulation,all,gtdb_family_summary_all.tsv.gz,gtdb,family,sporulation,boolean,Physiology,Sporulation,GO:0043934,BacDive-AI:SPIREv1=a1bef3e;Traitar:SPIREv1=8bd7d86,1705026443,2-01-FULL-52-15,false,NA,NA,NA,NA,group_2:contains~~Sporulation,Primary signal: group_2=Sporulation.
F13,sporulation,all,gtdb_family_summary_all.tsv.gz,gtdb,family,sporulation,boolean,Physiology,Sporulation,GO:0043934,BacDive-AI:SPIREv1=a1bef3e;Traitar:SPIREv1=8bd7d86,1552003277,2-01-FULL-56-20,false,NA,NA,NA,NA,group_2:contains~~Sporulation,Primary signal: group_2=Sporulation.
F13,sporulation,all,gtdb_family_summary_all.tsv.gz,gtdb,family,sporulation,boolean,Physiology,Sporulation,GO:0043934,BacDive-AI:SPIREv1=a1bef3e;Traitar:SPIREv1=8bd7d86,23763981,2-01-FULL-59-12,false,NA,NA,NA,NA,group_2:contains~~Sporulation,Primary signal: group_2=Sporulation.
F13,sporulation,all,gtdb_family_summary_all.tsv.gz,gtdb,family,sporulation,boolean,Physiology,Sporulation,GO:0043934,BacDive-AI:SPIREv1=a1bef3e;Traitar:SPIREv1=8bd7d86,446369707,2-01-FULL-66-17,false,NA,NA,NA,NA,group_2:contains~~Sporulation,Primary signal: group_2=Sporulation.
F13,sporulation,all,gtdb_family_summary_all.tsv.gz,gtdb,family,sporulation,boolean,Physiology,Sporulation,GO:0043934,BacDive-AI:proGenomes3=a1bef3e;BacDive-AI:SPIREv1=a1bef3e;Traitar:proGenomes3=8bd7d86;Traitar:SPIREv1=8bd7d86,1183816981,2-02-FULL-35-15,false,NA,NA,NA,NA,group_2:contains~~Sporulation,Primary signal: group_2=Sporulation.
F13,sporulation,all,gtdb_family_summary_all.tsv.gz,gtdb,family,sporulation,boolean,Physiology,Sporulation,GO:0043934,BacDive-AI:SPIREv1=a1bef3e;Traitar:SPIREv1=8bd7d86,274046720,2-02-FULL-39-11,false,NA,NA,NA,NA,group_2:contains~~Sporulation,Primary signal: group_2=Sporulation.
F13,sporulation,all,gtdb_family_summary_all.tsv.gz,gtdb,family,sporulation,boolean,Physiology,Sporulation,GO:0043934,BacDive-AI:proGenomes3=a1bef3e;BacDive-AI:SPIREv1=a1bef3e;Traitar:proGenomes3=8bd7d86;Traitar:SPIREv1=8bd7d86,1551576428,2-02-FULL-39-32,false,NA,NA,NA,NA,group_2:contains~~Sporulation,Primary signal: group_2=Sporulation.
F13,sporulation,all,gtdb_family_summary_all.tsv.gz,gtdb,family,sporulation,boolean,Physiology,Sporulation,GO:0043934,BacDive-AI:proGenomes3=a1bef3e;Traitar:proGenomes3=8bd7d86,1757978506,2-02-FULL-40-11,false,NA,NA,NA,NA,group_2:contains~~Sporulation,Primary signal: group_2=Sporulation.
F13,sporulation,all,gtdb_family_summary_all.tsv.gz,gtdb,family,sporulation,boolean,Physiology,Sporulation,GO:0043934,BacDive-AI:SPIREv1=a1bef3e;Traitar:SPIREv1=8bd7d86,1449675966,2-02-FULL-40-12,false,NA,NA,NA,NA,group_2:contains~~Sporulation,Primary signal: group_2=Sporulation.
F13,sporulation,all,gtdb_family_summary_all.tsv.gz,gtdb,family,sporulation,boolean,Physiology,Sporulation,GO:0043934,BacDive-AI:SPIREv1=a1bef3e;Traitar:SPIREv1=8bd7d86,1938343107,2-02-FULL-43-11,false,NA,NA,NA,NA,group_2:contains~~Sporulation,Primary signal: group_2=Sporulation.
F13,sporulation,all,gtdb_family_summary_all.tsv.gz,gtdb,family,sporulation,boolean,Physiology,Sporulation,GO:0043934,BacDive-AI:proGenomes3=a1bef3e;BacDive-AI:SPIREv1=a1bef3e;Traitar:proGenomes3=8bd7d86;Traitar:SPIREv1=8bd7d86,756639051,2-02-FULL-44-16,false,NA,NA,NA,NA,group_2:contains~~Sporulation,Primary signal: group_2=Sporulation.
F13,sporulation,all,gtdb_family_summary_all.tsv.gz,gtdb,family,sporulation,boolean,Physiology,Sporulation,GO:0043934,BacDive-AI:SPIREv1=a1bef3e;Traitar:SPIREv1=8bd7d86,1788554414,2-02-FULL-48-12,false,NA,NA,NA,NA,group_2:contains~~Sporulation,Primary signal: group_2=Sporulation.
F13,sporulation,all,gtdb_family_summary_all.tsv.gz,gtdb,family,sporulation,boolean,Physiology,Sporulation,GO:0043934,BacDive-AI:proGenomes3=a1bef3e;BacDive-AI:SPIREv1=a1bef3e;Traitar:SPIREv1=8bd7d86,929761530,2-02-FULL-48-14,false,NA,NA,NA,NA,group_2:contains~~Sporulation,Primary signal: group_2=Sporulation.
F13,sporulation,all,gtdb_family_summary_all.tsv.gz,gtdb,family,sporulation,boolean,Physiology,Sporulation,GO:0043934,BacDive-AI:SPIREv1=a1bef3e;Traitar:SPIREv1=8bd7d86,972277430,2-02-FULL-48-16,false,NA,NA,NA,NA,group_2:contains~~Sporulation,Primary signal: group_2=Sporulation.
F13,sporulation,no_predictions,gtdb_family_summary_no_predictions.tsv.gz,gtdb,family,sporulation,boolean,Physiology,Sporulation,GO:0043934,BacDive=2025-07-29,318463998,Acanthopleuribacteraceae,false,NA,NA,NA,NA,group_2:contains~~Sporulation,Primary signal: group_2=Sporulation.
F13,sporulation,no_predictions,gtdb_family_summary_no_predictions.tsv.gz,gtdb,family,sporulation,boolean,Physiology,Sporulation,GO:0043934,BacDive=2025-07-29;BV-BRC=2025-07-29;JGI/GOLD=2025-07-29;JGI/GOLD/IMG=2025-07-29,1775432467,Acetivibrionaceae,true,NA,NA,NA,NA,group_2:contains~~Sporulation,Primary signal: group_2=Sporulation.
F13,sporulation,no_predictions,gtdb_family_summary_no_predictions.tsv.gz,gtdb,family,sporulation,boolean,Physiology,Sporulation,GO:0043934,BacDive=2025-07-29;BV-BRC=2025-07-29;JGI/GOLD=2025-07-29;JGI/GOLD/IMG=2025-07-29,915913853,Acetobacteraceae,false,NA,NA,NA,NA,group_2:contains~~Sporulation,Primary signal: group_2=Sporulation.
F13,sporulation,no_predictions,gtdb_family_summary_no_predictions.tsv.gz,gtdb,family,sporulation,boolean,Physiology,Sporulation,GO:0043934,BacDive=2025-07-29;JGI/GOLD/IMG=2025-07-29,537360503,Acetohalobiaceae,No robust majority,NA,NA,NA,NA,group_2:contains~~Sporulation,Primary signal: group_2=Sporulation.
F13,sporulation,no_predictions,gtdb_family_summary_no_predictions.tsv.gz,gtdb,family,sporulation,boolean,Physiology,Sporulation,GO:0043934,BacDive=2025-07-29;BV-BRC=2025-07-29;JGI/GOLD/IMG=2025-07-29,1471551112,Acetomicrobiaceae,false,NA,NA,NA,NA,group_2:contains~~Sporulation,Primary signal: group_2=Sporulation.
F13,sporulation,no_predictions,gtdb_family_summary_no_predictions.tsv.gz,gtdb,family,sporulation,boolean,Physiology,Sporulation,GO:0043934,JGI/GOLD/IMG=2025-07-29,1223190644,Acetonemaceae,true,NA,NA,NA,NA,group_2:contains~~Sporulation,Primary signal: group_2=Sporulation.
F13,sporulation,no_predictions,gtdb_family_summary_no_predictions.tsv.gz,gtdb,family,sporulation,boolean,Physiology,Sporulation,GO:0043934,BacDive=2025-07-29;BV-BRC=2025-07-29;JGI/GOLD/IMG=2025-07-29,1860107176,Acidaminococcaceae,false,NA,NA,NA,NA,group_2:contains~~Sporulation,Primary signal: group_2=Sporulation.
F13,sporulation,no_predictions,gtdb_family_summary_no_predictions.tsv.gz,gtdb,family,sporulation,boolean,Physiology,Sporulation,GO:0043934,BV-BRC=2025-07-29,626102019,Acidilobaceae,false,NA,NA,NA,NA,group_2:contains~~Sporulation,Primary signal: group_2=Sporulation.
F13,sporulation,no_predictions,gtdb_family_summary_no_predictions.tsv.gz,gtdb,family,sporulation,boolean,Physiology,Sporulation,GO:0043934,BV-BRC=2025-07-29;JGI/GOLD/IMG=2025-07-29,494083113,Acidimicrobiaceae,false,NA,NA,NA,NA,group_2:contains~~Sporulation,Primary signal: group_2=Sporulation.
F13,sporulation,no_predictions,gtdb_family_summary_no_predictions.tsv.gz,gtdb,family,sporulation,boolean,Physiology,Sporulation,GO:0043934,BacDive=2025-07-29;BV-BRC=2025-07-29;JGI/GOLD=2025-07-29;JGI/GOLD/IMG=2025-07-29,727093411,Acidithiobacillaceae,false,NA,NA,NA,NA,group_2:contains~~Sporulation,Primary signal: group_2=Sporulation.
F13,sporulation,no_predictions,gtdb_family_summary_no_predictions.tsv.gz,gtdb,family,sporulation,boolean,Physiology,Sporulation,GO:0043934,BacDive=2025-07-29;BV-BRC=2025-07-29;JGI/GOLD=2025-07-29;JGI/GOLD/IMG=2025-07-29,354524460,Acidobacteriaceae,false,NA,NA,NA,NA,group_2:contains~~Sporulation,Primary signal: group_2=Sporulation.
F13,sporulation,no_predictions,gtdb_family_summary_no_predictions.tsv.gz,gtdb,family,sporulation,boolean,Physiology,Sporulation,GO:0043934,BV-BRC=2025-07-29;JGI/GOLD=2025-07-29;JGI/GOLD/IMG=2025-07-29,2088988400,Acidothermaceae,true,NA,NA,NA,NA,group_2:contains~~Sporulation,Primary signal: group_2=Sporulation.
F13,sporulation,no_predictions,gtdb_family_summary_no_predictions.tsv.gz,gtdb,family,sporulation,boolean,Physiology,Sporulation,GO:0043934,BacDive=2025-07-29;BV-BRC=2025-07-29;JGI/GOLD=2025-07-29;JGI/GOLD/IMG=2025-07-29,300353966,Actinomycetaceae,false,NA,NA,NA,NA,group_2:contains~~Sporulation,Primary signal: group_2=Sporulation.
F13,sporulation,no_predictions,gtdb_family_summary_no_predictions.tsv.gz,gtdb,family,sporulation,boolean,Physiology,Sporulation,GO:0043934,BacDive=2025-07-29,534118293,Actinopolymorphaceae,false,NA,NA,NA,NA,group_2:contains~~Sporulation,Primary signal: group_2=Sporulation.
F13,sporulation,no_predictions,gtdb_family_summary_no_predictions.tsv.gz,gtdb,family,sporulation,boolean,Physiology,Sporulation,GO:0043934,BV-BRC=2025-07-29;JGI/GOLD/IMG=2025-07-29,726709100,Acutalibacteraceae,No robust majority,NA,NA,NA,NA,group_2:contains~~Sporulation,Primary signal: group_2=Sporulation.
F13,sporulation,no_predictions,gtdb_family_summary_no_predictions.tsv.gz,gtdb,family,sporulation,boolean,Physiology,Sporulation,GO:0043934,BacDive=2025-07-29;JGI/GOLD/IMG=2025-07-29,418417608,Aeribacillaceae,true,NA,NA,NA,NA,group_2:contains~~Sporulation,Primary signal: group_2=Sporulation.
F13,sporulation,no_predictions,gtdb_family_summary_no_predictions.tsv.gz,gtdb,family,sporulation,boolean,Physiology,Sporulation,GO:0043934,BacDive=2025-07-29;BV-BRC=2025-07-29;JGI/GOLD=2025-07-29;JGI/GOLD/IMG=2025-07-29,488720778,Aerococcaceae,false,NA,NA,NA,NA,group_2:contains~~Sporulation,Primary signal: group_2=Sporulation.
F13,sporulation,no_predictions,gtdb_family_summary_no_predictions.tsv.gz,gtdb,family,sporulation,boolean,Physiology,Sporulation,GO:0043934,BacDive=2025-07-29;BV-BRC=2025-07-29;JGI/GOLD=2025-07-29;JGI/GOLD/IMG=2025-07-29,1388292156,Aeromonadaceae,false,NA,NA,NA,NA,group_2:contains~~Sporulation,Primary signal: group_2=Sporulation.
F13,sporulation,no_predictions,gtdb_family_summary_no_predictions.tsv.gz,gtdb,family,sporulation,boolean,Physiology,Sporulation,GO:0043934,JGI/GOLD/IMG=2025-07-29,1529274800,Afifellaceae,false,NA,NA,NA,NA,group_2:contains~~Sporulation,Primary signal: group_2=Sporulation.
F13,sporulation,no_predictions,gtdb_family_summary_no_predictions.tsv.gz,gtdb,family,sporulation,boolean,Physiology,Sporulation,GO:0043934,BV-BRC=2025-07-29;JGI/GOLD/IMG=2025-07-29,1217766786,Akkermansiaceae,false,NA,NA,NA,NA,group_2:contains~~Sporulation,Primary signal: group_2=Sporulation.
F13,sporulation,no_predictions,gtdb_family_summary_no_predictions.tsv.gz,gtdb,family,sporulation,boolean,Physiology,Sporulation,GO:0043934,BacDive=2025-07-29;JGI/GOLD/IMG=2025-07-29,837857257,Alcanivoracaceae,false,NA,NA,NA,NA,group_2:contains~~Sporulation,Primary signal: group_2=Sporulation.
F13,sporulation,no_predictions,gtdb_family_summary_no_predictions.tsv.gz,gtdb,family,sporulation,boolean,Physiology,Sporulation,GO:0043934,BacDive=2025-07-29,1748840100,Algiphilaceae,false,NA,NA,NA,NA,group_2:contains~~Sporulation,Primary signal: group_2=Sporulation.
F13,sporulation,no_predictions,gtdb_family_summary_no_predictions.tsv.gz,gtdb,family,sporulation,boolean,Physiology,Sporulation,GO:0043934,BacDive=2025-07-29;BV-BRC=2025-07-29;JGI/GOLD/IMG=2025-07-29,1842749628,Alicyclobacillaceae,true,NA,NA,NA,NA,group_2:contains~~Sporulation,Primary signal: group_2=Sporulation.
F13,sporulation,no_predictions,gtdb_family_summary_no_predictions.tsv.gz,gtdb,family,sporulation,boolean,Physiology,Sporulation,GO:0043934,BacDive=2025-07-29;JGI/GOLD/IMG=2025-07-29,386430198,Alkalibacillaceae,true,NA,NA,NA,NA,group_2:contains~~Sporulation,Primary signal: group_2=Sporulation.
F13,sporulation,no_predictions,gtdb_family_summary_no_predictions.tsv.gz,gtdb,family,sporulation,boolean,Physiology,Sporulation,GO:0043934,JGI/GOLD/IMG=2025-07-29,1544771507,Alkalibacteraceae,false,NA,NA,NA,NA,group_2:contains~~Sporulation,Primary signal: group_2=Sporulation.
F13,sporulation,no_predictions,gtdb_family_summary_no_predictions.tsv.gz,gtdb,family,sporulation,boolean,Physiology,Sporulation,GO:0043934,BacDive=2025-07-29;BV-BRC=2025-07-29;JGI/GOLD=2025-07-29;JGI/GOLD/IMG=2025-07-29,1763759227,Alteromonadaceae,false,NA,NA,NA,NA,group_2:contains~~Sporulation,Primary signal: group_2=Sporulation.
F13,sporulation,no_predictions,gtdb_family_summary_no_predictions.tsv.gz,gtdb,family,sporulation,boolean,Physiology,Sporulation,GO:0043934,BacDive=2025-07-29,1953328682,Aminiphilaceae,false,NA,NA,NA,NA,group_2:contains~~Sporulation,Primary signal: group_2=Sporulation.
F13,sporulation,no_predictions,gtdb_family_summary_no_predictions.tsv.gz,gtdb,family,sporulation,boolean,Physiology,Sporulation,GO:0043934,BacDive=2025-07-29;BV-BRC=2025-07-29;JGI/GOLD/IMG=2025-07-29,825025696,Aminobacteriaceae,false,NA,NA,NA,NA,group_2:contains~~Sporulation,Primary signal: group_2=Sporulation.
F13,sporulation,no_predictions,gtdb_family_summary_no_predictions.tsv.gz,gtdb,family,sporulation,boolean,Physiology,Sporulation,GO:0043934,BacDive=2025-07-29,1149948969,Ammonificaceae,No robust majority,NA,NA,NA,NA,group_2:contains~~Sporulation,Primary signal: group_2=Sporulation.
F13,sporulation,no_predictions,gtdb_family_summary_no_predictions.tsv.gz,gtdb,family,sporulation,boolean,Physiology,Sporulation,GO:0043934,BacDive=2025-07-29,515410228,Amorphaceae,false,NA,NA,NA,NA,group_2:contains~~Sporulation,Primary signal: group_2=Sporulation.
F13,sporulation,no_predictions,gtdb_family_summary_no_predictions.tsv.gz,gtdb,family,sporulation,boolean,Physiology,Sporulation,GO:0043934,BacDive=2025-07-29;BV-BRC=2025-07-29;JGI/GOLD=2025-07-29;JGI/GOLD/IMG=2025-07-29,223512156,Amphibacillaceae,true,NA,NA,NA,NA,group_2:contains~~Sporulation,Primary signal: group_2=Sporulation.
F13,sporulation,no_predictions,gtdb_family_summary_no_predictions.tsv.gz,gtdb,family,sporulation,boolean,Physiology,Sporulation,GO:0043934,BacDive=2025-07-29;JGI/GOLD/IMG=2025-07-29,180628341,Anaerobacillaceae,true,NA,NA,NA,NA,group_2:contains~~Sporulation,Primary signal: group_2=Sporulation.
F13,sporulation,no_predictions,gtdb_family_summary_no_predictions.tsv.gz,gtdb,family,sporulation,boolean,Physiology,Sporulation,GO:0043934,BV-BRC=2025-07-29;JGI/GOLD/IMG=2025-07-29,28067372,Anaerofustaceae,false,NA,NA,NA,NA,group_2:contains~~Sporulation,Primary signal: group_2=Sporulation.
F13,sporulation,no_predictions,gtdb_family_summary_no_predictions.tsv.gz,gtdb,family,sporulation,boolean,Physiology,Sporulation,GO:0043934,JGI/GOLD/IMG=2025-07-29,1922247060,Anaerohalosphaeraceae,false,NA,NA,NA,NA,group_2:contains~~Sporulation,Primary signal: group_2=Sporulation.
F13,sporulation,no_predictions,gtdb_family_summary_no_predictions.tsv.gz,gtdb,family,sporulation,boolean,Physiology,Sporulation,GO:0043934,BacDive=2025-07-29;JGI/GOLD/IMG=2025-07-29,1837575606,Anaerolineaceae,false,NA,NA,NA,NA,group_2:contains~~Sporulation,Primary signal: group_2=Sporulation.
F13,sporulation,no_predictions,gtdb_family_summary_no_predictions.tsv.gz,gtdb,family,sporulation,boolean,Physiology,Sporulation,GO:0043934,BV-BRC=2025-07-29;JGI/GOLD/IMG=2025-07-29,1516369465,Anaeromusaceae,false,NA,NA,NA,NA,group_2:contains~~Sporulation,Primary signal: group_2=Sporulation.
F13,sporulation,no_predictions,gtdb_family_summary_no_predictions.tsv.gz,gtdb,family,sporulation,boolean,Physiology,Sporulation,GO:0043934,BV-BRC=2025-07-29;JGI/GOLD/IMG=2025-07-29,966969718,Anaeromyxobacteraceae,true,NA,NA,NA,NA,group_2:contains~~Sporulation,Primary signal: group_2=Sporulation.
F13,sporulation,no_predictions,gtdb_family_summary_no_predictions.tsv.gz,gtdb,family,sporulation,boolean,Physiology,Sporulation,GO:0043934,BacDive=2025-07-29;JGI/GOLD/IMG=2025-07-29,1840763853,Anaerotignaceae,No robust majority,NA,NA,NA,NA,group_2:contains~~Sporulation,Primary signal: group_2=Sporulation.
F13,sporulation,no_predictions,gtdb_family_summary_no_predictions.tsv.gz,gtdb,family,sporulation,boolean,Physiology,Sporulation,GO:0043934,BacDive=2025-07-29;BV-BRC=2025-07-29;JGI/GOLD=2025-07-29;JGI/GOLD/IMG=2025-07-29,2059980004,Anaerovoracaceae,false,NA,NA,NA,NA,group_2:contains~~Sporulation,Primary signal: group_2=Sporulation.
F13,sporulation,no_predictions,gtdb_family_summary_no_predictions.tsv.gz,gtdb,family,sporulation,boolean,Physiology,Sporulation,GO:0043934,BV-BRC=2025-07-29;JGI/GOLD=2025-07-29;JGI/GOLD/IMG=2025-07-29,19973719,Anaplasmataceae,false,NA,NA,NA,NA,group_2:contains~~Sporulation,Primary signal: group_2=Sporulation.
F13,sporulation,no_predictions,gtdb_family_summary_no_predictions.tsv.gz,gtdb,family,sporulation,boolean,Physiology,Sporulation,GO:0043934,BV-BRC=2025-07-29;JGI/GOLD=2025-07-29;JGI/GOLD/IMG=2025-07-29,1407960859,Aneurinibacillaceae,true,NA,NA,NA,NA,group_2:contains~~Sporulation,Primary signal: group_2=Sporulation.
F13,sporulation,no_predictions,gtdb_family_summary_no_predictions.tsv.gz,gtdb,family,sporulation,boolean,Physiology,Sporulation,GO:0043934,BacDive=2025-07-29,1770086584,Angustibacteraceae,false,NA,NA,NA,NA,group_2:contains~~Sporulation,Primary signal: group_2=Sporulation.
F13,sporulation,no_predictions,gtdb_family_summary_no_predictions.tsv.gz,gtdb,family,sporulation,boolean,Physiology,Sporulation,GO:0043934,BacDive=2025-07-29;BV-BRC=2025-07-29;JGI/GOLD=2025-07-29;JGI/GOLD/IMG=2025-07-29,1345643093,Anoxybacillaceae,true,NA,NA,NA,NA,group_2:contains~~Sporulation,Primary signal: group_2=Sporulation.
F13,sporulation,no_predictions,gtdb_family_summary_no_predictions.tsv.gz,gtdb,family,sporulation,boolean,Physiology,Sporulation,GO:0043934,BacDive=2025-07-29,1617787530,Antricoccaceae,false,NA,NA,NA,NA,group_2:contains~~Sporulation,Primary signal: group_2=Sporulation.
F13,sporulation,no_predictions,gtdb_family_summary_no_predictions.tsv.gz,gtdb,family,sporulation,boolean,Physiology,Sporulation,GO:0043934,BV-BRC=2025-07-29;JGI/GOLD/IMG=2025-07-29,231978776,Aquaspirillaceae,false,NA,NA,NA,NA,group_2:contains~~Sporulation,Primary signal: group_2=Sporulation.
F13,sporulation,no_predictions,gtdb_family_summary_no_predictions.tsv.gz,gtdb,family,sporulation,boolean,Physiology,Sporulation,GO:0043934,BacDive=2025-07-29;BV-BRC=2025-07-29;JGI/GOLD/IMG=2025-07-29,1760915913,Aquificaceae,false,NA,NA,NA,NA,group_2:contains~~Sporulation,Primary signal: group_2=Sporulation.
F13,sporulation,no_predictions,gtdb_family_summary_no_predictions.tsv.gz,gtdb,family,sporulation,boolean,Physiology,Sporulation,GO:0043934,BacDive=2025-07-29,1411353220,Aquisalimonadaceae,false,NA,NA,NA,NA,group_2:contains~~Sporulation,Primary signal: group_2=Sporulation.
F13,sporulation,no_predictions,gtdb_family_summary_no_predictions.tsv.gz,gtdb,family,sporulation,boolean,Physiology,Sporulation,GO:0043934,BV-BRC=2025-07-29;JGI/GOLD/IMG=2025-07-29,227753971,Archaeoglobaceae,false,NA,NA,NA,NA,group_2:contains~~Sporulation,Primary signal: group_2=Sporulation.
F13,sporulation,no_predictions,gtdb_family_summary_no_predictions.tsv.gz,gtdb,family,sporulation,boolean,Physiology,Sporulation,GO:0043934,BacDive=2025-07-29;BV-BRC=2025-07-29;JGI/GOLD/IMG=2025-07-29,838407141,Arcobacteraceae,false,NA,NA,NA,NA,group_2:contains~~Sporulation,Primary signal: group_2=Sporulation.
F13,sporulation,no_predictions,gtdb_family_summary_no_predictions.tsv.gz,gtdb,family,sporulation,boolean,Physiology,Sporulation,GO:0043934,BacDive=2025-07-29,1886539829,Ardenticatenaceae,false,NA,NA,NA,NA,group_2:contains~~Sporulation,Primary signal: group_2=Sporulation.
F14,genome_basic,all,gtdb_family_summary_all.tsv.gz,gtdb,family,coding density,%,Genome,Composition,SIO:001276;mesh:D059646;SNOMED:258755000,Genome statistics:SPIREv1=1.0.0,864477170,0-14-0-10-38-17,NA,83.55,89.23,89.46571428571428,94.2,group_1:contains~~Genome,Primary signal: group_1=Genome.
F14,genome_basic,all,gtdb_family_summary_all.tsv.gz,gtdb,family,estimated gene count,genes,Genome,Gene content,OBI:0002568;gene;NCIT:C25498,Genome statistics:SPIREv1=1.0.0,864477170,0-14-0-10-38-17,NA,594.9,688.55,716.1000000000001,929.3,group_1:contains~~Genome,Primary signal: group_1=Genome.
F14,genome_basic,all,gtdb_family_summary_all.tsv.gz,gtdb,family,estimated genome size,bp,Genome,Genome size,GENEPIO:0001561,Genome statistics:SPIREv1=1.0.0,864477170,0-14-0-10-38-17,NA,552892.5,700805.8500000001,688769.4678571428,815041.0,group_1:contains~~Genome,Primary signal: group_1=Genome.
F14,genome_basic,all,gtdb_family_summary_all.tsv.gz,gtdb,family,GC percentage,%,Genome,Composition,mesh:D001482,Genome statistics:SPIREv1=1.0.0,864477170,0-14-0-10-38-17,NA,36.8,40.95,39.83571428571428,41.5,group_1:contains~~Genome,Primary signal: group_1=Genome.
F14,genome_basic,all,gtdb_family_summary_all.tsv.gz,gtdb,family,gene count,genes,Genome,Gene content,OBI:0002568;gene,Genome statistics:SPIREv1=1.0.0,864477170,0-14-0-10-38-17,NA,338.0,608.5,577.3928571428571,745.0,group_1:contains~~Genome,Primary signal: group_1=Genome.
F14,genome_basic,all,gtdb_family_summary_all.tsv.gz,gtdb,family,genome size,bp,Genome,Genome size,GENEPIO:0001561,Genome statistics:SPIREv1=1.0.0,864477170,0-14-0-10-38-17,NA,359865.0,589341.5,557712.8571428572,702278.0,group_1:contains~~Genome,Primary signal: group_1=Genome.
F14,genome_basic,all,gtdb_family_summary_all.tsv.gz,gtdb,family,coding density,%,Genome,Composition,SIO:001276;mesh:D059646;SNOMED:258755000,Genome statistics:SPIREv1=1.0.0,2070788780,0-14-0-20-30-16,NA,88.99,89.55,90.57714285714285,93.08,group_1:contains~~Genome,Primary signal: group_1=Genome.
F14,genome_basic,all,gtdb_family_summary_all.tsv.gz,gtdb,family,estimated gene count,genes,Genome,Gene content,OBI:0002568;gene;NCIT:C25498,Genome statistics:SPIREv1=1.0.0,2070788780,0-14-0-20-30-16,NA,647.5,1069.5,1053.357142857143,1424.6,group_1:contains~~Genome,Primary signal: group_1=Genome.
F14,genome_basic,all,gtdb_family_summary_all.tsv.gz,gtdb,family,estimated genome size,bp,Genome,Genome size,GENEPIO:0001561,Genome statistics:SPIREv1=1.0.0,2070788780,0-14-0-20-30-16,NA,593734.7,917851.3,919177.4428571428,1190779.8,group_1:contains~~Genome,Primary signal: group_1=Genome.
F14,genome_basic,all,gtdb_family_summary_all.tsv.gz,gtdb,family,GC percentage,%,Genome,Composition,mesh:D001482,Genome statistics:SPIREv1=1.0.0,2070788780,0-14-0-20-30-16,NA,28.9,31.5,31.171428571428574,33.2,group_1:contains~~Genome,Primary signal: group_1=Genome.
F14,genome_basic,all,gtdb_family_summary_all.tsv.gz,gtdb,family,gene count,genes,Genome,Gene content,OBI:0002568;gene,Genome statistics:SPIREv1=1.0.0,2070788780,0-14-0-20-30-16,NA,470.0,734.0,701.8571428571429,882.0,group_1:contains~~Genome,Primary signal: group_1=Genome.
F14,genome_basic,all,gtdb_family_summary_all.tsv.gz,gtdb,family,genome size,bp,Genome,Genome size,GENEPIO:0001561,Genome statistics:SPIREv1=1.0.0,2070788780,0-14-0-20-30-16,NA,430992.0,602151.0,615401.1428571428,842824.0,group_1:contains~~Genome,Primary signal: group_1=Genome.
F14,genome_basic,all,gtdb_family_summary_all.tsv.gz,gtdb,family,coding density,%,Genome,Composition,SIO:001276;mesh:D059646;SNOMED:258755000,Genome statistics:SPIREv1=1.0.0,410678088,0-14-0-20-34-12,NA,89.81,89.945,89.945,90.08,group_1:contains~~Genome,Primary signal: group_1=Genome.
F14,genome_basic,all,gtdb_family_summary_all.tsv.gz,gtdb,family,estimated gene count,genes,Genome,Gene content,OBI:0002568;gene;NCIT:C25498,Genome statistics:SPIREv1=1.0.0,410678088,0-14-0-20-34-12,NA,1478.0,1521.55,1521.55,1565.1,group_1:contains~~Genome,Primary signal: group_1=Genome.
F14,genome_basic,all,gtdb_family_summary_all.tsv.gz,gtdb,family,estimated genome size,bp,Genome,Genome size,GENEPIO:0001561,Genome statistics:SPIREv1=1.0.0,410678088,0-14-0-20-34-12,NA,1294753.5,1301777.95,1301777.95,1308802.4,group_1:contains~~Genome,Primary signal: group_1=Genome.
F14,genome_basic,all,gtdb_family_summary_all.tsv.gz,gtdb,family,GC percentage,%,Genome,Composition,mesh:D001482,Genome statistics:SPIREv1=1.0.0,410678088,0-14-0-20-34-12,NA,34.2,34.3,34.3,34.4,group_1:contains~~Genome,Primary signal: group_1=Genome.
F14,genome_basic,all,gtdb_family_summary_all.tsv.gz,gtdb,family,gene count,genes,Genome,Gene content,OBI:0002568;gene,Genome statistics:SPIREv1=1.0.0,410678088,0-14-0-20-34-12,NA,943.0,1114.5,1114.5,1286.0,group_1:contains~~Genome,Primary signal: group_1=Genome.
F14,genome_basic,all,gtdb_family_summary_all.tsv.gz,gtdb,family,genome size,bp,Genome,Genome size,GENEPIO:0001561,Genome statistics:SPIREv1=1.0.0,410678088,0-14-0-20-34-12,NA,780089.0,959439.0,959439.0,1138789.0,group_1:contains~~Genome,Primary signal: group_1=Genome.
F14,genome_basic,all,gtdb_family_summary_all.tsv.gz,gtdb,family,coding density,%,Genome,Composition,SIO:001276;mesh:D059646;SNOMED:258755000,Genome statistics:SPIREv1=1.0.0,929049184,0-14-0-20-40-13,NA,90.09,91.24000000000001,91.045,91.61,group_1:contains~~Genome,Primary signal: group_1=Genome.
F14,genome_basic,all,gtdb_family_summary_all.tsv.gz,gtdb,family,estimated gene count,genes,Genome,Gene content,OBI:0002568;gene;NCIT:C25498,Genome statistics:SPIREv1=1.0.0,929049184,0-14-0-20-40-13,NA,729.3,800.05,797.7750000000001,861.7,group_1:contains~~Genome,Primary signal: group_1=Genome.
F14,genome_basic,all,gtdb_family_summary_all.tsv.gz,gtdb,family,estimated genome size,bp,Genome,Genome size,GENEPIO:0001561,Genome statistics:SPIREv1=1.0.0,929049184,0-14-0-20-40-13,NA,665951.5,735570.85,724520.975,760990.7,group_1:contains~~Genome,Primary signal: group_1=Genome.
F14,genome_basic,all,gtdb_family_summary_all.tsv.gz,gtdb,family,GC percentage,%,Genome,Composition,mesh:D001482,Genome statistics:SPIREv1=1.0.0,929049184,0-14-0-20-40-13,NA,39.6,39.6,39.675,39.9,group_1:contains~~Genome,Primary signal: group_1=Genome.
F14,genome_basic,all,gtdb_family_summary_all.tsv.gz,gtdb,family,gene count,genes,Genome,Gene content,OBI:0002568;gene,Genome statistics:SPIREv1=1.0.0,929049184,0-14-0-20-40-13,NA,709.0,750.0,751.0,795.0,group_1:contains~~Genome,Primary signal: group_1=Genome.
F14,genome_basic,all,gtdb_family_summary_all.tsv.gz,gtdb,family,genome size,bp,Genome,Genome size,GENEPIO:0001561,Genome statistics:SPIREv1=1.0.0,929049184,0-14-0-20-40-13,NA,647438.0,684944.5,682452.0,712481.0,group_1:contains~~Genome,Primary signal: group_1=Genome.
F14,genome_basic,all,gtdb_family_summary_all.tsv.gz,gtdb,family,coding density,%,Genome,Composition,SIO:001276;mesh:D059646;SNOMED:258755000,Genome statistics:SPIREv1=1.0.0,165559233,0-14-0-80-44-23,NA,81.3,88.42,85.92846153846153,90.0,group_1:contains~~Genome,Primary signal: group_1=Genome.
F14,genome_basic,all,gtdb_family_summary_all.tsv.gz,gtdb,family,estimated gene count,genes,Genome,Gene content,OBI:0002568;gene;NCIT:C25498,Genome statistics:SPIREv1=1.0.0,165559233,0-14-0-80-44-23,NA,997.7,1156.4,1162.5692307692307,1281.0,group_1:contains~~Genome,Primary signal: group_1=Genome.
F14,genome_basic,all,gtdb_family_summary_all.tsv.gz,gtdb,family,estimated genome size,bp,Genome,Genome size,GENEPIO:0001561,Genome statistics:SPIREv1=1.0.0,165559233,0-14-0-80-44-23,NA,885082.8,1097762.8,1129742.9076923078,1345579.9,group_1:contains~~Genome,Primary signal: group_1=Genome.
F14,genome_basic,all,gtdb_family_summary_all.tsv.gz,gtdb,family,GC percentage,%,Genome,Composition,mesh:D001482,Genome statistics:SPIREv1=1.0.0,165559233,0-14-0-80-44-23,NA,37.0,43.2,40.900000000000006,44.3,group_1:contains~~Genome,Primary signal: group_1=Genome.
F14,genome_basic,all,gtdb_family_summary_all.tsv.gz,gtdb,family,gene count,genes,Genome,Gene content,OBI:0002568;gene,Genome statistics:SPIREv1=1.0.0,165559233,0-14-0-80-44-23,NA,683.0,1075.0,1040.0,1170.0,group_1:contains~~Genome,Primary signal: group_1=Genome.
F14,genome_basic,all,gtdb_family_summary_all.tsv.gz,gtdb,family,genome size,bp,Genome,Genome size,GENEPIO:0001561,Genome statistics:SPIREv1=1.0.0,165559233,0-14-0-80-44-23,NA,678088.0,983167.0,1009917.6923076923,1201278.0,group_1:contains~~Genome,Primary signal: group_1=Genome.
F14,genome_basic,all,gtdb_family_summary_all.tsv.gz,gtdb,family,coding density,%,Genome,Composition,SIO:001276;mesh:D059646;SNOMED:258755000,Genome statistics:proGenomes3=1.0.0;Genome statistics:SPIREv1=1.0.0,2057107470,0-14-0-80-59-12,NA,89.84,91.07,91.10444444444444,92.25,group_1:contains~~Genome,Primary signal: group_1=Genome.
F14,genome_basic,all,gtdb_family_summary_all.tsv.gz,gtdb,family,estimated gene count,genes,Genome,Gene content,OBI:0002568;gene;NCIT:C25498,Genome statistics:proGenomes3=1.0.0;Genome statistics:SPIREv1=1.0.0,2057107470,0-14-0-80-59-12,NA,1874.0,2200.9,2207.9555555555557,2535.2,group_1:contains~~Genome,Primary signal: group_1=Genome.
F14,genome_basic,all,gtdb_family_summary_all.tsv.gz,gtdb,family,estimated genome size,bp,Genome,Genome size,GENEPIO:0001561,Genome statistics:proGenomes3=1.0.0;Genome statistics:SPIREv1=1.0.0,2057107470,0-14-0-80-59-12,NA,1878080.8,2463461.5,2411330.677777778,2696558.0,group_1:contains~~Genome,Primary signal: group_1=Genome.
F14,genome_basic,all,gtdb_family_summary_all.tsv.gz,gtdb,family,GC percentage,%,Genome,Composition,mesh:D001482,Genome statistics:proGenomes3=1.0.0;Genome statistics:SPIREv1=1.0.0,2057107470,0-14-0-80-59-12,NA,47.9,59.1,55.43333333333333,59.4,group_1:contains~~Genome,Primary signal: group_1=Genome.
F14,genome_basic,all,gtdb_family_summary_all.tsv.gz,gtdb,family,gene count,genes,Genome,Gene content,OBI:0002568;gene,Genome statistics:proGenomes3=1.0.0;Genome statistics:SPIREv1=1.0.0,2057107470,0-14-0-80-59-12,NA,1275.0,2123.0,1968.4444444444443,2303.0,group_1:contains~~Genome,Primary signal: group_1=Genome.
F14,genome_basic,all,gtdb_family_summary_all.tsv.gz,gtdb,family,genome size,bp,Genome,Genome size,GENEPIO:0001561,Genome statistics:proGenomes3=1.0.0;Genome statistics:SPIREv1=1.0.0,2057107470,0-14-0-80-59-12,NA,1232431.0,2421635.0,2170558.4444444445,2648020.0,group_1:contains~~Genome,Primary signal: group_1=Genome.
F14,genome_basic,all,gtdb_family_summary_all.tsv.gz,gtdb,family,coding density,%,Genome,Composition,SIO:001276;mesh:D059646;SNOMED:258755000,Genome statistics:proGenomes3=1.0.0;Genome statistics:SPIREv1=1.0.0,980929432,0-14-0-80-60-11,NA,79.41,84.49,84.29993103448275,89.5,group_1:contains~~Genome,Primary signal: group_1=Genome.
F14,genome_basic,all,gtdb_family_summary_all.tsv.gz,gtdb,family,estimated gene count,genes,Genome,Gene content,OBI:0002568;gene;NCIT:C25498,Genome statistics:proGenomes3=1.0.0;Genome statistics:SPIREv1=1.0.0,980929432,0-14-0-80-60-11,NA,2120.5,3204.1,3293.3651315789475,5209.3,group_1:contains~~Genome,Primary signal: group_1=Genome.
F14,genome_basic,all,gtdb_family_summary_all.tsv.gz,gtdb,family,estimated genome size,bp,Genome,Genome size,GENEPIO:0001561,Genome statistics:proGenomes3=1.0.0;Genome statistics:SPIREv1=1.0.0,980929432,0-14-0-80-60-11,NA,1997162.8,3244552.0,3254102.984868421,4729778.0,group_1:contains~~Genome,Primary signal: group_1=Genome.
F14,genome_basic,all,gtdb_family_summary_all.tsv.gz,gtdb,family,GC percentage,%,Genome,Composition,mesh:D001482,Genome statistics:proGenomes3=1.0.0;Genome statistics:SPIREv1=1.0.0,980929432,0-14-0-80-60-11,NA,55.9,59.1,59.186206896551724,66.8,group_1:contains~~Genome,Primary signal: group_1=Genome.
F14,genome_basic,all,gtdb_family_summary_all.tsv.gz,gtdb,family,gene count,genes,Genome,Gene content,OBI:0002568;gene,Genome statistics:proGenomes3=1.0.0;Genome statistics:SPIREv1=1.0.0,980929432,0-14-0-80-60-11,NA,1455.0,2733.0,2661.782894736842,4227.0,group_1:contains~~Genome,Primary signal: group_1=Genome.
F14,genome_basic,all,gtdb_family_summary_all.tsv.gz,gtdb,family,genome size,bp,Genome,Genome size,GENEPIO:0001561,Genome statistics:proGenomes3=1.0.0;Genome statistics:SPIREv1=1.0.0,980929432,0-14-0-80-60-11,NA,1289228.0,2735291.0,2653171.6907894737,4154319.0,group_1:contains~~Genome,Primary signal: group_1=Genome.
F14,genome_basic,all,gtdb_family_summary_all.tsv.gz,gtdb,family,coding density,%,Genome,Composition,SIO:001276;mesh:D059646;SNOMED:258755000,Genome statistics:SPIREv1=1.0.0,495931365,01-FULL-45-15b,NA,85.69,85.98,86.86666666666667,88.93,group_1:contains~~Genome,Primary signal: group_1=Genome.
F14,genome_basic,all,gtdb_family_summary_all.tsv.gz,gtdb,family,estimated gene count,genes,Genome,Gene content,OBI:0002568;gene;NCIT:C25498,Genome statistics:SPIREv1=1.0.0,495931365,01-FULL-45-15b,NA,770.6,1518.7,1391.6333333333334,1885.6,group_1:contains~~Genome,Primary signal: group_1=Genome.
F14,genome_basic,all,gtdb_family_summary_all.tsv.gz,gtdb,family,estimated genome size,bp,Genome,Genome size,GENEPIO:0001561,Genome statistics:SPIREv1=1.0.0,495931365,01-FULL-45-15b,NA,739517.7,1285612.2,1214381.4333333333,1618014.4,group_1:contains~~Genome,Primary signal: group_1=Genome.
F14,genome_basic,all,gtdb_family_summary_all.tsv.gz,gtdb,family,GC percentage,%,Genome,Composition,mesh:D001482,Genome statistics:SPIREv1=1.0.0,495931365,01-FULL-45-15b,NA,44.7,44.8,46.73333333333333,50.7,group_1:contains~~Genome,Primary signal: group_1=Genome.
F14,genome_basic,all,gtdb_family_summary_all.tsv.gz,gtdb,family,gene count,genes,Genome,Gene content,OBI:0002568;gene,Genome statistics:SPIREv1=1.0.0,495931365,01-FULL-45-15b,NA,735.0,1172.0,1125.6666666666667,1470.0,group_1:contains~~Genome,Primary signal: group_1=Genome.
F14,genome_basic,all,gtdb_family_summary_all.tsv.gz,gtdb,family,genome size,bp,Genome,Genome size,GENEPIO:0001561,Genome statistics:SPIREv1=1.0.0,495931365,01-FULL-45-15b,NA,705352.0,992107.0,986287.6666666666,1261404.0,group_1:contains~~Genome,Primary signal: group_1=Genome.
F14,genome_basic,all,gtdb_family_summary_all.tsv.gz,gtdb,family,coding density,%,Genome,Composition,SIO:001276;mesh:D059646;SNOMED:258755000,Genome statistics:SPIREv1=1.0.0,1879272904,02-FULL-45-10c,NA,85.59,89.185,89.35590909090908,93.74,group_1:contains~~Genome,Primary signal: group_1=Genome.
F14,genome_basic,all,gtdb_family_summary_all.tsv.gz,gtdb,family,estimated gene count,genes,Genome,Gene content,OBI:0002568;gene;NCIT:C25498,Genome statistics:SPIREv1=1.0.0,1879272904,02-FULL-45-10c,NA,575.4,737.8,778.1590909090909,1139.9,group_1:contains~~Genome,Primary signal: group_1=Genome.
F14,genome_basic,no_predictions,gtdb_family_summary_no_predictions.tsv.gz,gtdb,family,coding density,%,Genome,Composition,SIO:001276;mesh:D059646;SNOMED:258755000,Genome statistics:SPIREv1=1.0.0,864477170,0-14-0-10-38-17,NA,83.55,89.23,89.4657142857143,94.2,group_1:contains~~Genome,Primary signal: group_1=Genome.
F14,genome_basic,no_predictions,gtdb_family_summary_no_predictions.tsv.gz,gtdb,family,estimated gene count,genes,Genome,Gene content,OBI:0002568;gene;NCIT:C25498,Genome statistics:SPIREv1=1.0.0,864477170,0-14-0-10-38-17,NA,594.9,688.55,716.1,929.3,group_1:contains~~Genome,Primary signal: group_1=Genome.
F14,genome_basic,no_predictions,gtdb_family_summary_no_predictions.tsv.gz,gtdb,family,estimated genome size,bp,Genome,Genome size,GENEPIO:0001561,Genome statistics:SPIREv1=1.0.0,864477170,0-14-0-10-38-17,NA,552892.5,700805.8500000001,688769.4678571429,815041.0,group_1:contains~~Genome,Primary signal: group_1=Genome.
F14,genome_basic,no_predictions,gtdb_family_summary_no_predictions.tsv.gz,gtdb,family,GC percentage,%,Genome,Composition,mesh:D001482,Genome statistics:SPIREv1=1.0.0,864477170,0-14-0-10-38-17,NA,36.8,40.95,39.83571428571429,41.5,group_1:contains~~Genome,Primary signal: group_1=Genome.
F14,genome_basic,no_predictions,gtdb_family_summary_no_predictions.tsv.gz,gtdb,family,gene count,genes,Genome,Gene content,OBI:0002568;gene,Genome statistics:SPIREv1=1.0.0,864477170,0-14-0-10-38-17,NA,338.0,608.5,577.3928571428571,745.0,group_1:contains~~Genome,Primary signal: group_1=Genome.
F14,genome_basic,no_predictions,gtdb_family_summary_no_predictions.tsv.gz,gtdb,family,genome size,bp,Genome,Genome size,GENEPIO:0001561,Genome statistics:SPIREv1=1.0.0,864477170,0-14-0-10-38-17,NA,359865.0,589341.5,557712.8571428572,702278.0,group_1:contains~~Genome,Primary signal: group_1=Genome.
F14,genome_basic,no_predictions,gtdb_family_summary_no_predictions.tsv.gz,gtdb,family,coding density,%,Genome,Composition,SIO:001276;mesh:D059646;SNOMED:258755000,Genome statistics:SPIREv1=1.0.0,2070788780,0-14-0-20-30-16,NA,88.99,89.55,90.57714285714285,93.08,group_1:contains~~Genome,Primary signal: group_1=Genome.
F14,genome_basic,no_predictions,gtdb_family_summary_no_predictions.tsv.gz,gtdb,family,estimated gene count,genes,Genome,Gene content,OBI:0002568;gene;NCIT:C25498,Genome statistics:SPIREv1=1.0.0,2070788780,0-14-0-20-30-16,NA,647.5,1069.5,1053.357142857143,1424.6,group_1:contains~~Genome,Primary signal: group_1=Genome.
F14,genome_basic,no_predictions,gtdb_family_summary_no_predictions.tsv.gz,gtdb,family,estimated genome size,bp,Genome,Genome size,GENEPIO:0001561,Genome statistics:SPIREv1=1.0.0,2070788780,0-14-0-20-30-16,NA,593734.7,917851.3,919177.4428571428,1190779.8,group_1:contains~~Genome,Primary signal: group_1=Genome.
F14,genome_basic,no_predictions,gtdb_family_summary_no_predictions.tsv.gz,gtdb,family,GC percentage,%,Genome,Composition,mesh:D001482,Genome statistics:SPIREv1=1.0.0,2070788780,0-14-0-20-30-16,NA,28.9,31.5,31.17142857142857,33.2,group_1:contains~~Genome,Primary signal: group_1=Genome.
F14,genome_basic,no_predictions,gtdb_family_summary_no_predictions.tsv.gz,gtdb,family,gene count,genes,Genome,Gene content,OBI:0002568;gene,Genome statistics:SPIREv1=1.0.0,2070788780,0-14-0-20-30-16,NA,470.0,734.0,701.8571428571429,882.0,group_1:contains~~Genome,Primary signal: group_1=Genome.
F14,genome_basic,no_predictions,gtdb_family_summary_no_predictions.tsv.gz,gtdb,family,genome size,bp,Genome,Genome size,GENEPIO:0001561,Genome statistics:SPIREv1=1.0.0,2070788780,0-14-0-20-30-16,NA,430992.0,602151.0,615401.1428571428,842824.0,group_1:contains~~Genome,Primary signal: group_1=Genome.
F14,genome_basic,no_predictions,gtdb_family_summary_no_predictions.tsv.gz,gtdb,family,coding density,%,Genome,Composition,SIO:001276;mesh:D059646;SNOMED:258755000,Genome statistics:SPIREv1=1.0.0,410678088,0-14-0-20-34-12,NA,89.81,89.945,89.945,90.08,group_1:contains~~Genome,Primary signal: group_1=Genome.
F14,genome_basic,no_predictions,gtdb_family_summary_no_predictions.tsv.gz,gtdb,family,estimated gene count,genes,Genome,Gene content,OBI:0002568;gene;NCIT:C25498,Genome statistics:SPIREv1=1.0.0,410678088,0-14-0-20-34-12,NA,1478.0,1521.55,1521.55,1565.1,group_1:contains~~Genome,Primary signal: group_1=Genome.
F14,genome_basic,no_predictions,gtdb_family_summary_no_predictions.tsv.gz,gtdb,family,estimated genome size,bp,Genome,Genome size,GENEPIO:0001561,Genome statistics:SPIREv1=1.0.0,410678088,0-14-0-20-34-12,NA,1294753.5,1301777.95,1301777.95,1308802.4,group_1:contains~~Genome,Primary signal: group_1=Genome.
F14,genome_basic,no_predictions,gtdb_family_summary_no_predictions.tsv.gz,gtdb,family,GC percentage,%,Genome,Composition,mesh:D001482,Genome statistics:SPIREv1=1.0.0,410678088,0-14-0-20-34-12,NA,34.2,34.3,34.3,34.4,group_1:contains~~Genome,Primary signal: group_1=Genome.
F14,genome_basic,no_predictions,gtdb_family_summary_no_predictions.tsv.gz,gtdb,family,gene count,genes,Genome,Gene content,OBI:0002568;gene,Genome statistics:SPIREv1=1.0.0,410678088,0-14-0-20-34-12,NA,943.0,1114.5,1114.5,1286.0,group_1:contains~~Genome,Primary signal: group_1=Genome.
F14,genome_basic,no_predictions,gtdb_family_summary_no_predictions.tsv.gz,gtdb,family,genome size,bp,Genome,Genome size,GENEPIO:0001561,Genome statistics:SPIREv1=1.0.0,410678088,0-14-0-20-34-12,NA,780089.0,959439.0,959439.0,1138789.0,group_1:contains~~Genome,Primary signal: group_1=Genome.
F14,genome_basic,no_predictions,gtdb_family_summary_no_predictions.tsv.gz,gtdb,family,coding density,%,Genome,Composition,SIO:001276;mesh:D059646;SNOMED:258755000,Genome statistics:SPIREv1=1.0.0,929049184,0-14-0-20-40-13,NA,90.09,91.24000000000001,91.045,91.61,group_1:contains~~Genome,Primary signal: group_1=Genome.
F14,genome_basic,no_predictions,gtdb_family_summary_no_predictions.tsv.gz,gtdb,family,estimated gene count,genes,Genome,Gene content,OBI:0002568;gene;NCIT:C25498,Genome statistics:SPIREv1=1.0.0,929049184,0-14-0-20-40-13,NA,729.3,800.05,797.7750000000001,861.7,group_1:contains~~Genome,Primary signal: group_1=Genome.
F14,genome_basic,no_predictions,gtdb_family_summary_no_predictions.tsv.gz,gtdb,family,estimated genome size,bp,Genome,Genome size,GENEPIO:0001561,Genome statistics:SPIREv1=1.0.0,929049184,0-14-0-20-40-13,NA,665951.5,735570.85,724520.9750000001,760990.7,group_1:contains~~Genome,Primary signal: group_1=Genome.
F14,genome_basic,no_predictions,gtdb_family_summary_no_predictions.tsv.gz,gtdb,family,GC percentage,%,Genome,Composition,mesh:D001482,Genome statistics:SPIREv1=1.0.0,929049184,0-14-0-20-40-13,NA,39.6,39.6,39.675,39.9,group_1:contains~~Genome,Primary signal: group_1=Genome.
F14,genome_basic,no_predictions,gtdb_family_summary_no_predictions.tsv.gz,gtdb,family,gene count,genes,Genome,Gene content,OBI:0002568;gene,Genome statistics:SPIREv1=1.0.0,929049184,0-14-0-20-40-13,NA,709.0,750.0,751.0,795.0,group_1:contains~~Genome,Primary signal: group_1=Genome.
F14,genome_basic,no_predictions,gtdb_family_summary_no_predictions.tsv.gz,gtdb,family,genome size,bp,Genome,Genome size,GENEPIO:0001561,Genome statistics:SPIREv1=1.0.0,929049184,0-14-0-20-40-13,NA,647438.0,684944.5,682452.0,712481.0,group_1:contains~~Genome,Primary signal: group_1=Genome.
F14,genome_basic,no_predictions,gtdb_family_summary_no_predictions.tsv.gz,gtdb,family,coding density,%,Genome,Composition,SIO:001276;mesh:D059646;SNOMED:258755000,Genome statistics:SPIREv1=1.0.0,165559233,0-14-0-80-44-23,NA,81.3,88.42,85.92846153846155,90.0,group_1:contains~~Genome,Primary signal: group_1=Genome.
F14,genome_basic,no_predictions,gtdb_family_summary_no_predictions.tsv.gz,gtdb,family,estimated gene count,genes,Genome,Gene content,OBI:0002568;gene;NCIT:C25498,Genome statistics:SPIREv1=1.0.0,165559233,0-14-0-80-44-23,NA,997.7,1156.4,1162.5692307692307,1281.0,group_1:contains~~Genome,Primary signal: group_1=Genome.
F14,genome_basic,no_predictions,gtdb_family_summary_no_predictions.tsv.gz,gtdb,family,estimated genome size,bp,Genome,Genome size,GENEPIO:0001561,Genome statistics:SPIREv1=1.0.0,165559233,0-14-0-80-44-23,NA,885082.8,1097762.8,1129742.9076923076,1345579.9,group_1:contains~~Genome,Primary signal: group_1=Genome.
F14,genome_basic,no_predictions,gtdb_family_summary_no_predictions.tsv.gz,gtdb,family,GC percentage,%,Genome,Composition,mesh:D001482,Genome statistics:SPIREv1=1.0.0,165559233,0-14-0-80-44-23,NA,37.0,43.2,40.900000000000006,44.3,group_1:contains~~Genome,Primary signal: group_1=Genome.
F14,genome_basic,no_predictions,gtdb_family_summary_no_predictions.tsv.gz,gtdb,family,gene count,genes,Genome,Gene content,OBI:0002568;gene,Genome statistics:SPIREv1=1.0.0,165559233,0-14-0-80-44-23,NA,683.0,1075.0,1040.0,1170.0,group_1:contains~~Genome,Primary signal: group_1=Genome.
F14,genome_basic,no_predictions,gtdb_family_summary_no_predictions.tsv.gz,gtdb,family,genome size,bp,Genome,Genome size,GENEPIO:0001561,Genome statistics:SPIREv1=1.0.0,165559233,0-14-0-80-44-23,NA,678088.0,983167.0,1009917.6923076923,1201278.0,group_1:contains~~Genome,Primary signal: group_1=Genome.
F14,genome_basic,no_predictions,gtdb_family_summary_no_predictions.tsv.gz,gtdb,family,coding density,%,Genome,Composition,SIO:001276;mesh:D059646;SNOMED:258755000,Genome statistics:proGenomes3=1.0.0;Genome statistics:SPIREv1=1.0.0,2057107470,0-14-0-80-59-12,NA,89.84,91.07,91.10444444444445,92.25,group_1:contains~~Genome,Primary signal: group_1=Genome.
F14,genome_basic,no_predictions,gtdb_family_summary_no_predictions.tsv.gz,gtdb,family,estimated gene count,genes,Genome,Gene content,OBI:0002568;gene;NCIT:C25498,Genome statistics:proGenomes3=1.0.0;Genome statistics:SPIREv1=1.0.0,2057107470,0-14-0-80-59-12,NA,1874.0,2200.9,2207.9555555555557,2535.2,group_1:contains~~Genome,Primary signal: group_1=Genome.
F14,genome_basic,no_predictions,gtdb_family_summary_no_predictions.tsv.gz,gtdb,family,estimated genome size,bp,Genome,Genome size,GENEPIO:0001561,Genome statistics:proGenomes3=1.0.0;Genome statistics:SPIREv1=1.0.0,2057107470,0-14-0-80-59-12,NA,1878080.8,2463461.5,2411330.677777778,2696558.0,group_1:contains~~Genome,Primary signal: group_1=Genome.
F14,genome_basic,no_predictions,gtdb_family_summary_no_predictions.tsv.gz,gtdb,family,GC percentage,%,Genome,Composition,mesh:D001482,Genome statistics:proGenomes3=1.0.0;Genome statistics:SPIREv1=1.0.0,2057107470,0-14-0-80-59-12,NA,47.9,59.1,55.43333333333333,59.4,group_1:contains~~Genome,Primary signal: group_1=Genome.
F14,genome_basic,no_predictions,gtdb_family_summary_no_predictions.tsv.gz,gtdb,family,gene count,genes,Genome,Gene content,OBI:0002568;gene,Genome statistics:proGenomes3=1.0.0;Genome statistics:SPIREv1=1.0.0,2057107470,0-14-0-80-59-12,NA,1275.0,2123.0,1968.4444444444443,2303.0,group_1:contains~~Genome,Primary signal: group_1=Genome.
F14,genome_basic,no_predictions,gtdb_family_summary_no_predictions.tsv.gz,gtdb,family,genome size,bp,Genome,Genome size,GENEPIO:0001561,Genome statistics:proGenomes3=1.0.0;Genome statistics:SPIREv1=1.0.0,2057107470,0-14-0-80-59-12,NA,1232431.0,2421635.0,2170558.4444444445,2648020.0,group_1:contains~~Genome,Primary signal: group_1=Genome.
F14,genome_basic,no_predictions,gtdb_family_summary_no_predictions.tsv.gz,gtdb,family,coding density,%,Genome,Composition,SIO:001276;mesh:D059646;SNOMED:258755000,Genome statistics:proGenomes3=1.0.0;Genome statistics:SPIREv1=1.0.0,980929432,0-14-0-80-60-11,NA,79.41,84.49,84.29993103448275,89.5,group_1:contains~~Genome,Primary signal: group_1=Genome.
F14,genome_basic,no_predictions,gtdb_family_summary_no_predictions.tsv.gz,gtdb,family,estimated gene count,genes,Genome,Gene content,OBI:0002568;gene;NCIT:C25498,Genome statistics:proGenomes3=1.0.0;Genome statistics:SPIREv1=1.0.0,980929432,0-14-0-80-60-11,NA,2120.5,3204.1,3293.3651315789475,5209.3,group_1:contains~~Genome,Primary signal: group_1=Genome.
F14,genome_basic,no_predictions,gtdb_family_summary_no_predictions.tsv.gz,gtdb,family,estimated genome size,bp,Genome,Genome size,GENEPIO:0001561,Genome statistics:proGenomes3=1.0.0;Genome statistics:SPIREv1=1.0.0,980929432,0-14-0-80-60-11,NA,1997162.8,3244552.0,3254102.9848684208,4729778.0,group_1:contains~~Genome,Primary signal: group_1=Genome.
F14,genome_basic,no_predictions,gtdb_family_summary_no_predictions.tsv.gz,gtdb,family,GC percentage,%,Genome,Composition,mesh:D001482,Genome statistics:proGenomes3=1.0.0;Genome statistics:SPIREv1=1.0.0,980929432,0-14-0-80-60-11,NA,55.9,59.1,59.186206896551724,66.8,group_1:contains~~Genome,Primary signal: group_1=Genome.
F14,genome_basic,no_predictions,gtdb_family_summary_no_predictions.tsv.gz,gtdb,family,gene count,genes,Genome,Gene content,OBI:0002568;gene,Genome statistics:proGenomes3=1.0.0;Genome statistics:SPIREv1=1.0.0,980929432,0-14-0-80-60-11,NA,1455.0,2733.0,2661.782894736842,4227.0,group_1:contains~~Genome,Primary signal: group_1=Genome.
F14,genome_basic,no_predictions,gtdb_family_summary_no_predictions.tsv.gz,gtdb,family,genome size,bp,Genome,Genome size,GENEPIO:0001561,Genome statistics:proGenomes3=1.0.0;Genome statistics:SPIREv1=1.0.0,980929432,0-14-0-80-60-11,NA,1289228.0,2735291.0,2653171.6907894737,4154319.0,group_1:contains~~Genome,Primary signal: group_1=Genome.
F14,genome_basic,no_predictions,gtdb_family_summary_no_predictions.tsv.gz,gtdb,family,coding density,%,Genome,Composition,SIO:001276;mesh:D059646;SNOMED:258755000,Genome statistics:SPIREv1=1.0.0,495931365,01-FULL-45-15b,NA,85.69,85.98,86.86666666666667,88.93,group_1:contains~~Genome,Primary signal: group_1=Genome.
F14,genome_basic,no_predictions,gtdb_family_summary_no_predictions.tsv.gz,gtdb,family,estimated gene count,genes,Genome,Gene content,OBI:0002568;gene;NCIT:C25498,Genome statistics:SPIREv1=1.0.0,495931365,01-FULL-45-15b,NA,770.6,1518.7,1391.6333333333332,1885.6,group_1:contains~~Genome,Primary signal: group_1=Genome.
F14,genome_basic,no_predictions,gtdb_family_summary_no_predictions.tsv.gz,gtdb,family,estimated genome size,bp,Genome,Genome size,GENEPIO:0001561,Genome statistics:SPIREv1=1.0.0,495931365,01-FULL-45-15b,NA,739517.7,1285612.2,1214381.4333333333,1618014.4,group_1:contains~~Genome,Primary signal: group_1=Genome.
F14,genome_basic,no_predictions,gtdb_family_summary_no_predictions.tsv.gz,gtdb,family,GC percentage,%,Genome,Composition,mesh:D001482,Genome statistics:SPIREv1=1.0.0,495931365,01-FULL-45-15b,NA,44.7,44.8,46.73333333333333,50.7,group_1:contains~~Genome,Primary signal: group_1=Genome.
F14,genome_basic,no_predictions,gtdb_family_summary_no_predictions.tsv.gz,gtdb,family,gene count,genes,Genome,Gene content,OBI:0002568;gene,Genome statistics:SPIREv1=1.0.0,495931365,01-FULL-45-15b,NA,735.0,1172.0,1125.6666666666667,1470.0,group_1:contains~~Genome,Primary signal: group_1=Genome.
F14,genome_basic,no_predictions,gtdb_family_summary_no_predictions.tsv.gz,gtdb,family,genome size,bp,Genome,Genome size,GENEPIO:0001561,Genome statistics:SPIREv1=1.0.0,495931365,01-FULL-45-15b,NA,705352.0,992107.0,986287.6666666666,1261404.0,group_1:contains~~Genome,Primary signal: group_1=Genome.
F14,genome_basic,no_predictions,gtdb_family_summary_no_predictions.tsv.gz,gtdb,family,coding density,%,Genome,Composition,SIO:001276;mesh:D059646;SNOMED:258755000,Genome statistics:SPIREv1=1.0.0,1879272904,02-FULL-45-10c,NA,85.59,89.185,89.3559090909091,93.74,group_1:contains~~Genome,Primary signal: group_1=Genome.
F14,genome_basic,no_predictions,gtdb_family_summary_no_predictions.tsv.gz,gtdb,family,estimated gene count,genes,Genome,Gene content,OBI:0002568;gene;NCIT:C25498,Genome statistics:SPIREv1=1.0.0,1879272904,02-FULL-45-10c,NA,575.4,737.8,778.1590909090909,1139.9,group_1:contains~~Genome,Primary signal: group_1=Genome.
F15,habitat_generalism,all,gtdb_family_summary_all.tsv.gz,gtdb,family,generalism score,score,Habitat,Generalism,inbio:000022,Habitat clustering:SPIREv1=1.0.0,864477170,0-14-0-10-38-17,NA,0.0,0.0,0.0,0.0,group_2:contains~~Generalism,Primary signal: group_2=Generalism (Habitat). Ecological background only.
F15,habitat_generalism,all,gtdb_family_summary_all.tsv.gz,gtdb,family,generalist,boolean,Habitat,Generalism,inbio:000022,Habitat clustering:SPIREv1=1.0.0,864477170,0-14-0-10-38-17,false,NA,NA,NA,NA,group_2:contains~~Generalism,Primary signal: group_2=Generalism (Habitat). Ecological background only.
F15,habitat_generalism,all,gtdb_family_summary_all.tsv.gz,gtdb,family,habitat count,count,Habitat,Generalism,ENVO:01000739,Habitat clustering:SPIREv1=1.0.0,864477170,0-14-0-10-38-17,NA,1.0,1.0,1.0,1.0,group_2:contains~~Generalism,Primary signal: group_2=Generalism (Habitat). Ecological background only.
F15,habitat_generalism,all,gtdb_family_summary_all.tsv.gz,gtdb,family,generalism score,score,Habitat,Generalism,inbio:000022,Habitat clustering:SPIREv1=1.0.0,2070788780,0-14-0-20-30-16,NA,0.0,0.0,0.0,0.0,group_2:contains~~Generalism,Primary signal: group_2=Generalism (Habitat). Ecological background only.
F15,habitat_generalism,all,gtdb_family_summary_all.tsv.gz,gtdb,family,generalist,boolean,Habitat,Generalism,inbio:000022,Habitat clustering:SPIREv1=1.0.0,2070788780,0-14-0-20-30-16,false,NA,NA,NA,NA,group_2:contains~~Generalism,Primary signal: group_2=Generalism (Habitat). Ecological background only.
F15,habitat_generalism,all,gtdb_family_summary_all.tsv.gz,gtdb,family,habitat count,count,Habitat,Generalism,ENVO:01000739,Habitat clustering:SPIREv1=1.0.0,2070788780,0-14-0-20-30-16,NA,1.0,1.0,1.0,1.0,group_2:contains~~Generalism,Primary signal: group_2=Generalism (Habitat). Ecological background only.
F15,habitat_generalism,all,gtdb_family_summary_all.tsv.gz,gtdb,family,generalism score,score,Habitat,Generalism,inbio:000022,Habitat clustering:SPIREv1=1.0.0,410678088,0-14-0-20-34-12,NA,0.0,0.0,0.0,0.0,group_2:contains~~Generalism,Primary signal: group_2=Generalism (Habitat). Ecological background only.
F15,habitat_generalism,all,gtdb_family_summary_all.tsv.gz,gtdb,family,generalist,boolean,Habitat,Generalism,inbio:000022,Habitat clustering:SPIREv1=1.0.0,410678088,0-14-0-20-34-12,false,NA,NA,NA,NA,group_2:contains~~Generalism,Primary signal: group_2=Generalism (Habitat). Ecological background only.
F15,habitat_generalism,all,gtdb_family_summary_all.tsv.gz,gtdb,family,habitat count,count,Habitat,Generalism,ENVO:01000739,Habitat clustering:SPIREv1=1.0.0,410678088,0-14-0-20-34-12,NA,1.0,1.0,1.0,1.0,group_2:contains~~Generalism,Primary signal: group_2=Generalism (Habitat). Ecological background only.
F15,habitat_generalism,all,gtdb_family_summary_all.tsv.gz,gtdb,family,generalism score,score,Habitat,Generalism,inbio:000022,Habitat clustering:SPIREv1=1.0.0,929049184,0-14-0-20-40-13,NA,0.0,0.0,0.0,0.0,group_2:contains~~Generalism,Primary signal: group_2=Generalism (Habitat). Ecological background only.
F15,habitat_generalism,all,gtdb_family_summary_all.tsv.gz,gtdb,family,generalist,boolean,Habitat,Generalism,inbio:000022,Habitat clustering:SPIREv1=1.0.0,929049184,0-14-0-20-40-13,false,NA,NA,NA,NA,group_2:contains~~Generalism,Primary signal: group_2=Generalism (Habitat). Ecological background only.
F15,habitat_generalism,all,gtdb_family_summary_all.tsv.gz,gtdb,family,habitat count,count,Habitat,Generalism,ENVO:01000739,Habitat clustering:SPIREv1=1.0.0,929049184,0-14-0-20-40-13,NA,1.0,1.0,1.0,1.0,group_2:contains~~Generalism,Primary signal: group_2=Generalism (Habitat). Ecological background only.
F15,habitat_generalism,all,gtdb_family_summary_all.tsv.gz,gtdb,family,generalism score,score,Habitat,Generalism,inbio:000022,Habitat clustering:SPIREv1=1.0.0,165559233,0-14-0-80-44-23,NA,0.0,0.0,0.0,0.0,group_2:contains~~Generalism,Primary signal: group_2=Generalism (Habitat). Ecological background only.
F15,habitat_generalism,all,gtdb_family_summary_all.tsv.gz,gtdb,family,generalist,boolean,Habitat,Generalism,inbio:000022,Habitat clustering:SPIREv1=1.0.0,165559233,0-14-0-80-44-23,false,NA,NA,NA,NA,group_2:contains~~Generalism,Primary signal: group_2=Generalism (Habitat). Ecological background only.
F15,habitat_generalism,all,gtdb_family_summary_all.tsv.gz,gtdb,family,habitat count,count,Habitat,Generalism,ENVO:01000739,Habitat clustering:SPIREv1=1.0.0,165559233,0-14-0-80-44-23,NA,1.0,1.0,1.0,1.0,group_2:contains~~Generalism,Primary signal: group_2=Generalism (Habitat). Ecological background only.
F15,habitat_generalism,all,gtdb_family_summary_all.tsv.gz,gtdb,family,generalism score,score,Habitat,Generalism,inbio:000022,Habitat clustering:SPIREv1=1.0.0,1109772479,1-14-0-10-31-34,NA,0.0,0.0,0.0,0.0,group_2:contains~~Generalism,Primary signal: group_2=Generalism (Habitat). Ecological background only.
F15,habitat_generalism,all,gtdb_family_summary_all.tsv.gz,gtdb,family,generalist,boolean,Habitat,Generalism,inbio:000022,Habitat clustering:SPIREv1=1.0.0,1109772479,1-14-0-10-31-34,false,NA,NA,NA,NA,group_2:contains~~Generalism,Primary signal: group_2=Generalism (Habitat). Ecological background only.
F15,habitat_generalism,all,gtdb_family_summary_all.tsv.gz,gtdb,family,habitat count,count,Habitat,Generalism,ENVO:01000739,Habitat clustering:SPIREv1=1.0.0,1109772479,1-14-0-10-31-34,NA,1.0,1.0,1.0,1.0,group_2:contains~~Generalism,Primary signal: group_2=Generalism (Habitat). Ecological background only.
F15,habitat_generalism,all,gtdb_family_summary_all.tsv.gz,gtdb,family,generalism score,score,Habitat,Generalism,inbio:000022,Habitat clustering:SPIREv1=1.0.0,606509743,1-14-0-10-41-12,NA,0.0,0.0,0.0,0.0,group_2:contains~~Generalism,Primary signal: group_2=Generalism (Habitat). Ecological background only.
F15,habitat_generalism,all,gtdb_family_summary_all.tsv.gz,gtdb,family,generalist,boolean,Habitat,Generalism,inbio:000022,Habitat clustering:SPIREv1=1.0.0,606509743,1-14-0-10-41-12,false,NA,NA,NA,NA,group_2:contains~~Generalism,Primary signal: group_2=Generalism (Habitat). Ecological background only.
F15,habitat_generalism,all,gtdb_family_summary_all.tsv.gz,gtdb,family,habitat count,count,Habitat,Generalism,ENVO:01000739,Habitat clustering:SPIREv1=1.0.0,606509743,1-14-0-10-41-12,NA,1.0,1.0,1.0,1.0,group_2:contains~~Generalism,Primary signal: group_2=Generalism (Habitat). Ecological background only.
F15,habitat_generalism,all,gtdb_family_summary_all.tsv.gz,gtdb,family,generalism score,score,Habitat,Generalism,inbio:000022,Habitat clustering:SPIREv1=1.0.0,1602257932,1-14-0-10-42-19,NA,0.0,0.0,0.0,0.0,group_2:contains~~Generalism,Primary signal: group_2=Generalism (Habitat). Ecological background only.
F15,habitat_generalism,all,gtdb_family_summary_all.tsv.gz,gtdb,family,generalist,boolean,Habitat,Generalism,inbio:000022,Habitat clustering:SPIREv1=1.0.0,1602257932,1-14-0-10-42-19,false,NA,NA,NA,NA,group_2:contains~~Generalism,Primary signal: group_2=Generalism (Habitat). Ecological background only.
F15,habitat_generalism,all,gtdb_family_summary_all.tsv.gz,gtdb,family,habitat count,count,Habitat,Generalism,ENVO:01000739,Habitat clustering:SPIREv1=1.0.0,1602257932,1-14-0-10-42-19,NA,1.0,1.0,1.0,1.0,group_2:contains~~Generalism,Primary signal: group_2=Generalism (Habitat). Ecological background only.
F15,habitat_generalism,all,gtdb_family_summary_all.tsv.gz,gtdb,family,generalism score,score,Habitat,Generalism,inbio:000022,Habitat clustering:SPIREv1=1.0.0,621118134,1-14-0-10-43-13,NA,0.0,0.0,0.0,0.0,group_2:contains~~Generalism,Primary signal: group_2=Generalism (Habitat). Ecological background only.
F15,habitat_generalism,all,gtdb_family_summary_all.tsv.gz,gtdb,family,generalist,boolean,Habitat,Generalism,inbio:000022,Habitat clustering:SPIREv1=1.0.0,621118134,1-14-0-10-43-13,false,NA,NA,NA,NA,group_2:contains~~Generalism,Primary signal: group_2=Generalism (Habitat). Ecological background only.
F15,habitat_generalism,all,gtdb_family_summary_all.tsv.gz,gtdb,family,habitat count,count,Habitat,Generalism,ENVO:01000739,Habitat clustering:SPIREv1=1.0.0,621118134,1-14-0-10-43-13,NA,1.0,1.0,1.0,1.0,group_2:contains~~Generalism,Primary signal: group_2=Generalism (Habitat). Ecological background only.
F15,habitat_generalism,all,gtdb_family_summary_all.tsv.gz,gtdb,family,generalism score,score,Habitat,Generalism,inbio:000022,Habitat clustering:SPIREv1=1.0.0,858815153,1-14-0-10-44-23,NA,0.0,0.0,0.0,0.0,group_2:contains~~Generalism,Primary signal: group_2=Generalism (Habitat). Ecological background only.
F15,habitat_generalism,all,gtdb_family_summary_all.tsv.gz,gtdb,family,generalist,boolean,Habitat,Generalism,inbio:000022,Habitat clustering:SPIREv1=1.0.0,858815153,1-14-0-10-44-23,false,NA,NA,NA,NA,group_2:contains~~Generalism,Primary signal: group_2=Generalism (Habitat). Ecological background only.
F15,habitat_generalism,all,gtdb_family_summary_all.tsv.gz,gtdb,family,habitat count,count,Habitat,Generalism,ENVO:01000739,Habitat clustering:SPIREv1=1.0.0,858815153,1-14-0-10-44-23,NA,1.0,1.0,1.0,1.0,group_2:contains~~Generalism,Primary signal: group_2=Generalism (Habitat). Ecological background only.
F15,habitat_generalism,all,gtdb_family_summary_all.tsv.gz,gtdb,family,generalism score,score,Habitat,Generalism,inbio:000022,Habitat clustering:SPIREv1=1.0.0,1113309094,1-14-2-50-48-13,NA,0.0,0.0,0.0,0.0,group_2:contains~~Generalism,Primary signal: group_2=Generalism (Habitat). Ecological background only.
F15,habitat_generalism,all,gtdb_family_summary_all.tsv.gz,gtdb,family,generalist,boolean,Habitat,Generalism,inbio:000022,Habitat clustering:SPIREv1=1.0.0,1113309094,1-14-2-50-48-13,false,NA,NA,NA,NA,group_2:contains~~Generalism,Primary signal: group_2=Generalism (Habitat). Ecological background only.
F15,habitat_generalism,all,gtdb_family_summary_all.tsv.gz,gtdb,family,habitat count,count,Habitat,Generalism,ENVO:01000739,Habitat clustering:SPIREv1=1.0.0,1113309094,1-14-2-50-48-13,NA,1.0,1.0,1.0,1.0,group_2:contains~~Generalism,Primary signal: group_2=Generalism (Habitat). Ecological background only.
F15,habitat_generalism,all,gtdb_family_summary_all.tsv.gz,gtdb,family,generalism score,score,Habitat,Generalism,inbio:000022,Habitat clustering:SPIREv1=1.0.0,651849632,13-1-40CM-64-14,NA,0.0,0.0,0.0,0.0,group_2:contains~~Generalism,Primary signal: group_2=Generalism (Habitat). Ecological background only.
F15,habitat_generalism,all,gtdb_family_summary_all.tsv.gz,gtdb,family,generalist,boolean,Habitat,Generalism,inbio:000022,Habitat clustering:SPIREv1=1.0.0,651849632,13-1-40CM-64-14,false,NA,NA,NA,NA,group_2:contains~~Generalism,Primary signal: group_2=Generalism (Habitat). Ecological background only.
F15,habitat_generalism,all,gtdb_family_summary_all.tsv.gz,gtdb,family,habitat count,count,Habitat,Generalism,ENVO:01000739,Habitat clustering:SPIREv1=1.0.0,651849632,13-1-40CM-64-14,NA,1.0,1.0,1.0,1.0,group_2:contains~~Generalism,Primary signal: group_2=Generalism (Habitat). Ecological background only.
F15,habitat_generalism,all,gtdb_family_summary_all.tsv.gz,gtdb,family,generalism score,score,Habitat,Generalism,inbio:000022,Habitat clustering:SPIREv1=1.0.0,618313202,2013-40CM-41-45,NA,0.007921923,0.007921923,0.007921923,0.007921923,group_2:contains~~Generalism,Primary signal: group_2=Generalism (Habitat). Ecological background only.
F15,habitat_generalism,all,gtdb_family_summary_all.tsv.gz,gtdb,family,generalist,boolean,Habitat,Generalism,inbio:000022,Habitat clustering:SPIREv1=1.0.0,618313202,2013-40CM-41-45,false,NA,NA,NA,NA,group_2:contains~~Generalism,Primary signal: group_2=Generalism (Habitat). Ecological background only.
F15,habitat_generalism,all,gtdb_family_summary_all.tsv.gz,gtdb,family,habitat count,count,Habitat,Generalism,ENVO:01000739,Habitat clustering:SPIREv1=1.0.0,618313202,2013-40CM-41-45,NA,2.0,2.0,2.0,2.0,group_2:contains~~Generalism,Primary signal: group_2=Generalism (Habitat). Ecological background only.
F15,habitat_generalism,all,gtdb_family_summary_all.tsv.gz,gtdb,family,generalism score,score,Habitat,Generalism,inbio:000022,Habitat clustering:SPIREv1=1.0.0,1060972233,2-01-FULL-39-13,NA,0.0,0.0,0.0,0.0,group_2:contains~~Generalism,Primary signal: group_2=Generalism (Habitat). Ecological background only.
F15,habitat_generalism,all,gtdb_family_summary_all.tsv.gz,gtdb,family,generalist,boolean,Habitat,Generalism,inbio:000022,Habitat clustering:SPIREv1=1.0.0,1060972233,2-01-FULL-39-13,false,NA,NA,NA,NA,group_2:contains~~Generalism,Primary signal: group_2=Generalism (Habitat). Ecological background only.
F15,habitat_generalism,all,gtdb_family_summary_all.tsv.gz,gtdb,family,habitat count,count,Habitat,Generalism,ENVO:01000739,Habitat clustering:SPIREv1=1.0.0,1060972233,2-01-FULL-39-13,NA,1.0,1.0,1.0,1.0,group_2:contains~~Generalism,Primary signal: group_2=Generalism (Habitat). Ecological background only.
F15,habitat_generalism,all,gtdb_family_summary_all.tsv.gz,gtdb,family,generalism score,score,Habitat,Generalism,inbio:000022,Habitat clustering:SPIREv1=1.0.0,377377779,2-01-FULL-39-33,NA,0.0,0.0,0.0,0.0,group_2:contains~~Generalism,Primary signal: group_2=Generalism (Habitat). Ecological background only.
F15,habitat_generalism,all,gtdb_family_summary_all.tsv.gz,gtdb,family,generalist,boolean,Habitat,Generalism,inbio:000022,Habitat clustering:SPIREv1=1.0.0,377377779,2-01-FULL-39-33,false,NA,NA,NA,NA,group_2:contains~~Generalism,Primary signal: group_2=Generalism (Habitat). Ecological background only.
F15,habitat_generalism,all,gtdb_family_summary_all.tsv.gz,gtdb,family,habitat count,count,Habitat,Generalism,ENVO:01000739,Habitat clustering:SPIREv1=1.0.0,377377779,2-01-FULL-39-33,NA,1.0,1.0,1.0,1.0,group_2:contains~~Generalism,Primary signal: group_2=Generalism (Habitat). Ecological background only.
F15,habitat_generalism,all,gtdb_family_summary_all.tsv.gz,gtdb,family,generalism score,score,Habitat,Generalism,inbio:000022,Habitat clustering:SPIREv1=1.0.0,1633691174,2-01-FULL-40-14,NA,0.0,0.0,0.0,0.0,group_2:contains~~Generalism,Primary signal: group_2=Generalism (Habitat). Ecological background only.
F15,habitat_generalism,all,gtdb_family_summary_all.tsv.gz,gtdb,family,generalist,boolean,Habitat,Generalism,inbio:000022,Habitat clustering:SPIREv1=1.0.0,1633691174,2-01-FULL-40-14,false,NA,NA,NA,NA,group_2:contains~~Generalism,Primary signal: group_2=Generalism (Habitat). Ecological background only.
F15,habitat_generalism,all,gtdb_family_summary_all.tsv.gz,gtdb,family,habitat count,count,Habitat,Generalism,ENVO:01000739,Habitat clustering:SPIREv1=1.0.0,1633691174,2-01-FULL-40-14,NA,1.0,1.0,1.0,1.0,group_2:contains~~Generalism,Primary signal: group_2=Generalism (Habitat). Ecological background only.
F15,habitat_generalism,all,gtdb_family_summary_all.tsv.gz,gtdb,family,generalism score,score,Habitat,Generalism,inbio:000022,Habitat clustering:SPIREv1=1.0.0,16529870,2-01-FULL-41-18,NA,0.0,0.0,0.0,0.0,group_2:contains~~Generalism,Primary signal: group_2=Generalism (Habitat). Ecological background only.
F15,habitat_generalism,all,gtdb_family_summary_all.tsv.gz,gtdb,family,generalist,boolean,Habitat,Generalism,inbio:000022,Habitat clustering:SPIREv1=1.0.0,16529870,2-01-FULL-41-18,false,NA,NA,NA,NA,group_2:contains~~Generalism,Primary signal: group_2=Generalism (Habitat). Ecological background only.
F2,temperature,all,gtdb_family_summary_all.tsv.gz,gtdb,family,psychrophilic,boolean,Environmental preferences,Temperature,MICRO:0001306,BacDive-AI:SPIREv1=a1bef3e,864477170,0-14-0-10-38-17,false,NA,NA,NA,NA,group_2:contains~~Temperature,Primary signal: group_2=Temperature.
F2,temperature,all,gtdb_family_summary_all.tsv.gz,gtdb,family,temperature growth,Celsius,Environmental preferences,Temperature,OMP:0005002,GenomeSPOT:SPIREv1=1.0.1,864477170,0-14-0-10-38-17,NA,42.093636,47.0555365,48.659761285714296,64.922714,group_2:contains~~Temperature,Primary signal: group_2=Temperature.
F2,temperature,all,gtdb_family_summary_all.tsv.gz,gtdb,family,temperature maximum,Celsius,Environmental preferences,Temperature,OMP:0005002,GenomeSPOT:SPIREv1=1.0.1,864477170,0-14-0-10-38-17,NA,48.390015,55.8027185,56.753572178571424,76.986984,group_2:contains~~Temperature,Primary signal: group_2=Temperature.
F2,temperature,all,gtdb_family_summary_all.tsv.gz,gtdb,family,temperature minimum,Celsius,Environmental preferences,Temperature,OMP:0005002,GenomeSPOT:SPIREv1=1.0.1,864477170,0-14-0-10-38-17,NA,29.890682,34.7148335,35.81004785714286,48.226223,group_2:contains~~Temperature,Primary signal: group_2=Temperature.
F2,temperature,all,gtdb_family_summary_all.tsv.gz,gtdb,family,thermophilic,boolean,Environmental preferences,Temperature,MICRO:0000118,BacDive-AI:SPIREv1=a1bef3e,864477170,0-14-0-10-38-17,false,NA,NA,NA,NA,group_2:contains~~Temperature,Primary signal: group_2=Temperature.
F2,temperature,all,gtdb_family_summary_all.tsv.gz,gtdb,family,psychrophilic,boolean,Environmental preferences,Temperature,MICRO:0001306,BacDive-AI:SPIREv1=a1bef3e,2070788780,0-14-0-20-30-16,false,NA,NA,NA,NA,group_2:contains~~Temperature,Primary signal: group_2=Temperature.
F2,temperature,all,gtdb_family_summary_all.tsv.gz,gtdb,family,temperature growth,Celsius,Environmental preferences,Temperature,OMP:0005002,GenomeSPOT:SPIREv1=1.0.1,2070788780,0-14-0-20-30-16,NA,37.012215,41.038204,44.31746857142856,56.728752,group_2:contains~~Temperature,Primary signal: group_2=Temperature.
F2,temperature,all,gtdb_family_summary_all.tsv.gz,gtdb,family,temperature maximum,Celsius,Environmental preferences,Temperature,OMP:0005002,GenomeSPOT:SPIREv1=1.0.1,2070788780,0-14-0-20-30-16,NA,46.279003,53.67225,55.46347814285714,68.14124,group_2:contains~~Temperature,Primary signal: group_2=Temperature.
F2,temperature,all,gtdb_family_summary_all.tsv.gz,gtdb,family,temperature minimum,Celsius,Environmental preferences,Temperature,OMP:0005002,GenomeSPOT:SPIREv1=1.0.1,2070788780,0-14-0-20-30-16,NA,21.012243,29.96539,30.45083028571429,47.02052,group_2:contains~~Temperature,Primary signal: group_2=Temperature.
F2,temperature,all,gtdb_family_summary_all.tsv.gz,gtdb,family,thermophilic,boolean,Environmental preferences,Temperature,MICRO:0000118,BacDive-AI:SPIREv1=a1bef3e,2070788780,0-14-0-20-30-16,false,NA,NA,NA,NA,group_2:contains~~Temperature,Primary signal: group_2=Temperature.
F2,temperature,all,gtdb_family_summary_all.tsv.gz,gtdb,family,psychrophilic,boolean,Environmental preferences,Temperature,MICRO:0001306,BacDive-AI:SPIREv1=a1bef3e,410678088,0-14-0-20-34-12,false,NA,NA,NA,NA,group_2:contains~~Temperature,Primary signal: group_2=Temperature.
F2,temperature,all,gtdb_family_summary_all.tsv.gz,gtdb,family,temperature growth,Celsius,Environmental preferences,Temperature,OMP:0005002,GenomeSPOT:SPIREv1=1.0.1,410678088,0-14-0-20-34-12,NA,45.087658,46.385673999999995,46.385673999999995,47.68369,group_2:contains~~Temperature,Primary signal: group_2=Temperature.
F2,temperature,all,gtdb_family_summary_all.tsv.gz,gtdb,family,temperature maximum,Celsius,Environmental preferences,Temperature,OMP:0005002,GenomeSPOT:SPIREv1=1.0.1,410678088,0-14-0-20-34-12,NA,53.762787,54.2970315,54.2970315,54.831276,group_2:contains~~Temperature,Primary signal: group_2=Temperature.
F2,temperature,all,gtdb_family_summary_all.tsv.gz,gtdb,family,temperature minimum,Celsius,Environmental preferences,Temperature,OMP:0005002,GenomeSPOT:SPIREv1=1.0.1,410678088,0-14-0-20-34-12,NA,33.10253,36.040519,36.040519,38.978508,group_2:contains~~Temperature,Primary signal: group_2=Temperature.
F2,temperature,all,gtdb_family_summary_all.tsv.gz,gtdb,family,thermophilic,boolean,Environmental preferences,Temperature,MICRO:0000118,BacDive-AI:SPIREv1=a1bef3e,410678088,0-14-0-20-34-12,false,NA,NA,NA,NA,group_2:contains~~Temperature,Primary signal: group_2=Temperature.
F2,temperature,all,gtdb_family_summary_all.tsv.gz,gtdb,family,psychrophilic,boolean,Environmental preferences,Temperature,MICRO:0001306,BacDive-AI:SPIREv1=a1bef3e,929049184,0-14-0-20-40-13,false,NA,NA,NA,NA,group_2:contains~~Temperature,Primary signal: group_2=Temperature.
F2,temperature,all,gtdb_family_summary_all.tsv.gz,gtdb,family,temperature growth,Celsius,Environmental preferences,Temperature,OMP:0005002,GenomeSPOT:SPIREv1=1.0.1,929049184,0-14-0-20-40-13,NA,32.235203,34.0622725,34.321511,36.926296,group_2:contains~~Temperature,Primary signal: group_2=Temperature.
F2,temperature,all,gtdb_family_summary_all.tsv.gz,gtdb,family,temperature maximum,Celsius,Environmental preferences,Temperature,OMP:0005002,GenomeSPOT:SPIREv1=1.0.1,929049184,0-14-0-20-40-13,NA,40.581326,42.528690499999996,42.50484675,44.38068,group_2:contains~~Temperature,Primary signal: group_2=Temperature.
F2,temperature,all,gtdb_family_summary_all.tsv.gz,gtdb,family,temperature minimum,Celsius,Environmental preferences,Temperature,OMP:0005002,GenomeSPOT:SPIREv1=1.0.1,929049184,0-14-0-20-40-13,NA,19.370646,21.923952,22.2812205,25.906332,group_2:contains~~Temperature,Primary signal: group_2=Temperature.
F2,temperature,all,gtdb_family_summary_all.tsv.gz,gtdb,family,thermophilic,boolean,Environmental preferences,Temperature,MICRO:0000118,BacDive-AI:SPIREv1=a1bef3e,929049184,0-14-0-20-40-13,false,NA,NA,NA,NA,group_2:contains~~Temperature,Primary signal: group_2=Temperature.
F2,temperature,all,gtdb_family_summary_all.tsv.gz,gtdb,family,psychrophilic,boolean,Environmental preferences,Temperature,MICRO:0001306,BacDive-AI:SPIREv1=a1bef3e,165559233,0-14-0-80-44-23,false,NA,NA,NA,NA,group_2:contains~~Temperature,Primary signal: group_2=Temperature.
F2,temperature,all,gtdb_family_summary_all.tsv.gz,gtdb,family,temperature growth,Celsius,Environmental preferences,Temperature,OMP:0005002,GenomeSPOT:SPIREv1=1.0.1,165559233,0-14-0-80-44-23,NA,50.158127,57.940342,55.913550615384615,61.356293,group_2:contains~~Temperature,Primary signal: group_2=Temperature.
F2,temperature,all,gtdb_family_summary_all.tsv.gz,gtdb,family,temperature maximum,Celsius,Environmental preferences,Temperature,OMP:0005002,GenomeSPOT:SPIREv1=1.0.1,165559233,0-14-0-80-44-23,NA,57.22674,65.028465,62.97808953846153,68.22644,group_2:contains~~Temperature,Primary signal: group_2=Temperature.
F2,temperature,all,gtdb_family_summary_all.tsv.gz,gtdb,family,temperature minimum,Celsius,Environmental preferences,Temperature,OMP:0005002,GenomeSPOT:SPIREv1=1.0.1,165559233,0-14-0-80-44-23,NA,36.68111,50.447563,47.217161,58.515762,group_2:contains~~Temperature,Primary signal: group_2=Temperature.
F2,temperature,all,gtdb_family_summary_all.tsv.gz,gtdb,family,thermophilic,boolean,Environmental preferences,Temperature,MICRO:0000118,BacDive-AI:SPIREv1=a1bef3e,165559233,0-14-0-80-44-23,false,NA,NA,NA,NA,group_2:contains~~Temperature,Primary signal: group_2=Temperature.
F2,temperature,all,gtdb_family_summary_all.tsv.gz,gtdb,family,psychrophilic,boolean,Environmental preferences,Temperature,MICRO:0001306,BacDive-AI:proGenomes3=a1bef3e;BacDive-AI:SPIREv1=a1bef3e,2057107470,0-14-0-80-59-12,false,NA,NA,NA,NA,group_2:contains~~Temperature,Primary signal: group_2=Temperature.
F2,temperature,all,gtdb_family_summary_all.tsv.gz,gtdb,family,temperature growth,Celsius,Environmental preferences,Temperature,OMP:0005002,GenomeSPOT:proGenomes3=1.0.1;GenomeSPOT:SPIREv1=1.0.1,2057107470,0-14-0-80-59-12,NA,41.832287,42.474117,44.92499744444444,50.920055,group_2:contains~~Temperature,Primary signal: group_2=Temperature.
F2,temperature,all,gtdb_family_summary_all.tsv.gz,gtdb,family,temperature maximum,Celsius,Environmental preferences,Temperature,OMP:0005002,GenomeSPOT:proGenomes3=1.0.1;GenomeSPOT:SPIREv1=1.0.1,2057107470,0-14-0-80-59-12,NA,49.961727,51.283676,52.85344944444444,58.665955,group_2:contains~~Temperature,Primary signal: group_2=Temperature.
F2,temperature,all,gtdb_family_summary_all.tsv.gz,gtdb,family,temperature minimum,Celsius,Environmental preferences,Temperature,OMP:0005002,GenomeSPOT:proGenomes3=1.0.1;GenomeSPOT:SPIREv1=1.0.1,2057107470,0-14-0-80-59-12,NA,24.86931,27.253265,28.227944555555556,34.091484,group_2:contains~~Temperature,Primary signal: group_2=Temperature.
F2,temperature,all,gtdb_family_summary_all.tsv.gz,gtdb,family,thermophilic,boolean,Environmental preferences,Temperature,MICRO:0000118,BacDive-AI:proGenomes3=a1bef3e;BacDive-AI:SPIREv1=a1bef3e,2057107470,0-14-0-80-59-12,false,NA,NA,NA,NA,group_2:contains~~Temperature,Primary signal: group_2=Temperature.
F2,temperature,all,gtdb_family_summary_all.tsv.gz,gtdb,family,psychrophilic,boolean,Environmental preferences,Temperature,MICRO:0001306,BacDive-AI:proGenomes3=a1bef3e;BacDive-AI:SPIREv1=a1bef3e,980929432,0-14-0-80-60-11,false,NA,NA,NA,NA,group_2:contains~~Temperature,Primary signal: group_2=Temperature.
F2,temperature,all,gtdb_family_summary_all.tsv.gz,gtdb,family,temperature growth,Celsius,Environmental preferences,Temperature,OMP:0005002,GenomeSPOT:proGenomes3=1.0.1;GenomeSPOT:SPIREv1=1.0.1,980929432,0-14-0-80-60-11,NA,28.331392,44.61178,44.663785450331126,56.341946,group_2:contains~~Temperature,Primary signal: group_2=Temperature.
F2,temperature,all,gtdb_family_summary_all.tsv.gz,gtdb,family,temperature maximum,Celsius,Environmental preferences,Temperature,OMP:0005002,GenomeSPOT:proGenomes3=1.0.1;GenomeSPOT:SPIREv1=1.0.1,980929432,0-14-0-80-60-11,NA,35.427097,53.124283,53.06925355629139,64.66506,group_2:contains~~Temperature,Primary signal: group_2=Temperature.
F2,temperature,all,gtdb_family_summary_all.tsv.gz,gtdb,family,temperature minimum,Celsius,Environmental preferences,Temperature,OMP:0005002,GenomeSPOT:proGenomes3=1.0.1;GenomeSPOT:SPIREv1=1.0.1,980929432,0-14-0-80-60-11,NA,15.100335,27.210243,27.281691231788077,38.940826,group_2:contains~~Temperature,Primary signal: group_2=Temperature.
F2,temperature,all,gtdb_family_summary_all.tsv.gz,gtdb,family,thermophilic,boolean,Environmental preferences,Temperature,MICRO:0000118,BacDive-AI:proGenomes3=a1bef3e;BacDive-AI:SPIREv1=a1bef3e,980929432,0-14-0-80-60-11,false,NA,NA,NA,NA,group_2:contains~~Temperature,Primary signal: group_2=Temperature.
F2,temperature,all,gtdb_family_summary_all.tsv.gz,gtdb,family,psychrophilic,boolean,Environmental preferences,Temperature,MICRO:0001306,BacDive-AI:SPIREv1=a1bef3e,495931365,01-FULL-45-15b,false,NA,NA,NA,NA,group_2:contains~~Temperature,Primary signal: group_2=Temperature.
F2,temperature,all,gtdb_family_summary_all.tsv.gz,gtdb,family,temperature growth,Celsius,Environmental preferences,Temperature,OMP:0005002,GenomeSPOT:SPIREv1=1.0.1,495931365,01-FULL-45-15b,NA,30.969902,39.324867,38.085252000000004,43.960987,group_2:contains~~Temperature,Primary signal: group_2=Temperature.
F2,temperature,all,gtdb_family_summary_all.tsv.gz,gtdb,family,temperature maximum,Celsius,Environmental preferences,Temperature,OMP:0005002,GenomeSPOT:SPIREv1=1.0.1,495931365,01-FULL-45-15b,NA,38.648705,47.613705,46.10677333333334,52.05791,group_2:contains~~Temperature,Primary signal: group_2=Temperature.
F2,temperature,all,gtdb_family_summary_all.tsv.gz,gtdb,family,temperature minimum,Celsius,Environmental preferences,Temperature,OMP:0005002,GenomeSPOT:SPIREv1=1.0.1,495931365,01-FULL-45-15b,NA,18.815605,23.925655,24.267026666666666,30.05982,group_2:contains~~Temperature,Primary signal: group_2=Temperature.
F2,temperature,all,gtdb_family_summary_all.tsv.gz,gtdb,family,thermophilic,boolean,Environmental preferences,Temperature,MICRO:0000118,BacDive-AI:SPIREv1=a1bef3e,495931365,01-FULL-45-15b,false,NA,NA,NA,NA,group_2:contains~~Temperature,Primary signal: group_2=Temperature.
F2,temperature,all,gtdb_family_summary_all.tsv.gz,gtdb,family,psychrophilic,boolean,Environmental preferences,Temperature,MICRO:0001306,BacDive-AI:SPIREv1=a1bef3e,1879272904,02-FULL-45-10c,false,NA,NA,NA,NA,group_2:contains~~Temperature,Primary signal: group_2=Temperature.
F2,temperature,all,gtdb_family_summary_all.tsv.gz,gtdb,family,temperature growth,Celsius,Environmental preferences,Temperature,OMP:0005002,GenomeSPOT:SPIREv1=1.0.1,1879272904,02-FULL-45-10c,NA,33.839195,40.1785625,40.766540954545455,48.09587,group_2:contains~~Temperature,Primary signal: group_2=Temperature.
F2,temperature,all,gtdb_family_summary_all.tsv.gz,gtdb,family,temperature maximum,Celsius,Environmental preferences,Temperature,OMP:0005002,GenomeSPOT:SPIREv1=1.0.1,1879272904,02-FULL-45-10c,NA,40.381916,47.956359500000005,48.595138454545456,56.762558,group_2:contains~~Temperature,Primary signal: group_2=Temperature.
F2,temperature,all,gtdb_family_summary_all.tsv.gz,gtdb,family,temperature minimum,Celsius,Environmental preferences,Temperature,OMP:0005002,GenomeSPOT:SPIREv1=1.0.1,1879272904,02-FULL-45-10c,NA,19.70637,29.882145,30.390076136363636,41.865406,group_2:contains~~Temperature,Primary signal: group_2=Temperature.
F2,temperature,all,gtdb_family_summary_all.tsv.gz,gtdb,family,thermophilic,boolean,Environmental preferences,Temperature,MICRO:0000118,BacDive-AI:SPIREv1=a1bef3e,1879272904,02-FULL-45-10c,false,NA,NA,NA,NA,group_2:contains~~Temperature,Primary signal: group_2=Temperature.
F2,temperature,all,gtdb_family_summary_all.tsv.gz,gtdb,family,psychrophilic,boolean,Environmental preferences,Temperature,MICRO:0001306,BacDive-AI:SPIREv1=a1bef3e,1109772479,1-14-0-10-31-34,false,NA,NA,NA,NA,group_2:contains~~Temperature,Primary signal: group_2=Temperature.
F2,temperature,all,gtdb_family_summary_all.tsv.gz,gtdb,family,temperature growth,Celsius,Environmental preferences,Temperature,OMP:0005002,GenomeSPOT:SPIREv1=1.0.1,1109772479,1-14-0-10-31-34,NA,39.453518,41.571487000000005,43.010837249999994,49.446857,group_2:contains~~Temperature,Primary signal: group_2=Temperature.
F2,temperature,all,gtdb_family_summary_all.tsv.gz,gtdb,family,temperature maximum,Celsius,Environmental preferences,Temperature,OMP:0005002,GenomeSPOT:SPIREv1=1.0.1,1109772479,1-14-0-10-31-34,NA,49.5531,51.45286,52.643969500000004,58.117058,group_2:contains~~Temperature,Primary signal: group_2=Temperature.
F2,temperature,all,gtdb_family_summary_all.tsv.gz,gtdb,family,temperature minimum,Celsius,Environmental preferences,Temperature,OMP:0005002,GenomeSPOT:SPIREv1=1.0.1,1109772479,1-14-0-10-31-34,NA,19.59609,23.096011,25.116455000000002,34.677708,group_2:contains~~Temperature,Primary signal: group_2=Temperature.
F2,temperature,all,gtdb_family_summary_all.tsv.gz,gtdb,family,thermophilic,boolean,Environmental preferences,Temperature,MICRO:0000118,BacDive-AI:SPIREv1=a1bef3e,1109772479,1-14-0-10-31-34,No robust majority,NA,NA,NA,NA,group_2:contains~~Temperature,Primary signal: group_2=Temperature.
F2,temperature,no_predictions,gtdb_family_summary_no_predictions.tsv.gz,gtdb,family,temperature preference,factor,Environmental preferences,Temperature,OMP:0005002,BV-BRC=2025-07-29,149144555,AB-539-J10,psychrophilic,NA,NA,NA,NA,group_2:contains~~Temperature,Primary signal: group_2=Temperature.
F2,temperature,no_predictions,gtdb_family_summary_no_predictions.tsv.gz,gtdb,family,temperature growth,Celsius,Environmental preferences,Temperature,OMP:0005002,BacDive=2025-07-29,475171799,Abditibacteriaceae,NA,20.0,20.0,20.0,20.0,group_2:contains~~Temperature,Primary signal: group_2=Temperature.
F2,temperature,no_predictions,gtdb_family_summary_no_predictions.tsv.gz,gtdb,family,temperature growth,Celsius,Environmental preferences,Temperature,OMP:0005002,BacDive=2025-07-29,318463998,Acanthopleuribacteraceae,NA,25.0,28.0,27.666666666666668,30.0,group_2:contains~~Temperature,Primary signal: group_2=Temperature.
F2,temperature,no_predictions,gtdb_family_summary_no_predictions.tsv.gz,gtdb,family,temperature maximum,Celsius,Environmental preferences,Temperature,OMP:0005002,BacDive=2025-07-29,318463998,Acanthopleuribacteraceae,NA,30.0,30.0,30.0,30.0,group_2:contains~~Temperature,Primary signal: group_2=Temperature.
F2,temperature,no_predictions,gtdb_family_summary_no_predictions.tsv.gz,gtdb,family,temperature minimum,Celsius,Environmental preferences,Temperature,OMP:0005002,BacDive=2025-07-29,318463998,Acanthopleuribacteraceae,NA,15.0,15.0,15.0,15.0,group_2:contains~~Temperature,Primary signal: group_2=Temperature.
F2,temperature,no_predictions,gtdb_family_summary_no_predictions.tsv.gz,gtdb,family,temperature growth,Celsius,Environmental preferences,Temperature,OMP:0005002,BacDive=2025-07-29;BV-BRC=2025-07-29;JGI/GOLD=2025-07-29;JGI/GOLD/IMG=2025-07-29,1775432467,Acetivibrionaceae,NA,35.0,60.0,55.74528301886792,60.0,group_2:contains~~Temperature,Primary signal: group_2=Temperature.
F2,temperature,no_predictions,gtdb_family_summary_no_predictions.tsv.gz,gtdb,family,temperature maximum,Celsius,Environmental preferences,Temperature,OMP:0005002,BacDive=2025-07-29,1775432467,Acetivibrionaceae,NA,50.0,60.0,59.0,65.0,group_2:contains~~Temperature,Primary signal: group_2=Temperature.
F2,temperature,no_predictions,gtdb_family_summary_no_predictions.tsv.gz,gtdb,family,temperature minimum,Celsius,Environmental preferences,Temperature,OMP:0005002,BacDive=2025-07-29,1775432467,Acetivibrionaceae,NA,30.0,45.0,45.0,55.0,group_2:contains~~Temperature,Primary signal: group_2=Temperature.
F2,temperature,no_predictions,gtdb_family_summary_no_predictions.tsv.gz,gtdb,family,temperature preference,factor,Environmental preferences,Temperature,OMP:0005002,BV-BRC=2025-07-29,1775432467,Acetivibrionaceae,thermophilic,NA,NA,NA,NA,group_2:contains~~Temperature,Primary signal: group_2=Temperature.
F2,temperature,no_predictions,gtdb_family_summary_no_predictions.tsv.gz,gtdb,family,temperature growth,Celsius,Environmental preferences,Temperature,OMP:0005002,BacDive=2025-07-29;BV-BRC=2025-07-29;JGI/GOLD=2025-07-29;JGI/GOLD/IMG=2025-07-29,915913853,Acetobacteraceae,NA,15.0,30.0,30.02027027027027,55.0,group_2:contains~~Temperature,Primary signal: group_2=Temperature.
F2,temperature,no_predictions,gtdb_family_summary_no_predictions.tsv.gz,gtdb,family,temperature maximum,Celsius,Environmental preferences,Temperature,OMP:0005002,BacDive=2025-07-29;BV-BRC=2025-07-29;JGI/GOLD/IMG=2025-07-29,915913853,Acetobacteraceae,NA,20.0,36.0,35.526315789473685,60.0,group_2:contains~~Temperature,Primary signal: group_2=Temperature.
F2,temperature,no_predictions,gtdb_family_summary_no_predictions.tsv.gz,gtdb,family,temperature minimum,Celsius,Environmental preferences,Temperature,OMP:0005002,BacDive=2025-07-29;BV-BRC=2025-07-29;JGI/GOLD/IMG=2025-07-29,915913853,Acetobacteraceae,NA,4.0,22.0,21.53684210526316,45.0,group_2:contains~~Temperature,Primary signal: group_2=Temperature.
F2,temperature,no_predictions,gtdb_family_summary_no_predictions.tsv.gz,gtdb,family,temperature preference,factor,Environmental preferences,Temperature,OMP:0005002,BV-BRC=2025-07-29,915913853,Acetobacteraceae,mesophilic,NA,NA,NA,NA,group_2:contains~~Temperature,Primary signal: group_2=Temperature.
F2,temperature,no_predictions,gtdb_family_summary_no_predictions.tsv.gz,gtdb,family,temperature growth,Celsius,Environmental preferences,Temperature,OMP:0005002,BacDive=2025-07-29,537360503,Acetohalobiaceae,NA,37.0,38.5,38.5,40.0,group_2:contains~~Temperature,Primary signal: group_2=Temperature.
F2,temperature,no_predictions,gtdb_family_summary_no_predictions.tsv.gz,gtdb,family,temperature maximum,Celsius,Environmental preferences,Temperature,OMP:0005002,BacDive=2025-07-29;JGI/GOLD/IMG=2025-07-29,537360503,Acetohalobiaceae,NA,40.0,42.5,42.5,45.0,group_2:contains~~Temperature,Primary signal: group_2=Temperature.
F2,temperature,no_predictions,gtdb_family_summary_no_predictions.tsv.gz,gtdb,family,temperature minimum,Celsius,Environmental preferences,Temperature,OMP:0005002,BacDive=2025-07-29;JGI/GOLD/IMG=2025-07-29,537360503,Acetohalobiaceae,NA,25.0,26.5,26.5,28.0,group_2:contains~~Temperature,Primary signal: group_2=Temperature.
F2,temperature,no_predictions,gtdb_family_summary_no_predictions.tsv.gz,gtdb,family,temperature growth,Celsius,Environmental preferences,Temperature,OMP:0005002,BacDive=2025-07-29;JGI/GOLD/IMG=2025-07-29,1471551112,Acetomicrobiaceae,NA,50.0,55.0,53.333333333333336,55.0,group_2:contains~~Temperature,Primary signal: group_2=Temperature.
F2,temperature,no_predictions,gtdb_family_summary_no_predictions.tsv.gz,gtdb,family,temperature maximum,Celsius,Environmental preferences,Temperature,OMP:0005002,BacDive=2025-07-29;JGI/GOLD/IMG=2025-07-29,1471551112,Acetomicrobiaceae,NA,60.0,60.0,60.0,60.0,group_2:contains~~Temperature,Primary signal: group_2=Temperature.
F2,temperature,no_predictions,gtdb_family_summary_no_predictions.tsv.gz,gtdb,family,temperature minimum,Celsius,Environmental preferences,Temperature,OMP:0005002,BacDive=2025-07-29;JGI/GOLD/IMG=2025-07-29,1471551112,Acetomicrobiaceae,NA,28.0,41.5,41.5,55.0,group_2:contains~~Temperature,Primary signal: group_2=Temperature.
F2,temperature,no_predictions,gtdb_family_summary_no_predictions.tsv.gz,gtdb,family,temperature preference,factor,Environmental preferences,Temperature,OMP:0005002,BV-BRC=2025-07-29,1471551112,Acetomicrobiaceae,mesophilic,NA,NA,NA,NA,group_2:contains~~Temperature,Primary signal: group_2=Temperature.
F2,temperature,no_predictions,gtdb_family_summary_no_predictions.tsv.gz,gtdb,family,temperature growth,Celsius,Environmental preferences,Temperature,OMP:0005002,BV-BRC=2025-07-29,1223190644,Acetonemaceae,NA,28.0,28.0,28.0,28.0,group_2:contains~~Temperature,Primary signal: group_2=Temperature.
F2,temperature,no_predictions,gtdb_family_summary_no_predictions.tsv.gz,gtdb,family,temperature preference,factor,Environmental preferences,Temperature,OMP:0005002,BV-BRC=2025-07-29,1223190644,Acetonemaceae,mesophilic,NA,NA,NA,NA,group_2:contains~~Temperature,Primary signal: group_2=Temperature.
F2,temperature,no_predictions,gtdb_family_summary_no_predictions.tsv.gz,gtdb,family,temperature growth,Celsius,Environmental preferences,Temperature,OMP:0005002,BacDive=2025-07-29;BV-BRC=2025-07-29;JGI/GOLD/IMG=2025-07-29,1029517523,Acholeplasmataceae,NA,30.0,37.0,35.93333333333333,37.0,group_2:contains~~Temperature,Primary signal: group_2=Temperature.
F2,temperature,no_predictions,gtdb_family_summary_no_predictions.tsv.gz,gtdb,family,temperature maximum,Celsius,Environmental preferences,Temperature,OMP:0005002,BacDive=2025-07-29,1029517523,Acholeplasmataceae,NA,37.0,39.0,39.0,41.0,group_2:contains~~Temperature,Primary signal: group_2=Temperature.
F2,temperature,no_predictions,gtdb_family_summary_no_predictions.tsv.gz,gtdb,family,temperature minimum,Celsius,Environmental preferences,Temperature,OMP:0005002,BacDive=2025-07-29,1029517523,Acholeplasmataceae,NA,22.0,28.5,28.5,35.0,group_2:contains~~Temperature,Primary signal: group_2=Temperature.
F2,temperature,no_predictions,gtdb_family_summary_no_predictions.tsv.gz,gtdb,family,temperature preference,factor,Environmental preferences,Temperature,OMP:0005002,BV-BRC=2025-07-29,1029517523,Acholeplasmataceae,mesophilic,NA,NA,NA,NA,group_2:contains~~Temperature,Primary signal: group_2=Temperature.
F2,temperature,no_predictions,gtdb_family_summary_no_predictions.tsv.gz,gtdb,family,temperature growth,Celsius,Environmental preferences,Temperature,OMP:0005002,BacDive=2025-07-29;BV-BRC=2025-07-29;JGI/GOLD/IMG=2025-07-29,1733949799,Acidaminobacteraceae,NA,30.0,33.5,38.0,55.0,group_2:contains~~Temperature,Primary signal: group_2=Temperature.
F2,temperature,no_predictions,gtdb_family_summary_no_predictions.tsv.gz,gtdb,family,temperature maximum,Celsius,Environmental preferences,Temperature,OMP:0005002,JGI/GOLD/IMG=2025-07-29,1733949799,Acidaminobacteraceae,NA,35.0,35.0,35.0,35.0,group_2:contains~~Temperature,Primary signal: group_2=Temperature.
F2,temperature,no_predictions,gtdb_family_summary_no_predictions.tsv.gz,gtdb,family,temperature minimum,Celsius,Environmental preferences,Temperature,OMP:0005002,JGI/GOLD/IMG=2025-07-29,1733949799,Acidaminobacteraceae,NA,20.0,20.0,20.0,20.0,group_2:contains~~Temperature,Primary signal: group_2=Temperature.
F2,temperature,no_predictions,gtdb_family_summary_no_predictions.tsv.gz,gtdb,family,temperature preference,factor,Environmental preferences,Temperature,OMP:0005002,BV-BRC=2025-07-29,1733949799,Acidaminobacteraceae,No robust majority,NA,NA,NA,NA,group_2:contains~~Temperature,Primary signal: group_2=Temperature.
F2,temperature,no_predictions,gtdb_family_summary_no_predictions.tsv.gz,gtdb,family,temperature growth,Celsius,Environmental preferences,Temperature,OMP:0005002,BacDive=2025-07-29;JGI/GOLD/IMG=2025-07-29,1860107176,Acidaminococcaceae,NA,37.0,37.0,37.0,37.0,group_2:contains~~Temperature,Primary signal: group_2=Temperature.
F2,temperature,no_predictions,gtdb_family_summary_no_predictions.tsv.gz,gtdb,family,temperature preference,factor,Environmental preferences,Temperature,OMP:0005002,BV-BRC=2025-07-29,1860107176,Acidaminococcaceae,mesophilic,NA,NA,NA,NA,group_2:contains~~Temperature,Primary signal: group_2=Temperature.
F2,temperature,no_predictions,gtdb_family_summary_no_predictions.tsv.gz,gtdb,family,temperature growth,Celsius,Environmental preferences,Temperature,OMP:0005002,BacDive=2025-07-29,192131368,Acidiferrobacteraceae,NA,30.0,33.5,33.5,37.0,group_2:contains~~Temperature,Primary signal: group_2=Temperature.
F2,temperature,no_predictions,gtdb_family_summary_no_predictions.tsv.gz,gtdb,family,temperature growth,Celsius,Environmental preferences,Temperature,OMP:0005002,BacDive=2025-07-29,2105485286,Acidihalobacteraceae,NA,30.0,35.0,34.4,36.0,group_2:contains~~Temperature,Primary signal: group_2=Temperature.
F2,temperature,no_predictions,gtdb_family_summary_no_predictions.tsv.gz,gtdb,family,temperature maximum,Celsius,Environmental preferences,Temperature,OMP:0005002,BacDive=2025-07-29,2105485286,Acidihalobacteraceae,NA,42.0,42.5,42.5,43.0,group_2:contains~~Temperature,Primary signal: group_2=Temperature.
F2,temperature,no_predictions,gtdb_family_summary_no_predictions.tsv.gz,gtdb,family,temperature minimum,Celsius,Environmental preferences,Temperature,OMP:0005002,BacDive=2025-07-29,2105485286,Acidihalobacteraceae,NA,26.0,26.0,26.0,26.0,group_2:contains~~Temperature,Primary signal: group_2=Temperature.
F2,temperature,no_predictions,gtdb_family_summary_no_predictions.tsv.gz,gtdb,family,temperature growth,Celsius,Environmental preferences,Temperature,OMP:0005002,BacDive=2025-07-29;BV-BRC=2025-07-29;JGI/GOLD/IMG=2025-07-29,626102019,Acidilobaceae,NA,75.0,80.0,81.45454545454545,90.0,group_2:contains~~Temperature,Primary signal: group_2=Temperature.
F2,temperature,no_predictions,gtdb_family_summary_no_predictions.tsv.gz,gtdb,family,temperature maximum,Celsius,Environmental preferences,Temperature,OMP:0005002,BacDive=2025-07-29;BV-BRC=2025-07-29;JGI/GOLD=2025-07-29;JGI/GOLD/IMG=2025-07-29,626102019,Acidilobaceae,NA,78.0,95.0,92.22222222222223,100.0,group_2:contains~~Temperature,Primary signal: group_2=Temperature.
F2,temperature,no_predictions,gtdb_family_summary_no_predictions.tsv.gz,gtdb,family,temperature minimum,Celsius,Environmental preferences,Temperature,OMP:0005002,BacDive=2025-07-29;BV-BRC=2025-07-29;JGI/GOLD=2025-07-29;JGI/GOLD/IMG=2025-07-29,626102019,Acidilobaceae,NA,45.0,70.0,72.77777777777777,90.0,group_2:contains~~Temperature,Primary signal: group_2=Temperature.
F2,temperature,no_predictions,gtdb_family_summary_no_predictions.tsv.gz,gtdb,family,temperature preference,factor,Environmental preferences,Temperature,OMP:0005002,BV-BRC=2025-07-29,626102019,Acidilobaceae,thermophilic,NA,NA,NA,NA,group_2:contains~~Temperature,Primary signal: group_2=Temperature.
F2,temperature,no_predictions,gtdb_family_summary_no_predictions.tsv.gz,gtdb,family,temperature maximum,Celsius,Environmental preferences,Temperature,OMP:0005002,JGI/GOLD/IMG=2025-07-29,60301471,Acidilutibacteraceae,NA,50.0,50.0,50.0,50.0,group_2:contains~~Temperature,Primary signal: group_2=Temperature.
F2,temperature,no_predictions,gtdb_family_summary_no_predictions.tsv.gz,gtdb,family,temperature minimum,Celsius,Environmental preferences,Temperature,OMP:0005002,JGI/GOLD/IMG=2025-07-29,60301471,Acidilutibacteraceae,NA,25.0,25.0,25.0,25.0,group_2:contains~~Temperature,Primary signal: group_2=Temperature.
F2,temperature,no_predictions,gtdb_family_summary_no_predictions.tsv.gz,gtdb,family,temperature growth,Celsius,Environmental preferences,Temperature,OMP:0005002,BacDive=2025-07-29;JGI/GOLD/IMG=2025-07-29,494083113,Acidimicrobiaceae,NA,30.0,35.0,38.2,48.0,group_2:contains~~Temperature,Primary signal: group_2=Temperature.
F2,temperature,no_predictions,gtdb_family_summary_no_predictions.tsv.gz,gtdb,family,temperature preference,factor,Environmental preferences,Temperature,OMP:0005002,BV-BRC=2025-07-29,494083113,Acidimicrobiaceae,thermophilic,NA,NA,NA,NA,group_2:contains~~Temperature,Primary signal: group_2=Temperature.
F2,temperature,no_predictions,gtdb_family_summary_no_predictions.tsv.gz,gtdb,family,temperature growth,Celsius,Environmental preferences,Temperature,OMP:0005002,BacDive=2025-07-29;BV-BRC=2025-07-29,727093411,Acidithiobacillaceae,NA,25.0,30.0,31.6875,45.0,group_2:contains~~Temperature,Primary signal: group_2=Temperature.
F2,temperature,no_predictions,gtdb_family_summary_no_predictions.tsv.gz,gtdb,family,temperature maximum,Celsius,Environmental preferences,Temperature,OMP:0005002,BacDive=2025-07-29;BV-BRC=2025-07-29;JGI/GOLD/IMG=2025-07-29,727093411,Acidithiobacillaceae,NA,28.0,30.0,33.833333333333336,50.0,group_2:contains~~Temperature,Primary signal: group_2=Temperature.
F2,temperature,no_predictions,gtdb_family_summary_no_predictions.tsv.gz,gtdb,family,temperature minimum,Celsius,Environmental preferences,Temperature,OMP:0005002,BacDive=2025-07-29;BV-BRC=2025-07-29;JGI/GOLD/IMG=2025-07-29,727093411,Acidithiobacillaceae,NA,15.0,26.5,25.5,30.0,group_2:contains~~Temperature,Primary signal: group_2=Temperature.
F2,temperature,no_predictions,gtdb_family_summary_no_predictions.tsv.gz,gtdb,family,temperature preference,factor,Environmental preferences,Temperature,OMP:0005002,BV-BRC=2025-07-29,727093411,Acidithiobacillaceae,No robust majority,NA,NA,NA,NA,group_2:contains~~Temperature,Primary signal: group_2=Temperature.
F2,temperature,no_predictions,gtdb_family_summary_no_predictions.tsv.gz,gtdb,family,temperature growth,Celsius,Environmental preferences,Temperature,OMP:0005002,BacDive=2025-07-29;BV-BRC=2025-07-29;JGI/GOLD=2025-07-29;JGI/GOLD/IMG=2025-07-29,354524460,Acidobacteriaceae,NA,4.0,25.0,25.151515151515152,40.0,group_2:contains~~Temperature,Primary signal: group_2=Temperature.
F2,temperature,no_predictions,gtdb_family_summary_no_predictions.tsv.gz,gtdb,family,temperature maximum,Celsius,Environmental preferences,Temperature,OMP:0005002,BacDive=2025-07-29;JGI/GOLD=2025-07-29;JGI/GOLD/IMG=2025-07-29,354524460,Acidobacteriaceae,NA,22.0,31.0,31.966666666666665,55.0,group_2:contains~~Temperature,Primary signal: group_2=Temperature.
F3,pH,all,gtdb_family_summary_all.tsv.gz,gtdb,family,acidophilic,boolean,Environmental preferences,pH,OMP:0005009,BacDive-AI:SPIREv1=a1bef3e,864477170,0-14-0-10-38-17,false,NA,NA,NA,NA,group_2:exact=~pH,Primary signal: group_2 EXACTLY 'pH'.
F3,pH,all,gtdb_family_summary_all.tsv.gz,gtdb,family,pH growth,pH,Environmental preferences,pH,OMP:0005008,GenomeSPOT:SPIREv1=1.0.1,864477170,0-14-0-10-38-17,NA,7.4317455,8.623176,8.530281314285714,9.631775,group_2:exact=~pH,Primary signal: group_2 EXACTLY 'pH'.
F3,pH,all,gtdb_family_summary_all.tsv.gz,gtdb,family,pH maximum,pH,Environmental preferences,pH,OMP:0005008,GenomeSPOT:SPIREv1=1.0.1,864477170,0-14-0-10-38-17,NA,8.720416,9.7884355,9.87002689285714,11.693051,group_2:exact=~pH,Primary signal: group_2 EXACTLY 'pH'.
F3,pH,all,gtdb_family_summary_all.tsv.gz,gtdb,family,pH minimum,pH,Environmental preferences,pH,OMP:0005008,GenomeSPOT:SPIREv1=1.0.1,864477170,0-14-0-10-38-17,NA,5.7001743,6.906139400000001,6.771233489285714,7.6927085,group_2:exact=~pH,Primary signal: group_2 EXACTLY 'pH'.
F3,pH,all,gtdb_family_summary_all.tsv.gz,gtdb,family,acidophilic,boolean,Environmental preferences,pH,OMP:0005009,BacDive-AI:SPIREv1=a1bef3e,2070788780,0-14-0-20-30-16,false,NA,NA,NA,NA,group_2:exact=~pH,Primary signal: group_2 EXACTLY 'pH'.
F3,pH,all,gtdb_family_summary_all.tsv.gz,gtdb,family,pH growth,pH,Environmental preferences,pH,OMP:0005008,GenomeSPOT:SPIREv1=1.0.1,2070788780,0-14-0-20-30-16,NA,6.8177614,7.875085,8.2798826,11.186619,group_2:exact=~pH,Primary signal: group_2 EXACTLY 'pH'.
F3,pH,all,gtdb_family_summary_all.tsv.gz,gtdb,family,pH maximum,pH,Environmental preferences,pH,OMP:0005008,GenomeSPOT:SPIREv1=1.0.1,2070788780,0-14-0-20-30-16,NA,8.733446,10.066042,10.124649428571429,12.549983,group_2:exact=~pH,Primary signal: group_2 EXACTLY 'pH'.
F3,pH,all,gtdb_family_summary_all.tsv.gz,gtdb,family,pH minimum,pH,Environmental preferences,pH,OMP:0005008,GenomeSPOT:SPIREv1=1.0.1,2070788780,0-14-0-20-30-16,NA,5.180055,6.7001896,6.695210428571429,8.725075,group_2:exact=~pH,Primary signal: group_2 EXACTLY 'pH'.
F3,pH,all,gtdb_family_summary_all.tsv.gz,gtdb,family,acidophilic,boolean,Environmental preferences,pH,OMP:0005009,BacDive-AI:SPIREv1=a1bef3e,410678088,0-14-0-20-34-12,false,NA,NA,NA,NA,group_2:exact=~pH,Primary signal: group_2 EXACTLY 'pH'.
F3,pH,all,gtdb_family_summary_all.tsv.gz,gtdb,family,pH growth,pH,Environmental preferences,pH,OMP:0005008,GenomeSPOT:SPIREv1=1.0.1,410678088,0-14-0-20-34-12,NA,6.958864,7.0902685000000005,7.0902685000000005,7.221673,group_2:exact=~pH,Primary signal: group_2 EXACTLY 'pH'.
F3,pH,all,gtdb_family_summary_all.tsv.gz,gtdb,family,pH maximum,pH,Environmental preferences,pH,OMP:0005008,GenomeSPOT:SPIREv1=1.0.1,410678088,0-14-0-20-34-12,NA,8.656905,8.686041750000001,8.686041750000001,8.7151785,group_2:exact=~pH,Primary signal: group_2 EXACTLY 'pH'.
F3,pH,all,gtdb_family_summary_all.tsv.gz,gtdb,family,pH minimum,pH,Environmental preferences,pH,OMP:0005008,GenomeSPOT:SPIREv1=1.0.1,410678088,0-14-0-20-34-12,NA,5.864739,5.9762106,5.9762106,6.0876822,group_2:exact=~pH,Primary signal: group_2 EXACTLY 'pH'.
F3,pH,all,gtdb_family_summary_all.tsv.gz,gtdb,family,acidophilic,boolean,Environmental preferences,pH,OMP:0005009,BacDive-AI:SPIREv1=a1bef3e,929049184,0-14-0-20-40-13,false,NA,NA,NA,NA,group_2:exact=~pH,Primary signal: group_2 EXACTLY 'pH'.
F3,pH,all,gtdb_family_summary_all.tsv.gz,gtdb,family,pH growth,pH,Environmental preferences,pH,OMP:0005008,GenomeSPOT:SPIREv1=1.0.1,929049184,0-14-0-20-40-13,NA,6.314202,6.7440202,6.733392275,7.1313267,group_2:exact=~pH,Primary signal: group_2 EXACTLY 'pH'.
F3,pH,all,gtdb_family_summary_all.tsv.gz,gtdb,family,pH maximum,pH,Environmental preferences,pH,OMP:0005008,GenomeSPOT:SPIREv1=1.0.1,929049184,0-14-0-20-40-13,NA,7.6438704,8.09429735,8.041969775,8.335414,group_2:exact=~pH,Primary signal: group_2 EXACTLY 'pH'.
F3,pH,all,gtdb_family_summary_all.tsv.gz,gtdb,family,pH minimum,pH,Environmental preferences,pH,OMP:0005008,GenomeSPOT:SPIREv1=1.0.1,929049184,0-14-0-20-40-13,NA,4.5893526,5.047051,4.96275465,5.167564,group_2:exact=~pH,Primary signal: group_2 EXACTLY 'pH'.
F3,pH,all,gtdb_family_summary_all.tsv.gz,gtdb,family,acidophilic,boolean,Environmental preferences,pH,OMP:0005009,BacDive-AI:SPIREv1=a1bef3e,165559233,0-14-0-80-44-23,false,NA,NA,NA,NA,group_2:exact=~pH,Primary signal: group_2 EXACTLY 'pH'.
F3,pH,all,gtdb_family_summary_all.tsv.gz,gtdb,family,pH growth,pH,Environmental preferences,pH,OMP:0005008,GenomeSPOT:SPIREv1=1.0.1,165559233,0-14-0-80-44-23,NA,6.434043,7.4065924,7.398436084615384,8.070491,group_2:exact=~pH,Primary signal: group_2 EXACTLY 'pH'.
F3,pH,all,gtdb_family_summary_all.tsv.gz,gtdb,family,pH maximum,pH,Environmental preferences,pH,OMP:0005008,GenomeSPOT:SPIREv1=1.0.1,165559233,0-14-0-80-44-23,NA,8.363947,9.148365,9.229792000000002,9.922942,group_2:exact=~pH,Primary signal: group_2 EXACTLY 'pH'.
F3,pH,all,gtdb_family_summary_all.tsv.gz,gtdb,family,pH minimum,pH,Environmental preferences,pH,OMP:0005008,GenomeSPOT:SPIREv1=1.0.1,165559233,0-14-0-80-44-23,NA,5.169518,5.8737097,6.321753061538461,7.2003865,group_2:exact=~pH,Primary signal: group_2 EXACTLY 'pH'.
F3,pH,all,gtdb_family_summary_all.tsv.gz,gtdb,family,acidophilic,boolean,Environmental preferences,pH,OMP:0005009,BacDive-AI:proGenomes3=a1bef3e;BacDive-AI:SPIREv1=a1bef3e,2057107470,0-14-0-80-59-12,false,NA,NA,NA,NA,group_2:exact=~pH,Primary signal: group_2 EXACTLY 'pH'.
F3,pH,all,gtdb_family_summary_all.tsv.gz,gtdb,family,pH growth,pH,Environmental preferences,pH,OMP:0005008,GenomeSPOT:proGenomes3=1.0.1;GenomeSPOT:SPIREv1=1.0.1,2057107470,0-14-0-80-59-12,NA,6.778882,6.9398417,6.928885411111112,7.0377927,group_2:exact=~pH,Primary signal: group_2 EXACTLY 'pH'.
F3,pH,all,gtdb_family_summary_all.tsv.gz,gtdb,family,pH maximum,pH,Environmental preferences,pH,OMP:0005008,GenomeSPOT:proGenomes3=1.0.1;GenomeSPOT:SPIREv1=1.0.1,2057107470,0-14-0-80-59-12,NA,8.524624,8.75117,8.698009777777777,8.869165,group_2:exact=~pH,Primary signal: group_2 EXACTLY 'pH'.
F3,pH,all,gtdb_family_summary_all.tsv.gz,gtdb,family,pH minimum,pH,Environmental preferences,pH,OMP:0005008,GenomeSPOT:proGenomes3=1.0.1;GenomeSPOT:SPIREv1=1.0.1,2057107470,0-14-0-80-59-12,NA,5.1948705,5.326185,5.339404377777778,5.5954967,group_2:exact=~pH,Primary signal: group_2 EXACTLY 'pH'.
F3,pH,all,gtdb_family_summary_all.tsv.gz,gtdb,family,acidophilic,boolean,Environmental preferences,pH,OMP:0005009,BacDive-AI:proGenomes3=a1bef3e;BacDive-AI:SPIREv1=a1bef3e,980929432,0-14-0-80-60-11,false,NA,NA,NA,NA,group_2:exact=~pH,Primary signal: group_2 EXACTLY 'pH'.
F3,pH,all,gtdb_family_summary_all.tsv.gz,gtdb,family,pH growth,pH,Environmental preferences,pH,OMP:0005008,GenomeSPOT:proGenomes3=1.0.1;GenomeSPOT:SPIREv1=1.0.1,980929432,0-14-0-80-60-11,NA,5.7329664,6.459355,6.501045025827814,7.39605,group_2:exact=~pH,Primary signal: group_2 EXACTLY 'pH'.
F3,pH,all,gtdb_family_summary_all.tsv.gz,gtdb,family,pH maximum,pH,Environmental preferences,pH,OMP:0005008,GenomeSPOT:proGenomes3=1.0.1;GenomeSPOT:SPIREv1=1.0.1,980929432,0-14-0-80-60-11,NA,7.0476685,7.91041,7.970949172847683,9.005596,group_2:exact=~pH,Primary signal: group_2 EXACTLY 'pH'.
F3,pH,all,gtdb_family_summary_all.tsv.gz,gtdb,family,pH minimum,pH,Environmental preferences,pH,OMP:0005008,GenomeSPOT:proGenomes3=1.0.1;GenomeSPOT:SPIREv1=1.0.1,980929432,0-14-0-80-60-11,NA,4.5054455,5.1164875,5.141416796688742,5.9843774,group_2:exact=~pH,Primary signal: group_2 EXACTLY 'pH'.
F3,pH,all,gtdb_family_summary_all.tsv.gz,gtdb,family,acidophilic,boolean,Environmental preferences,pH,OMP:0005009,BacDive-AI:SPIREv1=a1bef3e,495931365,01-FULL-45-15b,false,NA,NA,NA,NA,group_2:exact=~pH,Primary signal: group_2 EXACTLY 'pH'.
F3,pH,all,gtdb_family_summary_all.tsv.gz,gtdb,family,pH growth,pH,Environmental preferences,pH,OMP:0005008,GenomeSPOT:SPIREv1=1.0.1,495931365,01-FULL-45-15b,NA,6.2191405,6.577372,6.6040655,7.015684,group_2:exact=~pH,Primary signal: group_2 EXACTLY 'pH'.
F3,pH,all,gtdb_family_summary_all.tsv.gz,gtdb,family,pH maximum,pH,Environmental preferences,pH,OMP:0005008,GenomeSPOT:SPIREv1=1.0.1,495931365,01-FULL-45-15b,NA,7.6400805,8.151407,8.0432775,8.338345,group_2:exact=~pH,Primary signal: group_2 EXACTLY 'pH'.
F3,pH,all,gtdb_family_summary_all.tsv.gz,gtdb,family,pH minimum,pH,Environmental preferences,pH,OMP:0005008,GenomeSPOT:SPIREv1=1.0.1,495931365,01-FULL-45-15b,NA,4.901512,5.3985114,5.312592133333333,5.637753,group_2:exact=~pH,Primary signal: group_2 EXACTLY 'pH'.
F3,pH,all,gtdb_family_summary_all.tsv.gz,gtdb,family,acidophilic,boolean,Environmental preferences,pH,OMP:0005009,BacDive-AI:SPIREv1=a1bef3e,1879272904,02-FULL-45-10c,false,NA,NA,NA,NA,group_2:exact=~pH,Primary signal: group_2 EXACTLY 'pH'.
F3,pH,all,gtdb_family_summary_all.tsv.gz,gtdb,family,pH growth,pH,Environmental preferences,pH,OMP:0005008,GenomeSPOT:SPIREv1=1.0.1,1879272904,02-FULL-45-10c,NA,5.0518804,6.9017685,6.711522045454546,7.8853045,group_2:exact=~pH,Primary signal: group_2 EXACTLY 'pH'.
F3,pH,all,gtdb_family_summary_all.tsv.gz,gtdb,family,pH maximum,pH,Environmental preferences,pH,OMP:0005008,GenomeSPOT:SPIREv1=1.0.1,1879272904,02-FULL-45-10c,NA,6.1868663,8.558588499999999,8.290609163636363,9.545132,group_2:exact=~pH,Primary signal: group_2 EXACTLY 'pH'.
F3,pH,all,gtdb_family_summary_all.tsv.gz,gtdb,family,pH minimum,pH,Environmental preferences,pH,OMP:0005008,GenomeSPOT:SPIREv1=1.0.1,1879272904,02-FULL-45-10c,NA,4.3385353,5.319625650000001,5.2333660136363624,6.0305185,group_2:exact=~pH,Primary signal: group_2 EXACTLY 'pH'.
F3,pH,all,gtdb_family_summary_all.tsv.gz,gtdb,family,acidophilic,boolean,Environmental preferences,pH,OMP:0005009,BacDive-AI:SPIREv1=a1bef3e,1109772479,1-14-0-10-31-34,false,NA,NA,NA,NA,group_2:exact=~pH,Primary signal: group_2 EXACTLY 'pH'.
F3,pH,all,gtdb_family_summary_all.tsv.gz,gtdb,family,pH growth,pH,Environmental preferences,pH,OMP:0005008,GenomeSPOT:SPIREv1=1.0.1,1109772479,1-14-0-10-31-34,NA,8.091586,8.2766585,8.25924125,8.392062,group_2:exact=~pH,Primary signal: group_2 EXACTLY 'pH'.
F3,pH,all,gtdb_family_summary_all.tsv.gz,gtdb,family,pH maximum,pH,Environmental preferences,pH,OMP:0005008,GenomeSPOT:SPIREv1=1.0.1,1109772479,1-14-0-10-31-34,NA,9.604145,10.230254,10.12959225,10.453716,group_2:exact=~pH,Primary signal: group_2 EXACTLY 'pH'.
F3,pH,all,gtdb_family_summary_all.tsv.gz,gtdb,family,pH minimum,pH,Environmental preferences,pH,OMP:0005008,GenomeSPOT:SPIREv1=1.0.1,1109772479,1-14-0-10-31-34,NA,6.6362934,7.1350753000000005,7.034478,7.231468,group_2:exact=~pH,Primary signal: group_2 EXACTLY 'pH'.
F3,pH,all,gtdb_family_summary_all.tsv.gz,gtdb,family,acidophilic,boolean,Environmental preferences,pH,OMP:0005009,BacDive-AI:SPIREv1=a1bef3e,1729449137,1-14-0-10-40-38,false,NA,NA,NA,NA,group_2:exact=~pH,Primary signal: group_2 EXACTLY 'pH'.
F3,pH,all,gtdb_family_summary_all.tsv.gz,gtdb,family,pH growth,pH,Environmental preferences,pH,OMP:0005008,GenomeSPOT:SPIREv1=1.0.1,1729449137,1-14-0-10-40-38,NA,6.0913005,7.0346036,7.073642885714286,8.251478,group_2:exact=~pH,Primary signal: group_2 EXACTLY 'pH'.
F3,pH,all,gtdb_family_summary_all.tsv.gz,gtdb,family,pH maximum,pH,Environmental preferences,pH,OMP:0005008,GenomeSPOT:SPIREv1=1.0.1,1729449137,1-14-0-10-40-38,NA,7.3491745,8.3571,8.444965642857143,9.765172,group_2:exact=~pH,Primary signal: group_2 EXACTLY 'pH'.
F3,pH,all,gtdb_family_summary_all.tsv.gz,gtdb,family,pH minimum,pH,Environmental preferences,pH,OMP:0005008,GenomeSPOT:SPIREv1=1.0.1,1729449137,1-14-0-10-40-38,NA,4.600011,5.677699,5.612034885714285,6.4803576,group_2:exact=~pH,Primary signal: group_2 EXACTLY 'pH'.
F3,pH,all,gtdb_family_summary_all.tsv.gz,gtdb,family,acidophilic,boolean,Environmental preferences,pH,OMP:0005009,BacDive-AI:SPIREv1=a1bef3e,606509743,1-14-0-10-41-12,false,NA,NA,NA,NA,group_2:exact=~pH,Primary signal: group_2 EXACTLY 'pH'.
F3,pH,all,gtdb_family_summary_all.tsv.gz,gtdb,family,pH growth,pH,Environmental preferences,pH,OMP:0005008,GenomeSPOT:SPIREv1=1.0.1,606509743,1-14-0-10-41-12,NA,5.877487,6.2694995,6.2694995,6.661512,group_2:exact=~pH,Primary signal: group_2 EXACTLY 'pH'.
F3,pH,all,gtdb_family_summary_all.tsv.gz,gtdb,family,pH maximum,pH,Environmental preferences,pH,OMP:0005008,GenomeSPOT:SPIREv1=1.0.1,606509743,1-14-0-10-41-12,NA,7.3185334,7.4298657,7.4298657,7.541198,group_2:exact=~pH,Primary signal: group_2 EXACTLY 'pH'.
F3,pH,all,gtdb_family_summary_all.tsv.gz,gtdb,family,pH minimum,pH,Environmental preferences,pH,OMP:0005008,GenomeSPOT:SPIREv1=1.0.1,606509743,1-14-0-10-41-12,NA,4.3061085,4.868157399999999,4.868157399999999,5.4302063,group_2:exact=~pH,Primary signal: group_2 EXACTLY 'pH'.
F3,pH,all,gtdb_family_summary_all.tsv.gz,gtdb,family,acidophilic,boolean,Environmental preferences,pH,OMP:0005009,BacDive-AI:SPIREv1=a1bef3e,1223959005,1-14-0-10-42-12,false,NA,NA,NA,NA,group_2:exact=~pH,Primary signal: group_2 EXACTLY 'pH'.
F3,pH,all,gtdb_family_summary_all.tsv.gz,gtdb,family,pH growth,pH,Environmental preferences,pH,OMP:0005008,GenomeSPOT:SPIREv1=1.0.1,1223959005,1-14-0-10-42-12,NA,6.9038186,7.0260608,7.0260608,7.148303,group_2:exact=~pH,Primary signal: group_2 EXACTLY 'pH'.
F3,pH,no_predictions,gtdb_family_summary_no_predictions.tsv.gz,gtdb,family,pH growth,pH,Environmental preferences,pH,OMP:0005008,JGI/GOLD/IMG=2025-07-29,223750323,1-14-0-20-64-10,NA,7.08,7.17,7.17,7.26,group_2:exact=~pH,Primary signal: group_2 EXACTLY 'pH'.
F3,pH,no_predictions,gtdb_family_summary_no_predictions.tsv.gz,gtdb,family,pH growth,pH,Environmental preferences,pH,OMP:0005008,JGI/GOLD/IMG=2025-07-29,1551576428,2-02-FULL-39-32,NA,7.08,7.08,7.08,7.08,group_2:exact=~pH,Primary signal: group_2 EXACTLY 'pH'.
F3,pH,no_predictions,gtdb_family_summary_no_predictions.tsv.gz,gtdb,family,pH growth,pH,Environmental preferences,pH,OMP:0005008,JGI/GOLD/IMG=2025-07-29,929761530,2-02-FULL-48-14,NA,8.0,8.0,8.0,8.0,group_2:exact=~pH,Primary signal: group_2 EXACTLY 'pH'.
F3,pH,no_predictions,gtdb_family_summary_no_predictions.tsv.gz,gtdb,family,pH growth,pH,Environmental preferences,pH,OMP:0005008,JGI/GOLD/IMG=2025-07-29,1843198128,34-128,NA,7.32,7.32,7.32,7.32,group_2:exact=~pH,Primary signal: group_2 EXACTLY 'pH'.
F3,pH,no_predictions,gtdb_family_summary_no_predictions.tsv.gz,gtdb,family,pH growth,pH,Environmental preferences,pH,OMP:0005008,JGI/GOLD=2025-07-29,475171799,Abditibacteriaceae,NA,8.0,8.0,8.0,8.0,group_2:exact=~pH,Primary signal: group_2 EXACTLY 'pH'.
F3,pH,no_predictions,gtdb_family_summary_no_predictions.tsv.gz,gtdb,family,pH maximum,pH,Environmental preferences,pH,OMP:0005008,BacDive=2025-07-29,318463998,Acanthopleuribacteraceae,NA,8.0,8.5,8.5,9.0,group_2:exact=~pH,Primary signal: group_2 EXACTLY 'pH'.
F3,pH,no_predictions,gtdb_family_summary_no_predictions.tsv.gz,gtdb,family,pH minimum,pH,Environmental preferences,pH,OMP:0005008,BacDive=2025-07-29,318463998,Acanthopleuribacteraceae,NA,5.0,6.0,6.0,7.0,group_2:exact=~pH,Primary signal: group_2 EXACTLY 'pH'.
F3,pH,no_predictions,gtdb_family_summary_no_predictions.tsv.gz,gtdb,family,pH preference,factor,Environmental preferences,pH,OMP:0005008,BacDive=2025-07-29,318463998,Acanthopleuribacteraceae,alkaliphile,NA,NA,NA,NA,group_2:exact=~pH,Primary signal: group_2 EXACTLY 'pH'.
F3,pH,no_predictions,gtdb_family_summary_no_predictions.tsv.gz,gtdb,family,pH growth,pH,Environmental preferences,pH,OMP:0005008,BacDive=2025-07-29,1775432467,Acetivibrionaceae,NA,7.0,7.5,7.375,7.5,group_2:exact=~pH,Primary signal: group_2 EXACTLY 'pH'.
F3,pH,no_predictions,gtdb_family_summary_no_predictions.tsv.gz,gtdb,family,pH maximum,pH,Environmental preferences,pH,OMP:0005008,BacDive=2025-07-29;JGI/GOLD/IMG=2025-07-29,1775432467,Acetivibrionaceae,NA,8.0,8.5,8.74,10.2,group_2:exact=~pH,Primary signal: group_2 EXACTLY 'pH'.
F3,pH,no_predictions,gtdb_family_summary_no_predictions.tsv.gz,gtdb,family,pH minimum,pH,Environmental preferences,pH,OMP:0005008,BacDive=2025-07-29;JGI/GOLD/IMG=2025-07-29,1775432467,Acetivibrionaceae,NA,6.0,6.0,6.5,8.0,group_2:exact=~pH,Primary signal: group_2 EXACTLY 'pH'.
F3,pH,no_predictions,gtdb_family_summary_no_predictions.tsv.gz,gtdb,family,pH preference,factor,Environmental preferences,pH,OMP:0005008,BacDive=2025-07-29,1775432467,Acetivibrionaceae,alkaliphile,NA,NA,NA,NA,group_2:exact=~pH,Primary signal: group_2 EXACTLY 'pH'.
F3,pH,no_predictions,gtdb_family_summary_no_predictions.tsv.gz,gtdb,family,pH growth,pH,Environmental preferences,pH,OMP:0005008,BacDive=2025-07-29;JGI/GOLD=2025-07-29;JGI/GOLD/IMG=2025-07-29,915913853,Acetobacteraceae,NA,3.0,4.8,5.3304347826086955,8.25,group_2:exact=~pH,Primary signal: group_2 EXACTLY 'pH'.
F3,pH,no_predictions,gtdb_family_summary_no_predictions.tsv.gz,gtdb,family,pH maximum,pH,Environmental preferences,pH,OMP:0005008,BacDive=2025-07-29;JGI/GOLD/IMG=2025-07-29,915913853,Acetobacteraceae,NA,3.5,8.0,7.6816666666666675,10.5,group_2:exact=~pH,Primary signal: group_2 EXACTLY 'pH'.
F3,pH,no_predictions,gtdb_family_summary_no_predictions.tsv.gz,gtdb,family,pH minimum,pH,Environmental preferences,pH,OMP:0005008,BacDive=2025-07-29;JGI/GOLD/IMG=2025-07-29,915913853,Acetobacteraceae,NA,1.9,5.0,5.041666666666667,8.0,group_2:exact=~pH,Primary signal: group_2 EXACTLY 'pH'.
F3,pH,no_predictions,gtdb_family_summary_no_predictions.tsv.gz,gtdb,family,pH preference,factor,Environmental preferences,pH,OMP:0005008,BacDive=2025-07-29,915913853,Acetobacteraceae,No robust majority,NA,NA,NA,NA,group_2:exact=~pH,Primary signal: group_2 EXACTLY 'pH'.
F3,pH,no_predictions,gtdb_family_summary_no_predictions.tsv.gz,gtdb,family,pH growth,pH,Environmental preferences,pH,OMP:0005008,BacDive=2025-07-29,537360503,Acetohalobiaceae,NA,9.0,9.0,9.0,9.0,group_2:exact=~pH,Primary signal: group_2 EXACTLY 'pH'.
F3,pH,no_predictions,gtdb_family_summary_no_predictions.tsv.gz,gtdb,family,pH maximum,pH,Environmental preferences,pH,OMP:0005008,BacDive=2025-07-29,537360503,Acetohalobiaceae,NA,10.5,10.5,10.5,10.5,group_2:exact=~pH,Primary signal: group_2 EXACTLY 'pH'.
F3,pH,no_predictions,gtdb_family_summary_no_predictions.tsv.gz,gtdb,family,pH minimum,pH,Environmental preferences,pH,OMP:0005008,BacDive=2025-07-29,537360503,Acetohalobiaceae,NA,8.5,8.5,8.5,8.5,group_2:exact=~pH,Primary signal: group_2 EXACTLY 'pH'.
F3,pH,no_predictions,gtdb_family_summary_no_predictions.tsv.gz,gtdb,family,pH preference,factor,Environmental preferences,pH,OMP:0005008,BacDive=2025-07-29,537360503,Acetohalobiaceae,alkaliphile,NA,NA,NA,NA,group_2:exact=~pH,Primary signal: group_2 EXACTLY 'pH'.
F3,pH,no_predictions,gtdb_family_summary_no_predictions.tsv.gz,gtdb,family,pH maximum,pH,Environmental preferences,pH,OMP:0005008,BacDive=2025-07-29;JGI/GOLD/IMG=2025-07-29,1471551112,Acetomicrobiaceae,NA,7.3,8.1,8.025,8.6,group_2:exact=~pH,Primary signal: group_2 EXACTLY 'pH'.
F3,pH,no_predictions,gtdb_family_summary_no_predictions.tsv.gz,gtdb,family,pH minimum,pH,Environmental preferences,pH,OMP:0005008,BacDive=2025-07-29;JGI/GOLD/IMG=2025-07-29,1471551112,Acetomicrobiaceae,NA,5.5,6.05,6.15,7.0,group_2:exact=~pH,Primary signal: group_2 EXACTLY 'pH'.
F3,pH,no_predictions,gtdb_family_summary_no_predictions.tsv.gz,gtdb,family,pH preference,factor,Environmental preferences,pH,OMP:0005008,BacDive=2025-07-29,1471551112,Acetomicrobiaceae,alkaliphile,NA,NA,NA,NA,group_2:exact=~pH,Primary signal: group_2 EXACTLY 'pH'.
F3,pH,no_predictions,gtdb_family_summary_no_predictions.tsv.gz,gtdb,family,pH growth,pH,Environmental preferences,pH,OMP:0005008,JGI/GOLD/IMG=2025-07-29,1733949799,Acidaminobacteraceae,NA,7.0,7.0,7.0,7.0,group_2:exact=~pH,Primary signal: group_2 EXACTLY 'pH'.
F3,pH,no_predictions,gtdb_family_summary_no_predictions.tsv.gz,gtdb,family,pH maximum,pH,Environmental preferences,pH,OMP:0005008,JGI/GOLD/IMG=2025-07-29,1733949799,Acidaminobacteraceae,NA,8.0,8.0,8.0,8.0,group_2:exact=~pH,Primary signal: group_2 EXACTLY 'pH'.
F3,pH,no_predictions,gtdb_family_summary_no_predictions.tsv.gz,gtdb,family,pH minimum,pH,Environmental preferences,pH,OMP:0005008,JGI/GOLD/IMG=2025-07-29,1733949799,Acidaminobacteraceae,NA,5.7,5.7,5.7,5.7,group_2:exact=~pH,Primary signal: group_2 EXACTLY 'pH'.
F3,pH,no_predictions,gtdb_family_summary_no_predictions.tsv.gz,gtdb,family,pH growth,pH,Environmental preferences,pH,OMP:0005008,JGI/GOLD/IMG=2025-07-29,1860107176,Acidaminococcaceae,NA,7.0,7.0,7.0,7.0,group_2:exact=~pH,Primary signal: group_2 EXACTLY 'pH'.
F3,pH,no_predictions,gtdb_family_summary_no_predictions.tsv.gz,gtdb,family,pH growth,pH,Environmental preferences,pH,OMP:0005008,BacDive=2025-07-29,2105485286,Acidihalobacteraceae,NA,1.8,1.8,1.8,1.8,group_2:exact=~pH,Primary signal: group_2 EXACTLY 'pH'.
F3,pH,no_predictions,gtdb_family_summary_no_predictions.tsv.gz,gtdb,family,pH maximum,pH,Environmental preferences,pH,OMP:0005008,BacDive=2025-07-29,2105485286,Acidihalobacteraceae,NA,3.0,3.0,3.0,3.0,group_2:exact=~pH,Primary signal: group_2 EXACTLY 'pH'.
F3,pH,no_predictions,gtdb_family_summary_no_predictions.tsv.gz,gtdb,family,pH minimum,pH,Environmental preferences,pH,OMP:0005008,BacDive=2025-07-29,2105485286,Acidihalobacteraceae,NA,1.0,1.25,1.25,1.5,group_2:exact=~pH,Primary signal: group_2 EXACTLY 'pH'.
F3,pH,no_predictions,gtdb_family_summary_no_predictions.tsv.gz,gtdb,family,pH preference,factor,Environmental preferences,pH,OMP:0005008,BacDive=2025-07-29,2105485286,Acidihalobacteraceae,acidophile,NA,NA,NA,NA,group_2:exact=~pH,Primary signal: group_2 EXACTLY 'pH'.
F3,pH,no_predictions,gtdb_family_summary_no_predictions.tsv.gz,gtdb,family,pH growth,pH,Environmental preferences,pH,OMP:0005008,BacDive=2025-07-29;JGI/GOLD/IMG=2025-07-29,626102019,Acidilobaceae,NA,3.0,7.0,6.0,8.0,group_2:exact=~pH,Primary signal: group_2 EXACTLY 'pH'.
F3,pH,no_predictions,gtdb_family_summary_no_predictions.tsv.gz,gtdb,family,pH maximum,pH,Environmental preferences,pH,OMP:0005008,BacDive=2025-07-29;JGI/GOLD=2025-07-29;JGI/GOLD/IMG=2025-07-29,626102019,Acidilobaceae,NA,4.0,8.8,7.028571428571429,9.0,group_2:exact=~pH,Primary signal: group_2 EXACTLY 'pH'.
F3,pH,no_predictions,gtdb_family_summary_no_predictions.tsv.gz,gtdb,family,pH minimum,pH,Environmental preferences,pH,OMP:0005008,BacDive=2025-07-29;JGI/GOLD=2025-07-29;JGI/GOLD/IMG=2025-07-29,626102019,Acidilobaceae,NA,2.3,5.0,4.4,6.5,group_2:exact=~pH,Primary signal: group_2 EXACTLY 'pH'.
F3,pH,no_predictions,gtdb_family_summary_no_predictions.tsv.gz,gtdb,family,pH preference,factor,Environmental preferences,pH,OMP:0005008,BacDive=2025-07-29,626102019,Acidilobaceae,No robust majority,NA,NA,NA,NA,group_2:exact=~pH,Primary signal: group_2 EXACTLY 'pH'.
F3,pH,no_predictions,gtdb_family_summary_no_predictions.tsv.gz,gtdb,family,pH maximum,pH,Environmental preferences,pH,OMP:0005008,JGI/GOLD/IMG=2025-07-29,60301471,Acidilutibacteraceae,NA,8.0,8.0,8.0,8.0,group_2:exact=~pH,Primary signal: group_2 EXACTLY 'pH'.
F3,pH,no_predictions,gtdb_family_summary_no_predictions.tsv.gz,gtdb,family,pH minimum,pH,Environmental preferences,pH,OMP:0005008,JGI/GOLD/IMG=2025-07-29,60301471,Acidilutibacteraceae,NA,5.5,5.5,5.5,5.5,group_2:exact=~pH,Primary signal: group_2 EXACTLY 'pH'.
F3,pH,no_predictions,gtdb_family_summary_no_predictions.tsv.gz,gtdb,family,pH growth,pH,Environmental preferences,pH,OMP:0005008,JGI/GOLD/IMG=2025-07-29,494083113,Acidimicrobiaceae,NA,1.8,2.0,2.075,2.5,group_2:exact=~pH,Primary signal: group_2 EXACTLY 'pH'.
F3,pH,no_predictions,gtdb_family_summary_no_predictions.tsv.gz,gtdb,family,pH growth,pH,Environmental preferences,pH,OMP:0005008,BacDive=2025-07-29;JGI/GOLD=2025-07-29;JGI/GOLD/IMG=2025-07-29,727093411,Acidithiobacillaceae,NA,1.9,2.0,2.142857142857143,3.0,group_2:exact=~pH,Primary signal: group_2 EXACTLY 'pH'.
F3,pH,no_predictions,gtdb_family_summary_no_predictions.tsv.gz,gtdb,family,pH maximum,pH,Environmental preferences,pH,OMP:0005008,BacDive=2025-07-29;JGI/GOLD/IMG=2025-07-29,727093411,Acidithiobacillaceae,NA,4.0,4.5,5.166666666666667,7.0,group_2:exact=~pH,Primary signal: group_2 EXACTLY 'pH'.
F3,pH,no_predictions,gtdb_family_summary_no_predictions.tsv.gz,gtdb,family,pH minimum,pH,Environmental preferences,pH,OMP:0005008,BacDive=2025-07-29;JGI/GOLD/IMG=2025-07-29,727093411,Acidithiobacillaceae,NA,1.3,1.8,1.7,2.0,group_2:exact=~pH,Primary signal: group_2 EXACTLY 'pH'.
F3,pH,no_predictions,gtdb_family_summary_no_predictions.tsv.gz,gtdb,family,pH preference,factor,Environmental preferences,pH,OMP:0005008,BacDive=2025-07-29,727093411,Acidithiobacillaceae,acidophile,NA,NA,NA,NA,group_2:exact=~pH,Primary signal: group_2 EXACTLY 'pH'.
F3,pH,no_predictions,gtdb_family_summary_no_predictions.tsv.gz,gtdb,family,pH growth,pH,Environmental preferences,pH,OMP:0005008,BacDive=2025-07-29;JGI/GOLD/IMG=2025-07-29,354524460,Acidobacteriaceae,NA,4.1,5.25,5.3,6.5,group_2:exact=~pH,Primary signal: group_2 EXACTLY 'pH'.
F3,pH,no_predictions,gtdb_family_summary_no_predictions.tsv.gz,gtdb,family,pH maximum,pH,Environmental preferences,pH,OMP:0005008,BacDive=2025-07-29;JGI/GOLD=2025-07-29,354524460,Acidobacteriaceae,NA,4.5,6.5,6.325806451612903,8.5,group_2:exact=~pH,Primary signal: group_2 EXACTLY 'pH'.
F3,pH,no_predictions,gtdb_family_summary_no_predictions.tsv.gz,gtdb,family,pH minimum,pH,Environmental preferences,pH,OMP:0005008,BacDive=2025-07-29;JGI/GOLD=2025-07-29,354524460,Acidobacteriaceae,NA,3.0,3.8,3.861290322580645,6.0,group_2:exact=~pH,Primary signal: group_2 EXACTLY 'pH'.
F3,pH,no_predictions,gtdb_family_summary_no_predictions.tsv.gz,gtdb,family,pH preference,factor,Environmental preferences,pH,OMP:0005008,BacDive=2025-07-29,354524460,Acidobacteriaceae,acidophile,NA,NA,NA,NA,group_2:exact=~pH,Primary signal: group_2 EXACTLY 'pH'.
F3,pH,no_predictions,gtdb_family_summary_no_predictions.tsv.gz,gtdb,family,pH growth,pH,Environmental preferences,pH,OMP:0005008,BacDive=2025-07-29,2088988400,Acidothermaceae,NA,5.5,5.5,5.5,5.5,group_2:exact=~pH,Primary signal: group_2 EXACTLY 'pH'.
F3,pH,no_predictions,gtdb_family_summary_no_predictions.tsv.gz,gtdb,family,pH maximum,pH,Environmental preferences,pH,OMP:0005008,BacDive=2025-07-29;JGI/GOLD=2025-07-29;JGI/GOLD/IMG=2025-07-29,2088988400,Acidothermaceae,NA,6.0,6.0,6.0,6.0,group_2:exact=~pH,Primary signal: group_2 EXACTLY 'pH'.
F3,pH,no_predictions,gtdb_family_summary_no_predictions.tsv.gz,gtdb,family,pH minimum,pH,Environmental preferences,pH,OMP:0005008,BacDive=2025-07-29;JGI/GOLD=2025-07-29;JGI/GOLD/IMG=2025-07-29,2088988400,Acidothermaceae,NA,4.0,4.0,4.0,4.0,group_2:exact=~pH,Primary signal: group_2 EXACTLY 'pH'.
F3,pH,no_predictions,gtdb_family_summary_no_predictions.tsv.gz,gtdb,family,pH preference,factor,Environmental preferences,pH,OMP:0005008,BacDive=2025-07-29,2088988400,Acidothermaceae,acidophile,NA,NA,NA,NA,group_2:exact=~pH,Primary signal: group_2 EXACTLY 'pH'.
F4,salinity,all,gtdb_family_summary_all.tsv.gz,gtdb,family,growth: 6.5% NaCl,boolean,Metabolism,Growth,MICRO:0000989,Traitar:SPIREv1=8bd7d86,864477170,0-14-0-10-38-17,false,NA,NA,NA,NA,trait_name:contains~~growth: 6.5% NaCl,Primary signal: group_2=Salinity.
F4,salinity,all,gtdb_family_summary_all.tsv.gz,gtdb,family,salinity growth,% NaCl (w/v),Environmental preferences,Salinity,OMP:0005013,GenomeSPOT:SPIREv1=1.0.1,864477170,0-14-0-10-38-17,NA,0.0,0.699099535,0.8089732654642857,2.816482,group_2:contains~~Salinity,Primary signal: group_2=Salinity.
F4,salinity,all,gtdb_family_summary_all.tsv.gz,gtdb,family,salinity maximum,% NaCl (w/v),Environmental preferences,Salinity,OMP:0005013,GenomeSPOT:SPIREv1=1.0.1,864477170,0-14-0-10-38-17,NA,0.0,1.66878875,2.057836344642857,5.733285,group_2:contains~~Salinity,Primary signal: group_2=Salinity.
F4,salinity,all,gtdb_family_summary_all.tsv.gz,gtdb,family,salinity minimum,% NaCl (w/v),Environmental preferences,Salinity,OMP:0005013,GenomeSPOT:SPIREv1=1.0.1,864477170,0-14-0-10-38-17,NA,0.0,0.0,0.14624171764285715,1.3283404,group_2:contains~~Salinity,Primary signal: group_2=Salinity.
F4,salinity,all,gtdb_family_summary_all.tsv.gz,gtdb,family,growth: 6.5% NaCl,boolean,Metabolism,Growth,MICRO:0000989,Traitar:SPIREv1=8bd7d86,2070788780,0-14-0-20-30-16,false,NA,NA,NA,NA,trait_name:contains~~growth: 6.5% NaCl,Primary signal: group_2=Salinity.
F4,salinity,all,gtdb_family_summary_all.tsv.gz,gtdb,family,salinity growth,% NaCl (w/v),Environmental preferences,Salinity,OMP:0005013,GenomeSPOT:SPIREv1=1.0.1,2070788780,0-14-0-20-30-16,NA,0.0,1.0511723,1.374275957142857,5.47287,group_2:contains~~Salinity,Primary signal: group_2=Salinity.
F4,salinity,all,gtdb_family_summary_all.tsv.gz,gtdb,family,salinity maximum,% NaCl (w/v),Environmental preferences,Salinity,OMP:0005013,GenomeSPOT:SPIREv1=1.0.1,2070788780,0-14-0-20-30-16,NA,0.0,1.9282653,2.722250714285714,8.213022,group_2:contains~~Salinity,Primary signal: group_2=Salinity.
F4,salinity,all,gtdb_family_summary_all.tsv.gz,gtdb,family,salinity minimum,% NaCl (w/v),Environmental preferences,Salinity,OMP:0005013,GenomeSPOT:SPIREv1=1.0.1,2070788780,0-14-0-20-30-16,NA,0.0,0.0,0.8550698828571429,3.331245,group_2:contains~~Salinity,Primary signal: group_2=Salinity.
F4,salinity,all,gtdb_family_summary_all.tsv.gz,gtdb,family,growth: 6.5% NaCl,boolean,Metabolism,Growth,MICRO:0000989,Traitar:SPIREv1=8bd7d86,410678088,0-14-0-20-34-12,false,NA,NA,NA,NA,trait_name:contains~~growth: 6.5% NaCl,Primary signal: group_2=Salinity.
F4,salinity,all,gtdb_family_summary_all.tsv.gz,gtdb,family,salinity growth,% NaCl (w/v),Environmental preferences,Salinity,OMP:0005013,GenomeSPOT:SPIREv1=1.0.1,410678088,0-14-0-20-34-12,NA,0.0,0.10661406,0.10661406,0.21322812,group_2:contains~~Salinity,Primary signal: group_2=Salinity.
F4,salinity,all,gtdb_family_summary_all.tsv.gz,gtdb,family,salinity maximum,% NaCl (w/v),Environmental preferences,Salinity,OMP:0005013,GenomeSPOT:SPIREv1=1.0.1,410678088,0-14-0-20-34-12,NA,0.8212862,1.4695486999999998,1.4695486999999998,2.1178112,group_2:contains~~Salinity,Primary signal: group_2=Salinity.
F4,salinity,all,gtdb_family_summary_all.tsv.gz,gtdb,family,salinity minimum,% NaCl (w/v),Environmental preferences,Salinity,OMP:0005013,GenomeSPOT:SPIREv1=1.0.1,410678088,0-14-0-20-34-12,NA,0.0,0.0,0.0,0.0,group_2:contains~~Salinity,Primary signal: group_2=Salinity.
F4,salinity,all,gtdb_family_summary_all.tsv.gz,gtdb,family,growth: 6.5% NaCl,boolean,Metabolism,Growth,MICRO:0000989,Traitar:SPIREv1=8bd7d86,929049184,0-14-0-20-40-13,false,NA,NA,NA,NA,trait_name:contains~~growth: 6.5% NaCl,Primary signal: group_2=Salinity.
F4,salinity,all,gtdb_family_summary_all.tsv.gz,gtdb,family,salinity growth,% NaCl (w/v),Environmental preferences,Salinity,OMP:0005013,GenomeSPOT:SPIREv1=1.0.1,929049184,0-14-0-20-40-13,NA,0.0,0.0,0.0,0.0,group_2:contains~~Salinity,Primary signal: group_2=Salinity.
F4,salinity,all,gtdb_family_summary_all.tsv.gz,gtdb,family,salinity maximum,% NaCl (w/v),Environmental preferences,Salinity,OMP:0005013,GenomeSPOT:SPIREv1=1.0.1,929049184,0-14-0-20-40-13,NA,0.0,0.0,0.0,0.0,group_2:contains~~Salinity,Primary signal: group_2=Salinity.
F4,salinity,all,gtdb_family_summary_all.tsv.gz,gtdb,family,salinity minimum,% NaCl (w/v),Environmental preferences,Salinity,OMP:0005013,GenomeSPOT:SPIREv1=1.0.1,929049184,0-14-0-20-40-13,NA,0.0,0.0,0.0,0.0,group_2:contains~~Salinity,Primary signal: group_2=Salinity.
F4,salinity,all,gtdb_family_summary_all.tsv.gz,gtdb,family,growth: 6.5% NaCl,boolean,Metabolism,Growth,MICRO:0000989,Traitar:SPIREv1=8bd7d86,165559233,0-14-0-80-44-23,false,NA,NA,NA,NA,trait_name:contains~~growth: 6.5% NaCl,Primary signal: group_2=Salinity.
F4,salinity,all,gtdb_family_summary_all.tsv.gz,gtdb,family,salinity growth,% NaCl (w/v),Environmental preferences,Salinity,OMP:0005013,GenomeSPOT:SPIREv1=1.0.1,165559233,0-14-0-80-44-23,NA,0.5532276,1.2398692,1.3470202476923077,2.2120967,group_2:contains~~Salinity,Primary signal: group_2=Salinity.
F4,salinity,all,gtdb_family_summary_all.tsv.gz,gtdb,family,salinity maximum,% NaCl (w/v),Environmental preferences,Salinity,OMP:0005013,GenomeSPOT:SPIREv1=1.0.1,165559233,0-14-0-80-44-23,NA,2.100183,3.3284483,3.407602615384616,4.9663467,group_2:contains~~Salinity,Primary signal: group_2=Salinity.
F4,salinity,all,gtdb_family_summary_all.tsv.gz,gtdb,family,salinity minimum,% NaCl (w/v),Environmental preferences,Salinity,OMP:0005013,GenomeSPOT:SPIREv1=1.0.1,165559233,0-14-0-80-44-23,NA,0.0,0.0,0.26245391615384617,0.7203568,group_2:contains~~Salinity,Primary signal: group_2=Salinity.
F4,salinity,all,gtdb_family_summary_all.tsv.gz,gtdb,family,growth: 6.5% NaCl,boolean,Metabolism,Growth,MICRO:0000989,Traitar:proGenomes3=8bd7d86;Traitar:SPIREv1=8bd7d86,2057107470,0-14-0-80-59-12,No robust majority,NA,NA,NA,NA,trait_name:contains~~growth: 6.5% NaCl,Primary signal: group_2=Salinity.
F4,salinity,all,gtdb_family_summary_all.tsv.gz,gtdb,family,salinity growth,% NaCl (w/v),Environmental preferences,Salinity,OMP:0005013,GenomeSPOT:proGenomes3=1.0.1;GenomeSPOT:SPIREv1=1.0.1,2057107470,0-14-0-80-59-12,NA,0.0,0.7413166,0.6682057722222221,1.1155527,group_2:contains~~Salinity,Primary signal: group_2=Salinity.
F4,salinity,all,gtdb_family_summary_all.tsv.gz,gtdb,family,salinity maximum,% NaCl (w/v),Environmental preferences,Salinity,OMP:0005013,GenomeSPOT:proGenomes3=1.0.1;GenomeSPOT:SPIREv1=1.0.1,2057107470,0-14-0-80-59-12,NA,2.6441267,5.006882,4.5376098,5.7825994,group_2:contains~~Salinity,Primary signal: group_2=Salinity.
F4,salinity,all,gtdb_family_summary_all.tsv.gz,gtdb,family,salinity minimum,% NaCl (w/v),Environmental preferences,Salinity,OMP:0005013,GenomeSPOT:proGenomes3=1.0.1;GenomeSPOT:SPIREv1=1.0.1,2057107470,0-14-0-80-59-12,NA,0.58106786,0.80996466,0.8457550522222222,1.2487592,group_2:contains~~Salinity,Primary signal: group_2=Salinity.
F4,salinity,all,gtdb_family_summary_all.tsv.gz,gtdb,family,growth: 6.5% NaCl,boolean,Metabolism,Growth,MICRO:0000989,Traitar:SPIREv1=8bd7d86,980929432,0-14-0-80-60-11,false,NA,NA,NA,NA,trait_name:contains~~growth: 6.5% NaCl,Primary signal: group_2=Salinity.
F4,salinity,all,gtdb_family_summary_all.tsv.gz,gtdb,family,salinity growth,% NaCl (w/v),Environmental preferences,Salinity,OMP:0005013,GenomeSPOT:proGenomes3=1.0.1;GenomeSPOT:SPIREv1=1.0.1,980929432,0-14-0-80-60-11,NA,0.0,0.0,0.03452138278145695,3.075431,group_2:contains~~Salinity,Primary signal: group_2=Salinity.
F4,salinity,all,gtdb_family_summary_all.tsv.gz,gtdb,family,salinity maximum,% NaCl (w/v),Environmental preferences,Salinity,OMP:0005013,GenomeSPOT:proGenomes3=1.0.1;GenomeSPOT:SPIREv1=1.0.1,980929432,0-14-0-80-60-11,NA,0.0,0.0,0.04917869337748344,4.5626373,group_2:contains~~Salinity,Primary signal: group_2=Salinity.
F4,salinity,all,gtdb_family_summary_all.tsv.gz,gtdb,family,salinity minimum,% NaCl (w/v),Environmental preferences,Salinity,OMP:0005013,GenomeSPOT:proGenomes3=1.0.1;GenomeSPOT:SPIREv1=1.0.1,980929432,0-14-0-80-60-11,NA,0.0,0.0,0.008483479867549668,0.77776366,group_2:contains~~Salinity,Primary signal: group_2=Salinity.
F4,salinity,all,gtdb_family_summary_all.tsv.gz,gtdb,family,growth: 6.5% NaCl,boolean,Metabolism,Growth,MICRO:0000989,Traitar:SPIREv1=8bd7d86,495931365,01-FULL-45-15b,false,NA,NA,NA,NA,trait_name:contains~~growth: 6.5% NaCl,Primary signal: group_2=Salinity.
F4,salinity,all,gtdb_family_summary_all.tsv.gz,gtdb,family,salinity growth,% NaCl (w/v),Environmental preferences,Salinity,OMP:0005013,GenomeSPOT:SPIREv1=1.0.1,495931365,01-FULL-45-15b,NA,0.0,1.2693094,1.2809886666666668,2.5736566,group_2:contains~~Salinity,Primary signal: group_2=Salinity.
F4,salinity,all,gtdb_family_summary_all.tsv.gz,gtdb,family,salinity maximum,% NaCl (w/v),Environmental preferences,Salinity,OMP:0005013,GenomeSPOT:SPIREv1=1.0.1,495931365,01-FULL-45-15b,NA,0.4780881,5.165782,3.7287397,5.542349,group_2:contains~~Salinity,Primary signal: group_2=Salinity.
F4,salinity,all,gtdb_family_summary_all.tsv.gz,gtdb,family,salinity minimum,% NaCl (w/v),Environmental preferences,Salinity,OMP:0005013,GenomeSPOT:SPIREv1=1.0.1,495931365,01-FULL-45-15b,NA,0.27998257,0.29749355,0.4636451733333334,0.8134594,group_2:contains~~Salinity,Primary signal: group_2=Salinity.
F4,salinity,all,gtdb_family_summary_all.tsv.gz,gtdb,family,growth: 6.5% NaCl,boolean,Metabolism,Growth,MICRO:0000989,Traitar:SPIREv1=8bd7d86,1879272904,02-FULL-45-10c,false,NA,NA,NA,NA,trait_name:contains~~growth: 6.5% NaCl,Primary signal: group_2=Salinity.
F4,salinity,all,gtdb_family_summary_all.tsv.gz,gtdb,family,salinity growth,% NaCl (w/v),Environmental preferences,Salinity,OMP:0005013,GenomeSPOT:SPIREv1=1.0.1,1879272904,02-FULL-45-10c,NA,0.0,0.0,0.0717516290909091,1.4186649,group_2:contains~~Salinity,Primary signal: group_2=Salinity.
F4,salinity,all,gtdb_family_summary_all.tsv.gz,gtdb,family,salinity maximum,% NaCl (w/v),Environmental preferences,Salinity,OMP:0005013,GenomeSPOT:SPIREv1=1.0.1,1879272904,02-FULL-45-10c,NA,0.0,0.868884655,1.4590939390909092,5.7454515,group_2:contains~~Salinity,Primary signal: group_2=Salinity.
F4,salinity,all,gtdb_family_summary_all.tsv.gz,gtdb,family,salinity minimum,% NaCl (w/v),Environmental preferences,Salinity,OMP:0005013,GenomeSPOT:SPIREv1=1.0.1,1879272904,02-FULL-45-10c,NA,0.0,0.0,0.005530842272727272,0.12167853,group_2:contains~~Salinity,Primary signal: group_2=Salinity.
F4,salinity,all,gtdb_family_summary_all.tsv.gz,gtdb,family,growth: 6.5% NaCl,boolean,Metabolism,Growth,MICRO:0000989,Traitar:SPIREv1=8bd7d86,1109772479,1-14-0-10-31-34,false,NA,NA,NA,NA,trait_name:contains~~growth: 6.5% NaCl,Primary signal: group_2=Salinity.
F4,salinity,all,gtdb_family_summary_all.tsv.gz,gtdb,family,salinity growth,% NaCl (w/v),Environmental preferences,Salinity,OMP:0005013,GenomeSPOT:SPIREv1=1.0.1,1109772479,1-14-0-10-31-34,NA,2.41326,3.08734235,3.0120982499999998,3.4604483,group_2:contains~~Salinity,Primary signal: group_2=Salinity.
F4,salinity,all,gtdb_family_summary_all.tsv.gz,gtdb,family,salinity maximum,% NaCl (w/v),Environmental preferences,Salinity,OMP:0005013,GenomeSPOT:SPIREv1=1.0.1,1109772479,1-14-0-10-31-34,NA,5.911753,7.0734284,6.949319200000001,7.738667,group_2:contains~~Salinity,Primary signal: group_2=Salinity.
F4,salinity,all,gtdb_family_summary_all.tsv.gz,gtdb,family,salinity minimum,% NaCl (w/v),Environmental preferences,Salinity,OMP:0005013,GenomeSPOT:SPIREv1=1.0.1,1109772479,1-14-0-10-31-34,NA,0.0,0.71053605,0.591187875,0.9436794,group_2:contains~~Salinity,Primary signal: group_2=Salinity.
F4,salinity,all,gtdb_family_summary_all.tsv.gz,gtdb,family,growth: 6.5% NaCl,boolean,Metabolism,Growth,MICRO:0000989,Traitar:SPIREv1=8bd7d86,1729449137,1-14-0-10-40-38,false,NA,NA,NA,NA,trait_name:contains~~growth: 6.5% NaCl,Primary signal: group_2=Salinity.
F4,salinity,all,gtdb_family_summary_all.tsv.gz,gtdb,family,salinity growth,% NaCl (w/v),Environmental preferences,Salinity,OMP:0005013,GenomeSPOT:SPIREv1=1.0.1,1729449137,1-14-0-10-40-38,NA,0.0,0.0,0.2896139285714286,1.1098378,group_2:contains~~Salinity,Primary signal: group_2=Salinity.
F4,salinity,all,gtdb_family_summary_all.tsv.gz,gtdb,family,salinity maximum,% NaCl (w/v),Environmental preferences,Salinity,OMP:0005013,GenomeSPOT:SPIREv1=1.0.1,1729449137,1-14-0-10-40-38,NA,0.0,1.150355,1.1751624971428571,3.2790601,group_2:contains~~Salinity,Primary signal: group_2=Salinity.
F4,salinity,all,gtdb_family_summary_all.tsv.gz,gtdb,family,salinity minimum,% NaCl (w/v),Environmental preferences,Salinity,OMP:0005013,GenomeSPOT:SPIREv1=1.0.1,1729449137,1-14-0-10-40-38,NA,0.0,0.0,0.22897276857142854,0.8300372,group_2:contains~~Salinity,Primary signal: group_2=Salinity.
F4,salinity,all,gtdb_family_summary_all.tsv.gz,gtdb,family,growth: 6.5% NaCl,boolean,Metabolism,Growth,MICRO:0000989,Traitar:SPIREv1=8bd7d86,606509743,1-14-0-10-41-12,false,NA,NA,NA,NA,trait_name:contains~~growth: 6.5% NaCl,Primary signal: group_2=Salinity.
F4,salinity,all,gtdb_family_summary_all.tsv.gz,gtdb,family,salinity growth,% NaCl (w/v),Environmental preferences,Salinity,OMP:0005013,GenomeSPOT:SPIREv1=1.0.1,606509743,1-14-0-10-41-12,NA,1.2225409,2.01557505,2.01557505,2.8086092,group_2:contains~~Salinity,Primary signal: group_2=Salinity.
F4,salinity,all,gtdb_family_summary_all.tsv.gz,gtdb,family,salinity maximum,% NaCl (w/v),Environmental preferences,Salinity,OMP:0005013,GenomeSPOT:SPIREv1=1.0.1,606509743,1-14-0-10-41-12,NA,1.2430182,2.35416045,2.35416045,3.4653027,group_2:contains~~Salinity,Primary signal: group_2=Salinity.
F4,salinity,all,gtdb_family_summary_all.tsv.gz,gtdb,family,salinity minimum,% NaCl (w/v),Environmental preferences,Salinity,OMP:0005013,GenomeSPOT:SPIREv1=1.0.1,606509743,1-14-0-10-41-12,NA,0.7881042,0.8255485,0.8255485,0.8629928,group_2:contains~~Salinity,Primary signal: group_2=Salinity.
F4,salinity,all,gtdb_family_summary_all.tsv.gz,gtdb,family,growth: 6.5% NaCl,boolean,Metabolism,Growth,MICRO:0000989,Traitar:SPIREv1=8bd7d86,1223959005,1-14-0-10-42-12,false,NA,NA,NA,NA,trait_name:contains~~growth: 6.5% NaCl,Primary signal: group_2=Salinity.
F4,salinity,all,gtdb_family_summary_all.tsv.gz,gtdb,family,salinity growth,% NaCl (w/v),Environmental preferences,Salinity,OMP:0005013,GenomeSPOT:SPIREv1=1.0.1,1223959005,1-14-0-10-42-12,NA,4.3688884,4.6758056,4.6758056,4.9827228,group_2:contains~~Salinity,Primary signal: group_2=Salinity.
F4,salinity,no_predictions,gtdb_family_summary_no_predictions.tsv.gz,gtdb,family,salinity preference,factor,Environmental preferences,Salinity,OMP:0005013,BV-BRC=2025-07-29,149144555,AB-539-J10,halophile,NA,NA,NA,NA,group_2:contains~~Salinity,Primary signal: group_2=Salinity.
F4,salinity,no_predictions,gtdb_family_summary_no_predictions.tsv.gz,gtdb,family,salinity growth,% NaCl (w/v),Environmental preferences,Salinity,OMP:0005013,BacDive=2025-07-29,1775432467,Acetivibrionaceae,NA,0.4,1.1,1.1,1.8,group_2:contains~~Salinity,Primary signal: group_2=Salinity.
F4,salinity,no_predictions,gtdb_family_summary_no_predictions.tsv.gz,gtdb,family,salinity maximum,% NaCl (w/v),Environmental preferences,Salinity,OMP:0005013,BacDive=2025-07-29,1775432467,Acetivibrionaceae,NA,0.7,1.35,1.35,2.0,group_2:contains~~Salinity,Primary signal: group_2=Salinity.
F4,salinity,no_predictions,gtdb_family_summary_no_predictions.tsv.gz,gtdb,family,salinity minimum,% NaCl (w/v),Environmental preferences,Salinity,OMP:0005013,BacDive=2025-07-29,1775432467,Acetivibrionaceae,NA,0.0,0.0,0.0,0.0,group_2:contains~~Salinity,Primary signal: group_2=Salinity.
F4,salinity,no_predictions,gtdb_family_summary_no_predictions.tsv.gz,gtdb,family,salinity preference,factor,Environmental preferences,Salinity,OMP:0005013,JGI/GOLD/IMG=2025-07-29,1775432467,Acetivibrionaceae,halophile,NA,NA,NA,NA,group_2:contains~~Salinity,Primary signal: group_2=Salinity.
F4,salinity,no_predictions,gtdb_family_summary_no_predictions.tsv.gz,gtdb,family,salinity growth,% NaCl (w/v),Environmental preferences,Salinity,OMP:0005013,BacDive=2025-07-29,915913853,Acetobacteraceae,NA,0.0,0.0,0.4166666666666667,3.0,group_2:contains~~Salinity,Primary signal: group_2=Salinity.
F4,salinity,no_predictions,gtdb_family_summary_no_predictions.tsv.gz,gtdb,family,salinity maximum,% NaCl (w/v),Environmental preferences,Salinity,OMP:0005013,BacDive=2025-07-29,915913853,Acetobacteraceae,NA,0.5,2.0,2.5,10.0,group_2:contains~~Salinity,Primary signal: group_2=Salinity.
F4,salinity,no_predictions,gtdb_family_summary_no_predictions.tsv.gz,gtdb,family,salinity minimum,% NaCl (w/v),Environmental preferences,Salinity,OMP:0005013,BacDive=2025-07-29,915913853,Acetobacteraceae,NA,0.0,0.0,0.13157894736842105,1.0,group_2:contains~~Salinity,Primary signal: group_2=Salinity.
F4,salinity,no_predictions,gtdb_family_summary_no_predictions.tsv.gz,gtdb,family,salinity preference,factor,Environmental preferences,Salinity,OMP:0005013,BV-BRC=2025-07-29;JGI/GOLD/IMG=2025-07-29,915913853,Acetobacteraceae,No robust majority,NA,NA,NA,NA,group_2:contains~~Salinity,Primary signal: group_2=Salinity.
F4,salinity,no_predictions,gtdb_family_summary_no_predictions.tsv.gz,gtdb,family,salinity growth,% NaCl (w/v),Environmental preferences,Salinity,OMP:0005013,BacDive=2025-07-29,537360503,Acetohalobiaceae,NA,7.75,7.75,7.75,7.75,group_2:contains~~Salinity,Primary signal: group_2=Salinity.
F4,salinity,no_predictions,gtdb_family_summary_no_predictions.tsv.gz,gtdb,family,salinity maximum,% NaCl (w/v),Environmental preferences,Salinity,OMP:0005013,BacDive=2025-07-29,537360503,Acetohalobiaceae,NA,14.0,14.0,14.0,14.0,group_2:contains~~Salinity,Primary signal: group_2=Salinity.
F4,salinity,no_predictions,gtdb_family_summary_no_predictions.tsv.gz,gtdb,family,salinity minimum,% NaCl (w/v),Environmental preferences,Salinity,OMP:0005013,BacDive=2025-07-29,537360503,Acetohalobiaceae,NA,0.0,0.0,0.0,0.0,group_2:contains~~Salinity,Primary signal: group_2=Salinity.
F4,salinity,no_predictions,gtdb_family_summary_no_predictions.tsv.gz,gtdb,family,salinity preference,factor,Environmental preferences,Salinity,OMP:0005013,BV-BRC=2025-07-29;JGI/GOLD/IMG=2025-07-29,537360503,Acetohalobiaceae,halophile,NA,NA,NA,NA,group_2:contains~~Salinity,Primary signal: group_2=Salinity.
F4,salinity,no_predictions,gtdb_family_summary_no_predictions.tsv.gz,gtdb,family,salinity growth,% NaCl (w/v),Environmental preferences,Salinity,OMP:0005013,BacDive=2025-07-29,1471551112,Acetomicrobiaceae,NA,1.0,1.0,1.0,1.0,group_2:contains~~Salinity,Primary signal: group_2=Salinity.
F4,salinity,no_predictions,gtdb_family_summary_no_predictions.tsv.gz,gtdb,family,salinity maximum,% NaCl (w/v),Environmental preferences,Salinity,OMP:0005013,BacDive=2025-07-29,1471551112,Acetomicrobiaceae,NA,2.0,2.0,2.0,2.0,group_2:contains~~Salinity,Primary signal: group_2=Salinity.
F4,salinity,no_predictions,gtdb_family_summary_no_predictions.tsv.gz,gtdb,family,salinity minimum,% NaCl (w/v),Environmental preferences,Salinity,OMP:0005013,BacDive=2025-07-29,1471551112,Acetomicrobiaceae,NA,0.0,0.0,0.0,0.0,group_2:contains~~Salinity,Primary signal: group_2=Salinity.
F4,salinity,no_predictions,gtdb_family_summary_no_predictions.tsv.gz,gtdb,family,salinity preference,factor,Environmental preferences,Salinity,OMP:0005013,BV-BRC=2025-07-29,1029517523,Acholeplasmataceae,non-halophilic,NA,NA,NA,NA,group_2:contains~~Salinity,Primary signal: group_2=Salinity.
F4,salinity,no_predictions,gtdb_family_summary_no_predictions.tsv.gz,gtdb,family,salinity preference,factor,Environmental preferences,Salinity,OMP:0005013,JGI/GOLD/IMG=2025-07-29,1733949799,Acidaminobacteraceae,halotolerant,NA,NA,NA,NA,group_2:contains~~Salinity,Primary signal: group_2=Salinity.
F4,salinity,no_predictions,gtdb_family_summary_no_predictions.tsv.gz,gtdb,family,salinity growth,% NaCl (w/v),Environmental preferences,Salinity,OMP:0005013,BacDive=2025-07-29,2105485286,Acidihalobacteraceae,NA,2.501232,2.501232,2.501232,2.501232,group_2:contains~~Salinity,Primary signal: group_2=Salinity.
F4,salinity,no_predictions,gtdb_family_summary_no_predictions.tsv.gz,gtdb,family,salinity maximum,% NaCl (w/v),Environmental preferences,Salinity,OMP:0005013,BacDive=2025-07-29,2105485286,Acidihalobacteraceae,NA,5.002464,6.250158,6.250158,7.497852,group_2:contains~~Salinity,Primary signal: group_2=Salinity.
F4,salinity,no_predictions,gtdb_family_summary_no_predictions.tsv.gz,gtdb,family,salinity minimum,% NaCl (w/v),Environmental preferences,Salinity,OMP:0005013,BacDive=2025-07-29,2105485286,Acidihalobacteraceae,NA,0.35064,0.35064,0.35064,0.35064,group_2:contains~~Salinity,Primary signal: group_2=Salinity.
F4,salinity,no_predictions,gtdb_family_summary_no_predictions.tsv.gz,gtdb,family,salinity growth,% NaCl (w/v),Environmental preferences,Salinity,OMP:0005013,BacDive=2025-07-29,626102019,Acidilobaceae,NA,1.5,1.5,1.5,1.5,group_2:contains~~Salinity,Primary signal: group_2=Salinity.
F4,salinity,no_predictions,gtdb_family_summary_no_predictions.tsv.gz,gtdb,family,salinity preference,factor,Environmental preferences,Salinity,OMP:0005013,JGI/GOLD/IMG=2025-07-29,60301471,Acidilutibacteraceae,halophile,NA,NA,NA,NA,group_2:contains~~Salinity,Primary signal: group_2=Salinity.
F4,salinity,no_predictions,gtdb_family_summary_no_predictions.tsv.gz,gtdb,family,salinity growth,% NaCl (w/v),Environmental preferences,Salinity,OMP:0005013,BacDive=2025-07-29,354524460,Acidobacteriaceae,NA,0.0,1.5,1.85,3.5,group_2:contains~~Salinity,Primary signal: group_2=Salinity.
F4,salinity,no_predictions,gtdb_family_summary_no_predictions.tsv.gz,gtdb,family,salinity maximum,% NaCl (w/v),Environmental preferences,Salinity,OMP:0005013,BacDive=2025-07-29,354524460,Acidobacteriaceae,NA,0.4,1.0,1.5444444444444445,3.0,group_2:contains~~Salinity,Primary signal: group_2=Salinity.
F4,salinity,no_predictions,gtdb_family_summary_no_predictions.tsv.gz,gtdb,family,salinity minimum,% NaCl (w/v),Environmental preferences,Salinity,OMP:0005013,BacDive=2025-07-29,354524460,Acidobacteriaceae,NA,0.0,0.0,0.0,0.0,group_2:contains~~Salinity,Primary signal: group_2=Salinity.
F4,salinity,no_predictions,gtdb_family_summary_no_predictions.tsv.gz,gtdb,family,salinity growth,% NaCl (w/v),Environmental preferences,Salinity,OMP:0005013,BacDive=2025-07-29,300353966,Actinomycetaceae,NA,0.0,0.5,2.0,10.0,group_2:contains~~Salinity,Primary signal: group_2=Salinity.
F4,salinity,no_predictions,gtdb_family_summary_no_predictions.tsv.gz,gtdb,family,salinity maximum,% NaCl (w/v),Environmental preferences,Salinity,OMP:0005013,BacDive=2025-07-29,300353966,Actinomycetaceae,NA,1.0,2.0,3.8125,15.0,group_2:contains~~Salinity,Primary signal: group_2=Salinity.
F4,salinity,no_predictions,gtdb_family_summary_no_predictions.tsv.gz,gtdb,family,salinity minimum,% NaCl (w/v),Environmental preferences,Salinity,OMP:0005013,BacDive=2025-07-29,300353966,Actinomycetaceae,NA,0.0,0.0,0.08490566037735849,2.0,group_2:contains~~Salinity,Primary signal: group_2=Salinity.
F4,salinity,no_predictions,gtdb_family_summary_no_predictions.tsv.gz,gtdb,family,salinity preference,factor,Environmental preferences,Salinity,OMP:0005013,JGI/GOLD/IMG=2025-07-29,300353966,Actinomycetaceae,halophile,NA,NA,NA,NA,group_2:contains~~Salinity,Primary signal: group_2=Salinity.
F4,salinity,no_predictions,gtdb_family_summary_no_predictions.tsv.gz,gtdb,family,salinity growth,% NaCl (w/v),Environmental preferences,Salinity,OMP:0005013,BacDive=2025-07-29,534118293,Actinopolymorphaceae,NA,0.0,2.5,3.0,7.0,group_2:contains~~Salinity,Primary signal: group_2=Salinity.
F4,salinity,no_predictions,gtdb_family_summary_no_predictions.tsv.gz,gtdb,family,salinity maximum,% NaCl (w/v),Environmental preferences,Salinity,OMP:0005013,BacDive=2025-07-29,534118293,Actinopolymorphaceae,NA,2.0,3.25,3.5,5.0,group_2:contains~~Salinity,Primary signal: group_2=Salinity.
F4,salinity,no_predictions,gtdb_family_summary_no_predictions.tsv.gz,gtdb,family,salinity minimum,% NaCl (w/v),Environmental preferences,Salinity,OMP:0005013,BacDive=2025-07-29,534118293,Actinopolymorphaceae,NA,0.0,0.0,0.0,0.0,group_2:contains~~Salinity,Primary signal: group_2=Salinity.
F4,salinity,no_predictions,gtdb_family_summary_no_predictions.tsv.gz,gtdb,family,salinity preference,factor,Environmental preferences,Salinity,OMP:0005013,JGI/GOLD/IMG=2025-07-29,726709100,Acutalibacteraceae,halotolerant,NA,NA,NA,NA,group_2:contains~~Salinity,Primary signal: group_2=Salinity.
F4,salinity,no_predictions,gtdb_family_summary_no_predictions.tsv.gz,gtdb,family,salinity growth,% NaCl (w/v),Environmental preferences,Salinity,OMP:0005013,BacDive=2025-07-29,418417608,Aeribacillaceae,NA,3.0,3.0,4.0,6.0,group_2:contains~~Salinity,Primary signal: group_2=Salinity.
F4,salinity,no_predictions,gtdb_family_summary_no_predictions.tsv.gz,gtdb,family,salinity maximum,% NaCl (w/v),Environmental preferences,Salinity,OMP:0005013,BacDive=2025-07-29,418417608,Aeribacillaceae,NA,4.0,9.0,8.666666666666666,13.0,group_2:contains~~Salinity,Primary signal: group_2=Salinity.
F4,salinity,no_predictions,gtdb_family_summary_no_predictions.tsv.gz,gtdb,family,salinity minimum,% NaCl (w/v),Environmental preferences,Salinity,OMP:0005013,BacDive=2025-07-29,418417608,Aeribacillaceae,NA,0.0,2.0,1.6666666666666667,3.0,group_2:contains~~Salinity,Primary signal: group_2=Salinity.
F4,salinity,no_predictions,gtdb_family_summary_no_predictions.tsv.gz,gtdb,family,salinity growth,% NaCl (w/v),Environmental preferences,Salinity,OMP:0005013,BacDive=2025-07-29,488720778,Aerococcaceae,NA,2.0,6.5,6.5,11.0,group_2:contains~~Salinity,Primary signal: group_2=Salinity.
F4,salinity,no_predictions,gtdb_family_summary_no_predictions.tsv.gz,gtdb,family,salinity maximum,% NaCl (w/v),Environmental preferences,Salinity,OMP:0005013,BacDive=2025-07-29,488720778,Aerococcaceae,NA,2.0,4.5,4.857142857142857,6.5,group_2:contains~~Salinity,Primary signal: group_2=Salinity.
F4,salinity,no_predictions,gtdb_family_summary_no_predictions.tsv.gz,gtdb,family,salinity minimum,% NaCl (w/v),Environmental preferences,Salinity,OMP:0005013,BacDive=2025-07-29,488720778,Aerococcaceae,NA,0.0,0.5,0.4,0.5,group_2:contains~~Salinity,Primary signal: group_2=Salinity.
F4,salinity,no_predictions,gtdb_family_summary_no_predictions.tsv.gz,gtdb,family,salinity preference,factor,Environmental preferences,Salinity,OMP:0005013,JGI/GOLD/IMG=2025-07-29,488720778,Aerococcaceae,halophile,NA,NA,NA,NA,group_2:contains~~Salinity,Primary signal: group_2=Salinity.
F4,salinity,no_predictions,gtdb_family_summary_no_predictions.tsv.gz,gtdb,family,salinity growth,% NaCl (w/v),Environmental preferences,Salinity,OMP:0005013,BacDive=2025-07-29,1388292156,Aeromonadaceae,NA,3.0,3.0,3.0,3.0,group_2:contains~~Salinity,Primary signal: group_2=Salinity.
F4,salinity,no_predictions,gtdb_family_summary_no_predictions.tsv.gz,gtdb,family,salinity maximum,% NaCl (w/v),Environmental preferences,Salinity,OMP:0005013,BacDive=2025-07-29,1388292156,Aeromonadaceae,NA,2.0,4.0,4.809523809523809,14.0,group_2:contains~~Salinity,Primary signal: group_2=Salinity.
F4,salinity,no_predictions,gtdb_family_summary_no_predictions.tsv.gz,gtdb,family,salinity minimum,% NaCl (w/v),Environmental preferences,Salinity,OMP:0005013,BacDive=2025-07-29,1388292156,Aeromonadaceae,NA,0.0,0.0,0.28205128205128205,2.0,group_2:contains~~Salinity,Primary signal: group_2=Salinity.
F4,salinity,no_predictions,gtdb_family_summary_no_predictions.tsv.gz,gtdb,family,salinity preference,factor,Environmental preferences,Salinity,OMP:0005013,BV-BRC=2025-07-29;JGI/GOLD=2025-07-29;JGI/GOLD/IMG=2025-07-29,1388292156,Aeromonadaceae,No robust majority,NA,NA,NA,NA,group_2:contains~~Salinity,Primary signal: group_2=Salinity.
F4,salinity,no_predictions,gtdb_family_summary_no_predictions.tsv.gz,gtdb,family,salinity growth,% NaCl (w/v),Environmental preferences,Salinity,OMP:0005013,BacDive=2025-07-29,1529274800,Afifellaceae,NA,2.0,2.0,2.0,2.0,group_2:contains~~Salinity,Primary signal: group_2=Salinity.
F4,salinity,no_predictions,gtdb_family_summary_no_predictions.tsv.gz,gtdb,family,salinity maximum,% NaCl (w/v),Environmental preferences,Salinity,OMP:0005013,BacDive=2025-07-29,1529274800,Afifellaceae,NA,2.0,5.0,5.666666666666667,10.0,group_2:contains~~Salinity,Primary signal: group_2=Salinity.
F4,salinity,no_predictions,gtdb_family_summary_no_predictions.tsv.gz,gtdb,family,salinity minimum,% NaCl (w/v),Environmental preferences,Salinity,OMP:0005013,BacDive=2025-07-29,1529274800,Afifellaceae,NA,0.0,0.0,0.3333333333333333,1.0,group_2:contains~~Salinity,Primary signal: group_2=Salinity.
F4,salinity,no_predictions,gtdb_family_summary_no_predictions.tsv.gz,gtdb,family,salinity preference,factor,Environmental preferences,Salinity,OMP:0005013,JGI/GOLD/IMG=2025-07-29,1529274800,Afifellaceae,No robust majority,NA,NA,NA,NA,group_2:contains~~Salinity,Primary signal: group_2=Salinity.
F4,salinity,no_predictions,gtdb_family_summary_no_predictions.tsv.gz,gtdb,family,salinity growth,% NaCl (w/v),Environmental preferences,Salinity,OMP:0005013,BacDive=2025-07-29,980979208,Aggregatilineaceae,NA,0.5,0.5,0.5,0.5,group_2:contains~~Salinity,Primary signal: group_2=Salinity.
F6,respiration_electron_acceptor,all,gtdb_family_summary_all.tsv.gz,gtdb,family,ammonification: nitrate,boolean,Metabolism,Ammonification,GO:0071941;CHEBI:17632,MICROPHERRET:SPIREv1=fd21931,864477170,0-14-0-10-38-17,false,NA,NA,NA,NA,group_2:contains~~Ammonification,"group_2 in {Electron acceptor, Respiration, Denitrification, Reduction, Nitrification, Ammonification}."
F6,respiration_electron_acceptor,all,gtdb_family_summary_all.tsv.gz,gtdb,family,ammonification: nitrite,boolean,Metabolism,Ammonification,GO:0071941;CHEBI:16301,MICROPHERRET:SPIREv1=fd21931,864477170,0-14-0-10-38-17,false,NA,NA,NA,NA,group_2:contains~~Ammonification,"group_2 in {Electron acceptor, Respiration, Denitrification, Reduction, Nitrification, Ammonification}."
F6,respiration_electron_acceptor,all,gtdb_family_summary_all.tsv.gz,gtdb,family,denitrification: nitrate,boolean,Metabolism,Denitrification,GO:0019333;CHEBI:17632,MICROPHERRET:SPIREv1=fd21931,864477170,0-14-0-10-38-17,false,NA,NA,NA,NA,group_2:contains~~Denitrification,"group_2 in {Electron acceptor, Respiration, Denitrification, Reduction, Nitrification, Ammonification}."
F6,respiration_electron_acceptor,all,gtdb_family_summary_all.tsv.gz,gtdb,family,denitrification: nitrite,boolean,Metabolism,Denitrification,GO:0019333;CHEBI:16301,MICROPHERRET:SPIREv1=fd21931,864477170,0-14-0-10-38-17,false,NA,NA,NA,NA,group_2:contains~~Denitrification,"group_2 in {Electron acceptor, Respiration, Denitrification, Reduction, Nitrification, Ammonification}."
F6,respiration_electron_acceptor,all,gtdb_family_summary_all.tsv.gz,gtdb,family,denitrification: nitrous oxide,boolean,Metabolism,Denitrification,GO:0019333;SNOMED:111132001,MICROPHERRET:SPIREv1=fd21931,864477170,0-14-0-10-38-17,false,NA,NA,NA,NA,group_2:contains~~Denitrification,"group_2 in {Electron acceptor, Respiration, Denitrification, Reduction, Nitrification, Ammonification}."
F6,respiration_electron_acceptor,all,gtdb_family_summary_all.tsv.gz,gtdb,family,denitrification pathway,boolean,Metabolism,Denitrification,GO:0019333,MICROPHERRET:SPIREv1=fd21931,864477170,0-14-0-10-38-17,false,NA,NA,NA,NA,group_2:contains~~Denitrification,"group_2 in {Electron acceptor, Respiration, Denitrification, Reduction, Nitrification, Ammonification}."
F6,respiration_electron_acceptor,all,gtdb_family_summary_all.tsv.gz,gtdb,family,electron acceptor: arsenate,boolean,Metabolism,Electron acceptor,CHEBI:17654;CHEBI:29125,MICROPHERRET:SPIREv1=fd21931,864477170,0-14-0-10-38-17,false,NA,NA,NA,NA,group_2:contains~~Electron acceptor,"group_2 in {Electron acceptor, Respiration, Denitrification, Reduction, Nitrification, Ammonification}."
F6,respiration_electron_acceptor,all,gtdb_family_summary_all.tsv.gz,gtdb,family,electron acceptor: elemental sulfur,boolean,Metabolism,Electron acceptor,CHEBI:17654;CHEBI:33403,MICROPHERRET:SPIREv1=fd21931,864477170,0-14-0-10-38-17,false,NA,NA,NA,NA,group_2:contains~~Electron acceptor,"group_2 in {Electron acceptor, Respiration, Denitrification, Reduction, Nitrification, Ammonification}."
F6,respiration_electron_acceptor,all,gtdb_family_summary_all.tsv.gz,gtdb,family,electron acceptor: fumarate,boolean,Metabolism,Electron acceptor,CHEBI:17654;CHEBI:29806,MICROPHERRET:SPIREv1=fd21931,864477170,0-14-0-10-38-17,false,NA,NA,NA,NA,group_2:contains~~Electron acceptor,"group_2 in {Electron acceptor, Respiration, Denitrification, Reduction, Nitrification, Ammonification}."
F6,respiration_electron_acceptor,all,gtdb_family_summary_all.tsv.gz,gtdb,family,electron acceptor: manganese,boolean,Metabolism,Electron acceptor,CHEBI:17654;CHEBI:18291,MICROPHERRET:SPIREv1=fd21931,864477170,0-14-0-10-38-17,false,NA,NA,NA,NA,group_2:contains~~Electron acceptor,"group_2 in {Electron acceptor, Respiration, Denitrification, Reduction, Nitrification, Ammonification}."
F6,respiration_electron_acceptor,all,gtdb_family_summary_all.tsv.gz,gtdb,family,electron acceptor: nitrate,boolean,Metabolism,Electron acceptor,CHEBI:17654;CHEBI:17632,MICROPHERRET:SPIREv1=fd21931,864477170,0-14-0-10-38-17,false,NA,NA,NA,NA,group_2:contains~~Electron acceptor,"group_2 in {Electron acceptor, Respiration, Denitrification, Reduction, Nitrification, Ammonification}."
F6,respiration_electron_acceptor,all,gtdb_family_summary_all.tsv.gz,gtdb,family,electron acceptor: nitrite,boolean,Metabolism,Electron acceptor,CHEBI:17654;CHEBI:16301,MICROPHERRET:SPIREv1=fd21931,864477170,0-14-0-10-38-17,false,NA,NA,NA,NA,group_2:contains~~Electron acceptor,"group_2 in {Electron acceptor, Respiration, Denitrification, Reduction, Nitrification, Ammonification}."
F6,respiration_electron_acceptor,all,gtdb_family_summary_all.tsv.gz,gtdb,family,electron acceptor: sulfate,boolean,Metabolism,Electron acceptor,CHEBI:17654;CHEBI:16189,MICROPHERRET:SPIREv1=fd21931,864477170,0-14-0-10-38-17,false,NA,NA,NA,NA,group_2:contains~~Electron acceptor,"group_2 in {Electron acceptor, Respiration, Denitrification, Reduction, Nitrification, Ammonification}."
F6,respiration_electron_acceptor,all,gtdb_family_summary_all.tsv.gz,gtdb,family,electron acceptor: sulfite,boolean,Metabolism,Electron acceptor,CHEBI:17654;CHEBI:17359,MICROPHERRET:SPIREv1=fd21931,864477170,0-14-0-10-38-17,false,NA,NA,NA,NA,group_2:contains~~Electron acceptor,"group_2 in {Electron acceptor, Respiration, Denitrification, Reduction, Nitrification, Ammonification}."
F6,respiration_electron_acceptor,all,gtdb_family_summary_all.tsv.gz,gtdb,family,electron acceptor: sulfur compounds,boolean,Metabolism,Electron acceptor,CHEBI:17654;CHEBI:26833,MICROPHERRET:SPIREv1=fd21931,864477170,0-14-0-10-38-17,false,NA,NA,NA,NA,group_2:contains~~Electron acceptor,"group_2 in {Electron acceptor, Respiration, Denitrification, Reduction, Nitrification, Ammonification}."
F6,respiration_electron_acceptor,all,gtdb_family_summary_all.tsv.gz,gtdb,family,electron acceptor: thiosulfate,boolean,Metabolism,Electron acceptor,CHEBI:17654;CHEBI:16094,MICROPHERRET:SPIREv1=fd21931,864477170,0-14-0-10-38-17,false,NA,NA,NA,NA,group_2:contains~~Electron acceptor,"group_2 in {Electron acceptor, Respiration, Denitrification, Reduction, Nitrification, Ammonification}."
F6,respiration_electron_acceptor,all,gtdb_family_summary_all.tsv.gz,gtdb,family,nitrification,boolean,Metabolism,Nitrification,OMIT:0027217,MICROPHERRET:SPIREv1=fd21931,864477170,0-14-0-10-38-17,false,NA,NA,NA,NA,group_2:contains~~Nitrification,"group_2 in {Electron acceptor, Respiration, Denitrification, Reduction, Nitrification, Ammonification}."
F6,respiration_electron_acceptor,all,gtdb_family_summary_all.tsv.gz,gtdb,family,nitrogen fixation,boolean,Metabolism,Ammonification,GO:0009399,MICROPHERRET:SPIREv1=fd21931,864477170,0-14-0-10-38-17,false,NA,NA,NA,NA,group_2:contains~~Ammonification,"group_2 in {Electron acceptor, Respiration, Denitrification, Reduction, Nitrification, Ammonification}."
F6,respiration_electron_acceptor,all,gtdb_family_summary_all.tsv.gz,gtdb,family,reduction: arsenate,boolean,Metabolism,Reduction,GO:0055114;CHEBI:29125,MICROPHERRET:SPIREv1=fd21931,864477170,0-14-0-10-38-17,false,NA,NA,NA,NA,group_2:contains~~Reduction,"group_2 in {Electron acceptor, Respiration, Denitrification, Reduction, Nitrification, Ammonification}."
F6,respiration_electron_acceptor,all,gtdb_family_summary_all.tsv.gz,gtdb,family,reduction: arsenate detoxification,boolean,Metabolism,Reduction,GO:0055114;CHEBI:29125,MICROPHERRET:SPIREv1=fd21931,864477170,0-14-0-10-38-17,false,NA,NA,NA,NA,group_2:contains~~Reduction,"group_2 in {Electron acceptor, Respiration, Denitrification, Reduction, Nitrification, Ammonification}."
F6,respiration_electron_acceptor,all,gtdb_family_summary_all.tsv.gz,gtdb,family,reduction: chlorate,boolean,Metabolism,Reduction,GO:0055114;CHEBI:49709,MICROPHERRET:SPIREv1=fd21931,864477170,0-14-0-10-38-17,false,NA,NA,NA,NA,group_2:contains~~Reduction,"group_2 in {Electron acceptor, Respiration, Denitrification, Reduction, Nitrification, Ammonification}."
F6,respiration_electron_acceptor,all,gtdb_family_summary_all.tsv.gz,gtdb,family,reduction: nitrate,boolean,Metabolism,Reduction,GO:0055114;CHEBI:17632,MICROPHERRET:SPIREv1=fd21931;Traitar:SPIREv1=8bd7d86,864477170,0-14-0-10-38-17,false,NA,NA,NA,NA,group_2:contains~~Reduction,"group_2 in {Electron acceptor, Respiration, Denitrification, Reduction, Nitrification, Ammonification}."
F6,respiration_electron_acceptor,all,gtdb_family_summary_all.tsv.gz,gtdb,family,reduction: nitrite,boolean,Metabolism,Reduction,GO:0055114;CHEBI:16301,Traitar:SPIREv1=8bd7d86,864477170,0-14-0-10-38-17,false,NA,NA,NA,NA,group_2:contains~~Reduction,"group_2 in {Electron acceptor, Respiration, Denitrification, Reduction, Nitrification, Ammonification}."
F6,respiration_electron_acceptor,all,gtdb_family_summary_all.tsv.gz,gtdb,family,respiration: iron,boolean,Metabolism,Respiration,GO:0009061;CHEBI:82663,MICROPHERRET:SPIREv1=fd21931,864477170,0-14-0-10-38-17,false,NA,NA,NA,NA,group_2:contains~~Respiration,"group_2 in {Electron acceptor, Respiration, Denitrification, Reduction, Nitrification, Ammonification}."
F6,respiration_electron_acceptor,all,gtdb_family_summary_all.tsv.gz,gtdb,family,respiration: nitrogen,boolean,Metabolism,Respiration,GO:0045333;CHEBI:33267,MICROPHERRET:SPIREv1=fd21931,864477170,0-14-0-10-38-17,false,NA,NA,NA,NA,group_2:contains~~Respiration,"group_2 in {Electron acceptor, Respiration, Denitrification, Reduction, Nitrification, Ammonification}."
F6,respiration_electron_acceptor,all,gtdb_family_summary_all.tsv.gz,gtdb,family,ammonification: nitrate,boolean,Metabolism,Ammonification,GO:0071941;CHEBI:17632,MICROPHERRET:SPIREv1=fd21931,2070788780,0-14-0-20-30-16,false,NA,NA,NA,NA,group_2:contains~~Ammonification,"group_2 in {Electron acceptor, Respiration, Denitrification, Reduction, Nitrification, Ammonification}."
F6,respiration_electron_acceptor,all,gtdb_family_summary_all.tsv.gz,gtdb,family,ammonification: nitrite,boolean,Metabolism,Ammonification,GO:0071941;CHEBI:16301,MICROPHERRET:SPIREv1=fd21931,2070788780,0-14-0-20-30-16,false,NA,NA,NA,NA,group_2:contains~~Ammonification,"group_2 in {Electron acceptor, Respiration, Denitrification, Reduction, Nitrification, Ammonification}."
F6,respiration_electron_acceptor,all,gtdb_family_summary_all.tsv.gz,gtdb,family,denitrification: nitrate,boolean,Metabolism,Denitrification,GO:0019333;CHEBI:17632,MICROPHERRET:SPIREv1=fd21931,2070788780,0-14-0-20-30-16,false,NA,NA,NA,NA,group_2:contains~~Denitrification,"group_2 in {Electron acceptor, Respiration, Denitrification, Reduction, Nitrification, Ammonification}."
F6,respiration_electron_acceptor,all,gtdb_family_summary_all.tsv.gz,gtdb,family,denitrification: nitrite,boolean,Metabolism,Denitrification,GO:0019333;CHEBI:16301,MICROPHERRET:SPIREv1=fd21931,2070788780,0-14-0-20-30-16,false,NA,NA,NA,NA,group_2:contains~~Denitrification,"group_2 in {Electron acceptor, Respiration, Denitrification, Reduction, Nitrification, Ammonification}."
F6,respiration_electron_acceptor,all,gtdb_family_summary_all.tsv.gz,gtdb,family,denitrification: nitrous oxide,boolean,Metabolism,Denitrification,GO:0019333;SNOMED:111132001,MICROPHERRET:SPIREv1=fd21931,2070788780,0-14-0-20-30-16,false,NA,NA,NA,NA,group_2:contains~~Denitrification,"group_2 in {Electron acceptor, Respiration, Denitrification, Reduction, Nitrification, Ammonification}."
F6,respiration_electron_acceptor,all,gtdb_family_summary_all.tsv.gz,gtdb,family,denitrification pathway,boolean,Metabolism,Denitrification,GO:0019333,MICROPHERRET:SPIREv1=fd21931,2070788780,0-14-0-20-30-16,false,NA,NA,NA,NA,group_2:contains~~Denitrification,"group_2 in {Electron acceptor, Respiration, Denitrification, Reduction, Nitrification, Ammonification}."
F6,respiration_electron_acceptor,all,gtdb_family_summary_all.tsv.gz,gtdb,family,electron acceptor: arsenate,boolean,Metabolism,Electron acceptor,CHEBI:17654;CHEBI:29125,MICROPHERRET:SPIREv1=fd21931,2070788780,0-14-0-20-30-16,false,NA,NA,NA,NA,group_2:contains~~Electron acceptor,"group_2 in {Electron acceptor, Respiration, Denitrification, Reduction, Nitrification, Ammonification}."
F6,respiration_electron_acceptor,all,gtdb_family_summary_all.tsv.gz,gtdb,family,electron acceptor: elemental sulfur,boolean,Metabolism,Electron acceptor,CHEBI:17654;CHEBI:33403,MICROPHERRET:SPIREv1=fd21931,2070788780,0-14-0-20-30-16,false,NA,NA,NA,NA,group_2:contains~~Electron acceptor,"group_2 in {Electron acceptor, Respiration, Denitrification, Reduction, Nitrification, Ammonification}."
F6,respiration_electron_acceptor,all,gtdb_family_summary_all.tsv.gz,gtdb,family,electron acceptor: fumarate,boolean,Metabolism,Electron acceptor,CHEBI:17654;CHEBI:29806,MICROPHERRET:SPIREv1=fd21931,2070788780,0-14-0-20-30-16,false,NA,NA,NA,NA,group_2:contains~~Electron acceptor,"group_2 in {Electron acceptor, Respiration, Denitrification, Reduction, Nitrification, Ammonification}."
F6,respiration_electron_acceptor,all,gtdb_family_summary_all.tsv.gz,gtdb,family,electron acceptor: manganese,boolean,Metabolism,Electron acceptor,CHEBI:17654;CHEBI:18291,MICROPHERRET:SPIREv1=fd21931,2070788780,0-14-0-20-30-16,false,NA,NA,NA,NA,group_2:contains~~Electron acceptor,"group_2 in {Electron acceptor, Respiration, Denitrification, Reduction, Nitrification, Ammonification}."
F6,respiration_electron_acceptor,all,gtdb_family_summary_all.tsv.gz,gtdb,family,electron acceptor: nitrate,boolean,Metabolism,Electron acceptor,CHEBI:17654;CHEBI:17632,MICROPHERRET:SPIREv1=fd21931,2070788780,0-14-0-20-30-16,false,NA,NA,NA,NA,group_2:contains~~Electron acceptor,"group_2 in {Electron acceptor, Respiration, Denitrification, Reduction, Nitrification, Ammonification}."
F6,respiration_electron_acceptor,all,gtdb_family_summary_all.tsv.gz,gtdb,family,electron acceptor: nitrite,boolean,Metabolism,Electron acceptor,CHEBI:17654;CHEBI:16301,MICROPHERRET:SPIREv1=fd21931,2070788780,0-14-0-20-30-16,false,NA,NA,NA,NA,group_2:contains~~Electron acceptor,"group_2 in {Electron acceptor, Respiration, Denitrification, Reduction, Nitrification, Ammonification}."
F6,respiration_electron_acceptor,all,gtdb_family_summary_all.tsv.gz,gtdb,family,electron acceptor: sulfate,boolean,Metabolism,Electron acceptor,CHEBI:17654;CHEBI:16189,MICROPHERRET:SPIREv1=fd21931,2070788780,0-14-0-20-30-16,false,NA,NA,NA,NA,group_2:contains~~Electron acceptor,"group_2 in {Electron acceptor, Respiration, Denitrification, Reduction, Nitrification, Ammonification}."
F6,respiration_electron_acceptor,all,gtdb_family_summary_all.tsv.gz,gtdb,family,electron acceptor: sulfite,boolean,Metabolism,Electron acceptor,CHEBI:17654;CHEBI:17359,MICROPHERRET:SPIREv1=fd21931,2070788780,0-14-0-20-30-16,false,NA,NA,NA,NA,group_2:contains~~Electron acceptor,"group_2 in {Electron acceptor, Respiration, Denitrification, Reduction, Nitrification, Ammonification}."
F6,respiration_electron_acceptor,all,gtdb_family_summary_all.tsv.gz,gtdb,family,electron acceptor: sulfur compounds,boolean,Metabolism,Electron acceptor,CHEBI:17654;CHEBI:26833,MICROPHERRET:SPIREv1=fd21931,2070788780,0-14-0-20-30-16,false,NA,NA,NA,NA,group_2:contains~~Electron acceptor,"group_2 in {Electron acceptor, Respiration, Denitrification, Reduction, Nitrification, Ammonification}."
F6,respiration_electron_acceptor,all,gtdb_family_summary_all.tsv.gz,gtdb,family,electron acceptor: thiosulfate,boolean,Metabolism,Electron acceptor,CHEBI:17654;CHEBI:16094,MICROPHERRET:SPIREv1=fd21931,2070788780,0-14-0-20-30-16,false,NA,NA,NA,NA,group_2:contains~~Electron acceptor,"group_2 in {Electron acceptor, Respiration, Denitrification, Reduction, Nitrification, Ammonification}."
F6,respiration_electron_acceptor,all,gtdb_family_summary_all.tsv.gz,gtdb,family,nitrification,boolean,Metabolism,Nitrification,OMIT:0027217,MICROPHERRET:SPIREv1=fd21931,2070788780,0-14-0-20-30-16,false,NA,NA,NA,NA,group_2:contains~~Nitrification,"group_2 in {Electron acceptor, Respiration, Denitrification, Reduction, Nitrification, Ammonification}."
F6,respiration_electron_acceptor,all,gtdb_family_summary_all.tsv.gz,gtdb,family,nitrogen fixation,boolean,Metabolism,Ammonification,GO:0009399,MICROPHERRET:SPIREv1=fd21931,2070788780,0-14-0-20-30-16,false,NA,NA,NA,NA,group_2:contains~~Ammonification,"group_2 in {Electron acceptor, Respiration, Denitrification, Reduction, Nitrification, Ammonification}."
F6,respiration_electron_acceptor,all,gtdb_family_summary_all.tsv.gz,gtdb,family,reduction: arsenate,boolean,Metabolism,Reduction,GO:0055114;CHEBI:29125,MICROPHERRET:SPIREv1=fd21931,2070788780,0-14-0-20-30-16,false,NA,NA,NA,NA,group_2:contains~~Reduction,"group_2 in {Electron acceptor, Respiration, Denitrification, Reduction, Nitrification, Ammonification}."
F6,respiration_electron_acceptor,all,gtdb_family_summary_all.tsv.gz,gtdb,family,reduction: arsenate detoxification,boolean,Metabolism,Reduction,GO:0055114;CHEBI:29125,MICROPHERRET:SPIREv1=fd21931,2070788780,0-14-0-20-30-16,false,NA,NA,NA,NA,group_2:contains~~Reduction,"group_2 in {Electron acceptor, Respiration, Denitrification, Reduction, Nitrification, Ammonification}."
F6,respiration_electron_acceptor,all,gtdb_family_summary_all.tsv.gz,gtdb,family,reduction: chlorate,boolean,Metabolism,Reduction,GO:0055114;CHEBI:49709,MICROPHERRET:SPIREv1=fd21931,2070788780,0-14-0-20-30-16,false,NA,NA,NA,NA,group_2:contains~~Reduction,"group_2 in {Electron acceptor, Respiration, Denitrification, Reduction, Nitrification, Ammonification}."
F6,respiration_electron_acceptor,all,gtdb_family_summary_all.tsv.gz,gtdb,family,reduction: nitrate,boolean,Metabolism,Reduction,GO:0055114;CHEBI:17632,MICROPHERRET:SPIREv1=fd21931;Traitar:SPIREv1=8bd7d86,2070788780,0-14-0-20-30-16,false,NA,NA,NA,NA,group_2:contains~~Reduction,"group_2 in {Electron acceptor, Respiration, Denitrification, Reduction, Nitrification, Ammonification}."
F6,respiration_electron_acceptor,all,gtdb_family_summary_all.tsv.gz,gtdb,family,reduction: nitrite,boolean,Metabolism,Reduction,GO:0055114;CHEBI:16301,Traitar:SPIREv1=8bd7d86,2070788780,0-14-0-20-30-16,false,NA,NA,NA,NA,group_2:contains~~Reduction,"group_2 in {Electron acceptor, Respiration, Denitrification, Reduction, Nitrification, Ammonification}."
F6,respiration_electron_acceptor,all,gtdb_family_summary_all.tsv.gz,gtdb,family,respiration: iron,boolean,Metabolism,Respiration,GO:0009061;CHEBI:82663,MICROPHERRET:SPIREv1=fd21931,2070788780,0-14-0-20-30-16,false,NA,NA,NA,NA,group_2:contains~~Respiration,"group_2 in {Electron acceptor, Respiration, Denitrification, Reduction, Nitrification, Ammonification}."
F6,respiration_electron_acceptor,all,gtdb_family_summary_all.tsv.gz,gtdb,family,respiration: nitrogen,boolean,Metabolism,Respiration,GO:0045333;CHEBI:33267,MICROPHERRET:SPIREv1=fd21931,2070788780,0-14-0-20-30-16,false,NA,NA,NA,NA,group_2:contains~~Respiration,"group_2 in {Electron acceptor, Respiration, Denitrification, Reduction, Nitrification, Ammonification}."
F6,respiration_electron_acceptor,no_predictions,gtdb_family_summary_no_predictions.tsv.gz,gtdb,family,reduction: nitrate,boolean,Metabolism,Reduction,GO:0055114;CHEBI:17632,BacDive=2025-07-29,1775432467,Acetivibrionaceae,false,NA,NA,NA,NA,group_2:contains~~Reduction,"group_2 in {Electron acceptor, Respiration, Denitrification, Reduction, Nitrification, Ammonification}."
F6,respiration_electron_acceptor,no_predictions,gtdb_family_summary_no_predictions.tsv.gz,gtdb,family,growth: fumarate,boolean,Metabolism,Growth,GO:0040007;CHEBI:29806,BacDive=2025-07-29,915913853,Acetobacteraceae,false,NA,NA,NA,NA,trait_name:contains~~growth: fumarate,"group_2 in {Electron acceptor, Respiration, Denitrification, Reduction, Nitrification, Ammonification}."
F6,respiration_electron_acceptor,no_predictions,gtdb_family_summary_no_predictions.tsv.gz,gtdb,family,nitrogen source: ammonium sulfate,boolean,Metabolism,Nitrogen source,GO:0019740;CHEBI:62946,BacDive=2025-07-29,915913853,Acetobacteraceae,true,NA,NA,NA,NA,trait_name:contains~~nitrogen source: ammonium sulfate,"group_2 in {Electron acceptor, Respiration, Denitrification, Reduction, Nitrification, Ammonification}."
F6,respiration_electron_acceptor,no_predictions,gtdb_family_summary_no_predictions.tsv.gz,gtdb,family,produces: nitrite,boolean,Metabolism,Produces metabolite,GO:0009058;CHEBI:16301,BacDive=2025-07-29,915913853,Acetobacteraceae,false,NA,NA,NA,NA,trait_name:contains~~produces: nitrite,"group_2 in {Electron acceptor, Respiration, Denitrification, Reduction, Nitrification, Ammonification}."
F6,respiration_electron_acceptor,no_predictions,gtdb_family_summary_no_predictions.tsv.gz,gtdb,family,reduction: acetylene,boolean,Metabolism,Reduction,GO:0055114;CHEBI:27518,BacDive=2025-07-29,915913853,Acetobacteraceae,No robust majority,NA,NA,NA,NA,group_2:contains~~Reduction,"group_2 in {Electron acceptor, Respiration, Denitrification, Reduction, Nitrification, Ammonification}."
F6,respiration_electron_acceptor,no_predictions,gtdb_family_summary_no_predictions.tsv.gz,gtdb,family,reduction: nitrate,boolean,Metabolism,Reduction,GO:0055114;CHEBI:17632,BacDive=2025-07-29,915913853,Acetobacteraceae,No robust majority,NA,NA,NA,NA,group_2:contains~~Reduction,"group_2 in {Electron acceptor, Respiration, Denitrification, Reduction, Nitrification, Ammonification}."
F6,respiration_electron_acceptor,no_predictions,gtdb_family_summary_no_predictions.tsv.gz,gtdb,family,reduction: nitrite,boolean,Metabolism,Reduction,GO:0055114;CHEBI:16301,BacDive=2025-07-29,915913853,Acetobacteraceae,No robust majority,NA,NA,NA,NA,group_2:contains~~Reduction,"group_2 in {Electron acceptor, Respiration, Denitrification, Reduction, Nitrification, Ammonification}."
F6,respiration_electron_acceptor,no_predictions,gtdb_family_summary_no_predictions.tsv.gz,gtdb,family,respiration: nitrate,boolean,Metabolism,Respiration,GO:0045333;CHEBI:17632,BacDive=2025-07-29,915913853,Acetobacteraceae,false,NA,NA,NA,NA,group_2:contains~~Respiration,"group_2 in {Electron acceptor, Respiration, Denitrification, Reduction, Nitrification, Ammonification}."
F6,respiration_electron_acceptor,no_predictions,gtdb_family_summary_no_predictions.tsv.gz,gtdb,family,reduction: nitrate,boolean,Metabolism,Reduction,GO:0055114;CHEBI:17632,BacDive=2025-07-29,1860107176,Acidaminococcaceae,false,NA,NA,NA,NA,group_2:contains~~Reduction,"group_2 in {Electron acceptor, Respiration, Denitrification, Reduction, Nitrification, Ammonification}."
F6,respiration_electron_acceptor,no_predictions,gtdb_family_summary_no_predictions.tsv.gz,gtdb,family,growth: thiosulfate,boolean,Metabolism,Growth,GO:0040007;CHEBI:16094,BacDive=2025-07-29,626102019,Acidilobaceae,true,NA,NA,NA,NA,trait_name:contains~~growth: thiosulfate,"group_2 in {Electron acceptor, Respiration, Denitrification, Reduction, Nitrification, Ammonification}."
F6,respiration_electron_acceptor,no_predictions,gtdb_family_summary_no_predictions.tsv.gz,gtdb,family,electron donor: ferric iron,boolean,Metabolism,Electron donor,CHEBI:15022;CHEBI:29034,BacDive=2025-07-29,727093411,Acidithiobacillaceae,true,NA,NA,NA,NA,trait_name:contains~~electron donor: ferric iron,"group_2 in {Electron acceptor, Respiration, Denitrification, Reduction, Nitrification, Ammonification}."
F6,respiration_electron_acceptor,no_predictions,gtdb_family_summary_no_predictions.tsv.gz,gtdb,family,electron donor: thiosulfate,boolean,Metabolism,Electron donor,CHEBI:15022;CHEBI:16094,BacDive=2025-07-29,727093411,Acidithiobacillaceae,true,NA,NA,NA,NA,trait_name:contains~~electron donor: thiosulfate,"group_2 in {Electron acceptor, Respiration, Denitrification, Reduction, Nitrification, Ammonification}."
F6,respiration_electron_acceptor,no_predictions,gtdb_family_summary_no_predictions.tsv.gz,gtdb,family,reduction: nitrate,boolean,Metabolism,Reduction,GO:0055114;CHEBI:17632,BacDive=2025-07-29,727093411,Acidithiobacillaceae,false,NA,NA,NA,NA,group_2:contains~~Reduction,"group_2 in {Electron acceptor, Respiration, Denitrification, Reduction, Nitrification, Ammonification}."
F6,respiration_electron_acceptor,no_predictions,gtdb_family_summary_no_predictions.tsv.gz,gtdb,family,reduction: nitrite,boolean,Metabolism,Reduction,GO:0055114;CHEBI:16301,BacDive=2025-07-29,727093411,Acidithiobacillaceae,false,NA,NA,NA,NA,group_2:contains~~Reduction,"group_2 in {Electron acceptor, Respiration, Denitrification, Reduction, Nitrification, Ammonification}."
F6,respiration_electron_acceptor,no_predictions,gtdb_family_summary_no_predictions.tsv.gz,gtdb,family,hydrolysis: chondroitin sulfate,boolean,Metabolism,Hydrolase activity,GO:0016787;CHEBI:37397,BacDive=2025-07-29,354524460,Acidobacteriaceae,true,NA,NA,NA,NA,trait_name:contains~~hydrolysis: chondroitin sulfate,"group_2 in {Electron acceptor, Respiration, Denitrification, Reduction, Nitrification, Ammonification}."
F6,respiration_electron_acceptor,no_predictions,gtdb_family_summary_no_predictions.tsv.gz,gtdb,family,reduction: nitrate,boolean,Metabolism,Reduction,GO:0055114;CHEBI:17632,BacDive=2025-07-29,300353966,Actinomycetaceae,No robust majority,NA,NA,NA,NA,group_2:contains~~Reduction,"group_2 in {Electron acceptor, Respiration, Denitrification, Reduction, Nitrification, Ammonification}."
F6,respiration_electron_acceptor,no_predictions,gtdb_family_summary_no_predictions.tsv.gz,gtdb,family,reduction: nitrite,boolean,Metabolism,Reduction,GO:0055114;CHEBI:16301,BacDive=2025-07-29,300353966,Actinomycetaceae,false,NA,NA,NA,NA,group_2:contains~~Reduction,"group_2 in {Electron acceptor, Respiration, Denitrification, Reduction, Nitrification, Ammonification}."
F6,respiration_electron_acceptor,no_predictions,gtdb_family_summary_no_predictions.tsv.gz,gtdb,family,"respiration: 2,3-butanediol",boolean,Metabolism,Respiration,GO:0045333;CHEBI:62064,BacDive=2025-07-29,300353966,Actinomycetaceae,false,NA,NA,NA,NA,group_2:contains~~Respiration,"group_2 in {Electron acceptor, Respiration, Denitrification, Reduction, Nitrification, Ammonification}."
F6,respiration_electron_acceptor,no_predictions,gtdb_family_summary_no_predictions.tsv.gz,gtdb,family,respiration: 2-deoxyadenosine,boolean,Metabolism,Respiration,GO:0045333;CHEBI:17256,BacDive=2025-07-29,300353966,Actinomycetaceae,false,NA,NA,NA,NA,group_2:contains~~Respiration,"group_2 in {Electron acceptor, Respiration, Denitrification, Reduction, Nitrification, Ammonification}."
F6,respiration_electron_acceptor,no_predictions,gtdb_family_summary_no_predictions.tsv.gz,gtdb,family,respiration: 2-hydroxybutyrate,boolean,Metabolism,Respiration,GO:0045333;CHEBI:64552,BacDive=2025-07-29,300353966,Actinomycetaceae,true,NA,NA,NA,NA,group_2:contains~~Respiration,"group_2 in {Electron acceptor, Respiration, Denitrification, Reduction, Nitrification, Ammonification}."
F6,respiration_electron_acceptor,no_predictions,gtdb_family_summary_no_predictions.tsv.gz,gtdb,family,respiration: 2-oxoglutarate,boolean,Metabolism,Respiration,GO:0045333;CHEBI:30916,BacDive=2025-07-29,300353966,Actinomycetaceae,false,NA,NA,NA,NA,group_2:contains~~Respiration,"group_2 in {Electron acceptor, Respiration, Denitrification, Reduction, Nitrification, Ammonification}."
F6,respiration_electron_acceptor,no_predictions,gtdb_family_summary_no_predictions.tsv.gz,gtdb,family,respiration: 2-oxopentanoate,boolean,Metabolism,Respiration,GO:0045333;CHEBI:28644,BacDive=2025-07-29,300353966,Actinomycetaceae,false,NA,NA,NA,NA,group_2:contains~~Respiration,"group_2 in {Electron acceptor, Respiration, Denitrification, Reduction, Nitrification, Ammonification}."
F6,respiration_electron_acceptor,no_predictions,gtdb_family_summary_no_predictions.tsv.gz,gtdb,family,respiration: 3-hydroxybutyrate,boolean,Metabolism,Respiration,GO:0045333;CHEBI:37054,BacDive=2025-07-29,300353966,Actinomycetaceae,false,NA,NA,NA,NA,group_2:contains~~Respiration,"group_2 in {Electron acceptor, Respiration, Denitrification, Reduction, Nitrification, Ammonification}."
F6,respiration_electron_acceptor,no_predictions,gtdb_family_summary_no_predictions.tsv.gz,gtdb,family,respiration: 3-O-methyl-D-glucose,boolean,Metabolism,Respiration,GO:0045333;CHEBI:73918,BacDive=2025-07-29,300353966,Actinomycetaceae,true,NA,NA,NA,NA,group_2:contains~~Respiration,"group_2 in {Electron acceptor, Respiration, Denitrification, Reduction, Nitrification, Ammonification}."
F6,respiration_electron_acceptor,no_predictions,gtdb_family_summary_no_predictions.tsv.gz,gtdb,family,respiration: 4-hydroxybutyrate,boolean,Metabolism,Respiration,GO:0045333;CHEBI:16724,BacDive=2025-07-29,300353966,Actinomycetaceae,false,NA,NA,NA,NA,group_2:contains~~Respiration,"group_2 in {Electron acceptor, Respiration, Denitrification, Reduction, Nitrification, Ammonification}."
F6,respiration_electron_acceptor,no_predictions,gtdb_family_summary_no_predictions.tsv.gz,gtdb,family,respiration: 4-hydroxyphenylacetic acid,boolean,Metabolism,Respiration,GO:0045333;CHEBI:18101,BacDive=2025-07-29,300353966,Actinomycetaceae,false,NA,NA,NA,NA,group_2:contains~~Respiration,"group_2 in {Electron acceptor, Respiration, Denitrification, Reduction, Nitrification, Ammonification}."
F6,respiration_electron_acceptor,no_predictions,gtdb_family_summary_no_predictions.tsv.gz,gtdb,family,respiration: nitrate,boolean,Metabolism,Respiration,GO:0045333;CHEBI:17632,BacDive=2025-07-29,300353966,Actinomycetaceae,true,NA,NA,NA,NA,group_2:contains~~Respiration,"group_2 in {Electron acceptor, Respiration, Denitrification, Reduction, Nitrification, Ammonification}."
F6,respiration_electron_acceptor,no_predictions,gtdb_family_summary_no_predictions.tsv.gz,gtdb,family,respiration: (S)-lactate,boolean,Metabolism,Respiration,GO:0045333;CHEBI:16651,BacDive=2025-07-29,300353966,Actinomycetaceae,false,NA,NA,NA,NA,group_2:contains~~Respiration,"group_2 in {Electron acceptor, Respiration, Denitrification, Reduction, Nitrification, Ammonification}."
F6,respiration_electron_acceptor,no_predictions,gtdb_family_summary_no_predictions.tsv.gz,gtdb,family,reduction: nitrate,boolean,Metabolism,Reduction,GO:0055114;CHEBI:17632,BacDive=2025-07-29,534118293,Actinopolymorphaceae,true,NA,NA,NA,NA,group_2:contains~~Reduction,"group_2 in {Electron acceptor, Respiration, Denitrification, Reduction, Nitrification, Ammonification}."
F6,respiration_electron_acceptor,no_predictions,gtdb_family_summary_no_predictions.tsv.gz,gtdb,family,produces: nitrite,boolean,Metabolism,Produces metabolite,GO:0009058;CHEBI:16301,BacDive=2025-07-29,488720778,Aerococcaceae,false,NA,NA,NA,NA,trait_name:contains~~produces: nitrite,"group_2 in {Electron acceptor, Respiration, Denitrification, Reduction, Nitrification, Ammonification}."
F6,respiration_electron_acceptor,no_predictions,gtdb_family_summary_no_predictions.tsv.gz,gtdb,family,reduction: nitrate,boolean,Metabolism,Reduction,GO:0055114;CHEBI:17632,BacDive=2025-07-29,488720778,Aerococcaceae,false,NA,NA,NA,NA,group_2:contains~~Reduction,"group_2 in {Electron acceptor, Respiration, Denitrification, Reduction, Nitrification, Ammonification}."
F6,respiration_electron_acceptor,no_predictions,gtdb_family_summary_no_predictions.tsv.gz,gtdb,family,reduction: nitrite,boolean,Metabolism,Reduction,GO:0055114;CHEBI:16301,BacDive=2025-07-29,488720778,Aerococcaceae,false,NA,NA,NA,NA,group_2:contains~~Reduction,"group_2 in {Electron acceptor, Respiration, Denitrification, Reduction, Nitrification, Ammonification}."
F6,respiration_electron_acceptor,no_predictions,gtdb_family_summary_no_predictions.tsv.gz,gtdb,family,builds gas from: sodium thiosulfate,boolean,Metabolism,Builds gas from,GO:0008152;CHEBI:132112,BacDive=2025-07-29,1388292156,Aeromonadaceae,false,NA,NA,NA,NA,trait_name:contains~~builds gas from: sodium thiosulfate,"group_2 in {Electron acceptor, Respiration, Denitrification, Reduction, Nitrification, Ammonification}."
F6,respiration_electron_acceptor,no_predictions,gtdb_family_summary_no_predictions.tsv.gz,gtdb,family,produces: nitrite,boolean,Metabolism,Produces metabolite,GO:0009058;CHEBI:16301,BacDive=2025-07-29,1388292156,Aeromonadaceae,No robust majority,NA,NA,NA,NA,trait_name:contains~~produces: nitrite,"group_2 in {Electron acceptor, Respiration, Denitrification, Reduction, Nitrification, Ammonification}."
F6,respiration_electron_acceptor,no_predictions,gtdb_family_summary_no_predictions.tsv.gz,gtdb,family,reduction: nitrate,boolean,Metabolism,Reduction,GO:0055114;CHEBI:17632,BacDive=2025-07-29,1388292156,Aeromonadaceae,true,NA,NA,NA,NA,group_2:contains~~Reduction,"group_2 in {Electron acceptor, Respiration, Denitrification, Reduction, Nitrification, Ammonification}."
F6,respiration_electron_acceptor,no_predictions,gtdb_family_summary_no_predictions.tsv.gz,gtdb,family,reduction: nitrite,boolean,Metabolism,Reduction,GO:0055114;CHEBI:16301,BacDive=2025-07-29,1388292156,Aeromonadaceae,false,NA,NA,NA,NA,group_2:contains~~Reduction,"group_2 in {Electron acceptor, Respiration, Denitrification, Reduction, Nitrification, Ammonification}."
F6,respiration_electron_acceptor,no_predictions,gtdb_family_summary_no_predictions.tsv.gz,gtdb,family,respiration: 2-oxopentanoate,boolean,Metabolism,Respiration,GO:0045333;CHEBI:28644,BacDive=2025-07-29,1388292156,Aeromonadaceae,true,NA,NA,NA,NA,group_2:contains~~Respiration,"group_2 in {Electron acceptor, Respiration, Denitrification, Reduction, Nitrification, Ammonification}."
F6,respiration_electron_acceptor,no_predictions,gtdb_family_summary_no_predictions.tsv.gz,gtdb,family,respiration: 3-hydroxybutyrate,boolean,Metabolism,Respiration,GO:0045333;CHEBI:37054,BacDive=2025-07-29,1388292156,Aeromonadaceae,true,NA,NA,NA,NA,group_2:contains~~Respiration,"group_2 in {Electron acceptor, Respiration, Denitrification, Reduction, Nitrification, Ammonification}."
F6,respiration_electron_acceptor,no_predictions,gtdb_family_summary_no_predictions.tsv.gz,gtdb,family,respiration: acetic acid,boolean,Metabolism,Respiration,GO:0045333;CHEBI:16411,BacDive=2025-07-29,1388292156,Aeromonadaceae,true,NA,NA,NA,NA,group_2:contains~~Respiration,"group_2 in {Electron acceptor, Respiration, Denitrification, Reduction, Nitrification, Ammonification}."
F6,respiration_electron_acceptor,no_predictions,gtdb_family_summary_no_predictions.tsv.gz,gtdb,family,respiration: alpha-D-glucose,boolean,Metabolism,Respiration,GO:0045333;CHEBI:17925,BacDive=2025-07-29,1388292156,Aeromonadaceae,true,NA,NA,NA,NA,group_2:contains~~Respiration,"group_2 in {Electron acceptor, Respiration, Denitrification, Reduction, Nitrification, Ammonification}."
F6,respiration_electron_acceptor,no_predictions,gtdb_family_summary_no_predictions.tsv.gz,gtdb,family,respiration: bromosuccinate,boolean,Metabolism,Respiration,GO:0045333;CHEBI:73706,BacDive=2025-07-29,1388292156,Aeromonadaceae,true,NA,NA,NA,NA,group_2:contains~~Respiration,"group_2 in {Electron acceptor, Respiration, Denitrification, Reduction, Nitrification, Ammonification}."
F6,respiration_electron_acceptor,no_predictions,gtdb_family_summary_no_predictions.tsv.gz,gtdb,family,respiration: cis-aconitate,boolean,Metabolism,Respiration,GO:0045333;CHEBI:16383,BacDive=2025-07-29,1388292156,Aeromonadaceae,true,NA,NA,NA,NA,group_2:contains~~Respiration,"group_2 in {Electron acceptor, Respiration, Denitrification, Reduction, Nitrification, Ammonification}."
F6,respiration_electron_acceptor,no_predictions,gtdb_family_summary_no_predictions.tsv.gz,gtdb,family,respiration: citric acid,boolean,Metabolism,Respiration,GO:0045333;CHEBI:53258,BacDive=2025-07-29,1388292156,Aeromonadaceae,true,NA,NA,NA,NA,group_2:contains~~Respiration,"group_2 in {Electron acceptor, Respiration, Denitrification, Reduction, Nitrification, Ammonification}."
F6,respiration_electron_acceptor,no_predictions,gtdb_family_summary_no_predictions.tsv.gz,gtdb,family,respiration: nitrate,boolean,Metabolism,Respiration,GO:0045333;CHEBI:17632,BacDive=2025-07-29,1388292156,Aeromonadaceae,No robust majority,NA,NA,NA,NA,group_2:contains~~Respiration,"group_2 in {Electron acceptor, Respiration, Denitrification, Reduction, Nitrification, Ammonification}."
F6,respiration_electron_acceptor,no_predictions,gtdb_family_summary_no_predictions.tsv.gz,gtdb,family,reduction: nitrate,boolean,Metabolism,Reduction,GO:0055114;CHEBI:17632,BacDive=2025-07-29,1529274800,Afifellaceae,false,NA,NA,NA,NA,group_2:contains~~Reduction,"group_2 in {Electron acceptor, Respiration, Denitrification, Reduction, Nitrification, Ammonification}."
F6,respiration_electron_acceptor,no_predictions,gtdb_family_summary_no_predictions.tsv.gz,gtdb,family,reduction: nitrite,boolean,Metabolism,Reduction,GO:0055114;CHEBI:16301,BacDive=2025-07-29,1529274800,Afifellaceae,true,NA,NA,NA,NA,group_2:contains~~Reduction,"group_2 in {Electron acceptor, Respiration, Denitrification, Reduction, Nitrification, Ammonification}."
F6,respiration_electron_acceptor,no_predictions,gtdb_family_summary_no_predictions.tsv.gz,gtdb,family,reduction: nitrate,boolean,Metabolism,Reduction,GO:0055114;CHEBI:17632,BacDive=2025-07-29,1476734845,Ahniellaceae,false,NA,NA,NA,NA,group_2:contains~~Reduction,"group_2 in {Electron acceptor, Respiration, Denitrification, Reduction, Nitrification, Ammonification}."
F6,respiration_electron_acceptor,no_predictions,gtdb_family_summary_no_predictions.tsv.gz,gtdb,family,growth: fumarate,boolean,Metabolism,Growth,GO:0040007;CHEBI:29806,BacDive=2025-07-29,1379861894,AKS1,false,NA,NA,NA,NA,trait_name:contains~~growth: fumarate,"group_2 in {Electron acceptor, Respiration, Denitrification, Reduction, Nitrification, Ammonification}."
F6,respiration_electron_acceptor,no_predictions,gtdb_family_summary_no_predictions.tsv.gz,gtdb,family,reduction: nitrate,boolean,Metabolism,Reduction,GO:0055114;CHEBI:17632,BacDive=2025-07-29,837857257,Alcanivoracaceae,No robust majority,NA,NA,NA,NA,group_2:contains~~Reduction,"group_2 in {Electron acceptor, Respiration, Denitrification, Reduction, Nitrification, Ammonification}."
F6,respiration_electron_acceptor,no_predictions,gtdb_family_summary_no_predictions.tsv.gz,gtdb,family,reduction: nitrite,boolean,Metabolism,Reduction,GO:0055114;CHEBI:16301,BacDive=2025-07-29,837857257,Alcanivoracaceae,No robust majority,NA,NA,NA,NA,group_2:contains~~Reduction,"group_2 in {Electron acceptor, Respiration, Denitrification, Reduction, Nitrification, Ammonification}."
F7,carbon_and_substrate_utilization,all,gtdb_family_summary_all.tsv.gz,gtdb,family,aerobic growth: anoxygenic phototrophy,boolean,Metabolism,Aerobic growth,GO:0040007;PATO:0001455;ECOCORE:00000131,MICROPHERRET:SPIREv1=fd21931,864477170,0-14-0-10-38-17,false,NA,NA,NA,NA,group_2:contains~~Aerobic growth,"group_2 in {Carbon utilization, Aerobic growth, Anaerobic growth, Fermentation, Utilizes metabolite, Assimilation, Energy source, Growth}. 'aerobic/anaerobic growth: <substrate>' rows map here, not F1."
F7,carbon_and_substrate_utilization,all,gtdb_family_summary_all.tsv.gz,gtdb,family,aerobic growth: chemoheterotrophy,boolean,Metabolism,Aerobic growth,GO:0040007;PATO:0001455;ECOCORE:00000132,MICROPHERRET:SPIREv1=fd21931,864477170,0-14-0-10-38-17,false,NA,NA,NA,NA,group_2:contains~~Aerobic growth,"group_2 in {Carbon utilization, Aerobic growth, Anaerobic growth, Fermentation, Utilizes metabolite, Assimilation, Energy source, Growth}. 'aerobic/anaerobic growth: <substrate>' rows map here, not F1."
F7,carbon_and_substrate_utilization,all,gtdb_family_summary_all.tsv.gz,gtdb,family,carbon source: methyl,boolean,Metabolism,Carbon utilization,GO:0015976;CHEBI:29309,MICROPHERRET:SPIREv1=fd21931,864477170,0-14-0-10-38-17,false,NA,NA,NA,NA,group_2:contains~~Carbon utilization,"group_2 in {Carbon utilization, Aerobic growth, Anaerobic growth, Fermentation, Utilizes metabolite, Assimilation, Energy source, Growth}. 'aerobic/anaerobic growth: <substrate>' rows map here, not F1."
F7,carbon_and_substrate_utilization,all,gtdb_family_summary_all.tsv.gz,gtdb,family,fermentation,boolean,Metabolism,Fermentation,GO:0006113,MICROPHERRET:SPIREv1=fd21931,864477170,0-14-0-10-38-17,false,NA,NA,NA,NA,group_2:contains~~Fermentation,"group_2 in {Carbon utilization, Aerobic growth, Anaerobic growth, Fermentation, Utilizes metabolite, Assimilation, Energy source, Growth}. 'aerobic/anaerobic growth: <substrate>' rows map here, not F1."
F7,carbon_and_substrate_utilization,all,gtdb_family_summary_all.tsv.gz,gtdb,family,fermentation: glucose,boolean,Metabolism,Fermentation,GO:0006113;CHEBI:17234,Traitar:SPIREv1=8bd7d86,864477170,0-14-0-10-38-17,false,NA,NA,NA,NA,group_2:contains~~Fermentation,"group_2 in {Carbon utilization, Aerobic growth, Anaerobic growth, Fermentation, Utilizes metabolite, Assimilation, Energy source, Growth}. 'aerobic/anaerobic growth: <substrate>' rows map here, not F1."
F7,carbon_and_substrate_utilization,all,gtdb_family_summary_all.tsv.gz,gtdb,family,growth: 42 degrees Celsius,boolean,Metabolism,Growth,GO:0040007;OMP:0005002 ,Traitar:SPIREv1=8bd7d86,864477170,0-14-0-10-38-17,No robust majority,NA,NA,NA,NA,group_2:contains~~Growth,"group_2 in {Carbon utilization, Aerobic growth, Anaerobic growth, Fermentation, Utilizes metabolite, Assimilation, Energy source, Growth}. 'aerobic/anaerobic growth: <substrate>' rows map here, not F1."
F7,carbon_and_substrate_utilization,all,gtdb_family_summary_all.tsv.gz,gtdb,family,growth: 6.5% NaCl,boolean,Metabolism,Growth,MICRO:0000989,Traitar:SPIREv1=8bd7d86,864477170,0-14-0-10-38-17,false,NA,NA,NA,NA,group_2:contains~~Growth,"group_2 in {Carbon utilization, Aerobic growth, Anaerobic growth, Fermentation, Utilizes metabolite, Assimilation, Energy source, Growth}. 'aerobic/anaerobic growth: <substrate>' rows map here, not F1."
F7,carbon_and_substrate_utilization,all,gtdb_family_summary_all.tsv.gz,gtdb,family,growth: acetate,boolean,Metabolism,Growth,GO:0040007;CHEBI:30089,Traitar:SPIREv1=8bd7d86,864477170,0-14-0-10-38-17,No robust majority,NA,NA,NA,NA,group_2:contains~~Growth,"group_2 in {Carbon utilization, Aerobic growth, Anaerobic growth, Fermentation, Utilizes metabolite, Assimilation, Energy source, Growth}. 'aerobic/anaerobic growth: <substrate>' rows map here, not F1."
F7,carbon_and_substrate_utilization,all,gtdb_family_summary_all.tsv.gz,gtdb,family,growth: anoxygenic photoautotrophy,boolean,Metabolism,Growth,GO:0040007;ECOCORE:00000130,MICROPHERRET:SPIREv1=fd21931,864477170,0-14-0-10-38-17,false,NA,NA,NA,NA,group_2:contains~~Growth,"group_2 in {Carbon utilization, Aerobic growth, Anaerobic growth, Fermentation, Utilizes metabolite, Assimilation, Energy source, Growth}. 'aerobic/anaerobic growth: <substrate>' rows map here, not F1."
F7,carbon_and_substrate_utilization,all,gtdb_family_summary_all.tsv.gz,gtdb,family,growth: bile acid susceptible,boolean,Metabolism,Growth,GO:0040007;CHEBI:3098,Traitar:SPIREv1=8bd7d86,864477170,0-14-0-10-38-17,true,NA,NA,NA,NA,group_2:contains~~Growth,"group_2 in {Carbon utilization, Aerobic growth, Anaerobic growth, Fermentation, Utilizes metabolite, Assimilation, Energy source, Growth}. 'aerobic/anaerobic growth: <substrate>' rows map here, not F1."
F7,carbon_and_substrate_utilization,all,gtdb_family_summary_all.tsv.gz,gtdb,family,growth: blood agar,boolean,Metabolism,Growth,GO:0040007;NCIT:C127517,Traitar:SPIREv1=8bd7d86,864477170,0-14-0-10-38-17,false,NA,NA,NA,NA,group_2:contains~~Growth,"group_2 in {Carbon utilization, Aerobic growth, Anaerobic growth, Fermentation, Utilizes metabolite, Assimilation, Energy source, Growth}. 'aerobic/anaerobic growth: <substrate>' rows map here, not F1."
F7,carbon_and_substrate_utilization,all,gtdb_family_summary_all.tsv.gz,gtdb,family,growth: cellobiose,boolean,Metabolism,Growth,GO:0040007;CHEBI:17057,Traitar:SPIREv1=8bd7d86,864477170,0-14-0-10-38-17,false,NA,NA,NA,NA,group_2:contains~~Growth,"group_2 in {Carbon utilization, Aerobic growth, Anaerobic growth, Fermentation, Utilizes metabolite, Assimilation, Energy source, Growth}. 'aerobic/anaerobic growth: <substrate>' rows map here, not F1."
F7,carbon_and_substrate_utilization,all,gtdb_family_summary_all.tsv.gz,gtdb,family,growth: chemoheterotrophy,boolean,Metabolism,Growth,GO:0040007;ECOCORE:00000132,MICROPHERRET:SPIREv1=fd21931,864477170,0-14-0-10-38-17,true,NA,NA,NA,NA,group_2:contains~~Growth,"group_2 in {Carbon utilization, Aerobic growth, Anaerobic growth, Fermentation, Utilizes metabolite, Assimilation, Energy source, Growth}. 'aerobic/anaerobic growth: <substrate>' rows map here, not F1."
F7,carbon_and_substrate_utilization,all,gtdb_family_summary_all.tsv.gz,gtdb,family,growth: D-mannitol,boolean,Metabolism,Growth,GO:0040007;CHEBI:16899,Traitar:SPIREv1=8bd7d86,864477170,0-14-0-10-38-17,false,NA,NA,NA,NA,group_2:contains~~Growth,"group_2 in {Carbon utilization, Aerobic growth, Anaerobic growth, Fermentation, Utilizes metabolite, Assimilation, Energy source, Growth}. 'aerobic/anaerobic growth: <substrate>' rows map here, not F1."
F7,carbon_and_substrate_utilization,all,gtdb_family_summary_all.tsv.gz,gtdb,family,growth: D-mannose,boolean,Metabolism,Growth,GO:0040007;CHEBI:16024,Traitar:SPIREv1=8bd7d86,864477170,0-14-0-10-38-17,false,NA,NA,NA,NA,group_2:contains~~Growth,"group_2 in {Carbon utilization, Aerobic growth, Anaerobic growth, Fermentation, Utilizes metabolite, Assimilation, Energy source, Growth}. 'aerobic/anaerobic growth: <substrate>' rows map here, not F1."
F7,carbon_and_substrate_utilization,all,gtdb_family_summary_all.tsv.gz,gtdb,family,growth: D-sorbitol,boolean,Metabolism,Growth,GO:0040007;CHEBI:17924,Traitar:SPIREv1=8bd7d86,864477170,0-14-0-10-38-17,false,NA,NA,NA,NA,group_2:contains~~Growth,"group_2 in {Carbon utilization, Aerobic growth, Anaerobic growth, Fermentation, Utilizes metabolite, Assimilation, Energy source, Growth}. 'aerobic/anaerobic growth: <substrate>' rows map here, not F1."
F7,carbon_and_substrate_utilization,all,gtdb_family_summary_all.tsv.gz,gtdb,family,growth: D-xylose,boolean,Metabolism,Growth,GO:0040007;CHEBI:65327,Traitar:SPIREv1=8bd7d86,864477170,0-14-0-10-38-17,false,NA,NA,NA,NA,group_2:contains~~Growth,"group_2 in {Carbon utilization, Aerobic growth, Anaerobic growth, Fermentation, Utilizes metabolite, Assimilation, Energy source, Growth}. 'aerobic/anaerobic growth: <substrate>' rows map here, not F1."
F7,carbon_and_substrate_utilization,all,gtdb_family_summary_all.tsv.gz,gtdb,family,growth: glycerol,boolean,Metabolism,Growth,GO:0040007;CHEBI:17754,Traitar:SPIREv1=8bd7d86,864477170,0-14-0-10-38-17,false,NA,NA,NA,NA,group_2:contains~~Growth,"group_2 in {Carbon utilization, Aerobic growth, Anaerobic growth, Fermentation, Utilizes metabolite, Assimilation, Energy source, Growth}. 'aerobic/anaerobic growth: <substrate>' rows map here, not F1."
F7,carbon_and_substrate_utilization,all,gtdb_family_summary_all.tsv.gz,gtdb,family,growth: lactose,boolean,Metabolism,Growth,GO:0040007;CHEBI:17716,Traitar:SPIREv1=8bd7d86,864477170,0-14-0-10-38-17,false,NA,NA,NA,NA,group_2:contains~~Growth,"group_2 in {Carbon utilization, Aerobic growth, Anaerobic growth, Fermentation, Utilizes metabolite, Assimilation, Energy source, Growth}. 'aerobic/anaerobic growth: <substrate>' rows map here, not F1."
F7,carbon_and_substrate_utilization,all,gtdb_family_summary_all.tsv.gz,gtdb,family,growth: L-arabinose,boolean,Metabolism,Growth,GO:0040007;CHEBI:30849,Traitar:SPIREv1=8bd7d86,864477170,0-14-0-10-38-17,false,NA,NA,NA,NA,group_2:contains~~Growth,"group_2 in {Carbon utilization, Aerobic growth, Anaerobic growth, Fermentation, Utilizes metabolite, Assimilation, Energy source, Growth}. 'aerobic/anaerobic growth: <substrate>' rows map here, not F1."
F7,carbon_and_substrate_utilization,all,gtdb_family_summary_all.tsv.gz,gtdb,family,growth: L-rhamnose,boolean,Metabolism,Growth,GO:0040007;CHEBI:62345,Traitar:SPIREv1=8bd7d86,864477170,0-14-0-10-38-17,false,NA,NA,NA,NA,group_2:contains~~Growth,"group_2 in {Carbon utilization, Aerobic growth, Anaerobic growth, Fermentation, Utilizes metabolite, Assimilation, Energy source, Growth}. 'aerobic/anaerobic growth: <substrate>' rows map here, not F1."
F7,carbon_and_substrate_utilization,all,gtdb_family_summary_all.tsv.gz,gtdb,family,growth: MacConkey agar,boolean,Metabolism,Growth,GO:0040007;SNOMED:409550005,Traitar:SPIREv1=8bd7d86,864477170,0-14-0-10-38-17,false,NA,NA,NA,NA,group_2:contains~~Growth,"group_2 in {Carbon utilization, Aerobic growth, Anaerobic growth, Fermentation, Utilizes metabolite, Assimilation, Energy source, Growth}. 'aerobic/anaerobic growth: <substrate>' rows map here, not F1."
F7,carbon_and_substrate_utilization,all,gtdb_family_summary_all.tsv.gz,gtdb,family,growth: malonate,boolean,Metabolism,Growth,GO:0040007;CHEBI:15792,Traitar:SPIREv1=8bd7d86,864477170,0-14-0-10-38-17,false,NA,NA,NA,NA,group_2:contains~~Growth,"group_2 in {Carbon utilization, Aerobic growth, Anaerobic growth, Fermentation, Utilizes metabolite, Assimilation, Energy source, Growth}. 'aerobic/anaerobic growth: <substrate>' rows map here, not F1."
F7,carbon_and_substrate_utilization,all,gtdb_family_summary_all.tsv.gz,gtdb,family,growth: maltose,boolean,Metabolism,Growth,GO:0040007;CHEBI:17306,Traitar:SPIREv1=8bd7d86,864477170,0-14-0-10-38-17,No robust majority,NA,NA,NA,NA,group_2:contains~~Growth,"group_2 in {Carbon utilization, Aerobic growth, Anaerobic growth, Fermentation, Utilizes metabolite, Assimilation, Energy source, Growth}. 'aerobic/anaerobic growth: <substrate>' rows map here, not F1."
F7,carbon_and_substrate_utilization,all,gtdb_family_summary_all.tsv.gz,gtdb,family,growth: melibiose,boolean,Metabolism,Growth,GO:0040007;CHEBI:28053,Traitar:SPIREv1=8bd7d86,864477170,0-14-0-10-38-17,false,NA,NA,NA,NA,group_2:contains~~Growth,"group_2 in {Carbon utilization, Aerobic growth, Anaerobic growth, Fermentation, Utilizes metabolite, Assimilation, Energy source, Growth}. 'aerobic/anaerobic growth: <substrate>' rows map here, not F1."
F7,carbon_and_substrate_utilization,all,gtdb_family_summary_all.tsv.gz,gtdb,family,growth: myo-inositol,boolean,Metabolism,Growth,GO:0040007;CHEBI:17268,Traitar:SPIREv1=8bd7d86,864477170,0-14-0-10-38-17,false,NA,NA,NA,NA,group_2:contains~~Growth,"group_2 in {Carbon utilization, Aerobic growth, Anaerobic growth, Fermentation, Utilizes metabolite, Assimilation, Energy source, Growth}. 'aerobic/anaerobic growth: <substrate>' rows map here, not F1."
F7,carbon_and_substrate_utilization,all,gtdb_family_summary_all.tsv.gz,gtdb,family,growth: photoautotrophy,boolean,Metabolism,Growth,GO:0040007;ECOCORE:00000130,MICROPHERRET:SPIREv1=fd21931,864477170,0-14-0-10-38-17,false,NA,NA,NA,NA,group_2:contains~~Growth,"group_2 in {Carbon utilization, Aerobic growth, Anaerobic growth, Fermentation, Utilizes metabolite, Assimilation, Energy source, Growth}. 'aerobic/anaerobic growth: <substrate>' rows map here, not F1."
F7,carbon_and_substrate_utilization,all,gtdb_family_summary_all.tsv.gz,gtdb,family,growth: photoheterotrophy,boolean,Metabolism,Growth,GO:0040007;ECOCORE:00000131,MICROPHERRET:SPIREv1=fd21931,864477170,0-14-0-10-38-17,false,NA,NA,NA,NA,group_2:contains~~Growth,"group_2 in {Carbon utilization, Aerobic growth, Anaerobic growth, Fermentation, Utilizes metabolite, Assimilation, Energy source, Growth}. 'aerobic/anaerobic growth: <substrate>' rows map here, not F1."
F7,carbon_and_substrate_utilization,all,gtdb_family_summary_all.tsv.gz,gtdb,family,growth: phototrophy,boolean,Metabolism,Growth,GO:0040007;ECOCORE:00000017,MICROPHERRET:SPIREv1=fd21931,864477170,0-14-0-10-38-17,false,NA,NA,NA,NA,group_2:contains~~Growth,"group_2 in {Carbon utilization, Aerobic growth, Anaerobic growth, Fermentation, Utilizes metabolite, Assimilation, Energy source, Growth}. 'aerobic/anaerobic growth: <substrate>' rows map here, not F1."
F7,carbon_and_substrate_utilization,all,gtdb_family_summary_all.tsv.gz,gtdb,family,growth: potassium cyanide,boolean,Metabolism,Growth,GO:0040007;CHEBI:33191,Traitar:SPIREv1=8bd7d86,864477170,0-14-0-10-38-17,No robust majority,NA,NA,NA,NA,group_2:contains~~Growth,"group_2 in {Carbon utilization, Aerobic growth, Anaerobic growth, Fermentation, Utilizes metabolite, Assimilation, Energy source, Growth}. 'aerobic/anaerobic growth: <substrate>' rows map here, not F1."
F7,carbon_and_substrate_utilization,all,gtdb_family_summary_all.tsv.gz,gtdb,family,growth: raffinose,boolean,Metabolism,Growth,GO:0040007;CHEBI:16634,Traitar:SPIREv1=8bd7d86,864477170,0-14-0-10-38-17,false,NA,NA,NA,NA,group_2:contains~~Growth,"group_2 in {Carbon utilization, Aerobic growth, Anaerobic growth, Fermentation, Utilizes metabolite, Assimilation, Energy source, Growth}. 'aerobic/anaerobic growth: <substrate>' rows map here, not F1."
F7,carbon_and_substrate_utilization,all,gtdb_family_summary_all.tsv.gz,gtdb,family,growth: salicin,boolean,Metabolism,Growth,GO:0040007;CHEBI:17814,Traitar:SPIREv1=8bd7d86,864477170,0-14-0-10-38-17,false,NA,NA,NA,NA,group_2:contains~~Growth,"group_2 in {Carbon utilization, Aerobic growth, Anaerobic growth, Fermentation, Utilizes metabolite, Assimilation, Energy source, Growth}. 'aerobic/anaerobic growth: <substrate>' rows map here, not F1."
F7,carbon_and_substrate_utilization,all,gtdb_family_summary_all.tsv.gz,gtdb,family,growth: sucrose,boolean,Metabolism,Growth,GO:0040007;CHEBI:17992,Traitar:SPIREv1=8bd7d86,864477170,0-14-0-10-38-17,false,NA,NA,NA,NA,group_2:contains~~Growth,"group_2 in {Carbon utilization, Aerobic growth, Anaerobic growth, Fermentation, Utilizes metabolite, Assimilation, Energy source, Growth}. 'aerobic/anaerobic growth: <substrate>' rows map here, not F1."
F7,carbon_and_substrate_utilization,all,gtdb_family_summary_all.tsv.gz,gtdb,family,growth: tartrate,boolean,Metabolism,Growth,GO:0040007;CHEBI:132950,Traitar:SPIREv1=8bd7d86,864477170,0-14-0-10-38-17,false,NA,NA,NA,NA,group_2:contains~~Growth,"group_2 in {Carbon utilization, Aerobic growth, Anaerobic growth, Fermentation, Utilizes metabolite, Assimilation, Energy source, Growth}. 'aerobic/anaerobic growth: <substrate>' rows map here, not F1."
F7,carbon_and_substrate_utilization,all,gtdb_family_summary_all.tsv.gz,gtdb,family,growth: trehalose,boolean,Metabolism,Growth,GO:0040007;CHEBI:27082,Traitar:SPIREv1=8bd7d86,864477170,0-14-0-10-38-17,false,NA,NA,NA,NA,group_2:contains~~Growth,"group_2 in {Carbon utilization, Aerobic growth, Anaerobic growth, Fermentation, Utilizes metabolite, Assimilation, Energy source, Growth}. 'aerobic/anaerobic growth: <substrate>' rows map here, not F1."
F7,carbon_and_substrate_utilization,all,gtdb_family_summary_all.tsv.gz,gtdb,family,utilizes: citrate,boolean,Metabolism,Utilizes metabolite,GO:0008152;CHEBI:16947,Traitar:SPIREv1=8bd7d86,864477170,0-14-0-10-38-17,false,NA,NA,NA,NA,group_2:contains~~Utilizes metabolite,"group_2 in {Carbon utilization, Aerobic growth, Anaerobic growth, Fermentation, Utilizes metabolite, Assimilation, Energy source, Growth}. 'aerobic/anaerobic growth: <substrate>' rows map here, not F1."
F7,carbon_and_substrate_utilization,all,gtdb_family_summary_all.tsv.gz,gtdb,family,utilizes: galactarate,boolean,Metabolism,Utilizes metabolite,GO:0008152;CHEBI:16537,Traitar:SPIREv1=8bd7d86,864477170,0-14-0-10-38-17,false,NA,NA,NA,NA,group_2:contains~~Utilizes metabolite,"group_2 in {Carbon utilization, Aerobic growth, Anaerobic growth, Fermentation, Utilizes metabolite, Assimilation, Energy source, Growth}. 'aerobic/anaerobic growth: <substrate>' rows map here, not F1."
F7,carbon_and_substrate_utilization,all,gtdb_family_summary_all.tsv.gz,gtdb,family,aerobic growth: anoxygenic phototrophy,boolean,Metabolism,Aerobic growth,GO:0040007;PATO:0001455;ECOCORE:00000131,MICROPHERRET:SPIREv1=fd21931,2070788780,0-14-0-20-30-16,false,NA,NA,NA,NA,group_2:contains~~Aerobic growth,"group_2 in {Carbon utilization, Aerobic growth, Anaerobic growth, Fermentation, Utilizes metabolite, Assimilation, Energy source, Growth}. 'aerobic/anaerobic growth: <substrate>' rows map here, not F1."
F7,carbon_and_substrate_utilization,all,gtdb_family_summary_all.tsv.gz,gtdb,family,aerobic growth: chemoheterotrophy,boolean,Metabolism,Aerobic growth,GO:0040007;PATO:0001455;ECOCORE:00000132,MICROPHERRET:SPIREv1=fd21931,2070788780,0-14-0-20-30-16,false,NA,NA,NA,NA,group_2:contains~~Aerobic growth,"group_2 in {Carbon utilization, Aerobic growth, Anaerobic growth, Fermentation, Utilizes metabolite, Assimilation, Energy source, Growth}. 'aerobic/anaerobic growth: <substrate>' rows map here, not F1."
F7,carbon_and_substrate_utilization,all,gtdb_family_summary_all.tsv.gz,gtdb,family,carbon source: methyl,boolean,Metabolism,Carbon utilization,GO:0015976;CHEBI:29309,MICROPHERRET:SPIREv1=fd21931,2070788780,0-14-0-20-30-16,false,NA,NA,NA,NA,group_2:contains~~Carbon utilization,"group_2 in {Carbon utilization, Aerobic growth, Anaerobic growth, Fermentation, Utilizes metabolite, Assimilation, Energy source, Growth}. 'aerobic/anaerobic growth: <substrate>' rows map here, not F1."
F7,carbon_and_substrate_utilization,all,gtdb_family_summary_all.tsv.gz,gtdb,family,fermentation,boolean,Metabolism,Fermentation,GO:0006113,MICROPHERRET:SPIREv1=fd21931,2070788780,0-14-0-20-30-16,false,NA,NA,NA,NA,group_2:contains~~Fermentation,"group_2 in {Carbon utilization, Aerobic growth, Anaerobic growth, Fermentation, Utilizes metabolite, Assimilation, Energy source, Growth}. 'aerobic/anaerobic growth: <substrate>' rows map here, not F1."
F7,carbon_and_substrate_utilization,all,gtdb_family_summary_all.tsv.gz,gtdb,family,fermentation: glucose,boolean,Metabolism,Fermentation,GO:0006113;CHEBI:17234,Traitar:SPIREv1=8bd7d86,2070788780,0-14-0-20-30-16,false,NA,NA,NA,NA,group_2:contains~~Fermentation,"group_2 in {Carbon utilization, Aerobic growth, Anaerobic growth, Fermentation, Utilizes metabolite, Assimilation, Energy source, Growth}. 'aerobic/anaerobic growth: <substrate>' rows map here, not F1."
F7,carbon_and_substrate_utilization,all,gtdb_family_summary_all.tsv.gz,gtdb,family,growth: 42 degrees Celsius,boolean,Metabolism,Growth,GO:0040007;OMP:0005002 ,Traitar:SPIREv1=8bd7d86,2070788780,0-14-0-20-30-16,No robust majority,NA,NA,NA,NA,group_2:contains~~Growth,"group_2 in {Carbon utilization, Aerobic growth, Anaerobic growth, Fermentation, Utilizes metabolite, Assimilation, Energy source, Growth}. 'aerobic/anaerobic growth: <substrate>' rows map here, not F1."
F7,carbon_and_substrate_utilization,all,gtdb_family_summary_all.tsv.gz,gtdb,family,growth: 6.5% NaCl,boolean,Metabolism,Growth,MICRO:0000989,Traitar:SPIREv1=8bd7d86,2070788780,0-14-0-20-30-16,false,NA,NA,NA,NA,group_2:contains~~Growth,"group_2 in {Carbon utilization, Aerobic growth, Anaerobic growth, Fermentation, Utilizes metabolite, Assimilation, Energy source, Growth}. 'aerobic/anaerobic growth: <substrate>' rows map here, not F1."
F7,carbon_and_substrate_utilization,all,gtdb_family_summary_all.tsv.gz,gtdb,family,growth: acetate,boolean,Metabolism,Growth,GO:0040007;CHEBI:30089,Traitar:SPIREv1=8bd7d86,2070788780,0-14-0-20-30-16,false,NA,NA,NA,NA,group_2:contains~~Growth,"group_2 in {Carbon utilization, Aerobic growth, Anaerobic growth, Fermentation, Utilizes metabolite, Assimilation, Energy source, Growth}. 'aerobic/anaerobic growth: <substrate>' rows map here, not F1."
F7,carbon_and_substrate_utilization,all,gtdb_family_summary_all.tsv.gz,gtdb,family,growth: anoxygenic photoautotrophy,boolean,Metabolism,Growth,GO:0040007;ECOCORE:00000130,MICROPHERRET:SPIREv1=fd21931,2070788780,0-14-0-20-30-16,false,NA,NA,NA,NA,group_2:contains~~Growth,"group_2 in {Carbon utilization, Aerobic growth, Anaerobic growth, Fermentation, Utilizes metabolite, Assimilation, Energy source, Growth}. 'aerobic/anaerobic growth: <substrate>' rows map here, not F1."
F7,carbon_and_substrate_utilization,all,gtdb_family_summary_all.tsv.gz,gtdb,family,growth: bile acid susceptible,boolean,Metabolism,Growth,GO:0040007;CHEBI:3098,Traitar:SPIREv1=8bd7d86,2070788780,0-14-0-20-30-16,No robust majority,NA,NA,NA,NA,group_2:contains~~Growth,"group_2 in {Carbon utilization, Aerobic growth, Anaerobic growth, Fermentation, Utilizes metabolite, Assimilation, Energy source, Growth}. 'aerobic/anaerobic growth: <substrate>' rows map here, not F1."
F7,carbon_and_substrate_utilization,all,gtdb_family_summary_all.tsv.gz,gtdb,family,growth: blood agar,boolean,Metabolism,Growth,GO:0040007;NCIT:C127517,Traitar:SPIREv1=8bd7d86,2070788780,0-14-0-20-30-16,false,NA,NA,NA,NA,group_2:contains~~Growth,"group_2 in {Carbon utilization, Aerobic growth, Anaerobic growth, Fermentation, Utilizes metabolite, Assimilation, Energy source, Growth}. 'aerobic/anaerobic growth: <substrate>' rows map here, not F1."
F7,carbon_and_substrate_utilization,all,gtdb_family_summary_all.tsv.gz,gtdb,family,growth: cellobiose,boolean,Metabolism,Growth,GO:0040007;CHEBI:17057,Traitar:SPIREv1=8bd7d86,2070788780,0-14-0-20-30-16,No robust majority,NA,NA,NA,NA,group_2:contains~~Growth,"group_2 in {Carbon utilization, Aerobic growth, Anaerobic growth, Fermentation, Utilizes metabolite, Assimilation, Energy source, Growth}. 'aerobic/anaerobic growth: <substrate>' rows map here, not F1."
F7,carbon_and_substrate_utilization,all,gtdb_family_summary_all.tsv.gz,gtdb,family,growth: chemoheterotrophy,boolean,Metabolism,Growth,GO:0040007;ECOCORE:00000132,MICROPHERRET:SPIREv1=fd21931,2070788780,0-14-0-20-30-16,true,NA,NA,NA,NA,group_2:contains~~Growth,"group_2 in {Carbon utilization, Aerobic growth, Anaerobic growth, Fermentation, Utilizes metabolite, Assimilation, Energy source, Growth}. 'aerobic/anaerobic growth: <substrate>' rows map here, not F1."
F7,carbon_and_substrate_utilization,no_predictions,gtdb_family_summary_no_predictions.tsv.gz,gtdb,family,assimilation: adipate,boolean,Metabolism,Assimilation,GO:0009058;CHEBI:17128,BacDive=2025-07-29,318463998,Acanthopleuribacteraceae,false,NA,NA,NA,NA,group_2:contains~~Assimilation,"group_2 in {Carbon utilization, Aerobic growth, Anaerobic growth, Fermentation, Utilizes metabolite, Assimilation, Energy source, Growth}. 'aerobic/anaerobic growth: <substrate>' rows map here, not F1."
F7,carbon_and_substrate_utilization,no_predictions,gtdb_family_summary_no_predictions.tsv.gz,gtdb,family,assimilation: decanoate,boolean,Metabolism,Assimilation,GO:0009058;CHEBI:27689,BacDive=2025-07-29,318463998,Acanthopleuribacteraceae,false,NA,NA,NA,NA,group_2:contains~~Assimilation,"group_2 in {Carbon utilization, Aerobic growth, Anaerobic growth, Fermentation, Utilizes metabolite, Assimilation, Energy source, Growth}. 'aerobic/anaerobic growth: <substrate>' rows map here, not F1."
F7,carbon_and_substrate_utilization,no_predictions,gtdb_family_summary_no_predictions.tsv.gz,gtdb,family,assimilation: D-mannitol,boolean,Metabolism,Assimilation,GO:0009058;CHEBI:16899,BacDive=2025-07-29,318463998,Acanthopleuribacteraceae,false,NA,NA,NA,NA,group_2:contains~~Assimilation,"group_2 in {Carbon utilization, Aerobic growth, Anaerobic growth, Fermentation, Utilizes metabolite, Assimilation, Energy source, Growth}. 'aerobic/anaerobic growth: <substrate>' rows map here, not F1."
F7,carbon_and_substrate_utilization,no_predictions,gtdb_family_summary_no_predictions.tsv.gz,gtdb,family,assimilation: D-mannose,boolean,Metabolism,Assimilation,GO:0009058;CHEBI:16024,BacDive=2025-07-29,318463998,Acanthopleuribacteraceae,false,NA,NA,NA,NA,group_2:contains~~Assimilation,"group_2 in {Carbon utilization, Aerobic growth, Anaerobic growth, Fermentation, Utilizes metabolite, Assimilation, Energy source, Growth}. 'aerobic/anaerobic growth: <substrate>' rows map here, not F1."
F7,carbon_and_substrate_utilization,no_predictions,gtdb_family_summary_no_predictions.tsv.gz,gtdb,family,assimilation: malate,boolean,Metabolism,Assimilation,GO:0009058;CHEBI:25115,BacDive=2025-07-29,318463998,Acanthopleuribacteraceae,false,NA,NA,NA,NA,group_2:contains~~Assimilation,"group_2 in {Carbon utilization, Aerobic growth, Anaerobic growth, Fermentation, Utilizes metabolite, Assimilation, Energy source, Growth}. 'aerobic/anaerobic growth: <substrate>' rows map here, not F1."
F7,carbon_and_substrate_utilization,no_predictions,gtdb_family_summary_no_predictions.tsv.gz,gtdb,family,assimilation: maltose,boolean,Metabolism,Assimilation,GO:0009058;CHEBI:17306,BacDive=2025-07-29,318463998,Acanthopleuribacteraceae,false,NA,NA,NA,NA,group_2:contains~~Assimilation,"group_2 in {Carbon utilization, Aerobic growth, Anaerobic growth, Fermentation, Utilizes metabolite, Assimilation, Energy source, Growth}. 'aerobic/anaerobic growth: <substrate>' rows map here, not F1."
F7,carbon_and_substrate_utilization,no_predictions,gtdb_family_summary_no_predictions.tsv.gz,gtdb,family,carbon source: alanine,boolean,Metabolism,Carbon utilization,GO:0015976;CHEBI:16449,BacDive=2025-07-29,318463998,Acanthopleuribacteraceae,true,NA,NA,NA,NA,group_2:contains~~Carbon utilization,"group_2 in {Carbon utilization, Aerobic growth, Anaerobic growth, Fermentation, Utilizes metabolite, Assimilation, Energy source, Growth}. 'aerobic/anaerobic growth: <substrate>' rows map here, not F1."
F7,carbon_and_substrate_utilization,no_predictions,gtdb_family_summary_no_predictions.tsv.gz,gtdb,family,carbon source: glucose,boolean,Metabolism,Carbon utilization,GO:0015976;CHEBI:17234,BacDive=2025-07-29,318463998,Acanthopleuribacteraceae,true,NA,NA,NA,NA,group_2:contains~~Carbon utilization,"group_2 in {Carbon utilization, Aerobic growth, Anaerobic growth, Fermentation, Utilizes metabolite, Assimilation, Energy source, Growth}. 'aerobic/anaerobic growth: <substrate>' rows map here, not F1."
F7,carbon_and_substrate_utilization,no_predictions,gtdb_family_summary_no_predictions.tsv.gz,gtdb,family,fermentation: D-glucose,boolean,Metabolism,Fermentation,GO:0006113;CHEBI:17634,BacDive=2025-07-29,318463998,Acanthopleuribacteraceae,false,NA,NA,NA,NA,group_2:contains~~Fermentation,"group_2 in {Carbon utilization, Aerobic growth, Anaerobic growth, Fermentation, Utilizes metabolite, Assimilation, Energy source, Growth}. 'aerobic/anaerobic growth: <substrate>' rows map here, not F1."
F7,carbon_and_substrate_utilization,no_predictions,gtdb_family_summary_no_predictions.tsv.gz,gtdb,family,assimilation: amygdalin,boolean,Metabolism,Assimilation,GO:0009058;CHEBI:27613,BacDive=2025-07-29,1775432467,Acetivibrionaceae,false,NA,NA,NA,NA,group_2:contains~~Assimilation,"group_2 in {Carbon utilization, Aerobic growth, Anaerobic growth, Fermentation, Utilizes metabolite, Assimilation, Energy source, Growth}. 'aerobic/anaerobic growth: <substrate>' rows map here, not F1."
F7,carbon_and_substrate_utilization,no_predictions,gtdb_family_summary_no_predictions.tsv.gz,gtdb,family,assimilation: arabinose,boolean,Metabolism,Assimilation,GO:0009058;CHEBI:22599,BacDive=2025-07-29,1775432467,Acetivibrionaceae,false,NA,NA,NA,NA,group_2:contains~~Assimilation,"group_2 in {Carbon utilization, Aerobic growth, Anaerobic growth, Fermentation, Utilizes metabolite, Assimilation, Energy source, Growth}. 'aerobic/anaerobic growth: <substrate>' rows map here, not F1."
F7,carbon_and_substrate_utilization,no_predictions,gtdb_family_summary_no_predictions.tsv.gz,gtdb,family,assimilation: erythritol,boolean,Metabolism,Assimilation,GO:0009058;CHEBI:17113,BacDive=2025-07-29,1775432467,Acetivibrionaceae,false,NA,NA,NA,NA,group_2:contains~~Assimilation,"group_2 in {Carbon utilization, Aerobic growth, Anaerobic growth, Fermentation, Utilizes metabolite, Assimilation, Energy source, Growth}. 'aerobic/anaerobic growth: <substrate>' rows map here, not F1."
F7,carbon_and_substrate_utilization,no_predictions,gtdb_family_summary_no_predictions.tsv.gz,gtdb,family,assimilation: fructose,boolean,Metabolism,Assimilation,GO:0009058;CHEBI:28757,BacDive=2025-07-29,1775432467,Acetivibrionaceae,false,NA,NA,NA,NA,group_2:contains~~Assimilation,"group_2 in {Carbon utilization, Aerobic growth, Anaerobic growth, Fermentation, Utilizes metabolite, Assimilation, Energy source, Growth}. 'aerobic/anaerobic growth: <substrate>' rows map here, not F1."
F7,carbon_and_substrate_utilization,no_predictions,gtdb_family_summary_no_predictions.tsv.gz,gtdb,family,carbon source: cellobiose,boolean,Metabolism,Carbon utilization,GO:0015976;CHEBI:17057,BacDive=2025-07-29,1775432467,Acetivibrionaceae,true,NA,NA,NA,NA,group_2:contains~~Carbon utilization,"group_2 in {Carbon utilization, Aerobic growth, Anaerobic growth, Fermentation, Utilizes metabolite, Assimilation, Energy source, Growth}. 'aerobic/anaerobic growth: <substrate>' rows map here, not F1."
F7,carbon_and_substrate_utilization,no_predictions,gtdb_family_summary_no_predictions.tsv.gz,gtdb,family,carbon source: cellulose,boolean,Metabolism,Carbon utilization,GO:0015976;CHEBI:62968,BacDive=2025-07-29,1775432467,Acetivibrionaceae,true,NA,NA,NA,NA,group_2:contains~~Carbon utilization,"group_2 in {Carbon utilization, Aerobic growth, Anaerobic growth, Fermentation, Utilizes metabolite, Assimilation, Energy source, Growth}. 'aerobic/anaerobic growth: <substrate>' rows map here, not F1."
F7,carbon_and_substrate_utilization,no_predictions,gtdb_family_summary_no_predictions.tsv.gz,gtdb,family,carbon source: galactose,boolean,Metabolism,Carbon utilization,GO:0015976;CHEBI:28260,BacDive=2025-07-29,1775432467,Acetivibrionaceae,true,NA,NA,NA,NA,group_2:contains~~Carbon utilization,"group_2 in {Carbon utilization, Aerobic growth, Anaerobic growth, Fermentation, Utilizes metabolite, Assimilation, Energy source, Growth}. 'aerobic/anaerobic growth: <substrate>' rows map here, not F1."
F7,carbon_and_substrate_utilization,no_predictions,gtdb_family_summary_no_predictions.tsv.gz,gtdb,family,carbon source: glucose,boolean,Metabolism,Carbon utilization,GO:0015976;CHEBI:17234,BacDive=2025-07-29,1775432467,Acetivibrionaceae,true,NA,NA,NA,NA,group_2:contains~~Carbon utilization,"group_2 in {Carbon utilization, Aerobic growth, Anaerobic growth, Fermentation, Utilizes metabolite, Assimilation, Energy source, Growth}. 'aerobic/anaerobic growth: <substrate>' rows map here, not F1."
F7,carbon_and_substrate_utilization,no_predictions,gtdb_family_summary_no_predictions.tsv.gz,gtdb,family,energy source: cellobiose,boolean,Metabolism,Energy source,GO:0015980;CHEBI:17057,BacDive=2025-07-29,1775432467,Acetivibrionaceae,true,NA,NA,NA,NA,group_2:contains~~Energy source,"group_2 in {Carbon utilization, Aerobic growth, Anaerobic growth, Fermentation, Utilizes metabolite, Assimilation, Energy source, Growth}. 'aerobic/anaerobic growth: <substrate>' rows map here, not F1."
F7,carbon_and_substrate_utilization,no_predictions,gtdb_family_summary_no_predictions.tsv.gz,gtdb,family,energy source: cellulose,boolean,Metabolism,Energy source,GO:0015980;CHEBI:62968,BacDive=2025-07-29,1775432467,Acetivibrionaceae,true,NA,NA,NA,NA,group_2:contains~~Energy source,"group_2 in {Carbon utilization, Aerobic growth, Anaerobic growth, Fermentation, Utilizes metabolite, Assimilation, Energy source, Growth}. 'aerobic/anaerobic growth: <substrate>' rows map here, not F1."
F7,carbon_and_substrate_utilization,no_predictions,gtdb_family_summary_no_predictions.tsv.gz,gtdb,family,fermentation: galactitol,boolean,Metabolism,Fermentation,GO:0006113;CHEBI:16813,BacDive=2025-07-29,1775432467,Acetivibrionaceae,false,NA,NA,NA,NA,group_2:contains~~Fermentation,"group_2 in {Carbon utilization, Aerobic growth, Anaerobic growth, Fermentation, Utilizes metabolite, Assimilation, Energy source, Growth}. 'aerobic/anaerobic growth: <substrate>' rows map here, not F1."
F7,carbon_and_substrate_utilization,no_predictions,gtdb_family_summary_no_predictions.tsv.gz,gtdb,family,growth: arabinose,boolean,Metabolism,Growth,GO:0040007;CHEBI:22599,BacDive=2025-07-29,1775432467,Acetivibrionaceae,false,NA,NA,NA,NA,group_2:contains~~Growth,"group_2 in {Carbon utilization, Aerobic growth, Anaerobic growth, Fermentation, Utilizes metabolite, Assimilation, Energy source, Growth}. 'aerobic/anaerobic growth: <substrate>' rows map here, not F1."
F7,carbon_and_substrate_utilization,no_predictions,gtdb_family_summary_no_predictions.tsv.gz,gtdb,family,growth: cellobiose,boolean,Metabolism,Growth,GO:0040007;CHEBI:17057,BacDive=2025-07-29,1775432467,Acetivibrionaceae,true,NA,NA,NA,NA,group_2:contains~~Growth,"group_2 in {Carbon utilization, Aerobic growth, Anaerobic growth, Fermentation, Utilizes metabolite, Assimilation, Energy source, Growth}. 'aerobic/anaerobic growth: <substrate>' rows map here, not F1."
F7,carbon_and_substrate_utilization,no_predictions,gtdb_family_summary_no_predictions.tsv.gz,gtdb,family,growth: cellulose,boolean,Metabolism,Growth,GO:0040007;CHEBI:62968,BacDive=2025-07-29,1775432467,Acetivibrionaceae,true,NA,NA,NA,NA,group_2:contains~~Growth,"group_2 in {Carbon utilization, Aerobic growth, Anaerobic growth, Fermentation, Utilizes metabolite, Assimilation, Energy source, Growth}. 'aerobic/anaerobic growth: <substrate>' rows map here, not F1."
F7,carbon_and_substrate_utilization,no_predictions,gtdb_family_summary_no_predictions.tsv.gz,gtdb,family,growth: fructose,boolean,Metabolism,Growth,GO:0040007;CHEBI:28757,BacDive=2025-07-29,1775432467,Acetivibrionaceae,false,NA,NA,NA,NA,group_2:contains~~Growth,"group_2 in {Carbon utilization, Aerobic growth, Anaerobic growth, Fermentation, Utilizes metabolite, Assimilation, Energy source, Growth}. 'aerobic/anaerobic growth: <substrate>' rows map here, not F1."
F7,carbon_and_substrate_utilization,no_predictions,gtdb_family_summary_no_predictions.tsv.gz,gtdb,family,growth: glucose,boolean,Metabolism,Growth,GO:0040007;CHEBI:17234,BacDive=2025-07-29,1775432467,Acetivibrionaceae,No robust majority,NA,NA,NA,NA,group_2:contains~~Growth,"group_2 in {Carbon utilization, Aerobic growth, Anaerobic growth, Fermentation, Utilizes metabolite, Assimilation, Energy source, Growth}. 'aerobic/anaerobic growth: <substrate>' rows map here, not F1."
F7,carbon_and_substrate_utilization,no_predictions,gtdb_family_summary_no_predictions.tsv.gz,gtdb,family,growth: lactose,boolean,Metabolism,Growth,GO:0040007;CHEBI:17716,BacDive=2025-07-29,1775432467,Acetivibrionaceae,false,NA,NA,NA,NA,group_2:contains~~Growth,"group_2 in {Carbon utilization, Aerobic growth, Anaerobic growth, Fermentation, Utilizes metabolite, Assimilation, Energy source, Growth}. 'aerobic/anaerobic growth: <substrate>' rows map here, not F1."
F7,carbon_and_substrate_utilization,no_predictions,gtdb_family_summary_no_predictions.tsv.gz,gtdb,family,growth: mannitol,boolean,Metabolism,Growth,GO:0040007;CHEBI:29864,BacDive=2025-07-29,1775432467,Acetivibrionaceae,false,NA,NA,NA,NA,group_2:contains~~Growth,"group_2 in {Carbon utilization, Aerobic growth, Anaerobic growth, Fermentation, Utilizes metabolite, Assimilation, Energy source, Growth}. 'aerobic/anaerobic growth: <substrate>' rows map here, not F1."
F7,carbon_and_substrate_utilization,no_predictions,gtdb_family_summary_no_predictions.tsv.gz,gtdb,family,growth: mannose,boolean,Metabolism,Growth,GO:0040007;CHEBI:37684,BacDive=2025-07-29,1775432467,Acetivibrionaceae,false,NA,NA,NA,NA,group_2:contains~~Growth,"group_2 in {Carbon utilization, Aerobic growth, Anaerobic growth, Fermentation, Utilizes metabolite, Assimilation, Energy source, Growth}. 'aerobic/anaerobic growth: <substrate>' rows map here, not F1."
F7,carbon_and_substrate_utilization,no_predictions,gtdb_family_summary_no_predictions.tsv.gz,gtdb,family,growth: ribose,boolean,Metabolism,Growth,GO:0040007;CHEBI:33942,BacDive=2025-07-29,1775432467,Acetivibrionaceae,false,NA,NA,NA,NA,group_2:contains~~Growth,"group_2 in {Carbon utilization, Aerobic growth, Anaerobic growth, Fermentation, Utilizes metabolite, Assimilation, Energy source, Growth}. 'aerobic/anaerobic growth: <substrate>' rows map here, not F1."
F7,carbon_and_substrate_utilization,no_predictions,gtdb_family_summary_no_predictions.tsv.gz,gtdb,family,growth: starch,boolean,Metabolism,Growth,GO:0040007;CHEBI:28017,BacDive=2025-07-29,1775432467,Acetivibrionaceae,false,NA,NA,NA,NA,group_2:contains~~Growth,"group_2 in {Carbon utilization, Aerobic growth, Anaerobic growth, Fermentation, Utilizes metabolite, Assimilation, Energy source, Growth}. 'aerobic/anaerobic growth: <substrate>' rows map here, not F1."
F7,carbon_and_substrate_utilization,no_predictions,gtdb_family_summary_no_predictions.tsv.gz,gtdb,family,utilizes: L-phenylalanine,boolean,Metabolism,Utilizes metabolite,GO:0008152;CHEBI:17295,BacDive=2025-07-29,1775432467,Acetivibrionaceae,false,NA,NA,NA,NA,group_2:contains~~Utilizes metabolite,"group_2 in {Carbon utilization, Aerobic growth, Anaerobic growth, Fermentation, Utilizes metabolite, Assimilation, Energy source, Growth}. 'aerobic/anaerobic growth: <substrate>' rows map here, not F1."
F7,carbon_and_substrate_utilization,no_predictions,gtdb_family_summary_no_predictions.tsv.gz,gtdb,family,anaerobic growth with light: citrate,boolean,Metabolism,Anaerobic growth with light,GO:0040007;PATO:0001456;FBcv:0007038;CHEBI:16947,BacDive=2025-07-29,915913853,Acetobacteraceae,true,NA,NA,NA,NA,group_2:contains~~Anaerobic growth with light,"group_2 in {Carbon utilization, Aerobic growth, Anaerobic growth, Fermentation, Utilizes metabolite, Assimilation, Energy source, Growth}. 'aerobic/anaerobic growth: <substrate>' rows map here, not F1."
F7,carbon_and_substrate_utilization,no_predictions,gtdb_family_summary_no_predictions.tsv.gz,gtdb,family,assimilation: 2-hydroxybutyrate,boolean,Metabolism,Assimilation,GO:0009058;CHEBI:64552,BacDive=2025-07-29,915913853,Acetobacteraceae,false,NA,NA,NA,NA,group_2:contains~~Assimilation,"group_2 in {Carbon utilization, Aerobic growth, Anaerobic growth, Fermentation, Utilizes metabolite, Assimilation, Energy source, Growth}. 'aerobic/anaerobic growth: <substrate>' rows map here, not F1."
F7,carbon_and_substrate_utilization,no_predictions,gtdb_family_summary_no_predictions.tsv.gz,gtdb,family,assimilation: 2-oxobutanoate,boolean,Metabolism,Assimilation,GO:0009058;CHEBI:16763,BacDive=2025-07-29,915913853,Acetobacteraceae,false,NA,NA,NA,NA,group_2:contains~~Assimilation,"group_2 in {Carbon utilization, Aerobic growth, Anaerobic growth, Fermentation, Utilizes metabolite, Assimilation, Energy source, Growth}. 'aerobic/anaerobic growth: <substrate>' rows map here, not F1."
F7,carbon_and_substrate_utilization,no_predictions,gtdb_family_summary_no_predictions.tsv.gz,gtdb,family,assimilation: 2-oxoglutarate,boolean,Metabolism,Assimilation,GO:0009058;CHEBI:30916,BacDive=2025-07-29,915913853,Acetobacteraceae,true,NA,NA,NA,NA,group_2:contains~~Assimilation,"group_2 in {Carbon utilization, Aerobic growth, Anaerobic growth, Fermentation, Utilizes metabolite, Assimilation, Energy source, Growth}. 'aerobic/anaerobic growth: <substrate>' rows map here, not F1."
F7,carbon_and_substrate_utilization,no_predictions,gtdb_family_summary_no_predictions.tsv.gz,gtdb,family,assimilation: 3-hydroxybutyrate,boolean,Metabolism,Assimilation,GO:0009058;CHEBI:37054,BacDive=2025-07-29,915913853,Acetobacteraceae,false,NA,NA,NA,NA,group_2:contains~~Assimilation,"group_2 in {Carbon utilization, Aerobic growth, Anaerobic growth, Fermentation, Utilizes metabolite, Assimilation, Energy source, Growth}. 'aerobic/anaerobic growth: <substrate>' rows map here, not F1."
F7,carbon_and_substrate_utilization,no_predictions,gtdb_family_summary_no_predictions.tsv.gz,gtdb,family,assimilation: 3-O-methyl-D-glucose,boolean,Metabolism,Assimilation,GO:0009058;CHEBI:73918,BacDive=2025-07-29,915913853,Acetobacteraceae,false,NA,NA,NA,NA,group_2:contains~~Assimilation,"group_2 in {Carbon utilization, Aerobic growth, Anaerobic growth, Fermentation, Utilizes metabolite, Assimilation, Energy source, Growth}. 'aerobic/anaerobic growth: <substrate>' rows map here, not F1."
F7,carbon_and_substrate_utilization,no_predictions,gtdb_family_summary_no_predictions.tsv.gz,gtdb,family,assimilation: 4-hydroxyphenylacetic acid,boolean,Metabolism,Assimilation,GO:0009058;CHEBI:18101,BacDive=2025-07-29,915913853,Acetobacteraceae,true,NA,NA,NA,NA,group_2:contains~~Assimilation,"group_2 in {Carbon utilization, Aerobic growth, Anaerobic growth, Fermentation, Utilizes metabolite, Assimilation, Energy source, Growth}. 'aerobic/anaerobic growth: <substrate>' rows map here, not F1."
F7,carbon_and_substrate_utilization,no_predictions,gtdb_family_summary_no_predictions.tsv.gz,gtdb,family,assimilation: acetate,boolean,Metabolism,Assimilation,GO:0009058;CHEBI:30089,BacDive=2025-07-29,915913853,Acetobacteraceae,true,NA,NA,NA,NA,group_2:contains~~Assimilation,"group_2 in {Carbon utilization, Aerobic growth, Anaerobic growth, Fermentation, Utilizes metabolite, Assimilation, Energy source, Growth}. 'aerobic/anaerobic growth: <substrate>' rows map here, not F1."
F7,carbon_and_substrate_utilization,no_predictions,gtdb_family_summary_no_predictions.tsv.gz,gtdb,family,assimilation: acetoacetate,boolean,Metabolism,Assimilation,GO:0009058;CHEBI:13705,BacDive=2025-07-29,915913853,Acetobacteraceae,false,NA,NA,NA,NA,group_2:contains~~Assimilation,"group_2 in {Carbon utilization, Aerobic growth, Anaerobic growth, Fermentation, Utilizes metabolite, Assimilation, Energy source, Growth}. 'aerobic/anaerobic growth: <substrate>' rows map here, not F1."
F7,carbon_and_substrate_utilization,no_predictions,gtdb_family_summary_no_predictions.tsv.gz,gtdb,family,assimilation: adipate,boolean,Metabolism,Assimilation,GO:0009058;CHEBI:17128,BacDive=2025-07-29,915913853,Acetobacteraceae,No robust majority,NA,NA,NA,NA,group_2:contains~~Assimilation,"group_2 in {Carbon utilization, Aerobic growth, Anaerobic growth, Fermentation, Utilizes metabolite, Assimilation, Energy source, Growth}. 'aerobic/anaerobic growth: <substrate>' rows map here, not F1."
F7,carbon_and_substrate_utilization,no_predictions,gtdb_family_summary_no_predictions.tsv.gz,gtdb,family,assimilation: amygdalin,boolean,Metabolism,Assimilation,GO:0009058;CHEBI:27613,BacDive=2025-07-29,915913853,Acetobacteraceae,false,NA,NA,NA,NA,group_2:contains~~Assimilation,"group_2 in {Carbon utilization, Aerobic growth, Anaerobic growth, Fermentation, Utilizes metabolite, Assimilation, Energy source, Growth}. 'aerobic/anaerobic growth: <substrate>' rows map here, not F1."
F7,carbon_and_substrate_utilization,no_predictions,gtdb_family_summary_no_predictions.tsv.gz,gtdb,family,assimilation: arabinose,boolean,Metabolism,Assimilation,GO:0009058;CHEBI:22599,BacDive=2025-07-29,915913853,Acetobacteraceae,false,NA,NA,NA,NA,group_2:contains~~Assimilation,"group_2 in {Carbon utilization, Aerobic growth, Anaerobic growth, Fermentation, Utilizes metabolite, Assimilation, Energy source, Growth}. 'aerobic/anaerobic growth: <substrate>' rows map here, not F1."
F7,carbon_and_substrate_utilization,no_predictions,gtdb_family_summary_no_predictions.tsv.gz,gtdb,family,assimilation: aspartate,boolean,Metabolism,Assimilation,GO:0009058;CHEBI:35391,BacDive=2025-07-29,915913853,Acetobacteraceae,false,NA,NA,NA,NA,group_2:contains~~Assimilation,"group_2 in {Carbon utilization, Aerobic growth, Anaerobic growth, Fermentation, Utilizes metabolite, Assimilation, Energy source, Growth}. 'aerobic/anaerobic growth: <substrate>' rows map here, not F1."
F7,carbon_and_substrate_utilization,no_predictions,gtdb_family_summary_no_predictions.tsv.gz,gtdb,family,assimilation: cellobiose,boolean,Metabolism,Assimilation,GO:0009058;CHEBI:17057,BacDive=2025-07-29,915913853,Acetobacteraceae,false,NA,NA,NA,NA,group_2:contains~~Assimilation,"group_2 in {Carbon utilization, Aerobic growth, Anaerobic growth, Fermentation, Utilizes metabolite, Assimilation, Energy source, Growth}. 'aerobic/anaerobic growth: <substrate>' rows map here, not F1."
F7,carbon_and_substrate_utilization,no_predictions,gtdb_family_summary_no_predictions.tsv.gz,gtdb,family,assimilation: citrate,boolean,Metabolism,Assimilation,GO:0009058;CHEBI:16947,BacDive=2025-07-29,915913853,Acetobacteraceae,false,NA,NA,NA,NA,group_2:contains~~Assimilation,"group_2 in {Carbon utilization, Aerobic growth, Anaerobic growth, Fermentation, Utilizes metabolite, Assimilation, Energy source, Growth}. 'aerobic/anaerobic growth: <substrate>' rows map here, not F1."
F7,carbon_and_substrate_utilization,no_predictions,gtdb_family_summary_no_predictions.tsv.gz,gtdb,family,assimilation: D-alanine,boolean,Metabolism,Assimilation,GO:0009058;CHEBI:15570,BacDive=2025-07-29,915913853,Acetobacteraceae,true,NA,NA,NA,NA,group_2:contains~~Assimilation,"group_2 in {Carbon utilization, Aerobic growth, Anaerobic growth, Fermentation, Utilizes metabolite, Assimilation, Energy source, Growth}. 'aerobic/anaerobic growth: <substrate>' rows map here, not F1."
F7,carbon_and_substrate_utilization,no_predictions,gtdb_family_summary_no_predictions.tsv.gz,gtdb,family,assimilation: decanoate,boolean,Metabolism,Assimilation,GO:0009058;CHEBI:27689,BacDive=2025-07-29,915913853,Acetobacteraceae,false,NA,NA,NA,NA,group_2:contains~~Assimilation,"group_2 in {Carbon utilization, Aerobic growth, Anaerobic growth, Fermentation, Utilizes metabolite, Assimilation, Energy source, Growth}. 'aerobic/anaerobic growth: <substrate>' rows map here, not F1."
F7,carbon_and_substrate_utilization,no_predictions,gtdb_family_summary_no_predictions.tsv.gz,gtdb,family,assimilation: D-fructose,boolean,Metabolism,Assimilation,GO:0009058;CHEBI:15824,BacDive=2025-07-29,915913853,Acetobacteraceae,false,NA,NA,NA,NA,group_2:contains~~Assimilation,"group_2 in {Carbon utilization, Aerobic growth, Anaerobic growth, Fermentation, Utilizes metabolite, Assimilation, Energy source, Growth}. 'aerobic/anaerobic growth: <substrate>' rows map here, not F1."
F7,carbon_and_substrate_utilization,no_predictions,gtdb_family_summary_no_predictions.tsv.gz,gtdb,family,assimilation: D-glucose,boolean,Metabolism,Assimilation,GO:0009058;CHEBI:17634,BacDive=2025-07-29,915913853,Acetobacteraceae,No robust majority,NA,NA,NA,NA,group_2:contains~~Assimilation,"group_2 in {Carbon utilization, Aerobic growth, Anaerobic growth, Fermentation, Utilizes metabolite, Assimilation, Energy source, Growth}. 'aerobic/anaerobic growth: <substrate>' rows map here, not F1."
F8,degradation_capacity_broad,all,gtdb_family_summary_all.tsv.gz,gtdb,family,degradation: aromatic compound,boolean,Metabolism,Catabolic process,GO:0019439,MICROPHERRET:SPIREv1=fd21931,864477170,0-14-0-10-38-17,false,NA,NA,NA,NA,group_2:contains~~Catabolic process,"group_2 in {Catabolic process, Hydrolase activity, Oxidation}. Overlaps F9 for hydrolases."
F8,degradation_capacity_broad,all,gtdb_family_summary_all.tsv.gz,gtdb,family,degradation: aromatic hydrocarbon,boolean,Metabolism,Catabolic process,SNOMED:34862004;GO:0019439,MICROPHERRET:SPIREv1=fd21931,864477170,0-14-0-10-38-17,false,NA,NA,NA,NA,group_2:contains~~Catabolic process,"group_2 in {Catabolic process, Hydrolase activity, Oxidation}. Overlaps F9 for hydrolases."
F8,degradation_capacity_broad,all,gtdb_family_summary_all.tsv.gz,gtdb,family,degradation: cellulose,boolean,Metabolism,Catabolic process,GO:0009056;CHEBI:62968,MICROPHERRET:SPIREv1=fd21931,864477170,0-14-0-10-38-17,false,NA,NA,NA,NA,group_2:contains~~Catabolic process,"group_2 in {Catabolic process, Hydrolase activity, Oxidation}. Overlaps F9 for hydrolases."
F8,degradation_capacity_broad,all,gtdb_family_summary_all.tsv.gz,gtdb,family,degradation: chitin,boolean,Metabolism,Catabolic process,GO:0009056;CHEBI:17029,MICROPHERRET:SPIREv1=fd21931,864477170,0-14-0-10-38-17,false,NA,NA,NA,NA,group_2:contains~~Catabolic process,"group_2 in {Catabolic process, Hydrolase activity, Oxidation}. Overlaps F9 for hydrolases."
F8,degradation_capacity_broad,all,gtdb_family_summary_all.tsv.gz,gtdb,family,degradation: hydrocarbon,boolean,Metabolism,Catabolic process,GO:0120253,MICROPHERRET:SPIREv1=fd21931,864477170,0-14-0-10-38-17,false,NA,NA,NA,NA,group_2:contains~~Catabolic process,"group_2 in {Catabolic process, Hydrolase activity, Oxidation}. Overlaps F9 for hydrolases."
F8,degradation_capacity_broad,all,gtdb_family_summary_all.tsv.gz,gtdb,family,degradation: lignin,boolean,Metabolism,Catabolic process,GO:0046274,MICROPHERRET:SPIREv1=fd21931,864477170,0-14-0-10-38-17,false,NA,NA,NA,NA,group_2:contains~~Catabolic process,"group_2 in {Catabolic process, Hydrolase activity, Oxidation}. Overlaps F9 for hydrolases."
F8,degradation_capacity_broad,all,gtdb_family_summary_all.tsv.gz,gtdb,family,degradation: plastic,boolean,Metabolism,Catabolic process,ENVO:06105015,MICROPHERRET:SPIREv1=fd21931,864477170,0-14-0-10-38-17,false,NA,NA,NA,NA,group_2:contains~~Catabolic process,"group_2 in {Catabolic process, Hydrolase activity, Oxidation}. Overlaps F9 for hydrolases."
F8,degradation_capacity_broad,all,gtdb_family_summary_all.tsv.gz,gtdb,family,hydrolysis: 4-nitrophenyl beta-D-galactopyranoside,boolean,Metabolism,Hydrolase activity,GO:0016787;CHEBI:355715,Traitar:SPIREv1=8bd7d86,864477170,0-14-0-10-38-17,false,NA,NA,NA,NA,group_2:contains~~Hydrolase activity,"group_2 in {Catabolic process, Hydrolase activity, Oxidation}. Overlaps F9 for hydrolases."
F8,degradation_capacity_broad,all,gtdb_family_summary_all.tsv.gz,gtdb,family,hydrolysis: casein,boolean,Metabolism,Hydrolase activity,GO:0016787,Traitar:SPIREv1=8bd7d86,864477170,0-14-0-10-38-17,No robust majority,NA,NA,NA,NA,group_2:contains~~Hydrolase activity,"group_2 in {Catabolic process, Hydrolase activity, Oxidation}. Overlaps F9 for hydrolases."
F8,degradation_capacity_broad,all,gtdb_family_summary_all.tsv.gz,gtdb,family,hydrolysis: esculin,boolean,Metabolism,Hydrolase activity,GO:0016787;CHEBI:4853,Traitar:SPIREv1=8bd7d86,864477170,0-14-0-10-38-17,false,NA,NA,NA,NA,group_2:contains~~Hydrolase activity,"group_2 in {Catabolic process, Hydrolase activity, Oxidation}. Overlaps F9 for hydrolases."
F8,degradation_capacity_broad,all,gtdb_family_summary_all.tsv.gz,gtdb,family,hydrolysis: gelatin,boolean,Metabolism,Hydrolase activity,GO:0016787;CHEBI:5291,Traitar:SPIREv1=8bd7d86,864477170,0-14-0-10-38-17,No robust majority,NA,NA,NA,NA,group_2:contains~~Hydrolase activity,"group_2 in {Catabolic process, Hydrolase activity, Oxidation}. Overlaps F9 for hydrolases."
F8,degradation_capacity_broad,all,gtdb_family_summary_all.tsv.gz,gtdb,family,hydrolysis: starch,boolean,Metabolism,Hydrolase activity,GO:0016787;CHEBI:28017,Traitar:SPIREv1=8bd7d86,864477170,0-14-0-10-38-17,No robust majority,NA,NA,NA,NA,group_2:contains~~Hydrolase activity,"group_2 in {Catabolic process, Hydrolase activity, Oxidation}. Overlaps F9 for hydrolases."
F8,degradation_capacity_broad,all,gtdb_family_summary_all.tsv.gz,gtdb,family,hydrolysis: urea,boolean,Metabolism,Hydrolase activity,GO:0016787;CHEBI:16199,MICROPHERRET:SPIREv1=fd21931;Traitar:SPIREv1=8bd7d86,864477170,0-14-0-10-38-17,false,NA,NA,NA,NA,group_2:contains~~Hydrolase activity,"group_2 in {Catabolic process, Hydrolase activity, Oxidation}. Overlaps F9 for hydrolases."
F8,degradation_capacity_broad,all,gtdb_family_summary_all.tsv.gz,gtdb,family,hydrolysis: xylan,boolean,Metabolism,Hydrolase activity,GO:0016787;CHEBI:37166,MICROPHERRET:SPIREv1=fd21931,864477170,0-14-0-10-38-17,false,NA,NA,NA,NA,group_2:contains~~Hydrolase activity,"group_2 in {Catabolic process, Hydrolase activity, Oxidation}. Overlaps F9 for hydrolases."
F8,degradation_capacity_broad,all,gtdb_family_summary_all.tsv.gz,gtdb,family,oxidation: ammonia,boolean,Metabolism,Oxidation,GO:0055114;CHEBI:16134,MICROPHERRET:SPIREv1=fd21931,864477170,0-14-0-10-38-17,false,NA,NA,NA,NA,group_2:contains~~Oxidation,"group_2 in {Catabolic process, Hydrolase activity, Oxidation}. Overlaps F9 for hydrolases."
F8,degradation_capacity_broad,all,gtdb_family_summary_all.tsv.gz,gtdb,family,oxidation: glucose,boolean,Metabolism,Oxidation,GO:0055114;CHEBI:17234,Traitar:SPIREv1=8bd7d86,864477170,0-14-0-10-38-17,false,NA,NA,NA,NA,group_2:contains~~Oxidation,"group_2 in {Catabolic process, Hydrolase activity, Oxidation}. Overlaps F9 for hydrolases."
F8,degradation_capacity_broad,all,gtdb_family_summary_all.tsv.gz,gtdb,family,oxidation in darkness: hydrogen,boolean,Metabolism,Oxidation in darkness,GO:0055114;CHEBI:49637;OMIT:0004907,MICROPHERRET:SPIREv1=fd21931,864477170,0-14-0-10-38-17,false,NA,NA,NA,NA,group_2:contains~~Oxidation in darkness,"group_2 in {Catabolic process, Hydrolase activity, Oxidation}. Overlaps F9 for hydrolases."
F8,degradation_capacity_broad,all,gtdb_family_summary_all.tsv.gz,gtdb,family,oxidation in darkness: iron,boolean,Metabolism,Oxidation in darkness,GO:0055114;CHEBI:18248;OMIT:0004907,MICROPHERRET:SPIREv1=fd21931,864477170,0-14-0-10-38-17,false,NA,NA,NA,NA,group_2:contains~~Oxidation in darkness,"group_2 in {Catabolic process, Hydrolase activity, Oxidation}. Overlaps F9 for hydrolases."
F8,degradation_capacity_broad,all,gtdb_family_summary_all.tsv.gz,gtdb,family,oxidation in darkness: sulfide,boolean,Metabolism,Oxidation in darkness,GO:0055114;CHEBI:15138;OMIT:0004907,MICROPHERRET:SPIREv1=fd21931,864477170,0-14-0-10-38-17,false,NA,NA,NA,NA,group_2:contains~~Oxidation in darkness,"group_2 in {Catabolic process, Hydrolase activity, Oxidation}. Overlaps F9 for hydrolases."
F8,degradation_capacity_broad,all,gtdb_family_summary_all.tsv.gz,gtdb,family,oxidation in darkness: sulfur compounds,boolean,Metabolism,Oxidation in darkness,GO:0055114;CHEBI:26833;OMIT:0004907,MICROPHERRET:SPIREv1=fd21931,864477170,0-14-0-10-38-17,false,NA,NA,NA,NA,group_2:contains~~Oxidation in darkness,"group_2 in {Catabolic process, Hydrolase activity, Oxidation}. Overlaps F9 for hydrolases."
F8,degradation_capacity_broad,all,gtdb_family_summary_all.tsv.gz,gtdb,family,oxidation: manganese,boolean,Metabolism,Oxidation,GO:0055114;CHEBI:18291,MICROPHERRET:SPIREv1=fd21931,864477170,0-14-0-10-38-17,false,NA,NA,NA,NA,group_2:contains~~Oxidation,"group_2 in {Catabolic process, Hydrolase activity, Oxidation}. Overlaps F9 for hydrolases."
F8,degradation_capacity_broad,all,gtdb_family_summary_all.tsv.gz,gtdb,family,oxidation: methanol,boolean,Metabolism,Oxidation,GO:0055114;CHEBI:17790,MICROPHERRET:SPIREv1=fd21931,864477170,0-14-0-10-38-17,false,NA,NA,NA,NA,group_2:contains~~Oxidation,"group_2 in {Catabolic process, Hydrolase activity, Oxidation}. Overlaps F9 for hydrolases."
F8,degradation_capacity_broad,all,gtdb_family_summary_all.tsv.gz,gtdb,family,degradation: aromatic compound,boolean,Metabolism,Catabolic process,GO:0019439,MICROPHERRET:SPIREv1=fd21931,2070788780,0-14-0-20-30-16,false,NA,NA,NA,NA,group_2:contains~~Catabolic process,"group_2 in {Catabolic process, Hydrolase activity, Oxidation}. Overlaps F9 for hydrolases."
F8,degradation_capacity_broad,all,gtdb_family_summary_all.tsv.gz,gtdb,family,degradation: aromatic hydrocarbon,boolean,Metabolism,Catabolic process,SNOMED:34862004;GO:0019439,MICROPHERRET:SPIREv1=fd21931,2070788780,0-14-0-20-30-16,false,NA,NA,NA,NA,group_2:contains~~Catabolic process,"group_2 in {Catabolic process, Hydrolase activity, Oxidation}. Overlaps F9 for hydrolases."
F8,degradation_capacity_broad,all,gtdb_family_summary_all.tsv.gz,gtdb,family,degradation: cellulose,boolean,Metabolism,Catabolic process,GO:0009056;CHEBI:62968,MICROPHERRET:SPIREv1=fd21931,2070788780,0-14-0-20-30-16,false,NA,NA,NA,NA,group_2:contains~~Catabolic process,"group_2 in {Catabolic process, Hydrolase activity, Oxidation}. Overlaps F9 for hydrolases."
F8,degradation_capacity_broad,all,gtdb_family_summary_all.tsv.gz,gtdb,family,degradation: chitin,boolean,Metabolism,Catabolic process,GO:0009056;CHEBI:17029,MICROPHERRET:SPIREv1=fd21931,2070788780,0-14-0-20-30-16,false,NA,NA,NA,NA,group_2:contains~~Catabolic process,"group_2 in {Catabolic process, Hydrolase activity, Oxidation}. Overlaps F9 for hydrolases."
F8,degradation_capacity_broad,all,gtdb_family_summary_all.tsv.gz,gtdb,family,degradation: hydrocarbon,boolean,Metabolism,Catabolic process,GO:0120253,MICROPHERRET:SPIREv1=fd21931,2070788780,0-14-0-20-30-16,false,NA,NA,NA,NA,group_2:contains~~Catabolic process,"group_2 in {Catabolic process, Hydrolase activity, Oxidation}. Overlaps F9 for hydrolases."
F8,degradation_capacity_broad,all,gtdb_family_summary_all.tsv.gz,gtdb,family,degradation: lignin,boolean,Metabolism,Catabolic process,GO:0046274,MICROPHERRET:SPIREv1=fd21931,2070788780,0-14-0-20-30-16,false,NA,NA,NA,NA,group_2:contains~~Catabolic process,"group_2 in {Catabolic process, Hydrolase activity, Oxidation}. Overlaps F9 for hydrolases."
F8,degradation_capacity_broad,all,gtdb_family_summary_all.tsv.gz,gtdb,family,degradation: plastic,boolean,Metabolism,Catabolic process,ENVO:06105015,MICROPHERRET:SPIREv1=fd21931,2070788780,0-14-0-20-30-16,false,NA,NA,NA,NA,group_2:contains~~Catabolic process,"group_2 in {Catabolic process, Hydrolase activity, Oxidation}. Overlaps F9 for hydrolases."
F8,degradation_capacity_broad,all,gtdb_family_summary_all.tsv.gz,gtdb,family,hydrolysis: 4-nitrophenyl beta-D-galactopyranoside,boolean,Metabolism,Hydrolase activity,GO:0016787;CHEBI:355715,Traitar:SPIREv1=8bd7d86,2070788780,0-14-0-20-30-16,No robust majority,NA,NA,NA,NA,group_2:contains~~Hydrolase activity,"group_2 in {Catabolic process, Hydrolase activity, Oxidation}. Overlaps F9 for hydrolases."
F8,degradation_capacity_broad,all,gtdb_family_summary_all.tsv.gz,gtdb,family,hydrolysis: casein,boolean,Metabolism,Hydrolase activity,GO:0016787,Traitar:SPIREv1=8bd7d86,2070788780,0-14-0-20-30-16,false,NA,NA,NA,NA,group_2:contains~~Hydrolase activity,"group_2 in {Catabolic process, Hydrolase activity, Oxidation}. Overlaps F9 for hydrolases."
F8,degradation_capacity_broad,all,gtdb_family_summary_all.tsv.gz,gtdb,family,hydrolysis: esculin,boolean,Metabolism,Hydrolase activity,GO:0016787;CHEBI:4853,Traitar:SPIREv1=8bd7d86,2070788780,0-14-0-20-30-16,true,NA,NA,NA,NA,group_2:contains~~Hydrolase activity,"group_2 in {Catabolic process, Hydrolase activity, Oxidation}. Overlaps F9 for hydrolases."
F8,degradation_capacity_broad,all,gtdb_family_summary_all.tsv.gz,gtdb,family,hydrolysis: gelatin,boolean,Metabolism,Hydrolase activity,GO:0016787;CHEBI:5291,Traitar:SPIREv1=8bd7d86,2070788780,0-14-0-20-30-16,No robust majority,NA,NA,NA,NA,group_2:contains~~Hydrolase activity,"group_2 in {Catabolic process, Hydrolase activity, Oxidation}. Overlaps F9 for hydrolases."
F8,degradation_capacity_broad,all,gtdb_family_summary_all.tsv.gz,gtdb,family,hydrolysis: starch,boolean,Metabolism,Hydrolase activity,GO:0016787;CHEBI:28017,Traitar:SPIREv1=8bd7d86,2070788780,0-14-0-20-30-16,false,NA,NA,NA,NA,group_2:contains~~Hydrolase activity,"group_2 in {Catabolic process, Hydrolase activity, Oxidation}. Overlaps F9 for hydrolases."
F8,degradation_capacity_broad,all,gtdb_family_summary_all.tsv.gz,gtdb,family,hydrolysis: urea,boolean,Metabolism,Hydrolase activity,GO:0016787;CHEBI:16199,MICROPHERRET:SPIREv1=fd21931;Traitar:SPIREv1=8bd7d86,2070788780,0-14-0-20-30-16,false,NA,NA,NA,NA,group_2:contains~~Hydrolase activity,"group_2 in {Catabolic process, Hydrolase activity, Oxidation}. Overlaps F9 for hydrolases."
F8,degradation_capacity_broad,all,gtdb_family_summary_all.tsv.gz,gtdb,family,hydrolysis: xylan,boolean,Metabolism,Hydrolase activity,GO:0016787;CHEBI:37166,MICROPHERRET:SPIREv1=fd21931,2070788780,0-14-0-20-30-16,false,NA,NA,NA,NA,group_2:contains~~Hydrolase activity,"group_2 in {Catabolic process, Hydrolase activity, Oxidation}. Overlaps F9 for hydrolases."
F8,degradation_capacity_broad,all,gtdb_family_summary_all.tsv.gz,gtdb,family,oxidation: ammonia,boolean,Metabolism,Oxidation,GO:0055114;CHEBI:16134,MICROPHERRET:SPIREv1=fd21931,2070788780,0-14-0-20-30-16,false,NA,NA,NA,NA,group_2:contains~~Oxidation,"group_2 in {Catabolic process, Hydrolase activity, Oxidation}. Overlaps F9 for hydrolases."
F8,degradation_capacity_broad,all,gtdb_family_summary_all.tsv.gz,gtdb,family,oxidation: glucose,boolean,Metabolism,Oxidation,GO:0055114;CHEBI:17234,Traitar:SPIREv1=8bd7d86,2070788780,0-14-0-20-30-16,false,NA,NA,NA,NA,group_2:contains~~Oxidation,"group_2 in {Catabolic process, Hydrolase activity, Oxidation}. Overlaps F9 for hydrolases."
F8,degradation_capacity_broad,all,gtdb_family_summary_all.tsv.gz,gtdb,family,oxidation in darkness: hydrogen,boolean,Metabolism,Oxidation in darkness,GO:0055114;CHEBI:49637;OMIT:0004907,MICROPHERRET:SPIREv1=fd21931,2070788780,0-14-0-20-30-16,false,NA,NA,NA,NA,group_2:contains~~Oxidation in darkness,"group_2 in {Catabolic process, Hydrolase activity, Oxidation}. Overlaps F9 for hydrolases."
F8,degradation_capacity_broad,all,gtdb_family_summary_all.tsv.gz,gtdb,family,oxidation in darkness: iron,boolean,Metabolism,Oxidation in darkness,GO:0055114;CHEBI:18248;OMIT:0004907,MICROPHERRET:SPIREv1=fd21931,2070788780,0-14-0-20-30-16,false,NA,NA,NA,NA,group_2:contains~~Oxidation in darkness,"group_2 in {Catabolic process, Hydrolase activity, Oxidation}. Overlaps F9 for hydrolases."
F8,degradation_capacity_broad,all,gtdb_family_summary_all.tsv.gz,gtdb,family,oxidation in darkness: sulfide,boolean,Metabolism,Oxidation in darkness,GO:0055114;CHEBI:15138;OMIT:0004907,MICROPHERRET:SPIREv1=fd21931,2070788780,0-14-0-20-30-16,false,NA,NA,NA,NA,group_2:contains~~Oxidation in darkness,"group_2 in {Catabolic process, Hydrolase activity, Oxidation}. Overlaps F9 for hydrolases."
F8,degradation_capacity_broad,all,gtdb_family_summary_all.tsv.gz,gtdb,family,oxidation in darkness: sulfur compounds,boolean,Metabolism,Oxidation in darkness,GO:0055114;CHEBI:26833;OMIT:0004907,MICROPHERRET:SPIREv1=fd21931,2070788780,0-14-0-20-30-16,false,NA,NA,NA,NA,group_2:contains~~Oxidation in darkness,"group_2 in {Catabolic process, Hydrolase activity, Oxidation}. Overlaps F9 for hydrolases."
F8,degradation_capacity_broad,all,gtdb_family_summary_all.tsv.gz,gtdb,family,oxidation: manganese,boolean,Metabolism,Oxidation,GO:0055114;CHEBI:18291,MICROPHERRET:SPIREv1=fd21931,2070788780,0-14-0-20-30-16,false,NA,NA,NA,NA,group_2:contains~~Oxidation,"group_2 in {Catabolic process, Hydrolase activity, Oxidation}. Overlaps F9 for hydrolases."
F8,degradation_capacity_broad,all,gtdb_family_summary_all.tsv.gz,gtdb,family,oxidation: methanol,boolean,Metabolism,Oxidation,GO:0055114;CHEBI:17790,MICROPHERRET:SPIREv1=fd21931,2070788780,0-14-0-20-30-16,false,NA,NA,NA,NA,group_2:contains~~Oxidation,"group_2 in {Catabolic process, Hydrolase activity, Oxidation}. Overlaps F9 for hydrolases."
F8,degradation_capacity_broad,all,gtdb_family_summary_all.tsv.gz,gtdb,family,degradation: aromatic compound,boolean,Metabolism,Catabolic process,GO:0019439,MICROPHERRET:SPIREv1=fd21931,410678088,0-14-0-20-34-12,false,NA,NA,NA,NA,group_2:contains~~Catabolic process,"group_2 in {Catabolic process, Hydrolase activity, Oxidation}. Overlaps F9 for hydrolases."
F8,degradation_capacity_broad,all,gtdb_family_summary_all.tsv.gz,gtdb,family,degradation: aromatic hydrocarbon,boolean,Metabolism,Catabolic process,SNOMED:34862004;GO:0019439,MICROPHERRET:SPIREv1=fd21931,410678088,0-14-0-20-34-12,false,NA,NA,NA,NA,group_2:contains~~Catabolic process,"group_2 in {Catabolic process, Hydrolase activity, Oxidation}. Overlaps F9 for hydrolases."
F8,degradation_capacity_broad,all,gtdb_family_summary_all.tsv.gz,gtdb,family,degradation: cellulose,boolean,Metabolism,Catabolic process,GO:0009056;CHEBI:62968,MICROPHERRET:SPIREv1=fd21931,410678088,0-14-0-20-34-12,false,NA,NA,NA,NA,group_2:contains~~Catabolic process,"group_2 in {Catabolic process, Hydrolase activity, Oxidation}. Overlaps F9 for hydrolases."
F8,degradation_capacity_broad,all,gtdb_family_summary_all.tsv.gz,gtdb,family,degradation: chitin,boolean,Metabolism,Catabolic process,GO:0009056;CHEBI:17029,MICROPHERRET:SPIREv1=fd21931,410678088,0-14-0-20-34-12,false,NA,NA,NA,NA,group_2:contains~~Catabolic process,"group_2 in {Catabolic process, Hydrolase activity, Oxidation}. Overlaps F9 for hydrolases."
F8,degradation_capacity_broad,all,gtdb_family_summary_all.tsv.gz,gtdb,family,degradation: hydrocarbon,boolean,Metabolism,Catabolic process,GO:0120253,MICROPHERRET:SPIREv1=fd21931,410678088,0-14-0-20-34-12,false,NA,NA,NA,NA,group_2:contains~~Catabolic process,"group_2 in {Catabolic process, Hydrolase activity, Oxidation}. Overlaps F9 for hydrolases."
F8,degradation_capacity_broad,all,gtdb_family_summary_all.tsv.gz,gtdb,family,degradation: lignin,boolean,Metabolism,Catabolic process,GO:0046274,MICROPHERRET:SPIREv1=fd21931,410678088,0-14-0-20-34-12,false,NA,NA,NA,NA,group_2:contains~~Catabolic process,"group_2 in {Catabolic process, Hydrolase activity, Oxidation}. Overlaps F9 for hydrolases."
F8,degradation_capacity_broad,no_predictions,gtdb_family_summary_no_predictions.tsv.gz,gtdb,family,hydrolysis: arginine,boolean,Metabolism,Hydrolase activity,GO:0016787;CHEBI:29016,BacDive=2025-07-29,318463998,Acanthopleuribacteraceae,false,NA,NA,NA,NA,group_2:contains~~Hydrolase activity,"group_2 in {Catabolic process, Hydrolase activity, Oxidation}. Overlaps F9 for hydrolases."
F8,degradation_capacity_broad,no_predictions,gtdb_family_summary_no_predictions.tsv.gz,gtdb,family,degradation: carboxymethylcellulose,boolean,Metabolism,Catabolic process,GO:0009056;CHEBI:85146,BacDive=2025-07-29,1775432467,Acetivibrionaceae,true,NA,NA,NA,NA,group_2:contains~~Catabolic process,"group_2 in {Catabolic process, Hydrolase activity, Oxidation}. Overlaps F9 for hydrolases."
F8,degradation_capacity_broad,no_predictions,gtdb_family_summary_no_predictions.tsv.gz,gtdb,family,degradation: casein,boolean,Metabolism,Catabolic process,GO:0009056,BacDive=2025-07-29,1775432467,Acetivibrionaceae,false,NA,NA,NA,NA,group_2:contains~~Catabolic process,"group_2 in {Catabolic process, Hydrolase activity, Oxidation}. Overlaps F9 for hydrolases."
F8,degradation_capacity_broad,no_predictions,gtdb_family_summary_no_predictions.tsv.gz,gtdb,family,degradation: cellobiose,boolean,Metabolism,Catabolic process,GO:0009056;CHEBI:17057,BacDive=2025-07-29,1775432467,Acetivibrionaceae,true,NA,NA,NA,NA,group_2:contains~~Catabolic process,"group_2 in {Catabolic process, Hydrolase activity, Oxidation}. Overlaps F9 for hydrolases."
F8,degradation_capacity_broad,no_predictions,gtdb_family_summary_no_predictions.tsv.gz,gtdb,family,degradation: cellulose,boolean,Metabolism,Catabolic process,GO:0009056;CHEBI:62968,BacDive=2025-07-29,1775432467,Acetivibrionaceae,true,NA,NA,NA,NA,group_2:contains~~Catabolic process,"group_2 in {Catabolic process, Hydrolase activity, Oxidation}. Overlaps F9 for hydrolases."
F8,degradation_capacity_broad,no_predictions,gtdb_family_summary_no_predictions.tsv.gz,gtdb,family,degradation: citrate,boolean,Metabolism,Catabolic process,GO:0009056;CHEBI:16947,BacDive=2025-07-29,1775432467,Acetivibrionaceae,false,NA,NA,NA,NA,group_2:contains~~Catabolic process,"group_2 in {Catabolic process, Hydrolase activity, Oxidation}. Overlaps F9 for hydrolases."
F8,degradation_capacity_broad,no_predictions,gtdb_family_summary_no_predictions.tsv.gz,gtdb,family,hydrolysis: casein,boolean,Metabolism,Hydrolase activity,GO:0016787,BacDive=2025-07-29,1775432467,Acetivibrionaceae,false,NA,NA,NA,NA,group_2:contains~~Hydrolase activity,"group_2 in {Catabolic process, Hydrolase activity, Oxidation}. Overlaps F9 for hydrolases."
F8,degradation_capacity_broad,no_predictions,gtdb_family_summary_no_predictions.tsv.gz,gtdb,family,hydrolysis: cellulose,boolean,Metabolism,Hydrolase activity,GO:0016787;CHEBI:62968,BacDive=2025-07-29,1775432467,Acetivibrionaceae,true,NA,NA,NA,NA,group_2:contains~~Hydrolase activity,"group_2 in {Catabolic process, Hydrolase activity, Oxidation}. Overlaps F9 for hydrolases."
F8,degradation_capacity_broad,no_predictions,gtdb_family_summary_no_predictions.tsv.gz,gtdb,family,hydrolysis: esculin,boolean,Metabolism,Hydrolase activity,GO:0016787;CHEBI:4853,BacDive=2025-07-29,1775432467,Acetivibrionaceae,true,NA,NA,NA,NA,group_2:contains~~Hydrolase activity,"group_2 in {Catabolic process, Hydrolase activity, Oxidation}. Overlaps F9 for hydrolases."
F8,degradation_capacity_broad,no_predictions,gtdb_family_summary_no_predictions.tsv.gz,gtdb,family,hydrolysis: gelatin,boolean,Metabolism,Hydrolase activity,GO:0016787;CHEBI:5291,BacDive=2025-07-29,1775432467,Acetivibrionaceae,true,NA,NA,NA,NA,group_2:contains~~Hydrolase activity,"group_2 in {Catabolic process, Hydrolase activity, Oxidation}. Overlaps F9 for hydrolases."
F8,degradation_capacity_broad,no_predictions,gtdb_family_summary_no_predictions.tsv.gz,gtdb,family,degradation: carboxymethylcellulose,boolean,Metabolism,Catabolic process,GO:0009056;CHEBI:85146,BacDive=2025-07-29,915913853,Acetobacteraceae,false,NA,NA,NA,NA,group_2:contains~~Catabolic process,"group_2 in {Catabolic process, Hydrolase activity, Oxidation}. Overlaps F9 for hydrolases."
F8,degradation_capacity_broad,no_predictions,gtdb_family_summary_no_predictions.tsv.gz,gtdb,family,degradation: casein,boolean,Metabolism,Catabolic process,GO:0009056,BacDive=2025-07-29,915913853,Acetobacteraceae,false,NA,NA,NA,NA,group_2:contains~~Catabolic process,"group_2 in {Catabolic process, Hydrolase activity, Oxidation}. Overlaps F9 for hydrolases."
F8,degradation_capacity_broad,no_predictions,gtdb_family_summary_no_predictions.tsv.gz,gtdb,family,hydrolysis: arginine,boolean,Metabolism,Hydrolase activity,GO:0016787;CHEBI:29016,BacDive=2025-07-29,915913853,Acetobacteraceae,false,NA,NA,NA,NA,group_2:contains~~Hydrolase activity,"group_2 in {Catabolic process, Hydrolase activity, Oxidation}. Overlaps F9 for hydrolases."
F8,degradation_capacity_broad,no_predictions,gtdb_family_summary_no_predictions.tsv.gz,gtdb,family,hydrolysis: carboxymethylcellulose,boolean,Metabolism,Hydrolase activity,GO:0016787;CHEBI:85146,BacDive=2025-07-29,915913853,Acetobacteraceae,false,NA,NA,NA,NA,group_2:contains~~Hydrolase activity,"group_2 in {Catabolic process, Hydrolase activity, Oxidation}. Overlaps F9 for hydrolases."
F8,degradation_capacity_broad,no_predictions,gtdb_family_summary_no_predictions.tsv.gz,gtdb,family,hydrolysis: casein,boolean,Metabolism,Hydrolase activity,GO:0016787,BacDive=2025-07-29,915913853,Acetobacteraceae,No robust majority,NA,NA,NA,NA,group_2:contains~~Hydrolase activity,"group_2 in {Catabolic process, Hydrolase activity, Oxidation}. Overlaps F9 for hydrolases."
F8,degradation_capacity_broad,no_predictions,gtdb_family_summary_no_predictions.tsv.gz,gtdb,family,hydrolysis: cellulose,boolean,Metabolism,Hydrolase activity,GO:0016787;CHEBI:62968,BacDive=2025-07-29,915913853,Acetobacteraceae,false,NA,NA,NA,NA,group_2:contains~~Hydrolase activity,"group_2 in {Catabolic process, Hydrolase activity, Oxidation}. Overlaps F9 for hydrolases."
F8,degradation_capacity_broad,no_predictions,gtdb_family_summary_no_predictions.tsv.gz,gtdb,family,hydrolysis: chitin,boolean,Metabolism,Hydrolase activity,GO:0016787;CHEBI:17029,BacDive=2025-07-29,915913853,Acetobacteraceae,false,NA,NA,NA,NA,group_2:contains~~Hydrolase activity,"group_2 in {Catabolic process, Hydrolase activity, Oxidation}. Overlaps F9 for hydrolases."
F8,degradation_capacity_broad,no_predictions,gtdb_family_summary_no_predictions.tsv.gz,gtdb,family,hydrolysis: esculin,boolean,Metabolism,Hydrolase activity,GO:0016787;CHEBI:4853,BacDive=2025-07-29,915913853,Acetobacteraceae,No robust majority,NA,NA,NA,NA,group_2:contains~~Hydrolase activity,"group_2 in {Catabolic process, Hydrolase activity, Oxidation}. Overlaps F9 for hydrolases."
F8,degradation_capacity_broad,no_predictions,gtdb_family_summary_no_predictions.tsv.gz,gtdb,family,hydrolysis: gelatin,boolean,Metabolism,Hydrolase activity,GO:0016787;CHEBI:5291,BacDive=2025-07-29,915913853,Acetobacteraceae,false,NA,NA,NA,NA,group_2:contains~~Hydrolase activity,"group_2 in {Catabolic process, Hydrolase activity, Oxidation}. Overlaps F9 for hydrolases."
F8,degradation_capacity_broad,no_predictions,gtdb_family_summary_no_predictions.tsv.gz,gtdb,family,hydrolysis: hippurate,boolean,Metabolism,Hydrolase activity,GO:0016787;CHEBI:606565,BacDive=2025-07-29,915913853,Acetobacteraceae,No robust majority,NA,NA,NA,NA,group_2:contains~~Hydrolase activity,"group_2 in {Catabolic process, Hydrolase activity, Oxidation}. Overlaps F9 for hydrolases."
F8,degradation_capacity_broad,no_predictions,gtdb_family_summary_no_predictions.tsv.gz,gtdb,family,oxidation: acetate,boolean,Metabolism,Oxidation,GO:0055114;CHEBI:30089,BacDive=2025-07-29,915913853,Acetobacteraceae,No robust majority,NA,NA,NA,NA,group_2:contains~~Oxidation,"group_2 in {Catabolic process, Hydrolase activity, Oxidation}. Overlaps F9 for hydrolases."
F8,degradation_capacity_broad,no_predictions,gtdb_family_summary_no_predictions.tsv.gz,gtdb,family,oxidation: acetic acid,boolean,Metabolism,Oxidation,GO:0055114;CHEBI:16411,BacDive=2025-07-29,915913853,Acetobacteraceae,true,NA,NA,NA,NA,group_2:contains~~Oxidation,"group_2 in {Catabolic process, Hydrolase activity, Oxidation}. Overlaps F9 for hydrolases."
F8,degradation_capacity_broad,no_predictions,gtdb_family_summary_no_predictions.tsv.gz,gtdb,family,oxidation: ethanol,boolean,Metabolism,Oxidation,GO:0055114;CHEBI:16236,BacDive=2025-07-29,915913853,Acetobacteraceae,true,NA,NA,NA,NA,group_2:contains~~Oxidation,"group_2 in {Catabolic process, Hydrolase activity, Oxidation}. Overlaps F9 for hydrolases."
F8,degradation_capacity_broad,no_predictions,gtdb_family_summary_no_predictions.tsv.gz,gtdb,family,hydrolysis: arginine,boolean,Metabolism,Hydrolase activity,GO:0016787;CHEBI:29016,BacDive=2025-07-29,1029517523,Acholeplasmataceae,false,NA,NA,NA,NA,group_2:contains~~Hydrolase activity,"group_2 in {Catabolic process, Hydrolase activity, Oxidation}. Overlaps F9 for hydrolases."
F8,degradation_capacity_broad,no_predictions,gtdb_family_summary_no_predictions.tsv.gz,gtdb,family,hydrolysis: urea,boolean,Metabolism,Hydrolase activity,GO:0016787;CHEBI:16199,BacDive=2025-07-29,1029517523,Acholeplasmataceae,false,NA,NA,NA,NA,group_2:contains~~Hydrolase activity,"group_2 in {Catabolic process, Hydrolase activity, Oxidation}. Overlaps F9 for hydrolases."
F8,degradation_capacity_broad,no_predictions,gtdb_family_summary_no_predictions.tsv.gz,gtdb,family,degradation: cellobiose,boolean,Metabolism,Catabolic process,GO:0009056;CHEBI:17057,BacDive=2025-07-29,1860107176,Acidaminococcaceae,false,NA,NA,NA,NA,group_2:contains~~Catabolic process,"group_2 in {Catabolic process, Hydrolase activity, Oxidation}. Overlaps F9 for hydrolases."
F8,degradation_capacity_broad,no_predictions,gtdb_family_summary_no_predictions.tsv.gz,gtdb,family,degradation: D-arabinose,boolean,Metabolism,Catabolic process,GO:0009056;CHEBI:17108,BacDive=2025-07-29,1860107176,Acidaminococcaceae,false,NA,NA,NA,NA,group_2:contains~~Catabolic process,"group_2 in {Catabolic process, Hydrolase activity, Oxidation}. Overlaps F9 for hydrolases."
F8,degradation_capacity_broad,no_predictions,gtdb_family_summary_no_predictions.tsv.gz,gtdb,family,degradation: D-fructose,boolean,Metabolism,Catabolic process,GO:0009056;CHEBI:15824,BacDive=2025-07-29,1860107176,Acidaminococcaceae,false,NA,NA,NA,NA,group_2:contains~~Catabolic process,"group_2 in {Catabolic process, Hydrolase activity, Oxidation}. Overlaps F9 for hydrolases."
F8,degradation_capacity_broad,no_predictions,gtdb_family_summary_no_predictions.tsv.gz,gtdb,family,degradation: D-glucose,boolean,Metabolism,Catabolic process,GO:0009056;CHEBI:17634,BacDive=2025-07-29,1860107176,Acidaminococcaceae,false,NA,NA,NA,NA,group_2:contains~~Catabolic process,"group_2 in {Catabolic process, Hydrolase activity, Oxidation}. Overlaps F9 for hydrolases."
F8,degradation_capacity_broad,no_predictions,gtdb_family_summary_no_predictions.tsv.gz,gtdb,family,degradation: D-xylose,boolean,Metabolism,Catabolic process,GO:0009056;CHEBI:65327,BacDive=2025-07-29,1860107176,Acidaminococcaceae,false,NA,NA,NA,NA,group_2:contains~~Catabolic process,"group_2 in {Catabolic process, Hydrolase activity, Oxidation}. Overlaps F9 for hydrolases."
F8,degradation_capacity_broad,no_predictions,gtdb_family_summary_no_predictions.tsv.gz,gtdb,family,degradation: L-glutamate,boolean,Metabolism,Catabolic process,GO:0009056;CHEBI:29985,BacDive=2025-07-29,1860107176,Acidaminococcaceae,No robust majority,NA,NA,NA,NA,group_2:contains~~Catabolic process,"group_2 in {Catabolic process, Hydrolase activity, Oxidation}. Overlaps F9 for hydrolases."
F8,degradation_capacity_broad,no_predictions,gtdb_family_summary_no_predictions.tsv.gz,gtdb,family,hydrolysis: arginine,boolean,Metabolism,Hydrolase activity,GO:0016787;CHEBI:29016,BacDive=2025-07-29,1860107176,Acidaminococcaceae,false,NA,NA,NA,NA,group_2:contains~~Hydrolase activity,"group_2 in {Catabolic process, Hydrolase activity, Oxidation}. Overlaps F9 for hydrolases."
F8,degradation_capacity_broad,no_predictions,gtdb_family_summary_no_predictions.tsv.gz,gtdb,family,hydrolysis: esculin,boolean,Metabolism,Hydrolase activity,GO:0016787;CHEBI:4853,BacDive=2025-07-29,1860107176,Acidaminococcaceae,false,NA,NA,NA,NA,group_2:contains~~Hydrolase activity,"group_2 in {Catabolic process, Hydrolase activity, Oxidation}. Overlaps F9 for hydrolases."
F8,degradation_capacity_broad,no_predictions,gtdb_family_summary_no_predictions.tsv.gz,gtdb,family,hydrolysis: urea,boolean,Metabolism,Hydrolase activity,GO:0016787;CHEBI:16199,BacDive=2025-07-29,1860107176,Acidaminococcaceae,false,NA,NA,NA,NA,group_2:contains~~Hydrolase activity,"group_2 in {Catabolic process, Hydrolase activity, Oxidation}. Overlaps F9 for hydrolases."
F8,degradation_capacity_broad,no_predictions,gtdb_family_summary_no_predictions.tsv.gz,gtdb,family,hydrolysis: esculin,boolean,Metabolism,Hydrolase activity,GO:0016787;CHEBI:4853,BacDive=2025-07-29,727093411,Acidithiobacillaceae,false,NA,NA,NA,NA,group_2:contains~~Hydrolase activity,"group_2 in {Catabolic process, Hydrolase activity, Oxidation}. Overlaps F9 for hydrolases."
F8,degradation_capacity_broad,no_predictions,gtdb_family_summary_no_predictions.tsv.gz,gtdb,family,hydrolysis: alginate,boolean,Metabolism,Hydrolase activity,GO:0016787;CHEBI:58187,BacDive=2025-07-29,354524460,Acidobacteriaceae,false,NA,NA,NA,NA,group_2:contains~~Hydrolase activity,"group_2 in {Catabolic process, Hydrolase activity, Oxidation}. Overlaps F9 for hydrolases."
F8,degradation_capacity_broad,no_predictions,gtdb_family_summary_no_predictions.tsv.gz,gtdb,family,hydrolysis: arbutin,boolean,Metabolism,Hydrolase activity,GO:0016787;CHEBI:18305,BacDive=2025-07-29,354524460,Acidobacteriaceae,false,NA,NA,NA,NA,group_2:contains~~Hydrolase activity,"group_2 in {Catabolic process, Hydrolase activity, Oxidation}. Overlaps F9 for hydrolases."
F8,degradation_capacity_broad,no_predictions,gtdb_family_summary_no_predictions.tsv.gz,gtdb,family,hydrolysis: arginine,boolean,Metabolism,Hydrolase activity,GO:0016787;CHEBI:29016,BacDive=2025-07-29,354524460,Acidobacteriaceae,false,NA,NA,NA,NA,group_2:contains~~Hydrolase activity,"group_2 in {Catabolic process, Hydrolase activity, Oxidation}. Overlaps F9 for hydrolases."
F8,degradation_capacity_broad,no_predictions,gtdb_family_summary_no_predictions.tsv.gz,gtdb,family,hydrolysis: carboxymethylcellulose,boolean,Metabolism,Hydrolase activity,GO:0016787;CHEBI:85146,BacDive=2025-07-29,354524460,Acidobacteriaceae,false,NA,NA,NA,NA,group_2:contains~~Hydrolase activity,"group_2 in {Catabolic process, Hydrolase activity, Oxidation}. Overlaps F9 for hydrolases."
F8,degradation_capacity_broad,no_predictions,gtdb_family_summary_no_predictions.tsv.gz,gtdb,family,hydrolysis: casein,boolean,Metabolism,Hydrolase activity,GO:0016787,BacDive=2025-07-29,354524460,Acidobacteriaceae,false,NA,NA,NA,NA,group_2:contains~~Hydrolase activity,"group_2 in {Catabolic process, Hydrolase activity, Oxidation}. Overlaps F9 for hydrolases."
F8,degradation_capacity_broad,no_predictions,gtdb_family_summary_no_predictions.tsv.gz,gtdb,family,hydrolysis: cationic chitosan,boolean,Metabolism,Hydrolase activity,GO:0016787;CHEBI:57704,BacDive=2025-07-29,354524460,Acidobacteriaceae,false,NA,NA,NA,NA,group_2:contains~~Hydrolase activity,"group_2 in {Catabolic process, Hydrolase activity, Oxidation}. Overlaps F9 for hydrolases."
F8,degradation_capacity_broad,no_predictions,gtdb_family_summary_no_predictions.tsv.gz,gtdb,family,hydrolysis: cellulose,boolean,Metabolism,Hydrolase activity,GO:0016787;CHEBI:62968,BacDive=2025-07-29,354524460,Acidobacteriaceae,false,NA,NA,NA,NA,group_2:contains~~Hydrolase activity,"group_2 in {Catabolic process, Hydrolase activity, Oxidation}. Overlaps F9 for hydrolases."
F8,degradation_capacity_broad,no_predictions,gtdb_family_summary_no_predictions.tsv.gz,gtdb,family,hydrolysis: chitin,boolean,Metabolism,Hydrolase activity,GO:0016787;CHEBI:17029,BacDive=2025-07-29,354524460,Acidobacteriaceae,false,NA,NA,NA,NA,group_2:contains~~Hydrolase activity,"group_2 in {Catabolic process, Hydrolase activity, Oxidation}. Overlaps F9 for hydrolases."
F8,degradation_capacity_broad,no_predictions,gtdb_family_summary_no_predictions.tsv.gz,gtdb,family,hydrolysis: chitosan,boolean,Metabolism,Hydrolase activity,GO:0016787;CHEBI:16261,BacDive=2025-07-29,354524460,Acidobacteriaceae,false,NA,NA,NA,NA,group_2:contains~~Hydrolase activity,"group_2 in {Catabolic process, Hydrolase activity, Oxidation}. Overlaps F9 for hydrolases."
F8,degradation_capacity_broad,no_predictions,gtdb_family_summary_no_predictions.tsv.gz,gtdb,family,hydrolysis: chondroitin sulfate,boolean,Metabolism,Hydrolase activity,GO:0016787;CHEBI:37397,BacDive=2025-07-29,354524460,Acidobacteriaceae,true,NA,NA,NA,NA,group_2:contains~~Hydrolase activity,"group_2 in {Catabolic process, Hydrolase activity, Oxidation}. Overlaps F9 for hydrolases."
F8,degradation_capacity_broad,no_predictions,gtdb_family_summary_no_predictions.tsv.gz,gtdb,family,hydrolysis: esculin,boolean,Metabolism,Hydrolase activity,GO:0016787;CHEBI:4853,BacDive=2025-07-29,354524460,Acidobacteriaceae,true,NA,NA,NA,NA,group_2:contains~~Hydrolase activity,"group_2 in {Catabolic process, Hydrolase activity, Oxidation}. Overlaps F9 for hydrolases."
F8,degradation_capacity_broad,no_predictions,gtdb_family_summary_no_predictions.tsv.gz,gtdb,family,hydrolysis: gelatin,boolean,Metabolism,Hydrolase activity,GO:0016787;CHEBI:5291,BacDive=2025-07-29,354524460,Acidobacteriaceae,false,NA,NA,NA,NA,group_2:contains~~Hydrolase activity,"group_2 in {Catabolic process, Hydrolase activity, Oxidation}. Overlaps F9 for hydrolases."
F8,degradation_capacity_broad,no_predictions,gtdb_family_summary_no_predictions.tsv.gz,gtdb,family,degradation: cellulose,boolean,Metabolism,Catabolic process,GO:0009056;CHEBI:62968,BacDive=2025-07-29,2088988400,Acidothermaceae,true,NA,NA,NA,NA,group_2:contains~~Catabolic process,"group_2 in {Catabolic process, Hydrolase activity, Oxidation}. Overlaps F9 for hydrolases."
F8,degradation_capacity_broad,no_predictions,gtdb_family_summary_no_predictions.tsv.gz,gtdb,family,degradation: hydroxyethylcellulose,boolean,Metabolism,Catabolic process,GO:0009056;CHEBI:85249,BacDive=2025-07-29,2088988400,Acidothermaceae,true,NA,NA,NA,NA,group_2:contains~~Catabolic process,"group_2 in {Catabolic process, Hydrolase activity, Oxidation}. Overlaps F9 for hydrolases."
F8,degradation_capacity_broad,no_predictions,gtdb_family_summary_no_predictions.tsv.gz,gtdb,family,degradation: acetamide,boolean,Metabolism,Catabolic process,GO:0009056;CHEBI:27856,BacDive=2025-07-29,300353966,Actinomycetaceae,true,NA,NA,NA,NA,group_2:contains~~Catabolic process,"group_2 in {Catabolic process, Hydrolase activity, Oxidation}. Overlaps F9 for hydrolases."
F9,enzyme_activity,all,gtdb_family_summary_all.tsv.gz,gtdb,family,enzyme activity: alkaline phosphatase (EC3.1.3.1),boolean,Enzymes,Enzyme activity,SNOMED:424017009;EC3.1.3.1,Traitar:SPIREv1=8bd7d86,864477170,0-14-0-10-38-17,false,NA,NA,NA,NA,group_1:contains~~Enzymes,Primary signal: group_1=Enzymes (group_2=Enzyme activity).
F9,enzyme_activity,all,gtdb_family_summary_all.tsv.gz,gtdb,family,enzyme activity: arginine dihydrolase (EC3.5.3.6),boolean,Enzymes,Enzyme activity,SNOMED:424017009;EC3.5.3.6,Traitar:SPIREv1=8bd7d86,864477170,0-14-0-10-38-17,true,NA,NA,NA,NA,group_1:contains~~Enzymes,Primary signal: group_1=Enzymes (group_2=Enzyme activity).
F9,enzyme_activity,all,gtdb_family_summary_all.tsv.gz,gtdb,family,enzyme activity: catalase (EC1.11.1.6),boolean,Enzymes,Enzyme activity,SNOMED:424017009;EC1.11.1.6,Traitar:SPIREv1=8bd7d86,864477170,0-14-0-10-38-17,false,NA,NA,NA,NA,group_1:contains~~Enzymes,Primary signal: group_1=Enzymes (group_2=Enzyme activity).
F9,enzyme_activity,all,gtdb_family_summary_all.tsv.gz,gtdb,family,enzyme activity: coagulase,boolean,Enzymes,Enzyme activity,SNOMED:424017009,Traitar:SPIREv1=8bd7d86,864477170,0-14-0-10-38-17,No robust majority,NA,NA,NA,NA,group_1:contains~~Enzymes,Primary signal: group_1=Enzymes (group_2=Enzyme activity).
F9,enzyme_activity,all,gtdb_family_summary_all.tsv.gz,gtdb,family,enzyme activity: DNase,boolean,Enzymes,Enzyme activity,SNOMED:424017009,Traitar:SPIREv1=8bd7d86,864477170,0-14-0-10-38-17,No robust majority,NA,NA,NA,NA,group_1:contains~~Enzymes,Primary signal: group_1=Enzymes (group_2=Enzyme activity).
F9,enzyme_activity,all,gtdb_family_summary_all.tsv.gz,gtdb,family,enzyme activity: lipase,boolean,Enzymes,Enzyme activity,SNOMED:424017009,Traitar:SPIREv1=8bd7d86,864477170,0-14-0-10-38-17,No robust majority,NA,NA,NA,NA,group_1:contains~~Enzymes,Primary signal: group_1=Enzymes (group_2=Enzyme activity).
F9,enzyme_activity,all,gtdb_family_summary_all.tsv.gz,gtdb,family,enzyme activity: lysine decarboxylase (EC4.1.1.18),boolean,Enzymes,Enzyme activity,SNOMED:424017009;EC4.1.1.18,Traitar:SPIREv1=8bd7d86,864477170,0-14-0-10-38-17,false,NA,NA,NA,NA,group_1:contains~~Enzymes,Primary signal: group_1=Enzymes (group_2=Enzyme activity).
F9,enzyme_activity,all,gtdb_family_summary_all.tsv.gz,gtdb,family,enzyme activity: ornithine decarboxylase (EC4.1.1.17),boolean,Enzymes,Enzyme activity,SNOMED:424017009;EC4.1.1.17,Traitar:SPIREv1=8bd7d86,864477170,0-14-0-10-38-17,false,NA,NA,NA,NA,group_1:contains~~Enzymes,Primary signal: group_1=Enzymes (group_2=Enzyme activity).
F9,enzyme_activity,all,gtdb_family_summary_all.tsv.gz,gtdb,family,enzyme activity: oxidase,boolean,Enzymes,Enzyme activity,SNOMED:424017009,Traitar:SPIREv1=8bd7d86,864477170,0-14-0-10-38-17,No robust majority,NA,NA,NA,NA,group_1:contains~~Enzymes,Primary signal: group_1=Enzymes (group_2=Enzyme activity).
F9,enzyme_activity,all,gtdb_family_summary_all.tsv.gz,gtdb,family,enzyme activity: pyrrolidonyl arylamidase (EC3.4.19.3),boolean,Enzymes,Enzyme activity,SNOMED:424017009;EC3.4.19.3,Traitar:SPIREv1=8bd7d86,864477170,0-14-0-10-38-17,false,NA,NA,NA,NA,group_1:contains~~Enzymes,Primary signal: group_1=Enzymes (group_2=Enzyme activity).
F9,enzyme_activity,all,gtdb_family_summary_all.tsv.gz,gtdb,family,enzyme activity: alkaline phosphatase (EC3.1.3.1),boolean,Enzymes,Enzyme activity,SNOMED:424017009;EC3.1.3.1,Traitar:SPIREv1=8bd7d86,2070788780,0-14-0-20-30-16,No robust majority,NA,NA,NA,NA,group_1:contains~~Enzymes,Primary signal: group_1=Enzymes (group_2=Enzyme activity).
F9,enzyme_activity,all,gtdb_family_summary_all.tsv.gz,gtdb,family,enzyme activity: arginine dihydrolase (EC3.5.3.6),boolean,Enzymes,Enzyme activity,SNOMED:424017009;EC3.5.3.6,Traitar:SPIREv1=8bd7d86,2070788780,0-14-0-20-30-16,No robust majority,NA,NA,NA,NA,group_1:contains~~Enzymes,Primary signal: group_1=Enzymes (group_2=Enzyme activity).
F9,enzyme_activity,all,gtdb_family_summary_all.tsv.gz,gtdb,family,enzyme activity: catalase (EC1.11.1.6),boolean,Enzymes,Enzyme activity,SNOMED:424017009;EC1.11.1.6,Traitar:SPIREv1=8bd7d86,2070788780,0-14-0-20-30-16,false,NA,NA,NA,NA,group_1:contains~~Enzymes,Primary signal: group_1=Enzymes (group_2=Enzyme activity).
F9,enzyme_activity,all,gtdb_family_summary_all.tsv.gz,gtdb,family,enzyme activity: coagulase,boolean,Enzymes,Enzyme activity,SNOMED:424017009,Traitar:SPIREv1=8bd7d86,2070788780,0-14-0-20-30-16,No robust majority,NA,NA,NA,NA,group_1:contains~~Enzymes,Primary signal: group_1=Enzymes (group_2=Enzyme activity).
F9,enzyme_activity,all,gtdb_family_summary_all.tsv.gz,gtdb,family,enzyme activity: DNase,boolean,Enzymes,Enzyme activity,SNOMED:424017009,Traitar:SPIREv1=8bd7d86,2070788780,0-14-0-20-30-16,No robust majority,NA,NA,NA,NA,group_1:contains~~Enzymes,Primary signal: group_1=Enzymes (group_2=Enzyme activity).
F9,enzyme_activity,all,gtdb_family_summary_all.tsv.gz,gtdb,family,enzyme activity: lipase,boolean,Enzymes,Enzyme activity,SNOMED:424017009,Traitar:SPIREv1=8bd7d86,2070788780,0-14-0-20-30-16,false,NA,NA,NA,NA,group_1:contains~~Enzymes,Primary signal: group_1=Enzymes (group_2=Enzyme activity).
F9,enzyme_activity,all,gtdb_family_summary_all.tsv.gz,gtdb,family,enzyme activity: lysine decarboxylase (EC4.1.1.18),boolean,Enzymes,Enzyme activity,SNOMED:424017009;EC4.1.1.18,Traitar:SPIREv1=8bd7d86,2070788780,0-14-0-20-30-16,false,NA,NA,NA,NA,group_1:contains~~Enzymes,Primary signal: group_1=Enzymes (group_2=Enzyme activity).
F9,enzyme_activity,all,gtdb_family_summary_all.tsv.gz,gtdb,family,enzyme activity: ornithine decarboxylase (EC4.1.1.17),boolean,Enzymes,Enzyme activity,SNOMED:424017009;EC4.1.1.17,Traitar:SPIREv1=8bd7d86,2070788780,0-14-0-20-30-16,false,NA,NA,NA,NA,group_1:contains~~Enzymes,Primary signal: group_1=Enzymes (group_2=Enzyme activity).
F9,enzyme_activity,all,gtdb_family_summary_all.tsv.gz,gtdb,family,enzyme activity: oxidase,boolean,Enzymes,Enzyme activity,SNOMED:424017009,Traitar:SPIREv1=8bd7d86,2070788780,0-14-0-20-30-16,true,NA,NA,NA,NA,group_1:contains~~Enzymes,Primary signal: group_1=Enzymes (group_2=Enzyme activity).
F9,enzyme_activity,all,gtdb_family_summary_all.tsv.gz,gtdb,family,enzyme activity: pyrrolidonyl arylamidase (EC3.4.19.3),boolean,Enzymes,Enzyme activity,SNOMED:424017009;EC3.4.19.3,Traitar:SPIREv1=8bd7d86,2070788780,0-14-0-20-30-16,No robust majority,NA,NA,NA,NA,group_1:contains~~Enzymes,Primary signal: group_1=Enzymes (group_2=Enzyme activity).
F9,enzyme_activity,all,gtdb_family_summary_all.tsv.gz,gtdb,family,enzyme activity: alkaline phosphatase (EC3.1.3.1),boolean,Enzymes,Enzyme activity,SNOMED:424017009;EC3.1.3.1,Traitar:SPIREv1=8bd7d86,410678088,0-14-0-20-34-12,false,NA,NA,NA,NA,group_1:contains~~Enzymes,Primary signal: group_1=Enzymes (group_2=Enzyme activity).
F9,enzyme_activity,all,gtdb_family_summary_all.tsv.gz,gtdb,family,enzyme activity: arginine dihydrolase (EC3.5.3.6),boolean,Enzymes,Enzyme activity,SNOMED:424017009;EC3.5.3.6,Traitar:SPIREv1=8bd7d86,410678088,0-14-0-20-34-12,false,NA,NA,NA,NA,group_1:contains~~Enzymes,Primary signal: group_1=Enzymes (group_2=Enzyme activity).
F9,enzyme_activity,all,gtdb_family_summary_all.tsv.gz,gtdb,family,enzyme activity: catalase (EC1.11.1.6),boolean,Enzymes,Enzyme activity,SNOMED:424017009;EC1.11.1.6,Traitar:SPIREv1=8bd7d86,410678088,0-14-0-20-34-12,true,NA,NA,NA,NA,group_1:contains~~Enzymes,Primary signal: group_1=Enzymes (group_2=Enzyme activity).
F9,enzyme_activity,all,gtdb_family_summary_all.tsv.gz,gtdb,family,enzyme activity: coagulase,boolean,Enzymes,Enzyme activity,SNOMED:424017009,Traitar:SPIREv1=8bd7d86,410678088,0-14-0-20-34-12,false,NA,NA,NA,NA,group_1:contains~~Enzymes,Primary signal: group_1=Enzymes (group_2=Enzyme activity).
F9,enzyme_activity,all,gtdb_family_summary_all.tsv.gz,gtdb,family,enzyme activity: DNase,boolean,Enzymes,Enzyme activity,SNOMED:424017009,Traitar:SPIREv1=8bd7d86,410678088,0-14-0-20-34-12,false,NA,NA,NA,NA,group_1:contains~~Enzymes,Primary signal: group_1=Enzymes (group_2=Enzyme activity).
F9,enzyme_activity,all,gtdb_family_summary_all.tsv.gz,gtdb,family,enzyme activity: lipase,boolean,Enzymes,Enzyme activity,SNOMED:424017009,Traitar:SPIREv1=8bd7d86,410678088,0-14-0-20-34-12,false,NA,NA,NA,NA,group_1:contains~~Enzymes,Primary signal: group_1=Enzymes (group_2=Enzyme activity).
F9,enzyme_activity,all,gtdb_family_summary_all.tsv.gz,gtdb,family,enzyme activity: lysine decarboxylase (EC4.1.1.18),boolean,Enzymes,Enzyme activity,SNOMED:424017009;EC4.1.1.18,Traitar:SPIREv1=8bd7d86,410678088,0-14-0-20-34-12,false,NA,NA,NA,NA,group_1:contains~~Enzymes,Primary signal: group_1=Enzymes (group_2=Enzyme activity).
F9,enzyme_activity,all,gtdb_family_summary_all.tsv.gz,gtdb,family,enzyme activity: ornithine decarboxylase (EC4.1.1.17),boolean,Enzymes,Enzyme activity,SNOMED:424017009;EC4.1.1.17,Traitar:SPIREv1=8bd7d86,410678088,0-14-0-20-34-12,false,NA,NA,NA,NA,group_1:contains~~Enzymes,Primary signal: group_1=Enzymes (group_2=Enzyme activity).
F9,enzyme_activity,all,gtdb_family_summary_all.tsv.gz,gtdb,family,enzyme activity: oxidase,boolean,Enzymes,Enzyme activity,SNOMED:424017009,Traitar:SPIREv1=8bd7d86,410678088,0-14-0-20-34-12,true,NA,NA,NA,NA,group_1:contains~~Enzymes,Primary signal: group_1=Enzymes (group_2=Enzyme activity).
F9,enzyme_activity,all,gtdb_family_summary_all.tsv.gz,gtdb,family,enzyme activity: pyrrolidonyl arylamidase (EC3.4.19.3),boolean,Enzymes,Enzyme activity,SNOMED:424017009;EC3.4.19.3,Traitar:SPIREv1=8bd7d86,410678088,0-14-0-20-34-12,false,NA,NA,NA,NA,group_1:contains~~Enzymes,Primary signal: group_1=Enzymes (group_2=Enzyme activity).
F9,enzyme_activity,all,gtdb_family_summary_all.tsv.gz,gtdb,family,enzyme activity: alkaline phosphatase (EC3.1.3.1),boolean,Enzymes,Enzyme activity,SNOMED:424017009;EC3.1.3.1,Traitar:SPIREv1=8bd7d86,929049184,0-14-0-20-40-13,false,NA,NA,NA,NA,group_1:contains~~Enzymes,Primary signal: group_1=Enzymes (group_2=Enzyme activity).
F9,enzyme_activity,all,gtdb_family_summary_all.tsv.gz,gtdb,family,enzyme activity: arginine dihydrolase (EC3.5.3.6),boolean,Enzymes,Enzyme activity,SNOMED:424017009;EC3.5.3.6,Traitar:SPIREv1=8bd7d86,929049184,0-14-0-20-40-13,true,NA,NA,NA,NA,group_1:contains~~Enzymes,Primary signal: group_1=Enzymes (group_2=Enzyme activity).
F9,enzyme_activity,all,gtdb_family_summary_all.tsv.gz,gtdb,family,enzyme activity: catalase (EC1.11.1.6),boolean,Enzymes,Enzyme activity,SNOMED:424017009;EC1.11.1.6,Traitar:SPIREv1=8bd7d86,929049184,0-14-0-20-40-13,false,NA,NA,NA,NA,group_1:contains~~Enzymes,Primary signal: group_1=Enzymes (group_2=Enzyme activity).
F9,enzyme_activity,all,gtdb_family_summary_all.tsv.gz,gtdb,family,enzyme activity: coagulase,boolean,Enzymes,Enzyme activity,SNOMED:424017009,Traitar:SPIREv1=8bd7d86,929049184,0-14-0-20-40-13,true,NA,NA,NA,NA,group_1:contains~~Enzymes,Primary signal: group_1=Enzymes (group_2=Enzyme activity).
F9,enzyme_activity,all,gtdb_family_summary_all.tsv.gz,gtdb,family,enzyme activity: DNase,boolean,Enzymes,Enzyme activity,SNOMED:424017009,Traitar:SPIREv1=8bd7d86,929049184,0-14-0-20-40-13,false,NA,NA,NA,NA,group_1:contains~~Enzymes,Primary signal: group_1=Enzymes (group_2=Enzyme activity).
F9,enzyme_activity,all,gtdb_family_summary_all.tsv.gz,gtdb,family,enzyme activity: lipase,boolean,Enzymes,Enzyme activity,SNOMED:424017009,Traitar:SPIREv1=8bd7d86,929049184,0-14-0-20-40-13,false,NA,NA,NA,NA,group_1:contains~~Enzymes,Primary signal: group_1=Enzymes (group_2=Enzyme activity).
F9,enzyme_activity,all,gtdb_family_summary_all.tsv.gz,gtdb,family,enzyme activity: lysine decarboxylase (EC4.1.1.18),boolean,Enzymes,Enzyme activity,SNOMED:424017009;EC4.1.1.18,Traitar:SPIREv1=8bd7d86,929049184,0-14-0-20-40-13,false,NA,NA,NA,NA,group_1:contains~~Enzymes,Primary signal: group_1=Enzymes (group_2=Enzyme activity).
F9,enzyme_activity,all,gtdb_family_summary_all.tsv.gz,gtdb,family,enzyme activity: ornithine decarboxylase (EC4.1.1.17),boolean,Enzymes,Enzyme activity,SNOMED:424017009;EC4.1.1.17,Traitar:SPIREv1=8bd7d86,929049184,0-14-0-20-40-13,false,NA,NA,NA,NA,group_1:contains~~Enzymes,Primary signal: group_1=Enzymes (group_2=Enzyme activity).
F9,enzyme_activity,all,gtdb_family_summary_all.tsv.gz,gtdb,family,enzyme activity: oxidase,boolean,Enzymes,Enzyme activity,SNOMED:424017009,Traitar:SPIREv1=8bd7d86,929049184,0-14-0-20-40-13,false,NA,NA,NA,NA,group_1:contains~~Enzymes,Primary signal: group_1=Enzymes (group_2=Enzyme activity).
F9,enzyme_activity,all,gtdb_family_summary_all.tsv.gz,gtdb,family,enzyme activity: pyrrolidonyl arylamidase (EC3.4.19.3),boolean,Enzymes,Enzyme activity,SNOMED:424017009;EC3.4.19.3,Traitar:SPIREv1=8bd7d86,929049184,0-14-0-20-40-13,false,NA,NA,NA,NA,group_1:contains~~Enzymes,Primary signal: group_1=Enzymes (group_2=Enzyme activity).
F9,enzyme_activity,all,gtdb_family_summary_all.tsv.gz,gtdb,family,enzyme activity: alkaline phosphatase (EC3.1.3.1),boolean,Enzymes,Enzyme activity,SNOMED:424017009;EC3.1.3.1,Traitar:SPIREv1=8bd7d86,165559233,0-14-0-80-44-23,No robust majority,NA,NA,NA,NA,group_1:contains~~Enzymes,Primary signal: group_1=Enzymes (group_2=Enzyme activity).
F9,enzyme_activity,all,gtdb_family_summary_all.tsv.gz,gtdb,family,enzyme activity: arginine dihydrolase (EC3.5.3.6),boolean,Enzymes,Enzyme activity,SNOMED:424017009;EC3.5.3.6,Traitar:SPIREv1=8bd7d86,165559233,0-14-0-80-44-23,false,NA,NA,NA,NA,group_1:contains~~Enzymes,Primary signal: group_1=Enzymes (group_2=Enzyme activity).
F9,enzyme_activity,all,gtdb_family_summary_all.tsv.gz,gtdb,family,enzyme activity: catalase (EC1.11.1.6),boolean,Enzymes,Enzyme activity,SNOMED:424017009;EC1.11.1.6,Traitar:SPIREv1=8bd7d86,165559233,0-14-0-80-44-23,false,NA,NA,NA,NA,group_1:contains~~Enzymes,Primary signal: group_1=Enzymes (group_2=Enzyme activity).
F9,enzyme_activity,all,gtdb_family_summary_all.tsv.gz,gtdb,family,enzyme activity: coagulase,boolean,Enzymes,Enzyme activity,SNOMED:424017009,Traitar:SPIREv1=8bd7d86,165559233,0-14-0-80-44-23,true,NA,NA,NA,NA,group_1:contains~~Enzymes,Primary signal: group_1=Enzymes (group_2=Enzyme activity).
F9,enzyme_activity,all,gtdb_family_summary_all.tsv.gz,gtdb,family,enzyme activity: DNase,boolean,Enzymes,Enzyme activity,SNOMED:424017009,Traitar:SPIREv1=8bd7d86,165559233,0-14-0-80-44-23,No robust majority,NA,NA,NA,NA,group_1:contains~~Enzymes,Primary signal: group_1=Enzymes (group_2=Enzyme activity).
F9,enzyme_activity,all,gtdb_family_summary_all.tsv.gz,gtdb,family,enzyme activity: lipase,boolean,Enzymes,Enzyme activity,SNOMED:424017009,Traitar:SPIREv1=8bd7d86,165559233,0-14-0-80-44-23,false,NA,NA,NA,NA,group_1:contains~~Enzymes,Primary signal: group_1=Enzymes (group_2=Enzyme activity).
F9,enzyme_activity,all,gtdb_family_summary_all.tsv.gz,gtdb,family,enzyme activity: lysine decarboxylase (EC4.1.1.18),boolean,Enzymes,Enzyme activity,SNOMED:424017009;EC4.1.1.18,Traitar:SPIREv1=8bd7d86,165559233,0-14-0-80-44-23,false,NA,NA,NA,NA,group_1:contains~~Enzymes,Primary signal: group_1=Enzymes (group_2=Enzyme activity).
F9,enzyme_activity,all,gtdb_family_summary_all.tsv.gz,gtdb,family,enzyme activity: ornithine decarboxylase (EC4.1.1.17),boolean,Enzymes,Enzyme activity,SNOMED:424017009;EC4.1.1.17,Traitar:SPIREv1=8bd7d86,165559233,0-14-0-80-44-23,false,NA,NA,NA,NA,group_1:contains~~Enzymes,Primary signal: group_1=Enzymes (group_2=Enzyme activity).
F9,enzyme_activity,all,gtdb_family_summary_all.tsv.gz,gtdb,family,enzyme activity: oxidase,boolean,Enzymes,Enzyme activity,SNOMED:424017009,Traitar:SPIREv1=8bd7d86,165559233,0-14-0-80-44-23,false,NA,NA,NA,NA,group_1:contains~~Enzymes,Primary signal: group_1=Enzymes (group_2=Enzyme activity).
F9,enzyme_activity,all,gtdb_family_summary_all.tsv.gz,gtdb,family,enzyme activity: pyrrolidonyl arylamidase (EC3.4.19.3),boolean,Enzymes,Enzyme activity,SNOMED:424017009;EC3.4.19.3,Traitar:SPIREv1=8bd7d86,165559233,0-14-0-80-44-23,false,NA,NA,NA,NA,group_1:contains~~Enzymes,Primary signal: group_1=Enzymes (group_2=Enzyme activity).
F9,enzyme_activity,no_predictions,gtdb_family_summary_no_predictions.tsv.gz,gtdb,family,enzyme activity: acid phosphatase (EC3.1.3.2),boolean,Enzymes,Enzyme activity,SNOMED:424017009;EC3.1.3.2,BacDive=2025-07-29,318463998,Acanthopleuribacteraceae,true,NA,NA,NA,NA,group_1:contains~~Enzymes,Primary signal: group_1=Enzymes (group_2=Enzyme activity).
F9,enzyme_activity,no_predictions,gtdb_family_summary_no_predictions.tsv.gz,gtdb,family,enzyme activity: alkaline phosphatase (EC3.1.3.1),boolean,Enzymes,Enzyme activity,SNOMED:424017009;EC3.1.3.1,BacDive=2025-07-29,318463998,Acanthopleuribacteraceae,true,NA,NA,NA,NA,group_1:contains~~Enzymes,Primary signal: group_1=Enzymes (group_2=Enzyme activity).
F9,enzyme_activity,no_predictions,gtdb_family_summary_no_predictions.tsv.gz,gtdb,family,enzyme activity: alpha-chymotrypsin (EC3.4.21.1),boolean,Enzymes,Enzyme activity,SNOMED:424017009;EC3.4.21.1,BacDive=2025-07-29,318463998,Acanthopleuribacteraceae,false,NA,NA,NA,NA,group_1:contains~~Enzymes,Primary signal: group_1=Enzymes (group_2=Enzyme activity).
F9,enzyme_activity,no_predictions,gtdb_family_summary_no_predictions.tsv.gz,gtdb,family,enzyme activity: alpha-fucosidase (EC3.2.1.51),boolean,Enzymes,Enzyme activity,SNOMED:424017009;EC3.2.1.51,BacDive=2025-07-29,318463998,Acanthopleuribacteraceae,false,NA,NA,NA,NA,group_1:contains~~Enzymes,Primary signal: group_1=Enzymes (group_2=Enzyme activity).
F9,enzyme_activity,no_predictions,gtdb_family_summary_no_predictions.tsv.gz,gtdb,family,enzyme activity: alpha-galactosidase (EC3.2.1.22),boolean,Enzymes,Enzyme activity,SNOMED:424017009;EC3.2.1.22,BacDive=2025-07-29,318463998,Acanthopleuribacteraceae,false,NA,NA,NA,NA,group_1:contains~~Enzymes,Primary signal: group_1=Enzymes (group_2=Enzyme activity).
F9,enzyme_activity,no_predictions,gtdb_family_summary_no_predictions.tsv.gz,gtdb,family,enzyme activity: alpha-glucosidase (EC3.2.1.20),boolean,Enzymes,Enzyme activity,SNOMED:424017009;EC3.2.1.20,BacDive=2025-07-29,318463998,Acanthopleuribacteraceae,false,NA,NA,NA,NA,group_1:contains~~Enzymes,Primary signal: group_1=Enzymes (group_2=Enzyme activity).
F9,enzyme_activity,no_predictions,gtdb_family_summary_no_predictions.tsv.gz,gtdb,family,enzyme activity: alpha-mannosidase (EC3.2.1.24),boolean,Enzymes,Enzyme activity,SNOMED:424017009;EC3.2.1.24,BacDive=2025-07-29,318463998,Acanthopleuribacteraceae,false,NA,NA,NA,NA,group_1:contains~~Enzymes,Primary signal: group_1=Enzymes (group_2=Enzyme activity).
F9,enzyme_activity,no_predictions,gtdb_family_summary_no_predictions.tsv.gz,gtdb,family,enzyme activity: arginine dihydrolase (EC3.5.3.6),boolean,Enzymes,Enzyme activity,SNOMED:424017009;EC3.5.3.6,BacDive=2025-07-29,318463998,Acanthopleuribacteraceae,false,NA,NA,NA,NA,group_1:contains~~Enzymes,Primary signal: group_1=Enzymes (group_2=Enzyme activity).
F9,enzyme_activity,no_predictions,gtdb_family_summary_no_predictions.tsv.gz,gtdb,family,enzyme activity: beta-galactosidase (EC3.2.1.23),boolean,Enzymes,Enzyme activity,SNOMED:424017009;EC3.2.1.23,BacDive=2025-07-29,318463998,Acanthopleuribacteraceae,false,NA,NA,NA,NA,group_1:contains~~Enzymes,Primary signal: group_1=Enzymes (group_2=Enzyme activity).
F9,enzyme_activity,no_predictions,gtdb_family_summary_no_predictions.tsv.gz,gtdb,family,enzyme activity: beta-glucosidase (EC3.2.1.21),boolean,Enzymes,Enzyme activity,SNOMED:424017009;EC3.2.1.21,BacDive=2025-07-29,318463998,Acanthopleuribacteraceae,false,NA,NA,NA,NA,group_1:contains~~Enzymes,Primary signal: group_1=Enzymes (group_2=Enzyme activity).
F9,enzyme_activity,no_predictions,gtdb_family_summary_no_predictions.tsv.gz,gtdb,family,enzyme activity: beta-glucosidase (EC3.2.1.21),boolean,Enzymes,Enzyme activity,SNOMED:424017009;EC3.2.1.21,BacDive=2025-07-29,1775432467,Acetivibrionaceae,true,NA,NA,NA,NA,group_1:contains~~Enzymes,Primary signal: group_1=Enzymes (group_2=Enzyme activity).
F9,enzyme_activity,no_predictions,gtdb_family_summary_no_predictions.tsv.gz,gtdb,family,enzyme activity: catalase (EC1.11.1.6),boolean,Enzymes,Enzyme activity,SNOMED:424017009;EC1.11.1.6,BacDive=2025-07-29,1775432467,Acetivibrionaceae,false,NA,NA,NA,NA,group_1:contains~~Enzymes,Primary signal: group_1=Enzymes (group_2=Enzyme activity).
F9,enzyme_activity,no_predictions,gtdb_family_summary_no_predictions.tsv.gz,gtdb,family,enzyme activity: cellulase (EC3.2.1.4),boolean,Enzymes,Enzyme activity,SNOMED:424017009;EC3.2.1.4,BacDive=2025-07-29,1775432467,Acetivibrionaceae,true,NA,NA,NA,NA,group_1:contains~~Enzymes,Primary signal: group_1=Enzymes (group_2=Enzyme activity).
F9,enzyme_activity,no_predictions,gtdb_family_summary_no_predictions.tsv.gz,gtdb,family,enzyme activity: gelatinase,boolean,Enzymes,Enzyme activity,SNOMED:424017009,BacDive=2025-07-29,1775432467,Acetivibrionaceae,true,NA,NA,NA,NA,group_1:contains~~Enzymes,Primary signal: group_1=Enzymes (group_2=Enzyme activity).
F9,enzyme_activity,no_predictions,gtdb_family_summary_no_predictions.tsv.gz,gtdb,family,enzyme activity: lecithinase,boolean,Enzymes,Enzyme activity,SNOMED:424017009,BacDive=2025-07-29,1775432467,Acetivibrionaceae,false,NA,NA,NA,NA,group_1:contains~~Enzymes,Primary signal: group_1=Enzymes (group_2=Enzyme activity).
F9,enzyme_activity,no_predictions,gtdb_family_summary_no_predictions.tsv.gz,gtdb,family,enzyme activity: lipase,boolean,Enzymes,Enzyme activity,SNOMED:424017009,BacDive=2025-07-29,1775432467,Acetivibrionaceae,false,NA,NA,NA,NA,group_1:contains~~Enzymes,Primary signal: group_1=Enzymes (group_2=Enzyme activity).
F9,enzyme_activity,no_predictions,gtdb_family_summary_no_predictions.tsv.gz,gtdb,family,enzyme activity: tryptophan deaminase (EC4.1.99.1),boolean,Enzymes,Enzyme activity,SNOMED:424017009;EC4.1.99.1,BacDive=2025-07-29,1775432467,Acetivibrionaceae,false,NA,NA,NA,NA,group_1:contains~~Enzymes,Primary signal: group_1=Enzymes (group_2=Enzyme activity).
F9,enzyme_activity,no_predictions,gtdb_family_summary_no_predictions.tsv.gz,gtdb,family,enzyme activity: urease (EC3.5.1.5),boolean,Enzymes,Enzyme activity,SNOMED:424017009;EC3.5.1.5,BacDive=2025-07-29,1775432467,Acetivibrionaceae,false,NA,NA,NA,NA,group_1:contains~~Enzymes,Primary signal: group_1=Enzymes (group_2=Enzyme activity).
F9,enzyme_activity,no_predictions,gtdb_family_summary_no_predictions.tsv.gz,gtdb,family,enzyme activity: acid phosphatase (EC3.1.3.2),boolean,Enzymes,Enzyme activity,SNOMED:424017009;EC3.1.3.2,BacDive=2025-07-29,915913853,Acetobacteraceae,No robust majority,NA,NA,NA,NA,group_1:contains~~Enzymes,Primary signal: group_1=Enzymes (group_2=Enzyme activity).
F9,enzyme_activity,no_predictions,gtdb_family_summary_no_predictions.tsv.gz,gtdb,family,enzyme activity: alcohol dehydrogenase (EC1.1.1.1),boolean,Enzymes,Enzyme activity,SNOMED:424017009;EC1.1.1.1,BacDive=2025-07-29,915913853,Acetobacteraceae,false,NA,NA,NA,NA,group_1:contains~~Enzymes,Primary signal: group_1=Enzymes (group_2=Enzyme activity).
F9,enzyme_activity,no_predictions,gtdb_family_summary_no_predictions.tsv.gz,gtdb,family,enzyme activity: alkaline phosphatase (EC3.1.3.1),boolean,Enzymes,Enzyme activity,SNOMED:424017009;EC3.1.3.1,BacDive=2025-07-29,915913853,Acetobacteraceae,No robust majority,NA,NA,NA,NA,group_1:contains~~Enzymes,Primary signal: group_1=Enzymes (group_2=Enzyme activity).
F9,enzyme_activity,no_predictions,gtdb_family_summary_no_predictions.tsv.gz,gtdb,family,enzyme activity: alpha-chymotrypsin (EC3.4.21.1),boolean,Enzymes,Enzyme activity,SNOMED:424017009;EC3.4.21.1,BacDive=2025-07-29,915913853,Acetobacteraceae,false,NA,NA,NA,NA,group_1:contains~~Enzymes,Primary signal: group_1=Enzymes (group_2=Enzyme activity).
F9,enzyme_activity,no_predictions,gtdb_family_summary_no_predictions.tsv.gz,gtdb,family,enzyme activity: alpha-fucosidase (EC3.2.1.51),boolean,Enzymes,Enzyme activity,SNOMED:424017009;EC3.2.1.51,BacDive=2025-07-29,915913853,Acetobacteraceae,false,NA,NA,NA,NA,group_1:contains~~Enzymes,Primary signal: group_1=Enzymes (group_2=Enzyme activity).
F9,enzyme_activity,no_predictions,gtdb_family_summary_no_predictions.tsv.gz,gtdb,family,enzyme activity: alpha-galactosidase (EC3.2.1.22),boolean,Enzymes,Enzyme activity,SNOMED:424017009;EC3.2.1.22,BacDive=2025-07-29,915913853,Acetobacteraceae,false,NA,NA,NA,NA,group_1:contains~~Enzymes,Primary signal: group_1=Enzymes (group_2=Enzyme activity).
F9,enzyme_activity,no_predictions,gtdb_family_summary_no_predictions.tsv.gz,gtdb,family,enzyme activity: alpha-glucosidase (EC3.2.1.20),boolean,Enzymes,Enzyme activity,SNOMED:424017009;EC3.2.1.20,BacDive=2025-07-29,915913853,Acetobacteraceae,false,NA,NA,NA,NA,group_1:contains~~Enzymes,Primary signal: group_1=Enzymes (group_2=Enzyme activity).
F9,enzyme_activity,no_predictions,gtdb_family_summary_no_predictions.tsv.gz,gtdb,family,enzyme activity: alpha-mannosidase (EC3.2.1.24),boolean,Enzymes,Enzyme activity,SNOMED:424017009;EC3.2.1.24,BacDive=2025-07-29,915913853,Acetobacteraceae,false,NA,NA,NA,NA,group_1:contains~~Enzymes,Primary signal: group_1=Enzymes (group_2=Enzyme activity).
F9,enzyme_activity,no_predictions,gtdb_family_summary_no_predictions.tsv.gz,gtdb,family,enzyme activity: amylase,boolean,Enzymes,Enzyme activity,SNOMED:424017009,BacDive=2025-07-29,915913853,Acetobacteraceae,No robust majority,NA,NA,NA,NA,group_1:contains~~Enzymes,Primary signal: group_1=Enzymes (group_2=Enzyme activity).
F9,enzyme_activity,no_predictions,gtdb_family_summary_no_predictions.tsv.gz,gtdb,family,enzyme activity: arginine decarboxylase (EC4.1.1.19),boolean,Enzymes,Enzyme activity,SNOMED:424017009;EC4.1.1.19,BacDive=2025-07-29,915913853,Acetobacteraceae,false,NA,NA,NA,NA,group_1:contains~~Enzymes,Primary signal: group_1=Enzymes (group_2=Enzyme activity).
F9,enzyme_activity,no_predictions,gtdb_family_summary_no_predictions.tsv.gz,gtdb,family,enzyme activity: arginine dihydrolase (EC3.5.3.6),boolean,Enzymes,Enzyme activity,SNOMED:424017009;EC3.5.3.6,BacDive=2025-07-29,915913853,Acetobacteraceae,No robust majority,NA,NA,NA,NA,group_1:contains~~Enzymes,Primary signal: group_1=Enzymes (group_2=Enzyme activity).
F9,enzyme_activity,no_predictions,gtdb_family_summary_no_predictions.tsv.gz,gtdb,family,enzyme activity: beta-D-fucosidase (EC3.2.1.38),boolean,Enzymes,Enzyme activity,SNOMED:424017009;EC3.2.1.38,BacDive=2025-07-29,915913853,Acetobacteraceae,false,NA,NA,NA,NA,group_1:contains~~Enzymes,Primary signal: group_1=Enzymes (group_2=Enzyme activity).
F9,enzyme_activity,no_predictions,gtdb_family_summary_no_predictions.tsv.gz,gtdb,family,enzyme activity: beta-galactosidase (EC3.2.1.23),boolean,Enzymes,Enzyme activity,SNOMED:424017009;EC3.2.1.23,BacDive=2025-07-29,915913853,Acetobacteraceae,false,NA,NA,NA,NA,group_1:contains~~Enzymes,Primary signal: group_1=Enzymes (group_2=Enzyme activity).
F9,enzyme_activity,no_predictions,gtdb_family_summary_no_predictions.tsv.gz,gtdb,family,enzyme activity: beta-glucosidase (EC3.2.1.21),boolean,Enzymes,Enzyme activity,SNOMED:424017009;EC3.2.1.21,BacDive=2025-07-29,915913853,Acetobacteraceae,No robust majority,NA,NA,NA,NA,group_1:contains~~Enzymes,Primary signal: group_1=Enzymes (group_2=Enzyme activity).
F9,enzyme_activity,no_predictions,gtdb_family_summary_no_predictions.tsv.gz,gtdb,family,enzyme activity: beta-glucuronidase (EC3.2.1.31),boolean,Enzymes,Enzyme activity,SNOMED:424017009;EC3.2.1.31,BacDive=2025-07-29,915913853,Acetobacteraceae,false,NA,NA,NA,NA,group_1:contains~~Enzymes,Primary signal: group_1=Enzymes (group_2=Enzyme activity).
F9,enzyme_activity,no_predictions,gtdb_family_summary_no_predictions.tsv.gz,gtdb,family,enzyme activity: catalase (EC1.11.1.6),boolean,Enzymes,Enzyme activity,SNOMED:424017009;EC1.11.1.6,BacDive=2025-07-29,915913853,Acetobacteraceae,true,NA,NA,NA,NA,group_1:contains~~Enzymes,Primary signal: group_1=Enzymes (group_2=Enzyme activity).
F9,enzyme_activity,no_predictions,gtdb_family_summary_no_predictions.tsv.gz,gtdb,family,enzyme activity: chymotrypsin (EC3.4.4.5),boolean,Enzymes,Enzyme activity,SNOMED:424017009;EC3.4.4.5,BacDive=2025-07-29,915913853,Acetobacteraceae,true,NA,NA,NA,NA,group_1:contains~~Enzymes,Primary signal: group_1=Enzymes (group_2=Enzyme activity).
F9,enzyme_activity,no_predictions,gtdb_family_summary_no_predictions.tsv.gz,gtdb,family,enzyme activity: cystine arylamidase (EC3.4.11.3),boolean,Enzymes,Enzyme activity,SNOMED:424017009;EC3.4.11.3,BacDive=2025-07-29,915913853,Acetobacteraceae,true,NA,NA,NA,NA,group_1:contains~~Enzymes,Primary signal: group_1=Enzymes (group_2=Enzyme activity).
F9,enzyme_activity,no_predictions,gtdb_family_summary_no_predictions.tsv.gz,gtdb,family,enzyme activity: cytochrome oxidase (EC1.9.3.1),boolean,Enzymes,Enzyme activity,SNOMED:424017009;EC1.9.3.1,BacDive=2025-07-29,915913853,Acetobacteraceae,No robust majority,NA,NA,NA,NA,group_1:contains~~Enzymes,Primary signal: group_1=Enzymes (group_2=Enzyme activity).
F9,enzyme_activity,no_predictions,gtdb_family_summary_no_predictions.tsv.gz,gtdb,family,enzyme activity: DNase,boolean,Enzymes,Enzyme activity,SNOMED:424017009,BacDive=2025-07-29,915913853,Acetobacteraceae,false,NA,NA,NA,NA,group_1:contains~~Enzymes,Primary signal: group_1=Enzymes (group_2=Enzyme activity).
F9,enzyme_activity,no_predictions,gtdb_family_summary_no_predictions.tsv.gz,gtdb,family,enzyme activity: esterase (C 4),boolean,Enzymes,Enzyme activity,SNOMED:424017009,BacDive=2025-07-29,915913853,Acetobacteraceae,true,NA,NA,NA,NA,group_1:contains~~Enzymes,Primary signal: group_1=Enzymes (group_2=Enzyme activity).
F9,enzyme_activity,no_predictions,gtdb_family_summary_no_predictions.tsv.gz,gtdb,family,enzyme activity: esterase Lipase (C 8),boolean,Enzymes,Enzyme activity,SNOMED:424017009,BacDive=2025-07-29,915913853,Acetobacteraceae,true,NA,NA,NA,NA,group_1:contains~~Enzymes,Primary signal: group_1=Enzymes (group_2=Enzyme activity).
F9,enzyme_activity,no_predictions,gtdb_family_summary_no_predictions.tsv.gz,gtdb,family,enzyme activity: gamma-glutamyltransferase (EC2.3.2.2),boolean,Enzymes,Enzyme activity,SNOMED:424017009;EC2.3.2.2,BacDive=2025-07-29,915913853,Acetobacteraceae,false,NA,NA,NA,NA,group_1:contains~~Enzymes,Primary signal: group_1=Enzymes (group_2=Enzyme activity).
F9,enzyme_activity,no_predictions,gtdb_family_summary_no_predictions.tsv.gz,gtdb,family,enzyme activity: gelatinase,boolean,Enzymes,Enzyme activity,SNOMED:424017009,BacDive=2025-07-29,915913853,Acetobacteraceae,false,NA,NA,NA,NA,group_1:contains~~Enzymes,Primary signal: group_1=Enzymes (group_2=Enzyme activity).
F9,enzyme_activity,no_predictions,gtdb_family_summary_no_predictions.tsv.gz,gtdb,family,enzyme activity: lecithinase,boolean,Enzymes,Enzyme activity,SNOMED:424017009,BacDive=2025-07-29,915913853,Acetobacteraceae,false,NA,NA,NA,NA,group_1:contains~~Enzymes,Primary signal: group_1=Enzymes (group_2=Enzyme activity).
F9,enzyme_activity,no_predictions,gtdb_family_summary_no_predictions.tsv.gz,gtdb,family,enzyme activity: leucine arylamidase (EC3.4.11.1),boolean,Enzymes,Enzyme activity,SNOMED:424017009;EC3.4.11.1,BacDive=2025-07-29,915913853,Acetobacteraceae,true,NA,NA,NA,NA,group_1:contains~~Enzymes,Primary signal: group_1=Enzymes (group_2=Enzyme activity).
F9,enzyme_activity,no_predictions,gtdb_family_summary_no_predictions.tsv.gz,gtdb,family,enzyme activity: lipase,boolean,Enzymes,Enzyme activity,SNOMED:424017009,BacDive=2025-07-29,915913853,Acetobacteraceae,false,NA,NA,NA,NA,group_1:contains~~Enzymes,Primary signal: group_1=Enzymes (group_2=Enzyme activity).
F9,enzyme_activity,no_predictions,gtdb_family_summary_no_predictions.tsv.gz,gtdb,family,enzyme activity: lysine decarboxylase (EC4.1.1.18),boolean,Enzymes,Enzyme activity,SNOMED:424017009;EC4.1.1.18,BacDive=2025-07-29,915913853,Acetobacteraceae,false,NA,NA,NA,NA,group_1:contains~~Enzymes,Primary signal: group_1=Enzymes (group_2=Enzyme activity).
F9,enzyme_activity,no_predictions,gtdb_family_summary_no_predictions.tsv.gz,gtdb,family,enzyme activity: naphthol-AS-BI-phosphohydrolase,boolean,Enzymes,Enzyme activity,SNOMED:424017009,BacDive=2025-07-29,915913853,Acetobacteraceae,true,NA,NA,NA,NA,group_1:contains~~Enzymes,Primary signal: group_1=Enzymes (group_2=Enzyme activity).
F9,enzyme_activity,no_predictions,gtdb_family_summary_no_predictions.tsv.gz,gtdb,family,enzyme activity: ornithine decarboxylase (EC4.1.1.17),boolean,Enzymes,Enzyme activity,SNOMED:424017009;EC4.1.1.17,BacDive=2025-07-29,915913853,Acetobacteraceae,false,NA,NA,NA,NA,group_1:contains~~Enzymes,Primary signal: group_1=Enzymes (group_2=Enzyme activity).
F9,enzyme_activity,no_predictions,gtdb_family_summary_no_predictions.tsv.gz,gtdb,family,enzyme activity: oxidase,boolean,Enzymes,Enzyme activity,SNOMED:424017009,BacDive=2025-07-29,915913853,Acetobacteraceae,false,NA,NA,NA,NA,group_1:contains~~Enzymes,Primary signal: group_1=Enzymes (group_2=Enzyme activity).
F9,enzyme_activity,no_predictions,gtdb_family_summary_no_predictions.tsv.gz,gtdb,family,enzyme activity: Ribulose-bisphosphate carboxylase (EC4.1.1.39),boolean,Enzymes,Enzyme activity,SNOMED:424017009;EC4.1.1.39,BacDive=2025-07-29,915913853,Acetobacteraceae,false,NA,NA,NA,NA,group_1:contains~~Enzymes,Primary signal: group_1=Enzymes (group_2=Enzyme activity).
