source_signature,row_count,taxonomy_group,source_resolution_level,source_species_normalized,source_organism_name,bacdive_status_closure,species_validation_status,candidate_rescue_status,raw_cache_files_seen,missing_cache_files,cache_record_count_total_before_species_filter,representative_bacdive_record_count,record_count_with_culture_collection,unique_culture_collection_count,has_any_culture_collection,type_strain_record_count,has_type_strain_record,culture_medium_record_count,unique_culture_medium_count,has_any_culture_medium,isolation_source_record_count,unique_isolation_source_count,has_any_isolation_source,country_record_count,unique_country_count,has_any_country,genome_accession_record_count,unique_genome_accession_count,has_any_genome_accession,inclusion_basis_counts,example_culture_collections,example_strain_designations,example_culture_media,example_isolation_sources
taxon:29320|organism:paenarthrobacter nicotinovorans (arthrobacter nicotinovorans),36,target_bacteria,taxon_organism,paenarthrobacter nicotinovorans,Paenarthrobacter nicotinovorans (Arthrobacter nicotinovorans),bacdive_species_exact_name_match,validated_species_exact_name,not_candidate_row,2,0,4,2,2,14,True,1,True,2,10,True,1,1,True,1,1,True,1,3,True,"{""normalized_species_exact"": 2}",DSM 117385; DSM 420; ATCC 49919; JCM 3874; CGMCC 1.1933; CIP 106990; IAM 14587; IFO 15511; KCTC 9902; LMG 16253; NBRC 15511; NCAIM B.02133; NCAIM B.02288; VKM Ac-1988,CT11-39,TRYPTICASE SOY YEAST EXTRACT MEDIUM (DSMZ Medium 92); CORYNEBACTERIUM AGAR (DSMZ Medium 53); ISP 2; ISP 3; ISP 4,Wheat root grown in field soil
taxon:623|organism:shigella flexneri,562,target_bacteria,taxon_organism,shigella flexneri,Shigella flexneri,bacdive_species_exact_name_match,validated_species_exact_name,not_candidate_row,2,0,96,48,48,69,True,1,True,35,7,True,17,13,True,22,12,True,2,3,True,"{""normalized_species_exact"": 48}",CCUG 56027; CCUG 43875; CCUG 39080; CCUG 38947; CCUG 37906; CCUG 37890; CCUG 29416; CCUG 29415; CCUG 29413; CCUG 29412; CCUG 21270; CCUG 21251; CCUG 9566; NCTC 1; CIP 107659; ATCC 700930; CIP 106236; CIP 106197; CIP 106193; CIP 106192,"2457T; 80; M181, 40; 36, M174; 92; M148, 30; 44, M190; 7, M32; Zaboli; 145-48; Boyd 102; Ledingham; 164; 26 D; Z Withington; 3591-52; Ratcliffe; 24 D; 935; 53125",MEDIUM 72- for trypto casein soja agar; CIP Medium 72; MEDIUM 3 - Columbia agar; CIP Medium 3; CIP Medium 29,"Human feces,35-yr-old man; Human feces,diarrhoea; Human feces,3-yr-old patient with diarrea for 48h; Human feces; Human feces,diarrhea"
taxon:83334|organism:escherichia coli o157:h7,767,target_bacteria,taxon_organism,escherichia coli,Escherichia coli O157:H7,bacdive_species_exact_name_match,validated_species_exact_name,not_candidate_row,4,0,400,200,200,423,True,0,False,83,19,True,10,13,True,4,3,True,18,53,True,"{""normalized_species_exact"": 200}",DSM 6215; ATCC 37371; DSM 6214; ATCC 39531; DSM 6213; ATCC 41036; DSM 6212; ATCC 37375; DSM 6202; ATCC 37032; DSM 6201; ATCC 35673; DSM 6197; ATCC 47019; DSM 6196; ATCC 47018; DSM 6189; ATCC 37064; CCRC 41300; DSM 6188,"pfdB2; K12 MC1000, MC1000; pHB-1; pfdA2; pSC101; K12 HB101 DB6507, DB6507, FD 27747, HB101 DB6507; K12 Q359, Q359; K12 Q358, Q358; YIP33; DP50; YEp24; YIp5; pSP65; K12 TG1, TG1; pBluescribe M13-, PC-V3046; PC-V3138, pYAC3; PC-V3058, pGEM-3Zf(-); PC-V3057, pGEM-3Zf(+); pBluescribe M13+, PC-V3045; pBGS8, PC-V3012",LB (Luria-Bertani) MEDIUM (DSMZ Medium 381); NUTRIENT AGAR (DSMZ Medium 1); Mineral medium M9 for E. coli JM strains (DSMZ Medium 382); MEDIUM 72- for trypto casein soja agar; CIP Medium 72,"Canine; Animal, Canine; food; freshwater (river, lake, pond); faeces"
taxon:90370|organism:salmonella typhi,493,target_bacteria,taxon_organism,salmonella enterica,Salmonella typhi,bacdive_species_exact_name_match,validated_species_exact_name,not_candidate_row,4,0,400,200,200,376,True,6,True,199,18,True,57,42,True,70,21,True,28,83,True,"{""base_binomial_match_or_subspecies"": 46, ""normalized_species_exact"": 154}",CIP 55.38; NCTC 8386; CIP 107479; CCUG 46434; CIP 55.29; CIP 55.28; NCTC 7309; CIP 55.27; NCTC 7299; CIP 55.26; NCTC 7315; CIP 55.24; CIP 55.23; NCTC 7303; CIP 55.21; NCTC 7332; CIP 107125; CIP 54.143; CIP 54.140; CIP 54.139,"82K; 91K; 585K; 61; 19, M73; 13, M50; 69K; LT2; C52; S-6; Eastafrica; TA1538; 254; I137; M327, 71; 88, M453; 87, M452; M439, 86; M248, 58; M244, 57",MEDIUM 3 - Columbia agar; CIP Medium 3; MEDIUM 72- for trypto casein soja agar; CIP Medium 72; MEDIUM 29- Brain heart agar,"Human, Faeces; Poult, intestine; Gopher snake, lung; Dried egg powder; Turkey, conjunctivitis"
proteome:UP000001419,419,target_bacteria,proteome,mycobacterium tuberculosis,Mycobacterium bovis (strain ATCC BAA-935 / AF2122/97),bacdive_species_exact_name_match,validated_species_exact_name,not_candidate_row,7,0,368,184,184,317,True,3,True,111,7,True,138,33,True,134,10,True,6,6,True,"{""normalized_species_exact"": 78, ""validated_bacdive_id_from_closure"": 106}",CRBIP7.113; CIPT 113; CRBIP7.112; CIPT 112; CRBIP7.108; CIPT 108; CIP 105050; ATCC 35734; CCUG 38152; TMC 1011; CIP 111338; CIP 111337; CIP 111336; CIP 111335; CIP 111334; CIP 111333; CIP 111332; CIP 111331; CRBIP7.96; CIPT 96,140080007; 140080006; 140080010; 140040001; MYC 4436; MYC 4429; MYC 4426; MYC 4423; MYC 4416; MYC 4404; MYC 4403; MYC 4401; 140020086; 140020085; 140020084; 140020022; 140020021; 140020019; 140020017; 140020016,Löwenstein-Jensen Medium; CIP Medium 72; CIP Medium 55; CIP Medium 750; CIP Medium 267,"Human; Food, Bovine milk; Human, Sputum; Animal, Cow, lymphatic node; Human, Meningitis"
proteome:UP000001020,585,target_bacteria,proteome,mycobacterium tuberculosis,Mycobacterium tuberculosis (strain CDC 1551 / Oshkosh),bacdive_species_exact_name_match,validated_species_exact_name,not_candidate_row,6,0,368,184,184,317,True,3,True,111,7,True,138,33,True,134,10,True,6,6,True,"{""normalized_species_exact"": 78, ""validated_bacdive_id_from_closure"": 106}",CRBIP7.113; CIPT 113; CRBIP7.112; CIPT 112; CRBIP7.108; CIPT 108; CIP 105050; ATCC 35734; CCUG 38152; TMC 1011; CIP 111338; CIP 111337; CIP 111336; CIP 111335; CIP 111334; CIP 111333; CIP 111332; CIP 111331; CRBIP7.96; CIPT 96,140080007; 140080006; 140080010; 140040001; MYC 4436; MYC 4429; MYC 4426; MYC 4423; MYC 4416; MYC 4404; MYC 4403; MYC 4401; 140020086; 140020085; 140020084; 140020022; 140020021; 140020019; 140020017; 140020016,Löwenstein-Jensen Medium; CIP Medium 72; CIP Medium 55; CIP Medium 750; CIP Medium 267,"Human; Food, Bovine milk; Human, Sputum; Animal, Cow, lymphatic node; Human, Meningitis"
taxon:714|organism:aggregatibacter actinomycetemcomitans (actinobacillus actinomycetemcomitans) (haemophilus actinomycetemcomitans),14,target_bacteria,taxon_organism,aggregatibacter actinomycetemcomitans,Aggregatibacter actinomycetemcomitans (Actinobacillus actinomycetemcomitans) (Haemophilus actinomycetemcomitans),bacdive_species_exact_name_match,validated_species_exact_name,not_candidate_row,2,0,162,81,81,105,True,1,True,35,7,True,76,50,True,67,14,True,8,8,True,"{""normalized_species_exact"": 80, ""validated_bacdive_id_from_closure"": 1}",CRBIP17.78; JCM 8579; ATCC 43717; JCM 8577; ATCC 43719; JCM 30399; CCUG 61155; CCUG 58363; CCUG 56173; CCUG 56172; CCUG 51673; CCUG 51672; CCUG 51671; CCUG 51670; CCUG 51669; CCUG 51668; CCUG 51667; CCUG 49496; CCUG 48512; CCUG 46863,"CIMB 04-9350; 283-86; 739.84; Kyritsopoulos; 163.86; 622-86; 440-86; 430-86; 279-86; 63.86; NIBBI 7934, 955-85; 457-85, 31054; A1916; B5279; 120/48-49; 159-87; 241/50-1; 641-86; 759-86; 760-86","CIP Medium 10; MEDIUM 10 - Chocolate medium  for Actinobacillus pleuropneumoniae, Capnocytophaga cynodegmi, Haemophilus and Neisseria; MEDIUM 6 - Columbia agar with 10 % horse blood; CIP Medium 6; CIP Medium 72","Human, Blood; Periodontal pocket; Human blood,84-yr-old man; Human blood,51-yr-old man; Human periodontis ?"
proteome:UP000002512,198,target_bacteria,proteome,streptococcus mutans,Streptococcus mutans serotype c (strain ATCC 700610 / UA159),bacdive_species_exact_name_match,validated_species_exact_name,not_candidate_row,5,0,96,48,48,77,True,1,True,4,9,True,44,37,True,43,3,True,2,7,True,"{""normalized_species_exact"": 48}",JCM 5175; CCUG 69401; CCUG 68963; CCUG 66205; CCUG 61102; CCUG 60222; CCUG 59719; CCUG 59718; CCUG 56427; CCUG 54774; CCUG 52940; CCUG 50477; CCUG 48499; CCUG 48140; CCUG 47111; CCUG 45825; CCUG 45091; CCUG 43520 B; CCUG 43479; CCUG 41890,"10595; 491012; EML 1738; LRA 28 02 81, LRA 028 02 81",MEDIUM 6 - Columbia agar with 10 % horse blood; CIP Medium 6; MEDIUM 3 - Columbia agar; CIP Medium 3; CIP Medium 40,"Human blood,63-yr-old female; Human blood; Human blood,endocarditis,86-yr-old man; Human tissue,73-yr-old woman; Human blood,30-yr-old man,endocarditis"
taxon:285|organism:comamonas testosteroni (pseudomonas testosteroni),39,target_bacteria,taxon_organism,comamonas testosteroni,Comamonas testosteroni (Pseudomonas testosteroni),bacdive_species_exact_name_match,validated_species_exact_name,not_candidate_row,2,0,76,38,38,113,True,1,True,17,10,True,21,21,True,16,8,True,2,5,True,"{""normalized_species_exact"": 38}",JCM 6233; JCM 6231; JCM 6229; IAM 14431; JCM 6228; IAM 14430; JCM 6227; IAM 14429; JCM 6226; IAM 14428; JCM 6225; IAM 14427; JCM 6210; JCM 6209; IAM 14424; JCM 6206; IAM 1176; IAM 14425; JCM 6205; IAM 1123,FD-30; 292-86; 31; N; SPB-2; KF1; wtT-2; PSB-4; RW31; 31A; T-2; 11; R-10-Z,MEDIUM 3 - Columbia agar; CIP Medium 3; CASO AGAR (MERCK 105458) (DSMZ Medium 220); NUTRIENT AGAR (DSMZ Medium 1); R2A MEDIUM (DSMZ Medium 830),"Soil; PCB-contaminated soil; Seawater; Human blood,16-yr-old male; Sediment"
taxon:1597|organism:lacticaseibacillus paracasei (lactobacillus paracasei),3,target_bacteria,taxon_organism,lacticaseibacillus paracasei,Lacticaseibacillus paracasei (Lactobacillus paracasei),bacdive_species_exact_name_match,validated_species_exact_name,not_candidate_row,2,0,162,81,81,169,True,2,True,27,5,True,72,63,True,51,8,True,7,12,True,"{""base_binomial_match_or_subspecies"": 22, ""normalized_species_exact"": 1, ""validated_bacdive_id_from_closure"": 58}",CRBIP24.45; CRBIP24.26; JCM 8133; NCDO 1202; JCM 8131; NCFB 205; NCIMB 2378; NCTC 2378; JCM 2769; JCM 20315; IAM 10074; JCM 1111; JCM 1109; JCM 1053; IAM 1043; DSM 111790; CCUG 55792; CCUG 52643; CCUG 51663; CCUG 51572,"C4; GCRL 163; 25; B41; 9664, A 13, BU 240, Ep 300, Epsilon, PBR 322, PG 18; 28; S; 41; C 17; 40; 85 E; A112/73; A22/73; RO94; No. 59; 7/74; 19/74, 19-74","De Man, Rogosa and Sharpe Agar; Trypticase Soy Agar; CIP Medium 40; MRS MEDIUM (DSMZ Medium 11); MEDIUM 40- for Lactobacillus and Leuconostoc",Milk products; Fermented molasses; Human intestine; Cheddar cheese; Human
taxon:190304|organism:fusobacterium nucleatum subsp. nucleatum (strain atcc 25586 / dsm 15643 / bcrc 10681 / cip 101130 / jcm 8532 / kctc 2640 / lmg 13131 / vpi 4355),138,target_bacteria,taxon_organism,fusobacterium nucleatum,Fusobacterium nucleatum subsp. nucleatum (strain ATCC 25586 / DSM 15643 / BCRC 10681 / CIP 101130 / JCM 8532 / KCTC 2640 / LMG 13131 / VPI 4355),bacdive_species_exact_name_match,validated_species_exact_name,not_candidate_row,10,0,50,21,21,48,True,4,True,6,7,True,19,29,True,15,5,True,5,15,True,"{""base_binomial_match_or_subspecies"": 11, ""normalized_species_exact"": 9, ""validated_bacdive_id_from_closure"": 1}",JCM 6328; CCUG 61856; CCUG 60920; CCUG 57685; CCUG 57321; CCUG 53249; CCUG 52678; CCUG 51834; CCUG 51781; CCUG 45873; CCUG 44169; CCUG 37995; CCUG 15758; CCUG 15725; CCUG 14448; CIP 60.39; DSM 19507; ATCC 49256; CIP 104988; JCM 11023,"1789; EM48; 1612A; SOR, OR; LH 37; 555A",MEDIUM 20 - for Anaerobic bacteria; CIP Medium 20; CHOPPED MEAT MEDIUM (DSMZ Medium 78); COLUMBIA BLOOD MEDIUM (DSMZ Medium 693); PYG MEDIUM (MODIFIED) (DSMZ Medium 104),"Human gingival crevice; Human blood,68-yr-old man; Human throat,35-yr-old man; Human blood,56-yr-old man; Human blood,50-yr-old man"
taxon:1052|organism:halorhodospira halochloris (ectothiorhodospira halochloris),12,target_bacteria,taxon_organism,halorhodospira halochloris,Halorhodospira halochloris (Ectothiorhodospira halochloris),bacdive_species_exact_name_match,validated_species_exact_name,not_candidate_row,2,0,2,1,1,2,True,1,True,1,1,True,1,1,True,1,1,True,1,3,True,"{""normalized_species_exact"": 1}",DSM 1059; JCM 39378,A,MEDIUM FOR ECTOTHIORHODOSPIRA (DSMZ Medium 253),mud and water sample
taxon:1850|organism:actinopolyspora halophila,10,target_bacteria,taxon_organism,actinopolyspora halophila,Actinopolyspora halophila,bacdive_species_exact_name_match,validated_species_exact_name,not_candidate_row,2,0,2,1,1,15,True,1,True,1,1,True,1,2,True,0,0,False,1,1,True,"{""normalized_species_exact"": 1}",DSM 43834; ATCC 27976; IFO 14106; JCM 3278; KCC A-0278; NBRC 14106; NCIB 11472; BCRC 13403; CGMCC 4.1219; IMSNU 20045; IMSNU 21360; KCTC 9127; MTCC 263; NCIMB 11472; VKM Ac-871,,CM + YE MEDIUM (DSMZ Medium 549),dairy salt; Contaminant of complex medium for <I>Halobacterium</I>
taxon:292|organism:burkholderia cepacia (pseudomonas cepacia),24,target_bacteria,taxon_organism,burkholderia cepacia,Burkholderia cepacia (Pseudomonas cepacia),bacdive_species_exact_name_match,validated_species_exact_name,not_candidate_row,4,0,220,110,110,158,True,1,True,21,13,True,76,62,True,74,13,True,3,9,True,"{""normalized_species_exact"": 110}",ST033781; ST033629; ST033628; ST033627; ST033626; ST033625; ST033624; ST033623; ST033622; ST033621; ST033620; ST033619; ST033618; ST033617; ST033616; ST033614; ST033613; ST033612; ST033611; ST033610,4A/90; BF19I8-11; BF14; BF19E8-11; BF18b; BF18; BF17; BF16; BF15; BF13; BF12; BF11; BF10; BF9; BF8; BF6; BF5; BF4; BF3; BF2,Nutrient Agar (NA); MEDIUM 3 - Columbia agar; CIP Medium 3; CIP Medium 72; MEDIUM 72- for trypto casein soja agar,"Clinical specimen; Allium cepa; rotting onion; Human sputum,29-yr-old woman,cystic fibrosis; Human ear,12-yr-old male; Human sputum,28-yr-old woman,cystic fibrosis"
taxon:303|organism:pseudomonas putida (arthrobacter siderocapsulatus),222,target_bacteria,taxon_organism,pseudomonas putida,Pseudomonas putida (Arthrobacter siderocapsulatus),bacdive_species_exact_name_match,validated_species_exact_name,not_candidate_row,4,0,260,130,130,297,True,1,True,67,25,True,89,77,True,70,18,True,18,33,True,"{""normalized_species_exact"": 130}",DSM 114486; DSM 116510; DSM 116234; DSM 115323; JCM 9802; JCM 9800; JCM 9045; JCM 20228; IAM 1629; JCM 20188; ATCC 4359; IAM 1506; JCM 20129; IAM 1250; JCM 20120; IAM 1235; JCM 20112; ATCC 17464; IAM 1219; JCM 20111,"NiuAA7; 116510; 116234; Thor-Nr. 1021; MD 7.3; 776.85; 340-86; 25300, 642-85; A3/9; AmMs 106; TEC1 91-delta 1; S13.1.2; TEC1 407-delta1; TEC1 407.3-delta2; TEC1 407.1-delta 2; TEC1; Z2; SQ1; STI11318; B6-2",COLUMBIA BLOOD MEDIUM (DSMZ Medium 693); TRYPTICASE SOY YEAST EXTRACT MEDIUM (DSMZ Medium 92); MEDIUM 3 - Columbia agar; CIP Medium 3; CIP Medium 72,"Maize root grown in field soil; Urine; Swab; paint; Activated sludge,by enrichment with biphenyl as the sole source of carbon and energy"
taxon:566|organism:pseudescherichia vulneris (escherichia vulneris),12,target_bacteria,taxon_organism,pseudescherichia vulneris,Pseudescherichia vulneris (Escherichia vulneris),bacdive_species_exact_name_match,validated_species_exact_name,not_candidate_row,2,0,30,15,15,28,True,1,True,3,5,True,7,7,True,7,2,True,1,2,True,"{""normalized_species_exact"": 15}",JCM 2132; JCM 2131; JCM 2130; JCM 2129; CCUG 61693; CCUG 26554; CCUG 23001; CCUG 21200; CCUG 21199; CCUG 21151; CCUG 21150; CCUG 21149; CIP 104944; CIP 104943; CCUG 15715; DSM 4564; ATCC 33821; IAM 14239; JCM 1688; NIH 580,"1242-84; 875-72, 580",MEDIUM 3 - Columbia agar; CIP Medium 3; TRYPTICASE SOY YEAST EXTRACT MEDIUM (DSMZ Medium 92); COLUMBIA BLOOD MEDIUM (DSMZ Medium 693); CIP Medium 72,"Human blood,82-yr-old man; Human feces; Human urine; Human; Human wound"
taxon:575|organism:raoultella planticola (klebsiella planticola),2,target_bacteria,taxon_organism,raoultella planticola,Raoultella planticola (Klebsiella planticola),bacdive_species_exact_name_match,validated_species_exact_name,not_candidate_row,2,0,32,16,16,43,True,1,True,6,5,True,8,12,True,6,5,True,3,4,True,"{""normalized_species_exact"": 16}",JCM 20069; ATCC 8329; CDC 1758-51; IAM 1133; IFO 3317; NBRC 3317; NCIMB 8153; CCUG 62696 Q; CCUG 54768; NCTC 9528; CCUG 21208; CCUG 21207; CCUG 21176; CCUG 21175; CCUG 21174; CCUG 21173; CCUG 20939; CIP 53.10; BR 25; CIP 105789,"P33; P11; CRCC 13986, V-236, 4245-72; 78-120",MEDIUM 3 - Columbia agar; CIP Medium 72; CIP Medium 3; NUTRIENT AGAR (DSMZ Medium 1); MEDIUM 72- for trypto casein soja agar,"Human urine,70-yr-old man; Water; Genital tract of a mare; Human, Sputum; Human, Urine"
taxon:577|organism:raoultella terrigena (klebsiella terrigena),5,target_bacteria,taxon_organism,raoultella terrigena,Raoultella terrigena (Klebsiella terrigena),bacdive_species_exact_name_match,validated_species_exact_name,not_candidate_row,2,0,26,13,13,29,True,1,True,4,4,True,12,13,True,10,2,True,1,2,True,"{""normalized_species_exact"": 13}",CCUG 53452; CCUG 46739; CCUG 37449; CCUG 35167; CCUG 33401 A; CCUG 33400 A; CCUG 29957; CCUG 20942; CCUG 20941; DSM 30103; DSM 7333; DSM 7331; DSM 2687; ATCC 33257; CIP 80.07; CCUG 12372 Bb; CIP 80-07; JCM 1687; CUETM 77.176; BCRC 14805,"WS 10199; T64; T56; 84, L84",NUTRIENT AGAR (DSMZ Medium 1); CASO AGAR (MERCK 105458) (DSMZ Medium 220); MEDIUM 29- Brain heart agar; CIP Medium 29,"Human sputum,77-yr-old man; Human bronchus,64-yr-old woman; Industry,fat emulsion; Porcine sperm; Soil contaminated with oil"
taxon:621|organism:shigella boydii,3,target_bacteria,taxon_organism,shigella boydii,Shigella boydii,bacdive_species_exact_name_match,validated_species_exact_name,not_candidate_row,2,0,78,39,39,66,True,1,True,32,6,True,11,6,True,9,9,True,6,9,True,"{""normalized_species_exact"": 39}",CIP 111949; CCUG 45096; CCUG 37893; CCUG 37892; CCUG 37891; CCUG 21261; CCUG 21249; CCUG 9564; NCTC 9357; CIP 58.24; CIP 58.23; ATCC 12033; NCTC 9772; CIP 58.4; CIP 52.53; NCTC 9332; CIP 52.51; NCTC 9330; CIP 51.3; CIP 51.4,"1693; 123; 592; M 279; PSH-125; Congo; 1296/7; 6917; 426/FA; type; 425; 55; 54125; A12; H 21582; Nil-2-c; D 27; 140/56, 5518/56; 703; 2770/51",CIP Medium 72; MEDIUM 3 - Columbia agar; CIP Medium 3; MEDIUM 72- for trypto casein soja agar; TRYPTICASE SOY YEAST EXTRACT MEDIUM (DSMZ Medium 92),"Human, Stools; Human feces; Human faeces,contracted in Turkey; Human feces,44-yr-old man; Faeces"
taxon:622|organism:shigella dysenteriae,7,target_bacteria,taxon_organism,shigella dysenteriae,Shigella dysenteriae,bacdive_species_exact_name_match,validated_species_exact_name,not_candidate_row,2,0,104,52,52,62,True,1,True,46,8,True,8,7,True,25,10,True,2,3,True,"{""normalized_species_exact"": 52}",CCUG 39701; CCUG 37889; CCUG 37888; CCUG 37887; CCUG 29414; CCUG 18713; CIP 106198; CIP 52.33; CIP 56.33; CIP 56.16; CIP 53.136; CIP 53.135; CIP 52.123; NCTC 9763; CIP 52.121; CIP 58.15; NCTC 9350; CIP 54.50; CIP 54.49; CIP 52.32,"41, M183; 120; 52287; 1768-53; 1046-50; 4388-50; 1012; 9D; Norwich; Bucarest R; Bagdad 57/46; Bucarest S; 4325; 1048-50; 6270; 41; 309; 588; 54268; 54921",MEDIUM 72- for trypto casein soja agar; CIP Medium 72; MEDIUM 3 - Columbia agar; CIP Medium 3; MEDIUM 29- Brain heart agar,"Human feces; Human faeces; Human, Faeces; Feces; Human"
taxon:624|organism:shigella sonnei,4,target_bacteria,taxon_organism,shigella sonnei,Shigella sonnei,bacdive_species_exact_name_match,validated_species_exact_name,not_candidate_row,2,0,54,27,27,38,True,1,True,16,8,True,14,8,True,15,6,True,2,4,True,"{""normalized_species_exact"": 27}",CCUG 63282; CCUG 46081; CCUG 42208; CCUG 37894; CCUG 35690; CCUG 34429; CCUG 26943; CCUG 26684; CCUG 26076; CCUG 19136; CCUG 9567; NCTC 9774; CIP 52.55; CIP 106204; CIP 67.63; CIP 106470; CIP 106347; CIP 106346; CIP 104223; ATCC 25931,"47, M200; 545/78; CNRSS 99 9901; CNRSS 99 9842; 1120-66; St9; Descamps; CNRSS 99 9844; Cabrera; 46; I virulent",MEDIUM 72- for trypto casein soja agar; CIP Medium 72; MEDIUM 3 - Columbia agar; CIP Medium 3; CIP Medium 6,"Human blood; Human feces,diarrhoea; Human; Human feces; Human feces,30-yr-old man"
taxon:35703|organism:citrobacter amalonaticus,2,target_bacteria,taxon_organism,citrobacter amalonaticus,Citrobacter amalonaticus,bacdive_species_exact_name_match,validated_species_exact_name,not_candidate_row,2,0,30,15,15,29,True,1,True,6,7,True,12,11,True,11,5,True,1,3,True,"{""normalized_species_exact"": 15}",CRBIP19.236; CCUG 29878; CCUG 29876; CCUG 29875; CCUG 29874; CCUG 29873; CCUG 29870; CCUG 29869; CCUG 29868; CCUG 26551; CIP 106468; ATCC 25406; NCTC 10806; CIP 105011; CIP 104932; DSM 17342; CCUG 4860; CECT 863; DSM 4593; ATCC 25405,UPEC_105.165.0411; 9542; 3314-73; 1444-80; G,Luria-Bertani Medium; CIP Medium 368; MEDIUM 3 - Columbia agar; CIP Medium 3; CASO AGAR (MERCK 105458) (DSMZ Medium 220),"Human ear,otitis externa; Human cerebrospinal fluid,meningitis; Human stool; Human stool,gastroenteritis; Hospital environment"
taxon:545|organism:citrobacter koseri (citrobacter diversus),2,target_bacteria,taxon_organism,citrobacter koseri,Citrobacter koseri (Citrobacter diversus),bacdive_species_exact_name_match,validated_species_exact_name,not_candidate_row,2,0,68,34,34,66,True,1,True,13,10,True,29,18,True,28,6,True,3,3,True,"{""normalized_species_exact"": 34}",CCUG 55990; CCUG 55438; CCUG 44448; CCUG 35708; CCUG 33803; CCUG 29881; CCUG 29880; CCUG 26653; CCUG 25452; CCUG 21861; CCUG 17211; CCUG 6741; CCUG 6640; CCUG 6639; CCUG 6597; CCUG 6266; CCUG 5885; CCUG 5847 A; CCUG 5071; CCUG 4427,8127-86; Riehli; Cd4; 32; 1381-70; 9910; 3613-63,MEDIUM 3 - Columbia agar; CIP Medium 3; MEDIUM 72- for trypto casein soja agar; CIP Medium 72; MEDIUM 29- Brain heart agar,"Human sputum,38-yr-old man,cystic fibrosis; Human sputum,37-yr-old man; Human wound,80-yr-old man; Human blood; Human"
taxon:546|organism:citrobacter freundii,22,target_bacteria,taxon_organism,citrobacter freundii,Citrobacter freundii,bacdive_species_exact_name_match,validated_species_exact_name,not_candidate_row,2,0,178,89,89,119,True,1,True,19,11,True,50,40,True,52,10,True,3,8,True,"{""normalized_species_exact"": 89}",STI10788; SF002749; SF002740; DSM 118500; DSM 118267; DSM 117908; DSM 117906; DSM 117645; DSM 117613; DSM 117612; CRBIP17.45; JCM 2649; JCM 2648; JCM 2647; JCM 2646; JCM 2645; JCM 2644; JCM 2643; JCM 2642; JCM 2641,"IMET 10788; 10788; FSU-2740; TX 5622; 4734; 2167; 1485; TRS1-B4; 2055, TX 2055; 2053, TX 2053; CIMB 05-2142; BWKH 142; 621-64; 1024; B, strain B; LRA 117.03.76; B080",TRYPTICASE SOY YEAST EXTRACT MEDIUM (DSMZ Medium 92); COLUMBIA BLOOD MEDIUM (DSMZ Medium 693); CIP Medium 72; LB (Luria-Bertani) MEDIUM (DSMZ Medium 381); Tryptic Soy Agar (TSA),"human; Swab, human; Swab, ileum (human); Aurelia aurita medusa Baltic Sea; swab, rectum"
taxon:1402|organism:bacillus licheniformis,13,target_bacteria,taxon_organism,bacillus licheniformis,Bacillus licheniformis,bacdive_species_exact_name_match,validated_species_exact_name,not_candidate_row,4,0,242,121,121,194,True,1,True,78,9,True,101,67,True,98,14,True,17,25,True,"{""normalized_species_exact"": 121}",CCUG 44512; CCUG 43512 A; CCUG 43486; CCUG 43412; CCUG 43411; CCUG 43410; CCUG 43409; CCUG 43407; CCUG 43406; CCUG 43405; CCUG 43404; CCUG 42605; CCUG 42256; CCUG 41881; CCUG 41786; CCUG 41471; CCUG 41470; CCUG 41412; CCUG 41410; CCUG 39222,"1265, 601; 681.86; 897.85; 202-86; 201-86; 662.85; 380-86; KG9; BS 3; 506.86; 379-86; 2151; 666.81; 6.87; 10.87; 719.86; 665.81, BS3; 664.81, As-16-3; Stev55; P-11",MEDIUM 3 - Columbia agar; CIP Medium 3; CIP Medium 72; MEDIUM 72- for trypto casein soja agar; CASO AGAR (MERCK 105458) (DSMZ Medium 220),"Industry; Food; Water; Human blood; Laminar flow cabinet,contaminant"
taxon:562|organism:escherichia coli,81,target_bacteria,taxon_organism,escherichia coli,Escherichia coli,bacdive_species_exact_name_match,validated_species_exact_name,not_candidate_row,4,0,400,200,200,423,True,0,False,83,19,True,10,13,True,4,3,True,18,53,True,"{""normalized_species_exact"": 200}",DSM 6215; ATCC 37371; DSM 6214; ATCC 39531; DSM 6213; ATCC 41036; DSM 6212; ATCC 37375; DSM 6202; ATCC 37032; DSM 6201; ATCC 35673; DSM 6197; ATCC 47019; DSM 6196; ATCC 47018; DSM 6189; ATCC 37064; CCRC 41300; DSM 6188,"pfdB2; K12 MC1000, MC1000; pHB-1; pfdA2; pSC101; K12 HB101 DB6507, DB6507, FD 27747, HB101 DB6507; K12 Q359, Q359; K12 Q358, Q358; YIP33; DP50; YEp24; YIp5; pSP65; K12 TG1, TG1; pBluescribe M13-, PC-V3046; PC-V3138, pYAC3; PC-V3058, pGEM-3Zf(-); PC-V3057, pGEM-3Zf(+); pBluescribe M13+, PC-V3045; pBGS8, PC-V3012",LB (Luria-Bertani) MEDIUM (DSMZ Medium 381); NUTRIENT AGAR (DSMZ Medium 1); Mineral medium M9 for E. coli JM strains (DSMZ Medium 382); MEDIUM 72- for trypto casein soja agar; CIP Medium 72,"Canine; Animal, Canine; food; freshwater (river, lake, pond); faeces"
taxon:573|organism:klebsiella pneumoniae,53,target_bacteria,taxon_organism,klebsiella pneumoniae,Klebsiella pneumoniae,bacdive_species_exact_name_match,validated_species_exact_name,not_candidate_row,4,0,400,200,200,356,True,3,True,133,11,True,126,90,True,118,22,True,24,58,True,"{""base_binomial_match_or_subspecies"": 34, ""normalized_species_exact"": 166}",CCUG 59360; CCUG 59359; CCUG 59358; CCUG 59350; CCUG 59349; CCUG 59348; CCUG 58547; CCUG 58546; CCUG 58545; CCUG 56233; CCUG 55505; CCUG 54718; CCUG 52846; CCUG 52804; CCUG 49243; CCUG 48848; CCUG 48035; CCUG 46734; CCUG 45105; CCUG 45102,"O45, E5051; KC100; 75; TP 01; CF 1304; 2918381; Innsbruck A-1; 531-79; 511-79; Korski; LRA 003 09 73; 1056; NB 37; chalazion; 2005/49; B 5055; 45956; HM08G; SLK 54; MCQ-122",MEDIUM 3 - Columbia agar; CIP Medium 3; CIP Medium 72; MEDIUM 72- for trypto casein soja agar; NUTRIENT AGAR (DSMZ Medium 1),"Human clinical isolate; Human pus,catheter; Human wound; Human expectorate; Human,screening"
taxon:196620|organism:staphylococcus aureus (strain mw2),330,target_bacteria,taxon_organism,staphylococcus aureus,Staphylococcus aureus (strain MW2),bacdive_species_exact_name_match,validated_species_exact_name,not_candidate_row,4,0,400,200,198,443,True,1,True,147,13,True,125,110,True,112,17,True,41,283,True,"{""base_binomial_match_or_subspecies"": 4, ""normalized_species_exact"": 196}",CIP 81.81; ATCC 12599; NCTC 8531; CCUG 1799; CIP 103811; CIP 103568; ATCC 49476; CIP 107397; CIP 67.7; CIP 65.24; CIP 65.23; CIP 65.12; ATCC 12603; NCTC 6134; CIP 65.10; ATCC 12601; NCTC 6131; CCUG 1801; CIP 65.9; NCTC 6130,"UAA 303, 6615; B17266; A20212-47; 196E; 60-599; MS 69; MS 174; 133; 131N; BM10431, 92.037; N315; BM3327; T2_T7B 2); STH00438; STH00437; STH00435; STI11389(IMET), SA159; STH00432; STH00433; STH00439",MEDIUM 3 - Columbia agar; CIP Medium 3; CIP Medium 72; MEDIUM 72- for trypto casein soja agar; COLUMBIA BLOOD MEDIUM (DSMZ Medium 693),"Human blood,osteomyelitis; Human, Blood; Human, Throat; Human, Unknown source; Human, Skin"
proteome:UP000000530,332,target_bacteria,proteome,staphylococcus aureus,Staphylococcus aureus (strain COL),bacdive_species_exact_name_match,validated_species_exact_name,not_candidate_row,6,0,400,200,198,443,True,1,True,147,13,True,125,110,True,112,17,True,41,283,True,"{""base_binomial_match_or_subspecies"": 4, ""normalized_species_exact"": 196}",CIP 81.81; ATCC 12599; NCTC 8531; CCUG 1799; CIP 103811; CIP 103568; ATCC 49476; CIP 107397; CIP 67.7; CIP 65.24; CIP 65.23; CIP 65.12; ATCC 12603; NCTC 6134; CIP 65.10; ATCC 12601; NCTC 6131; CCUG 1801; CIP 65.9; NCTC 6130,"UAA 303, 6615; B17266; A20212-47; 196E; 60-599; MS 69; MS 174; 133; 131N; BM10431, 92.037; N315; BM3327; T2_T7B 2); STH00438; STH00437; STH00435; STI11389(IMET), SA159; STH00432; STH00433; STH00439",MEDIUM 3 - Columbia agar; CIP Medium 3; CIP Medium 72; MEDIUM 72- for trypto casein soja agar; COLUMBIA BLOOD MEDIUM (DSMZ Medium 693),"Human blood,osteomyelitis; Human, Blood; Human, Throat; Human, Unknown source; Human, Skin"
taxon:282459|organism:staphylococcus aureus (strain mssa476),333,target_bacteria,taxon_organism,staphylococcus aureus,Staphylococcus aureus (strain MSSA476),bacdive_species_exact_name_match,validated_species_exact_name,not_candidate_row,4,0,400,200,198,443,True,1,True,147,13,True,125,110,True,112,17,True,41,283,True,"{""base_binomial_match_or_subspecies"": 4, ""normalized_species_exact"": 196}",CIP 81.81; ATCC 12599; NCTC 8531; CCUG 1799; CIP 103811; CIP 103568; ATCC 49476; CIP 107397; CIP 67.7; CIP 65.24; CIP 65.23; CIP 65.12; ATCC 12603; NCTC 6134; CIP 65.10; ATCC 12601; NCTC 6131; CCUG 1801; CIP 65.9; NCTC 6130,"UAA 303, 6615; B17266; A20212-47; 196E; 60-599; MS 69; MS 174; 133; 131N; BM10431, 92.037; N315; BM3327; T2_T7B 2); STH00438; STH00437; STH00435; STI11389(IMET), SA159; STH00432; STH00433; STH00439",MEDIUM 3 - Columbia agar; CIP Medium 3; CIP Medium 72; MEDIUM 72- for trypto casein soja agar; COLUMBIA BLOOD MEDIUM (DSMZ Medium 693),"Human blood,osteomyelitis; Human, Blood; Human, Throat; Human, Unknown source; Human, Skin"
proteome:UP000000596,330,target_bacteria,proteome,staphylococcus aureus,Staphylococcus aureus (strain MRSA252),bacdive_species_exact_name_match,validated_species_exact_name,not_candidate_row,6,0,400,200,198,443,True,1,True,147,13,True,125,110,True,112,17,True,41,283,True,"{""base_binomial_match_or_subspecies"": 4, ""normalized_species_exact"": 196}",CIP 81.81; ATCC 12599; NCTC 8531; CCUG 1799; CIP 103811; CIP 103568; ATCC 49476; CIP 107397; CIP 67.7; CIP 65.24; CIP 65.23; CIP 65.12; ATCC 12603; NCTC 6134; CIP 65.10; ATCC 12601; NCTC 6131; CCUG 1801; CIP 65.9; NCTC 6130,"UAA 303, 6615; B17266; A20212-47; 196E; 60-599; MS 69; MS 174; 133; 131N; BM10431, 92.037; N315; BM3327; T2_T7B 2); STH00438; STH00437; STH00435; STI11389(IMET), SA159; STH00432; STH00433; STH00439",MEDIUM 3 - Columbia agar; CIP Medium 3; CIP Medium 72; MEDIUM 72- for trypto casein soja agar; COLUMBIA BLOOD MEDIUM (DSMZ Medium 693),"Human blood,osteomyelitis; Human, Blood; Human, Throat; Human, Unknown source; Human, Skin"
proteome:UP000889800,194,target_bacteria,proteome,synechococcus elongatus,Synechococcus elongatus (strain ATCC 33912 / PCC 7942 / FACHB-805) (Anacystis nidulans R2),bacdive_species_exact_name_match,validated_species_exact_name,not_candidate_row,5,0,4,2,2,5,True,0,False,2,1,True,2,1,True,2,1,True,0,0,False,"{""normalized_species_exact"": 2}",DSM 121090; PCC 7942–KU (DSM 115314); DSM 115314 ax; DSM 115314; PCC 7942–KU,"Anacystis nidulans R2, Synechococcus elongatus PCC 7942–AMC06",Cyanobacteria Medium BG11+ (TES buffered) (DSMZ Medium 1593a),Freshwater
proteome:UP000000364,140,target_bacteria,proteome,lactococcus lactis,Lactococcus lactis subsp. cremoris (strain MG1363),bacdive_species_exact_name_match,validated_species_exact_name,not_candidate_row,4,0,106,53,53,122,True,2,True,24,11,True,33,35,True,26,8,True,8,27,True,"{""base_binomial_match_or_subspecies"": 10, ""normalized_species_exact"": 43}",DSM 117780; DSM 110082; JCM 20399; IAM 12092; JCM 20128; ATU L-17; IAM 1249; JCM 20101; ATU L-31; IAM 1198; JCM 18008; FERM AP-21288; JCM 12650; DSM 111870; DSM 111869; DSM 111868; DSM 111832; DSM 27303; CCUG 61221; CCUG 60423,"A537/21; CLA-AV-14; SB 261; SB 150; SB 352; SB 17; SV21; 129.86; J4 Alger; J4 conserves; H 214, N35; N34, RICE; E9; Berridge X 13; 2; OJ, N30; 5; 54296; 117; Lactose/Citrate plasmid, W932",LB (Luria-Bertani) MEDIUM (DSMZ Medium 381); COLUMBIA BLOOD MEDIUM (DSMZ Medium 693); BHI MEDIUM (DSMZ Medium 215); MRS MEDIUM (DSMZ Medium 11); TRYPTICASE SOY YEAST EXTRACT MEDIUM (DSMZ Medium 92),"milk; caecal content; female, wild mouse; Milk; kefir grains; Formaggella raw milk cheese"
proteome:UP000002196,231,target_bacteria,proteome,lactococcus lactis,Lactococcus lactis subsp. lactis (strain IL1403) (Streptococcus lactis),bacdive_species_exact_name_match,validated_species_exact_name,not_candidate_row,4,0,106,53,53,122,True,2,True,24,11,True,33,35,True,26,8,True,8,27,True,"{""base_binomial_match_or_subspecies"": 10, ""normalized_species_exact"": 43}",DSM 117780; DSM 110082; JCM 20399; IAM 12092; JCM 20128; ATU L-17; IAM 1249; JCM 20101; ATU L-31; IAM 1198; JCM 18008; FERM AP-21288; JCM 12650; DSM 111870; DSM 111869; DSM 111868; DSM 111832; DSM 27303; CCUG 61221; CCUG 60423,"A537/21; CLA-AV-14; SB 261; SB 150; SB 352; SB 17; SV21; 129.86; J4 Alger; J4 conserves; H 214, N35; N34, RICE; E9; Berridge X 13; 2; OJ, N30; 5; 54296; 117; Lactose/Citrate plasmid, W932",LB (Luria-Bertani) MEDIUM (DSMZ Medium 381); COLUMBIA BLOOD MEDIUM (DSMZ Medium 693); BHI MEDIUM (DSMZ Medium 215); MRS MEDIUM (DSMZ Medium 11); TRYPTICASE SOY YEAST EXTRACT MEDIUM (DSMZ Medium 92),"milk; caecal content; female, wild mouse; Milk; kefir grains; Formaggella raw milk cheese"
taxon:83558|organism:chlamydia pneumoniae (chlamydophila pneumoniae),105,target_bacteria,taxon_organism,chlamydia pneumoniae,Chlamydia pneumoniae (Chlamydophila pneumoniae),bacdive_species_exact_name_match,validated_species_exact_name,not_candidate_row,2,0,2,1,1,2,True,1,True,1,1,True,1,1,True,1,1,True,0,0,False,"{""normalized_species_exact"": 1}",DSM 19748; ATCC VR-2282,TWAR-183,CULTIVATION MEDIUM FOR CHLAMYDIAE (DSMZ Medium 1193),conjunctiva of a child
taxon:269800|organism:thermobifida fusca (strain yx),125,target_bacteria,taxon_organism,thermobifida fusca,Thermobifida fusca (strain YX),bacdive_species_exact_name_match,validated_species_exact_name,not_candidate_row,2,0,10,5,5,23,True,1,True,5,13,True,4,4,True,3,2,True,1,2,True,"{""normalized_species_exact"": 5}",DSM 44342; DSM 44341; DSM 43793; DSM 43792; ATCC 27730; CUB 1000; IFO 14071; JCM 3263; NBRC 14071; NCIB 11185; BCRC 12532; CECT 3320; CIP 105594; HAMBI 1548; HAMBI 483; IMSNU 22189; KCTC 9052; MTCC 1754; NCIMB 11185; NRRL B-8184,"ID 3636, k7a-3; ID 3877, k13g; 190 Th, T-322, 190Th, A-0263; T-332","CZAPEK PEPTONE AGAR (DSMZ Medium 83); TRYPTICASE SOY BROTH AGAR (DSMZ Medium 535); GYM STREPTOMYCES MEDIUM (DSMZ Medium 65); CYC-MEDIUM (modified following Cross and Attwell,1973) (DSMZ Medium 550); ISP 2","compost from green waste; mushroom compost; soil; Environment, Soil"
taxon:59405|organism:thauera aromatica,28,target_bacteria,taxon_organism,thauera aromatica,Thauera aromatica,bacdive_species_exact_name_match,validated_species_exact_name,not_candidate_row,2,0,10,5,5,6,True,1,True,5,3,True,4,3,True,5,1,True,4,4,True,"{""normalized_species_exact"": 5}",DSM 14805; DSM 14794; DSM 14793; DSM 11528; DSM 6984; CIP 107765,SP; LG356; S100; AR-1; K172,R2A MEDIUM (DSMZ Medium 830); THAUERA AROMATICA MEDIUM (DSMZ Medium 586); THAUERA AROMATICA MEDIUM (ANAEROB) (DSMZ Medium 855),"anaerobic sewage sludge; activated sludge, sewage plant; sewage sludge"
taxon:258594|organism:rhodopseudomonas palustris (strain atcc baa-98 / cga009),220,target_bacteria,taxon_organism,rhodopseudomonas palustris,Rhodopseudomonas palustris (strain ATCC BAA-98 / CGA009),bacdive_species_exact_name_match,validated_species_exact_name,not_candidate_row,3,0,14,7,5,20,True,1,True,5,4,True,4,6,True,2,2,True,2,3,True,"{""normalized_species_exact"": 7}",DSM 126; Pfennig 1850; ATCC 17001; BCRC 16408; CIP 103513; ATCC 11168; NCIMB 8288; NCIMB 8252; ATH 2.1.6.; DSM 8283; ATCC 33872; DSM 5869; JCM 2524; CGMCC 1.2180; IFO 16661; NBRC 16661; CIP 103836; DSM 131; DSM 127; Pfennig 7850,"1850; Pa16, 2.1.6, ATH 2.1.6; SF000717; SF000326; R1; Klemme S1, S-1; 7850",RHODOSPIRILLACEAE MEDIUM (modified) (DSMZ Medium 27); CIP Medium 69; R 8 A H MEDIUM (DSMZ Medium 651); MEDIUM 69 - for Rhodopseudomonas palustris,"polluted pond; soil, rice field; Soil in rice field; Environment, Soil, rice field; garden pond"
taxon:1396|organism:bacillus cereus,14,target_bacteria,taxon_organism,bacillus cereus,Bacillus cereus,bacdive_species_exact_name_match,validated_species_exact_name,not_candidate_row,4,0,400,200,198,324,True,1,True,74,15,True,121,76,True,129,22,True,18,33,True,"{""normalized_species_exact"": 200}",CCUG 36593; CCUG 32532; CCUG 32457; CCUG 31769; CCUG 31713; CCUG 31711; CCUG 31159; CCUG 30772; CCUG 30641; CCUG 30606; CCUG 30532; CCUG 30471; CCUG 29136; CCUG 28208; CCUG 27591; CCUG 27322; CCUG 27240; CCUG 27237; CCUG 27232; CCUG 27175,F 837/76; EC1; 693.86; 724; 124-74; 586.86; 550.86; K250 TR; 210; 932.85; 992.85; D33_2; D33_1; D9_2; D9_1; 17-NRDAF21; T-a3; T3_1; FH 3502/72; SF002760,COLUMBIA BLOOD MEDIUM (DSMZ Medium 693); CASO AGAR (MERCK 105458) (DSMZ Medium 220); CIP Medium 72; CIP Medium 20; NUTRIENT AGAR (DSMZ Medium 1),"Human blood; Cellulose fibre,industrial rayon; Human blood,45-yr-old woman; Industrial product; Human blood,77-yr-old man"
proteome:UP000000554,193,target_archaea,proteome,halobacterium salinarum,Halobacterium salinarum (strain ATCC 700922 / JCM 11081 / NRC-1) (Halobacterium halobium),bacdive_species_exact_name_match,validated_species_exact_name,not_candidate_row,7,0,34,16,16,54,True,1,True,7,4,True,7,11,True,4,3,True,4,6,True,"{""normalized_species_exact"": 14, ""validated_bacdive_id_from_closure"": 2}",JCM 11081; ATCC 700922; NCCB 33035; JCM 9121; CCM 2084; JCM 9120; CCM 2090; JCM 9119; CCM 2088; JCM 9118; CCM 2148; JCM 20370; IAM 12046; JCM 10927; BCC 24372; JCM 14661; PCU 302; DSM 21899; MUT mut326; MUT 326,"NCIB 8720; HPC1-2; GRB-mut326-P577; DS21, GRB; 91-R6; R1; 63-R2; 1",HALOBACTERIA MEDIUM (DSMZ Medium 372); HALOBACTERIUM MEDIUM (DSMZ Medium 97); CIP Medium 330; CIP Medium 204,Salted codfish; Oyon Mousa; salt fermented fish; Salt-fermented fish product (pla-ra) of Thailand; saltern crystallizer pond
proteome:UP000001939,237,target_bacteria,proteome,staphylococcus aureus,Staphylococcus aureus (strain USA300),bacdive_species_exact_name_match,validated_species_exact_name,not_candidate_row,6,0,400,200,198,443,True,1,True,147,13,True,125,110,True,112,17,True,41,283,True,"{""base_binomial_match_or_subspecies"": 4, ""normalized_species_exact"": 196}",CIP 81.81; ATCC 12599; NCTC 8531; CCUG 1799; CIP 103811; CIP 103568; ATCC 49476; CIP 107397; CIP 67.7; CIP 65.24; CIP 65.23; CIP 65.12; ATCC 12603; NCTC 6134; CIP 65.10; ATCC 12601; NCTC 6131; CCUG 1801; CIP 65.9; NCTC 6130,"UAA 303, 6615; B17266; A20212-47; 196E; 60-599; MS 69; MS 174; 133; 131N; BM10431, 92.037; N315; BM3327; T2_T7B 2); STH00438; STH00437; STH00435; STI11389(IMET), SA159; STH00432; STH00433; STH00439",MEDIUM 3 - Columbia agar; CIP Medium 3; CIP Medium 72; MEDIUM 72- for trypto casein soja agar; COLUMBIA BLOOD MEDIUM (DSMZ Medium 693),"Human blood,osteomyelitis; Human, Blood; Human, Throat; Human, Unknown source; Human, Skin"
proteome:UP000000543,238,target_bacteria,proteome,staphylococcus haemolyticus,Staphylococcus haemolyticus (strain JCSC1435),bacdive_species_exact_name_match,validated_species_exact_name,not_candidate_row,4,0,104,52,52,75,True,1,True,29,10,True,51,41,True,48,8,True,2,6,True,"{""normalized_species_exact"": 52}",DSM 117905; DSM 112011; CIP 111689; CIP 111686; Epi 47.23; CRBIP21.55; CRBIP21.54; CRBIP21.53; CRBIP21.50; CRBIP21.49; CRBIP21.48; CRBIP21.47; CRBIP21.4; CRBIP21.22; DSM 110312; DSM 105514; CCUG 60680; CCUG 58045 A; CCUG 58043 B; CCUG 58042 B,507; SB-215c; 1934469426; 1833890431; BM9412; BM9399; BM9369; BM9428; BM9417; BM9368; BM9364; BM9803; BM12923; T_T1; T8b-T30; T1_13; HEGP 46063; 1017; K2-9; ES2-AirT1-1,TRYPTICASE SOY YEAST EXTRACT MEDIUM (DSMZ Medium 92); COLUMBIA BLOOD MEDIUM (DSMZ Medium 693); CIP Medium 6; Columbia Agar with 5% Horse Blood; CIP Medium 72,"Urine, human; milk kefir; Human, Cutaneous peripheral blood culture; Human, Blood; Human, Urine"
taxon:29449|organism:rhizobium etli,5,target_bacteria,taxon_organism,rhizobium etli,Rhizobium etli,bacdive_species_exact_name_match,validated_species_exact_name,not_candidate_row,2,0,4,2,2,12,True,1,True,2,6,True,2,4,True,2,1,True,1,1,True,"{""normalized_species_exact"": 2}",CIP 106475; MIM 2; DSM 11541; ATCC 51251; CFN 42; JCM 21823; CIP 104814; HAMBI 1727; IAM 15379; IFO 15573; LMG 17827; NBRC 15573,,"MEDIUM 304 - for Allorhizobium undicola; CIP Medium 296; RHIZOBIUM MEDIUM (DSMZ Medium 98); MEDIUM 1 - for Acetobacter, Azotobacter, Gluconobacter, Gluconacetobacter, Mesorhizodium ciceri and Pseudomonas doudoroffii; CIP Medium 1","Plant, Nitrogen fixing root nodules; beans, <I>Phaseolus vulgaris</I>; Root nodule of <I>Phaseolus vulgaris</I>; Guanajuato"
taxon:1352|organism:enterococcus faecium (streptococcus faecium),18,target_bacteria,taxon_organism,enterococcus faecium,Enterococcus faecium (Streptococcus faecium),bacdive_species_exact_name_match,validated_species_exact_name,not_candidate_row,4,0,400,200,199,275,True,1,True,88,14,True,178,114,True,138,18,True,12,20,True,"{""normalized_species_exact"": 200}",DSM 115738; CIP 111861; CIP 111811; CIP 111739; CIP 111132; CRBIP22.88; CRBIP22.87; CRBIP22.51; CRBIP22.50; CRBIP22.49; CRBIP22.48; CRBIP22.47; CRBIP22.46; CRBIP22.45; CRBIP22.44; CRBIP22.43; CRBIP22.42; CRBIP22.41; CRBIP22.40; CRBIP22.39,"TX 2494; 18-835; L3; BM4145; BM4107; 459 (0 162); 453 (0 164); 454, 0119; 451, 0125; 450, 9800; 449, 9634; 382, 8500; 381, 8494; 380, 8395; 372, 8336; 370, 8098; 365, 8136; 360, 7952; 359, 7895; 344, 7274",COLUMBIA BLOOD MEDIUM (DSMZ Medium 693); TRYPTICASE SOY YEAST EXTRACT MEDIUM (DSMZ Medium 92); CIP Medium 72; CIP Medium 29; Trypticase Soy Agar,"rectum swab (human); Human, Blood; Food, Fermented milk; Urine sample; Animal, Pigeon"
taxon:273036|organism:staphylococcus aureus (strain bovine rf122 / et3-1),243,target_bacteria,taxon_organism,staphylococcus aureus,Staphylococcus aureus (strain bovine RF122 / ET3-1),bacdive_species_exact_name_match,validated_species_exact_name,not_candidate_row,4,0,400,200,198,443,True,1,True,147,13,True,125,110,True,112,17,True,41,283,True,"{""base_binomial_match_or_subspecies"": 4, ""normalized_species_exact"": 196}",CIP 81.81; ATCC 12599; NCTC 8531; CCUG 1799; CIP 103811; CIP 103568; ATCC 49476; CIP 107397; CIP 67.7; CIP 65.24; CIP 65.23; CIP 65.12; ATCC 12603; NCTC 6134; CIP 65.10; ATCC 12601; NCTC 6131; CCUG 1801; CIP 65.9; NCTC 6130,"UAA 303, 6615; B17266; A20212-47; 196E; 60-599; MS 69; MS 174; 133; 131N; BM10431, 92.037; N315; BM3327; T2_T7B 2); STH00438; STH00437; STH00435; STI11389(IMET), SA159; STH00432; STH00433; STH00439",MEDIUM 3 - Columbia agar; CIP Medium 3; CIP Medium 72; MEDIUM 72- for trypto casein soja agar; COLUMBIA BLOOD MEDIUM (DSMZ Medium 693),"Human blood,osteomyelitis; Human, Blood; Human, Throat; Human, Unknown source; Human, Skin"
taxon:1247|organism:oenococcus oeni (leuconostoc oenos),3,target_bacteria,taxon_organism,oenococcus oeni,Oenococcus oeni (Leuconostoc oenos),bacdive_species_exact_name_match,validated_species_exact_name,not_candidate_row,2,0,10,5,5,26,True,1,True,5,7,True,4,3,True,1,1,True,1,2,True,"{""normalized_species_exact"": 5}",CRBIP24.201; CIP 105837; NCIMB 701707; NCDO 1707; ATCC 23277; DSM 20257; NCDO 1696; DSM 20255; NCDO 1709; DSM 20252; ATCC 23279; NCDO 1674; JCM 6125; BCRC 14062; CCUG 30067; CCUG 30199; CCUG 32250; CECT 217; CIP 106144; KCTC 3072,"45b; 1, 6, St. Caprais; Baudry 1","De Man, Rogosa and Sharpe Agar; Trypticase Soy Agar; CIP Medium 40; MEDIUM 292 - for Oenococcus oeni; CIP Medium 292","Food, Wine; wine; Wine"
taxon:1599|organism:latilactobacillus sakei (lactobacillus sakei),6,target_bacteria,taxon_organism,latilactobacillus sakei,Latilactobacillus sakei (Lactobacillus sakei),bacdive_species_exact_name_match,validated_species_exact_name,not_candidate_row,2,0,46,23,23,49,True,1,True,8,3,True,20,18,True,21,5,True,4,6,True,"{""base_binomial_match_or_subspecies"": 2, ""validated_bacdive_id_from_closure"": 21}",CCUG 60816 A; CCUG 60736; CCUG 56569; CCUG 54388; CCUG 49612; CCUG 48671; CCUG 48611; CCUG 48119; CCUG 42687; CCUG 41581; CCUG 34545; JCM 12491; CCUG 41580; CECT 5964; CIP 109872; DSM 15740; LMG 18295; CCUG 32584; CCUG 32077; CCUG 31330,160x1; 23K; 18; 156; R60; R 14b/a,CIP Medium 40; MEDIUM 40- for Lactobacillus and Leuconostoc; MRS MEDIUM (DSMZ Medium 11),"Meat; Human blood,63-yr-old woman,leukaemia; Human blood; Human blood,74-yr-old woman,pneumoniae ?,smoker; Human blood,81-yr-old man"
proteome:UP000000818,198,target_bacteria,proteome,clostridium perfringens,Clostridium perfringens (strain 13 / Type A),bacdive_species_exact_name_match,validated_species_exact_name,not_candidate_row,6,0,210,105,105,178,True,1,True,62,10,True,91,64,True,84,9,True,16,22,True,"{""normalized_species_exact"": 105}",CCUG 59984; CCUG 57575; CCUG 55613; CCUG 47895; CCUG 47829; CCUG 45870; CCUG 43593; CCUG 43122; CCUG 42684; CCUG 42642; CCUG 42581 B; CCUG 42581 A; CCUG 41642; CCUG 39490; CCUG 39212; CCUG 39042; CCUG 38829; CCUG 37991; CCUG 37568; CCUG 37480,281/50; 4702000; 106; 146; 138; 124; 108; 101; 100; CWC238; 2001038; 2001036; 117; 72.2000; 4692000; 3162000; 170; 3222000; 169; 48899,MEDIUM 20 - for Anaerobic bacteria; CIP Medium 20; MEDIUM 6 - Columbia agar with 10 % horse blood; CIP Medium 6; FASTIDIOUS ANAEROBE BROTH (DSMZ Medium 1203a),"Human wound,98-yr-old woman; Human blood,93-yr-old man; Human blood,87-yr-old woman; Broiler gallbladder,healthy animal; Human,81-yr-old woman"
taxon:1588|organism:lentilactobacillus hilgardii (lactobacillus hilgardii),3,target_bacteria,taxon_organism,lentilactobacillus hilgardii,Lentilactobacillus hilgardii (Lactobacillus hilgardii),bacdive_species_exact_name_match,validated_species_exact_name,not_candidate_row,2,0,20,10,10,32,True,1,True,7,5,True,9,7,True,0,0,False,1,3,True,"{""normalized_species_exact"": 9, ""validated_bacdive_id_from_closure"": 1}",CRBIP24.9; CRBIP24.33; CRBIP24.20; CRBIP24.13; CRBIP24.10; Cuc 3; JCM 8620; JCM 7762; CCUG 42282; NRRL B-1139; ATCC 13133; LMG 11450; DSM 20176; ATCC 8290; NCDO 264; NCIB 8040; CCUG 30140; LMG 6895; JCM 1155; BCRC 12937,R10JA; 9,"De Man, Rogosa and Sharpe Agar; Trypticase Soy Agar; CIP Medium 40; MRS MEDIUM (DSMZ Medium 11); MEDIUM 40- for Lactobacillus and Leuconostoc","Food, Wine; Fermented cane molasses; Adult; Sugar beet factory; wine"
proteome:UP000001976,377,target_bacteria,proteome,rhizobium meliloti,Rhizobium meliloti (strain 1021) (Ensifer meliloti) (Sinorhizobium meliloti),bacdive_species_taxid_or_synonym_match,validated_species_taxid_or_synonym,not_candidate_row,4,0,26,13,13,38,True,2,True,10,6,True,6,4,True,6,5,True,4,6,True,"{""validated_bacdive_id_from_closure"": 1, ""validated_bacdive_species_exact"": 12}",JCM 20363; IAM 12035; CIP 108026; CCBAU 71714; AS 1.3046; DSM 23809; DSM 23808; DSM 23914; DSM 23913; DSM 30136; ATCC 10310; DSM 30135; ATCC 9930; CCUG 27879; LMG 6133; JCM 20682; CFBP 5561; HAMBI 2148; IAM 12611; ICMP 12623,"BO21CC; AK58; BL225C; AK83; 3D0d4; 3D0a2; 101 (USDA 477), 3DOa5, Fred 101; Alfalfa 100; 41AK631, pRme41a to pRme41c; MVII/1, pRme-MVII/1a to pRme-MVII/1g","MEDIUM 57 - for Streptomyces, Nocardioides, Lentzea albidocapillata and Streptoverticillium reticulum; CIP Medium 57; NUTRIENT AGAR (DSMZ Medium 1); RHIZOBIUM MEDIUM (DSMZ Medium 98); MEDIUM 296 - for Rhizobium",Kummerowia stipulacea; root nodules of <i>Medicago sativa</i>; root nodules of <i>Medicago falcata</i>; Medicago sativa
taxon:1063|organism:cereibacter sphaeroides (rhodobacter sphaeroides),36,target_bacteria,taxon_organism,cereibacter sphaeroides,Cereibacter sphaeroides (Rhodobacter sphaeroides),bacdive_species_exact_name_match,validated_species_exact_name,not_candidate_row,2,0,20,10,9,31,True,1,True,7,5,True,3,3,True,4,4,True,1,2,True,"{""normalized_species_exact"": 7, ""validated_bacdive_id_from_closure"": 3}",CIP 60.7; CCUG 31485; ATCC 21286; LMG 2823; DSM 9484; DSM 9483; DSM 8371; DSM 160; DSM 159; Pfennig 1760-1; DSM 158; ATCC 17023; IAM 14237; NCIB 8253; CCUG 31486; ATCC 11167; LMG 2827; ATCC 14690; CIP 60.6; ATH 2.4.1,"2; VEN A; Meski; Si 4; France-y; 1760-1; R-26, R26",RHODOSPIRILLACEAE MEDIUM (modified) (DSMZ Medium 27); MEDIUM 3 - Columbia agar; CIP Medium 13; CIP Medium 72; CIP Medium 3,small river; small river (Qued ziz); pond water
taxon:1496|organism:clostridioides difficile (peptoclostridium difficile),21,target_bacteria,taxon_organism,clostridioides difficile,Clostridioides difficile (Peptoclostridium difficile),bacdive_species_exact_name_match,validated_species_exact_name,not_candidate_row,2,0,166,83,83,119,True,1,True,28,14,True,50,36,True,50,7,True,19,40,True,"{""normalized_species_exact"": 82, ""validated_bacdive_id_from_closure"": 1}",DSM 102860; DSM 102859; JCM 5258; JCM 5257; JCM 5256; JCM 5254; JCM 5253; JCM 5252; JCM 5251; JCM 5250; JCM 5249; JCM 5248; JCM 5247; JCM 5246; JCM 5245; JCM 5244; JCM 5243; DSM 101085; DSM 105001; DSM 102978,"RT 127; RT 023; 3022, CD3022; 3525/15, Goe-91; CD-16-113, D/6474/2015; SC052-02-01; SC009-01-01; SC052-01-01; SC037-01-01, 6551/2013; 4167/2013 3; 4167/2013 2; 4167/2013 1; 545; 2149; 4811; W 1194; CD196; 630 Delta erm; 1470; 630",COLUMBIA BLOOD MEDIUM (DSMZ Medium 693); FASTIDIOUS ANAEROBE AGAR (DSMZ Medium 1203); WILKINS-CHALGREN ANAEROBE BROTH (DSMZ Medium 339); CHOPPED MEAT MEDIUM (DSMZ Medium 78); MEDIUM 20 - for Anaerobic bacteria,Faeces from a symptomatic patient; Feaces from a symptomatic patient; Faeces from a symptomatic patient (from the same patient are isolates DSM 27638 and DSM 27639); Faeces from a symptomatic patient (from the same patient are isolates DSM 27638 and DSM 27640); Faeces from a symptomatic patient (from the same patient are isolates DSM 27639 and DSM 27640)
taxon:196|organism:campylobacter fetus,1,target_bacteria,taxon_organism,campylobacter fetus,Campylobacter fetus,bacdive_species_exact_name_match,validated_species_exact_name,not_candidate_row,2,0,184,92,92,137,True,3,True,46,7,True,77,39,True,64,13,True,5,9,True,"{""base_binomial_match_or_subspecies"": 26, ""normalized_species_exact"": 66}",CCUG 50940; CCUG 44789; CCUG 43084; CCUG 42302; CCUG 41521; CCUG 41395; CCUG 39963; CCUG 35971; CCUG 35156; ACCC 104/4140; CCUG 35155; ACCC 77/4167; CCUG 35154; CCUG 35153; ACCC 23/4207; CCUG 35151; ACCC 80/4172; CCUG 35150; ACCC 108/4111; CCUG 35147,"03-427, Blaser 03-427; Legars; Lixon; 13.83; 995 vache; 9664753; 1134; 483 vache; 624-86; 905.85; 664.85; 736.83; 738.83; 699.85; 534.86; BAC, 471-79; Thoine; Durdeaux; 7572; Am",COLUMBIA BLOOD MEDIUM (DSMZ Medium 693); MEDIUM 6 - Columbia agar with 10 % horse blood; CIP Medium 6; Brucella broth; MEDIUM 3 - Columbia agar,"Human blood,61-yr-old woman,fever 40.8°C; Human blood; Human; Human blood,cancer patient,74-yr-old man; Human blood,multiple diarrhea"
proteome:UP000000646,152,target_bacteria,proteome,campylobacter jejuni,Campylobacter jejuni subsp. jejuni serotype O:23/36 (strain 81-176),bacdive_species_exact_name_match,validated_species_exact_name,not_candidate_row,6,0,400,200,200,306,True,2,True,103,7,True,184,65,True,149,20,True,7,46,True,"{""base_binomial_match_or_subspecies"": 5, ""normalized_species_exact"": 195}",CCUG 18266; NCTC 11848; LMG 8556; CCUG 18265; NCTC 11847; LMG 7790; CCUG 17753; CCUG 12785; ATCC 43464; CCUG 17696; LMG 6629; CCUG 17625; ATCC 43440; CCUG 16436; ATCC 43436; CCUG 15361; ATCC 43451; CCUG 15359; ATCC 43433; CCUG 15115,"82/77, CNET101; 665.86; LRA 094 06 89; Tanneau; NXr 10693/95; H99/51; B95; Lecas; 093, 1141; 1998-0464, CNET031; CKH12, CNET044; C13010, CNET033; BJ5, CNET038; BT27/98, CNET058; CNET027, L177/97; C13012, CNET034; C22570, CNET036; C196/1, CNET086; CNET094, SVS 065-913; CNET096, SVS 104-733",COLUMBIA BLOOD MEDIUM (DSMZ Medium 693); MEDIUM 6 - Columbia agar with 10 % horse blood; Brucella broth; CIP Medium 6-Boites-Biorad; CIP Medium 6,"Human gastric biopsy, antrum; Human gastric biopsy; Human feces; Human; Chicken"
proteome:UP000002302,137,target_bacteria,proteome,campylobacter jejuni,Campylobacter jejuni subsp. doylei (strain ATCC BAA-1458 / RM4099 / 269.97),bacdive_species_exact_name_match,validated_species_exact_name,not_candidate_row,7,0,400,200,200,306,True,2,True,103,7,True,184,65,True,149,20,True,7,46,True,"{""base_binomial_match_or_subspecies"": 5, ""normalized_species_exact"": 195}",CCUG 18266; NCTC 11848; LMG 8556; CCUG 18265; NCTC 11847; LMG 7790; CCUG 17753; CCUG 12785; ATCC 43464; CCUG 17696; LMG 6629; CCUG 17625; ATCC 43440; CCUG 16436; ATCC 43436; CCUG 15361; ATCC 43451; CCUG 15359; ATCC 43433; CCUG 15115,"82/77, CNET101; 665.86; LRA 094 06 89; Tanneau; NXr 10693/95; H99/51; B95; Lecas; 093, 1141; 1998-0464, CNET031; CKH12, CNET044; C13010, CNET033; BJ5, CNET038; BT27/98, CNET058; CNET027, L177/97; C13012, CNET034; C22570, CNET036; C196/1, CNET086; CNET094, SVS 065-913; CNET096, SVS 104-733",COLUMBIA BLOOD MEDIUM (DSMZ Medium 693); MEDIUM 6 - Columbia agar with 10 % horse blood; Brucella broth; CIP Medium 6-Boites-Biorad; CIP Medium 6,"Human gastric biopsy, antrum; Human gastric biopsy; Human feces; Human; Chicken"
proteome:UP000007727,68,target_bacteria,proteome,campylobacter lari,Campylobacter lari (strain RM2100 / D67 / ATCC BAA-1060),bacdive_species_exact_name_match,validated_species_exact_name,not_candidate_row,5,0,40,20,20,47,True,2,True,3,3,True,19,15,True,10,5,True,6,11,True,"{""base_binomial_match_or_subspecies"": 4, ""normalized_species_exact"": 16}",CCUG 55789; LMG 11760; CCUG 55788; LMG 23917; CCUG 55786; LMG 21009; CCUG 29406; CCUG 29405; CCUG 22396; CCUG 22395; CCUG 20707; CCUG 20593; LMG 9914; LMG 10153; CCUG 20581; CCUG 19528; CCUG 19519; CCUG 19512; CCUG 18294; CCUG 18267,,MEDIUM 6 - Columbia agar with 10 % horse blood; CIP Medium 6; COLUMBIA BLOOD MEDIUM (DSMZ Medium 693),Human infection; Human feces; Shellfish; Human; Water
taxon:195099|organism:campylobacter jejuni (strain rm1221),158,target_bacteria,taxon_organism,campylobacter jejuni,Campylobacter jejuni (strain RM1221),bacdive_species_exact_name_match,validated_species_exact_name,not_candidate_row,4,0,400,200,200,306,True,2,True,103,7,True,184,65,True,149,20,True,7,46,True,"{""base_binomial_match_or_subspecies"": 5, ""normalized_species_exact"": 195}",CCUG 18266; NCTC 11848; LMG 8556; CCUG 18265; NCTC 11847; LMG 7790; CCUG 17753; CCUG 12785; ATCC 43464; CCUG 17696; LMG 6629; CCUG 17625; ATCC 43440; CCUG 16436; ATCC 43436; CCUG 15361; ATCC 43451; CCUG 15359; ATCC 43433; CCUG 15115,"82/77, CNET101; 665.86; LRA 094 06 89; Tanneau; NXr 10693/95; H99/51; B95; Lecas; 093, 1141; 1998-0464, CNET031; CKH12, CNET044; C13010, CNET033; BJ5, CNET038; BT27/98, CNET058; CNET027, L177/97; C13012, CNET034; C22570, CNET036; C196/1, CNET086; CNET094, SVS 065-913; CNET096, SVS 104-733",COLUMBIA BLOOD MEDIUM (DSMZ Medium 693); MEDIUM 6 - Columbia agar with 10 % horse blood; Brucella broth; CIP Medium 6-Boites-Biorad; CIP Medium 6,"Human gastric biopsy, antrum; Human gastric biopsy; Human feces; Human; Chicken"
proteome:UP000000760,102,target_bacteria,proteome,campylobacter fetus,Campylobacter fetus subsp. fetus (strain 82-40),bacdive_species_exact_name_match,validated_species_exact_name,not_candidate_row,4,0,184,92,92,137,True,3,True,46,7,True,77,39,True,64,13,True,5,9,True,"{""base_binomial_match_or_subspecies"": 26, ""normalized_species_exact"": 66}",CCUG 50940; CCUG 44789; CCUG 43084; CCUG 42302; CCUG 41521; CCUG 41395; CCUG 39963; CCUG 35971; CCUG 35156; ACCC 104/4140; CCUG 35155; ACCC 77/4167; CCUG 35154; CCUG 35153; ACCC 23/4207; CCUG 35151; ACCC 80/4172; CCUG 35150; ACCC 108/4111; CCUG 35147,"03-427, Blaser 03-427; Legars; Lixon; 13.83; 995 vache; 9664753; 1134; 483 vache; 624-86; 905.85; 664.85; 736.83; 738.83; 699.85; 534.86; BAC, 471-79; Thoine; Durdeaux; 7572; Am",COLUMBIA BLOOD MEDIUM (DSMZ Medium 693); MEDIUM 6 - Columbia agar with 10 % horse blood; CIP Medium 6; Brucella broth; MEDIUM 3 - Columbia agar,"Human blood,61-yr-old woman,fever 40.8°C; Human blood; Human; Human blood,cancer patient,74-yr-old man; Human blood,multiple diarrhea"
proteome:UP000006380,99,target_bacteria,proteome,campylobacter curvus,Campylobacter curvus (strain 525.92),bacdive_species_exact_name_match,validated_species_exact_name,not_candidate_row,4,0,12,6,6,15,True,1,True,1,5,True,6,8,True,5,3,True,1,4,True,"{""normalized_species_exact"": 6}",CCUG 47528; CCUG 42571; CCUG 30521; LMG 12273; LMG 11763; CCUG 30255; CCUG 11644; CCUG 13146; NCTC 11649; LMG 7609; DSM 6644; ATCC 35224; DSM 7255; VPI 9584; CIP 103747,,BTU MEDIUM (DSMZ Medium 413); CAMPYLOBACTER RECTUS MEDIUM (DSMZ Medium 338); MEDIUM 6 - Columbia agar with 10 % horse blood; COLUMBIA BLOOD MEDIUM (DSMZ Medium 693); CIP Medium 6,"Human blood,83-yr-old woman,abdominal pain; Human; Human abdominal cyst; Human gingival crevice,healthy person; Human dental root canal,apical periodontitis"
proteome:UP000001121,93,target_bacteria,proteome,campylobacter concisus,Campylobacter concisus (strain 13826),bacdive_species_exact_name_match,validated_species_exact_name,not_candidate_row,4,0,36,18,18,37,True,1,True,2,5,True,18,18,True,18,5,True,2,2,True,"{""normalized_species_exact"": 18}",CCUG 34767; CCUG 34343; CCUG 33790; CCUG 33789; CCUG 32976; CCUG 32969; CCUG 29579; CCUG 19996; LMG 7967; CCUG 19995; LMG 7966; CCUG 19505; LMG 7965; CCUG 19393; LMG 7973; CCUG 18688; LMG 7963; CCUG 17580; LMG 7545; CCUG 17543,29577M,"MEDIUM 24 - for Campylobacter concisus, C. sputorum and C. mucosalis; Brucella broth; CIP Medium 24; COLUMBIA BLOOD MEDIUM (DSMZ Medium 693); BTU MEDIUM (DSMZ Medium 413)","Human biopsy,ventricle; Human wound,dog bite; Human feces,hypogammaglobulinaemia; Human feces,57-yr-old compromised patient; Human feces,compromised patient"
proteome:UP000000240,123,target_bacteria,proteome,lactococcus lactis,Lactococcus lactis subsp. cremoris (strain SK11),bacdive_species_exact_name_match,validated_species_exact_name,not_candidate_row,4,0,106,53,53,122,True,2,True,24,11,True,33,35,True,26,8,True,8,27,True,"{""base_binomial_match_or_subspecies"": 10, ""normalized_species_exact"": 43}",DSM 117780; DSM 110082; JCM 20399; IAM 12092; JCM 20128; ATU L-17; IAM 1249; JCM 20101; ATU L-31; IAM 1198; JCM 18008; FERM AP-21288; JCM 12650; DSM 111870; DSM 111869; DSM 111868; DSM 111832; DSM 27303; CCUG 61221; CCUG 60423,"A537/21; CLA-AV-14; SB 261; SB 150; SB 352; SB 17; SV21; 129.86; J4 Alger; J4 conserves; H 214, N35; N34, RICE; E9; Berridge X 13; 2; OJ, N30; 5; 54296; 117; Lactose/Citrate plasmid, W932",LB (Luria-Bertani) MEDIUM (DSMZ Medium 381); COLUMBIA BLOOD MEDIUM (DSMZ Medium 693); BHI MEDIUM (DSMZ Medium 215); MRS MEDIUM (DSMZ Medium 11); TRYPTICASE SOY YEAST EXTRACT MEDIUM (DSMZ Medium 92),"milk; caecal content; female, wild mouse; Milk; kefir grains; Formaggella raw milk cheese"
proteome:UP000006821,218,target_bacteria,proteome,methylococcus capsulatus,Methylococcus capsulatus (strain ATCC 33009 / NCIMB 11132 / Bath),bacdive_species_exact_name_match,validated_species_exact_name,not_candidate_row,6,0,2,1,1,2,True,1,True,0,0,False,0,0,False,0,0,False,1,2,True,"{""normalized_species_exact"": 1}",ATCC 19069; UNIQEM 1,,,
taxon:400673|organism:legionella pneumophila (strain corby),125,target_bacteria,taxon_organism,legionella pneumophila,Legionella pneumophila (strain Corby),bacdive_species_exact_name_match,validated_species_exact_name,not_candidate_row,2,0,144,72,72,165,True,3,True,40,5,True,56,57,True,54,10,True,23,50,True,"{""base_binomial_match_or_subspecies"": 35, ""normalized_species_exact"": 37}",DSM 110444; DSM 110443; DSM 110442; DSM 110441; CCUG 61603 Q; CCUG 60622; CCUG 60606; CCUG 60605; CCUG 60435; CCUG 58028; CCUG 45886; CCUG 43230; CCUG 30742 A; CCUG 30708; NCTC 12181; CCUG 30707; NCTC 12180; CCUG 30706; NCTC 12179; CCUG 30692,"W14-589; W11-321; L18-1031-1; Log-297-2; Lens HL0350-5056; 1169-MN-H; Lorraine, HL0435 5030; 82A3105; LP1; PARIS; W872; 77-091436, R65, Bellingham 1 SG1; Oxford 4032 E SG 1; R63, OLDA SG1, OLDA; Benidorm 030 E, R62, Benidorm SG1; R52, Bibb Chicago-8, Chicago 8 SG7, Chicago 8; R12; R11; R10; R9",BCYE-AGAR (DSMZ Medium 585); MEDIUM 23 - for Afipia and Legionella; CIP Medium 23; CIP Medium 748; CIP Medium 72,"water from cooling tower; drinking water; respiratory secretion; Human; Human trachea,80-yr-old man"
taxon:1308|organism:streptococcus thermophilus,17,target_bacteria,taxon_organism,streptococcus thermophilus,Streptococcus thermophilus,bacdive_species_exact_name_match,validated_species_exact_name,not_candidate_row,2,0,38,19,19,54,True,1,True,8,11,True,14,17,True,9,2,True,1,5,True,"{""normalized_species_exact"": 9, ""validated_bacdive_id_from_closure"": 10}",JCM 20026; ATU L-20; IAM 1047; CCUG 60385; CCUG 48999; CCUG 48364; IFO 13957; ATCC 14485; CCUG 48340; CCUG 45697; CCUG 43382; CCUG 43156 C; CCUG 43039 C; CCUG 30577; CIP 105446; ATCC 19987; CIP 67.56; NCDO 2563; CNRZ 21; CIP 66.31,"10; 1; TJ; (B of R), B of R; LRA 094 11 78, A1; pST1, St(pST I)",MEDIUM 6 - Columbia agar with 10 % horse blood; CIP Medium 6; CIP Medium 38; TODD-HEWITT MEDIUM (DSMZ Medium 697); MRS MEDIUM (DSMZ Medium 11),"Butter; Human trachea,71-yr-old woman; Youghurt,Ekströms LIVA (industrial probiotics); Industry,food (confidential information available); Human cystic fibrosis,9-yr-old female"
proteome:UP000002517,149,target_bacteria,proteome,legionella pneumophila,Legionella pneumophila (strain Lens),bacdive_species_exact_name_match,validated_species_exact_name,not_candidate_row,4,0,144,72,72,165,True,3,True,40,5,True,56,57,True,54,10,True,23,50,True,"{""base_binomial_match_or_subspecies"": 35, ""normalized_species_exact"": 37}",DSM 110444; DSM 110443; DSM 110442; DSM 110441; CCUG 61603 Q; CCUG 60622; CCUG 60606; CCUG 60605; CCUG 60435; CCUG 58028; CCUG 45886; CCUG 43230; CCUG 30742 A; CCUG 30708; NCTC 12181; CCUG 30707; NCTC 12180; CCUG 30706; NCTC 12179; CCUG 30692,"W14-589; W11-321; L18-1031-1; Log-297-2; Lens HL0350-5056; 1169-MN-H; Lorraine, HL0435 5030; 82A3105; LP1; PARIS; W872; 77-091436, R65, Bellingham 1 SG1; Oxford 4032 E SG 1; R63, OLDA SG1, OLDA; Benidorm 030 E, R62, Benidorm SG1; R52, Bibb Chicago-8, Chicago 8 SG7, Chicago 8; R12; R11; R10; R9",BCYE-AGAR (DSMZ Medium 585); MEDIUM 23 - for Afipia and Legionella; CIP Medium 23; CIP Medium 748; CIP Medium 72,"water from cooling tower; drinking water; respiratory secretion; Human; Human trachea,80-yr-old man"
proteome:UP000000609,154,target_bacteria,proteome,legionella pneumophila,Legionella pneumophila subsp. pneumophila (strain Philadelphia 1 / ATCC 33152 / DSM 7513),bacdive_species_exact_name_match,validated_species_exact_name,not_candidate_row,7,0,148,72,72,165,True,3,True,40,5,True,56,57,True,54,10,True,23,50,True,"{""base_binomial_match_or_subspecies"": 35, ""normalized_species_exact"": 37}",DSM 110444; DSM 110443; DSM 110442; DSM 110441; CCUG 61603 Q; CCUG 60622; CCUG 60606; CCUG 60605; CCUG 60435; CCUG 58028; CCUG 45886; CCUG 43230; CCUG 30742 A; CCUG 30708; NCTC 12181; CCUG 30707; NCTC 12180; CCUG 30706; NCTC 12179; CCUG 30692,"W14-589; W11-321; L18-1031-1; Log-297-2; Lens HL0350-5056; 1169-MN-H; Lorraine, HL0435 5030; 82A3105; LP1; PARIS; W872; 77-091436, R65, Bellingham 1 SG1; Oxford 4032 E SG 1; R63, OLDA SG1, OLDA; Benidorm 030 E, R62, Benidorm SG1; R52, Bibb Chicago-8, Chicago 8 SG7, Chicago 8; R12; R11; R10; R9",BCYE-AGAR (DSMZ Medium 585); MEDIUM 23 - for Afipia and Legionella; CIP Medium 23; CIP Medium 748; CIP Medium 72,"water from cooling tower; drinking water; respiratory secretion; Human; Human trachea,80-yr-old man"
proteome:UP001154401,61,target_bacteria,proteome,chlamydia trachomatis,Chlamydia trachomatis serovar L2b (strain UCH-1/proctitis),bacdive_species_exact_name_match,validated_species_exact_name,not_candidate_row,4,0,10,5,5,10,True,1,True,5,1,True,5,5,True,5,1,True,1,1,True,"{""normalized_species_exact"": 5}",DSM 19411; ATCC VR-885; DSM 19410; ATCC VR-346; DSM 19440; ATCC VR-571B; DSM 19131; ATCC VR-348B; DSM 19102; ATCC VR-902B,UW-3/Cx; IC-Cal-3; HAR-13; Bour; 434,CULTIVATION MEDIUM FOR CHLAMYDIAE (DSMZ Medium 1193),"human cervix, asymptomatic; eye of nine-day-old baby; human conjunctiva; human trachoma; human bubo; Lymphogranuloma venereum (LGV II)"
proteome:UP000008330,137,target_bacteria,proteome,rhizobium leguminosarum,Rhizobium leguminosarum bv. trifolii (strain WSM2304),bacdive_species_exact_name_match,validated_species_exact_name,not_candidate_row,4,0,34,17,17,46,True,2,True,14,8,True,4,4,True,1,1,True,4,6,True,"{""normalized_species_exact"": 16, ""validated_bacdive_id_from_closure"": 1}",CIP 106959; ATCC 10004; IAM 12609; OUT 30008; IFO 14778; DSM 106839; LMG 14904; CIP 108029; AS 1.3045; CCBAU 71042; DSM 30143; DSM 60273; DSM 30141; ATCC 14480; JCM 20684; IAM 12613; NBRC 14784; DSM 30139; ATCC 14481; DSM 30138,"3Hoq18; 580; 3D1k22a; 3D1r1; 3D1k5; 3HOa1; 92A3; 175F1; NZ 29; 3D1q25a; 3D1K2; RCR 3622; LPR5035, pRtr5a::Tn5; ANU618, pBR1AN",Rhizobium medium (DSMZ Medium 1848); RHIZOBIUM MEDIUM (DSMZ Medium 98); R2A MEDIUM (DSMZ Medium 830); MEDIUM 296 - for Rhizobium; CIP Medium 296,Effective nodules of Pisum sativum; Indigofera amblyantha; <I>Vicia sativa</I>; <I>Cicer arietinum</I>
proteome:UP000001600,144,target_bacteria,proteome,rhizobium rhizogenes,Rhizobium rhizogenes (strain K84 / ATCC BAA-868) (Agrobacterium radiobacter),bacdive_species_exact_name_match,validated_species_exact_name,not_candidate_row,5,0,16,8,8,55,True,1,True,6,8,True,4,6,True,3,2,True,2,6,True,"{""normalized_species_exact"": 8}",JCM 21076; IAM 14218; ICPB TT133; LMG 341; NCPPB 2303; JCM 20923; IAM 13574; ICMP 3379; LMG 138; NCPPB 2407; IMI 350518; CIP 104330; ATCC 13333; JCM 20990; IAM 13938; ICPB TR104; IFO 13259; KCTC 2780; NBRC 13259; NCPPB 2409,"TR 104, 5; 38; TR 102, C0",Nutrient Agar (NA); MEDIUM 3 - Columbia agar; CIP Medium 3; RHIZOBIUM MEDIUM (DSMZ Medium 98); NUTRIENT AGAR (DSMZ Medium 1),"Crown gall of <I>Prunus amygdalus</I>; Soil round peach gall; <I>Prunus</I> sp., stem gall; Plum gall; Apple"
proteome:UP000001964,107,target_bacteria,proteome,maricaulis maris,Maricaulis maris (strain MCS10) (Caulobacter maris),bacdive_species_exact_name_match,validated_species_exact_name,not_candidate_row,4,0,4,2,2,16,True,1,True,2,4,True,2,3,True,2,1,True,1,1,True,"{""normalized_species_exact"": 2}",DSM 4734; ATCC 15268; JCM 21108; CIP 106103; IAM 14255; NBRC 102484; NCIMB 2209; VKM B-1510; DSM 4729; ATCC 15269; JCM 21107; IAM 14254; NBRC 102483; NCIMB 2022; VKM B-1511; CIP 106104,CM 11; CM 13,BACTO MARINE BROTH (DIFCO 2216) (DSMZ Medium 514); MARINE CAULOBACTER MEDIUM (DSMZ Medium 601); MEDIUM 323 - for Maricaulis maris; CIP Medium 323,"filtered sea water; Filtered seawater; Environment, Filtered sea water"
taxon:349101|organism:cereibacter sphaeroides (strain atcc 17029 / ath 2.4.9) (rhodobacter sphaeroides),150,target_bacteria,taxon_organism,cereibacter sphaeroides,Cereibacter sphaeroides (strain ATCC 17029 / ATH 2.4.9) (Rhodobacter sphaeroides),bacdive_species_exact_name_match,validated_species_exact_name,not_candidate_row,3,0,20,10,9,31,True,1,True,7,5,True,3,3,True,4,4,True,1,2,True,"{""normalized_species_exact"": 7, ""validated_bacdive_id_from_closure"": 3}",CIP 60.7; CCUG 31485; ATCC 21286; LMG 2823; DSM 9484; DSM 9483; DSM 8371; DSM 160; DSM 159; Pfennig 1760-1; DSM 158; ATCC 17023; IAM 14237; NCIB 8253; CCUG 31486; ATCC 11167; LMG 2827; ATCC 14690; CIP 60.6; ATH 2.4.1,"2; VEN A; Meski; Si 4; France-y; 1760-1; R-26, R26",RHODOSPIRILLACEAE MEDIUM (modified) (DSMZ Medium 27); MEDIUM 3 - Columbia agar; CIP Medium 13; CIP Medium 72; CIP Medium 3,small river; small river (Qued ziz); pond water
proteome:UP000006698,137,target_bacteria,proteome,corynebacterium glutamicum,Corynebacterium glutamicum (strain R),bacdive_species_exact_name_match,validated_species_exact_name,not_candidate_row,5,0,50,24,22,103,True,1,True,19,14,True,10,10,True,7,4,True,5,14,True,"{""normalized_species_exact"": 24}",JCM 18229; DSM 112147; DSM 5426; ATCC 21668; KY 10407; DSM 5403; ATCC 21677; CCUG 27703; ATCC 13059; CCTM La 3704; CIP 78.11; CIP 102670; DSM 102071; DSM 102070; DSM 46307; IMET 11022; NCMB 2026; SN 130; DSM 44475; DSM 20598,"HER1229 LP-6; 66-26; 672-76; MB 001 (DE3); MB001; STI11014; STI11023; WT(delta)AB#8; 7; 2362; 2247; Y-11669; 534; T 103; pEthr1, LA201 (pEthr1); 2256",REACTIVATION WITH TRYPTONE SOYA BROTH (DSMZ Medium 220a); TRYPTICASE SOY BROTH AGAR (DSMZ Medium 535); MEDIUM 3 - Columbia agar; MEDIUM 72- for trypto casein soja agar; CIP Medium 72,"Meadow soil; swine waste; Human, Peritoneal dialysis fluid; seawater; genetically manipulated derivate of <I>Corynebacterium glutamicum</I> ATCC 13032=DSM 20300"
proteome:UP000000245,118,target_bacteria,proteome,acidiphilium cryptum,Acidiphilium cryptum (strain JF-5),bacdive_species_exact_name_match,validated_species_exact_name,not_candidate_row,4,0,8,4,4,10,True,1,True,4,3,True,4,5,True,4,3,True,0,0,False,"{""normalized_species_exact"": 4}",DSM 9467; DSM 2613; DSM 2390; DSM 2389; ATCC 33463; JCM 21277; IAM 14719; IFO 14242; NBRC 14242; NCIMB 11690,"N-Het2; 44het, AP-44; KG-4, KG-4p; Lhet2",ACIDIFERROBACTER (MS) MEDIUM (DSMZ Medium 670); ACIDIPHILIUM MEDIUM (DSMZ Medium 269); TS-glucose,"bioleaching reactor; acid mine water; copper mine effluent; coal mine water; Culture of <I>Thiobacillus ferrooxidans</I>, originally grown by W. W. Leathen from coal mine water"
proteome:UP000008545,155,target_bacteria,proteome,brucella suis,Brucella suis (strain ATCC 23445 / NCTC 10510),bacdive_species_taxid_or_synonym_match,candidate_unvalidated,rescued_to_validated_species,6,0,20,10,10,19,True,5,True,1,2,True,7,8,True,3,3,True,7,11,True,"{""validated_bacdive_id_from_closure"": 9, ""validated_bacdive_species_exact"": 1}",NCTC 10512; ATCC 25840; NCTC 10084; ATCC 23459; NCTC 10854; ATCC 23365; CCUG 26706; CCUG 18579; CCUG 17765; ATCC 23456; NCTC 10094; BCCN 07-01; CAPM 6434; CCM 4915; BCCN 94-74; NCTC 12891; BCCN 09-01; DSM 101715; BCCN 09-2,"63/290; 5K33; RM6/66; CPAM 6436, BO1; F60",Columbia Agar; COLUMBIA BLOOD MEDIUM (DSMZ Medium 693),"Human blood,31-yr-old woman,fever; Human blood; Goat; Liver of vole; Skin of porpoise"
proteome:UP000002565,135,target_bacteria,proteome,brucella abortus,Brucella abortus (strain S19),bacdive_species_taxid_or_synonym_match,candidate_unvalidated,rescued_to_validated_species,4,0,20,10,10,19,True,5,True,1,2,True,7,8,True,3,3,True,7,11,True,"{""validated_bacdive_id_from_closure"": 9, ""validated_bacdive_species_exact"": 1}",NCTC 10512; ATCC 25840; NCTC 10084; ATCC 23459; NCTC 10854; ATCC 23365; CCUG 26706; CCUG 18579; CCUG 17765; ATCC 23456; NCTC 10094; BCCN 07-01; CAPM 6434; CCM 4915; BCCN 94-74; NCTC 12891; BCCN 09-01; DSM 101715; BCCN 09-2,"63/290; 5K33; RM6/66; CPAM 6436, BO1; F60",Columbia Agar; COLUMBIA BLOOD MEDIUM (DSMZ Medium 693),"Human blood,31-yr-old woman,fever; Human blood; Goat; Liver of vole; Skin of porpoise"
taxon:557760|organism:cereibacter sphaeroides (strain kd131 / kctc 12085) (rhodobacter sphaeroides),111,target_bacteria,taxon_organism,cereibacter sphaeroides,Cereibacter sphaeroides (strain KD131 / KCTC 12085) (Rhodobacter sphaeroides),bacdive_species_exact_name_match,validated_species_exact_name,not_candidate_row,3,0,20,10,9,31,True,1,True,7,5,True,3,3,True,4,4,True,1,2,True,"{""normalized_species_exact"": 7, ""validated_bacdive_id_from_closure"": 3}",CIP 60.7; CCUG 31485; ATCC 21286; LMG 2823; DSM 9484; DSM 9483; DSM 8371; DSM 160; DSM 159; Pfennig 1760-1; DSM 158; ATCC 17023; IAM 14237; NCIB 8253; CCUG 31486; ATCC 11167; LMG 2827; ATCC 14690; CIP 60.6; ATH 2.4.1,"2; VEN A; Meski; Si 4; France-y; 1760-1; R-26, R26",RHODOSPIRILLACEAE MEDIUM (modified) (DSMZ Medium 27); MEDIUM 3 - Columbia agar; CIP Medium 13; CIP Medium 72; CIP Medium 3,small river; small river (Qued ziz); pond water
proteome:UP000001748,139,target_bacteria,proteome,brucella melitensis,Brucella melitensis biotype 2 (strain ATCC 23457),bacdive_species_exact_name_match,validated_species_exact_name,not_candidate_row,5,0,20,10,10,19,True,5,True,1,2,True,7,8,True,3,3,True,7,11,True,"{""normalized_species_exact"": 3, ""validated_bacdive_id_from_closure"": 7}",NCTC 10512; ATCC 25840; NCTC 10084; ATCC 23459; NCTC 10854; ATCC 23365; CCUG 26706; CCUG 18579; CCUG 17765; ATCC 23456; NCTC 10094; BCCN 07-01; CAPM 6434; CCM 4915; BCCN 94-74; NCTC 12891; BCCN 09-01; DSM 101715; BCCN 09-2,"63/290; 5K33; RM6/66; CPAM 6436, BO1; F60",Columbia Agar; COLUMBIA BLOOD MEDIUM (DSMZ Medium 693),"Human blood,31-yr-old woman,fever; Human blood; Goat; Liver of vole; Skin of porpoise"
taxon:321956|organism:lactobacillus delbrueckii subsp. bulgaricus (strain atcc baa-365 / lb-18),56,target_bacteria,taxon_organism,lactobacillus delbrueckii,Lactobacillus delbrueckii subsp. bulgaricus (strain ATCC BAA-365 / Lb-18),bacdive_species_exact_name_match,validated_species_exact_name,not_candidate_row,3,0,114,57,56,178,True,6,True,28,9,True,37,43,True,24,7,True,14,33,True,"{""base_binomial_match_or_subspecies"": 42, ""normalized_species_exact"": 15}",CRBIP24.64; JCM 8671; JCM 8669; JCM 8666; JCM 8661; JCM 20398; IAM 12091; JCM 20088; IAM 1174; JCM 20075; IAM 1149; IAM 12067; JCM 20381; JCM 1106; JCM 1063; BCRC 14033; JCM 1016; JCM 1014; NCDO 1744; JCM 1010,"64 Z; 103-76; 64 AE; MB 367; B10; B7; B6; 66 E; BBY; #22, EDCC 5492; STI10478; CHCC13979, ZN7a-9; 313, Ld 5, Ld5; 14-1, L 889; L 110; 730, Calvert, Calbert; 14, Lb.14; D","De Man, Rogosa and Sharpe Agar; Trypticase Soy Agar; CIP Medium 40; MEDIUM 40- for Lactobacillus and Leuconostoc; CIP Medium 72",Urine; Chicken; Pig; Adult; Sour milk
proteome:UP000001968,101,target_bacteria,proteome,syntrophomonas wolfei,Syntrophomonas wolfei subsp. wolfei (strain DSM 2245B / Goettingen),bacdive_species_exact_name_match,validated_species_exact_name,not_candidate_row,6,0,8,3,3,5,True,3,True,2,2,True,3,3,True,3,3,True,1,1,True,"{""base_binomial_match_or_subspecies"": 3}",DSM 102351; DSM 2245B; JCM 14075; CGMCC 1.5051; DSM 4212,Göttingen G311; SD2,SYNTHROPHOMONAS MEDIUM (SULFATE FREE) (DSMZ Medium 213); SYNTHROPHOMONAS MEDIUM (DSMZ Medium 212),anaerobic digester sludge; Rice field mud in Jiangxi Province; anaerobic sewage digestor sludge
proteome:UP000001259,70,target_bacteria,proteome,lactobacillus delbrueckii,Lactobacillus delbrueckii subsp. bulgaricus (strain ATCC 11842 / DSM 20081 / BCRC 10696 / JCM 1002 / NBRC 13953 / NCIMB 11778 / NCTC 12712 / WDCM 00102 / Lb 14),bacdive_species_exact_name_match,validated_species_exact_name,not_candidate_row,12,0,123,57,56,178,True,6,True,28,9,True,37,43,True,24,7,True,14,33,True,"{""base_binomial_match_or_subspecies"": 42, ""normalized_species_exact"": 15}",CRBIP24.64; JCM 8671; JCM 8669; JCM 8666; JCM 8661; JCM 20398; IAM 12091; JCM 20088; IAM 1174; JCM 20075; IAM 1149; IAM 12067; JCM 20381; JCM 1106; JCM 1063; BCRC 14033; JCM 1016; JCM 1014; NCDO 1744; JCM 1010,"64 Z; 103-76; 64 AE; MB 367; B10; B7; B6; 66 E; BBY; #22, EDCC 5492; STI10478; CHCC13979, ZN7a-9; 313, Ld 5, Ld5; 14-1, L 889; L 110; 730, Calvert, Calbert; 14, Lb.14; D","De Man, Rogosa and Sharpe Agar; Trypticase Soy Agar; CIP Medium 40; MEDIUM 40- for Lactobacillus and Leuconostoc; CIP Medium 72",Urine; Chicken; Pig; Adult; Sour milk
proteome:UP000001946,146,target_bacteria,proteome,desulfitobacterium hafniense,Desulfitobacterium hafniense (strain Y51),bacdive_species_exact_name_match,validated_species_exact_name,not_candidate_row,4,0,12,6,6,7,True,1,True,6,5,True,6,7,True,6,5,True,4,4,True,"{""normalized_species_exact"": 6}",DSM 16228; DSM 13557; DSM 13498; DSM 12420; ATCC 700357; DSM 10664; DSM 14645,G2; TCP-A; DP7; PCP-1; DCB-2; PCE-S,GEOANAEROBACTER MEDIUM (DSMZ Medium 838); DESULFITOBACTERIUM PCP-1 MEDIUM (DSMZ Medium 836); DESULFITOBACTERIUM HAFNIENSE MEDIUM (DSMZ Medium 720); BA Medium; DESULFITOBACTERIUM (PCE II) MEDIUM (DSMZ Medium 1062),subsurface clay bedding; freshwater sediment; human feces of 28 year old female; methanogenic consortium from mixture of anaerobic sewage sludge and soil; sewage sludge
proteome:UP000002719,194,target_bacteria,proteome,brucella abortus,Brucella abortus (strain 2308),bacdive_species_taxid_or_synonym_match,candidate_unvalidated,rescued_to_validated_species,4,0,20,10,10,19,True,5,True,1,2,True,7,8,True,3,3,True,7,11,True,"{""validated_bacdive_id_from_closure"": 9, ""validated_bacdive_species_exact"": 1}",NCTC 10512; ATCC 25840; NCTC 10084; ATCC 23459; NCTC 10854; ATCC 23365; CCUG 26706; CCUG 18579; CCUG 17765; ATCC 23456; NCTC 10094; BCCN 07-01; CAPM 6434; CCM 4915; BCCN 94-74; NCTC 12891; BCCN 09-01; DSM 101715; BCCN 09-2,"63/290; 5K33; RM6/66; CPAM 6436, BO1; F60",Columbia Agar; COLUMBIA BLOOD MEDIUM (DSMZ Medium 693),"Human blood,31-yr-old woman,fever; Human blood; Goat; Liver of vole; Skin of porpoise"
proteome:UP000000545,129,target_bacteria,proteome,corynebacterium jeikeium,Corynebacterium jeikeium (strain K411),bacdive_species_exact_name_match,validated_species_exact_name,not_candidate_row,5,0,104,51,51,65,True,1,True,25,7,True,46,33,True,40,6,True,2,5,True,"{""normalized_species_exact"": 51}",CRBIP17.58; CCUG 61137; CCUG 43278; CCUG 41893; CCUG 37251; CCUG 34281; CCUG 34221; CCUG 34220; CCUG 34219; CCUG 34122; CCUG 33046; CCUG 33019; CCUG 32550; CCUG 31953; CCUG 31528; CCUG 31240 A; CCUG 30236; CCUG 29865; CCUG 27385; NCTC 11915,"CIMB 05-9342; F2704; 183-87; 751.86; 272-86, 47289; 275-86; 281-86; 143-86; 104-86; 116-86; 347-86; 642.86; 118-86; 2.87; 163-87; 56.87; 24-87; D1076; C8676; D760",CIP Medium 6; MEDIUM 4 - Columbia agar with 20 % sterile defibrinated horse serum; CIP Medium 4; MEDIUM 6 - Columbia agar with 10 % horse blood; TRYPTICASE SOY BROTH AGAR (DSMZ Medium 535),"Human, Blood; Human tissue,68-yr-old man,shoulder; Human osteitis; Human wound,sternum; Human wound,fistule,treated for lung cancer"
proteome:UP000000540,194,target_bacteria,proteome,brucella abortus,Brucella abortus biovar 1 (strain 9-941),bacdive_species_taxid_or_synonym_match,candidate_unvalidated,rescued_to_validated_species,4,0,20,10,10,19,True,5,True,1,2,True,7,8,True,3,3,True,7,11,True,"{""validated_bacdive_id_from_closure"": 9, ""validated_bacdive_species_exact"": 1}",NCTC 10512; ATCC 25840; NCTC 10084; ATCC 23459; NCTC 10854; ATCC 23365; CCUG 26706; CCUG 18579; CCUG 17765; ATCC 23456; NCTC 10094; BCCN 07-01; CAPM 6434; CCM 4915; BCCN 94-74; NCTC 12891; BCCN 09-01; DSM 101715; BCCN 09-2,"63/290; 5K33; RM6/66; CPAM 6436, BO1; F60",Columbia Agar; COLUMBIA BLOOD MEDIUM (DSMZ Medium 693),"Human blood,31-yr-old woman,fever; Human blood; Goat; Liver of vole; Skin of porpoise"
proteome:UP000002198,139,target_bacteria,proteome,corynebacterium diphtheriae,Corynebacterium diphtheriae (strain ATCC 700971 / NCTC 13129 / Biotype gravis),bacdive_species_exact_name_match,validated_species_exact_name,not_candidate_row,8,0,336,168,168,190,True,2,True,123,14,True,141,57,True,137,28,True,6,12,True,"{""base_binomial_match_or_subspecies"": 2, ""normalized_species_exact"": 166}",CIP 102872; CIP 107577; CIP 107546; CIP 107534; CIP 107529; CIP 107514; CIP 107506; CIP 107565; CIP 78.2; CIP 100275; CIP 80.5; CIP A102; CIP 101434; CIP 107575; CIP 107502; CIP 103986; CIP 52.114; CIP 52.113; CIP 52.112; CIP 52.110,"133.87; 523-77; 478.83; 37; 130-85; Khan; Madrid; D30; D18; D13; 619-81; LANA, 470-78; Monta; C7 (B45); Rhône; 522.83; Aubert; C7hm723; C7; AMS 53-A-8",MEDIUM 72- for trypto casein soja agar; CIP Medium 72; MEDIUM 6 - Columbia agar with 10 % horse blood; CIP Medium 6; MEDIUM 3 - Columbia agar,"Human, Throat; Human; Human, Blood; Human, Pharynx; Human, Bursitis"
proteome:UP000000588,105,target_bacteria,proteome,porphyromonas gingivalis,Porphyromonas gingivalis (strain ATCC BAA-308 / W83),bacdive_species_exact_name_match,validated_species_exact_name,not_candidate_row,5,0,18,9,9,15,True,1,True,2,3,True,8,8,True,5,3,True,3,7,True,"{""normalized_species_exact"": 9}",JCM 8525; JCM 19600; CCUG 27724; CCUG 26712; CCUG 25839; CCUG 25226; CCUG 25211; DSM 28984; DSM 20709; ATCC 33277; CIP 103683; JCM 12257; CCUG 25893; CCUG 25928; NCTC 11834,HG66; 2561,COLUMBIA BLOOD MEDIUM (DSMZ Medium 693); CHOPPED MEAT MEDIUM WITH CARBOHYDRATES (DSMZ Medium 110); MEDIUM 20 - for Anaerobic bacteria,"Gingival crevice; Severe periodontal lesion; Human,fixture; Human periodontal pocket; Human periodontic 'abscess'"
proteome:UP000007104,231,target_bacteria,proteome,brucella suis,Brucella suis biovar 1 (strain 1330),bacdive_species_taxid_or_synonym_match,candidate_unvalidated,rescued_to_validated_species,4,0,20,10,10,19,True,5,True,1,2,True,7,8,True,3,3,True,7,11,True,"{""validated_bacdive_id_from_closure"": 9, ""validated_bacdive_species_exact"": 1}",NCTC 10512; ATCC 25840; NCTC 10084; ATCC 23459; NCTC 10854; ATCC 23365; CCUG 26706; CCUG 18579; CCUG 17765; ATCC 23456; NCTC 10094; BCCN 07-01; CAPM 6434; CCM 4915; BCCN 94-74; NCTC 12891; BCCN 09-01; DSM 101715; BCCN 09-2,"63/290; 5K33; RM6/66; CPAM 6436, BO1; F60",Columbia Agar; COLUMBIA BLOOD MEDIUM (DSMZ Medium 693),"Human blood,31-yr-old woman,fever; Human blood; Goat; Liver of vole; Skin of porpoise"
proteome:UP000000637,84,target_bacteria,proteome,paenarthrobacter aurescens,Paenarthrobacter aurescens (strain TC1),bacdive_species_exact_name_match,validated_species_exact_name,not_candidate_row,4,0,2,1,1,25,True,1,True,1,9,True,0,0,False,0,0,False,1,4,True,"{""normalized_species_exact"": 1}",DSM 20116; ATCC 13344; CCM 1649; NCIB 8912; JCM 1330; BCRC 12110; CCUG 23839; CCUG 23885; CDA 579; CGMCC 1.1892; CIP 102364; HAMBI 1850; IAM 12340; IFO 12136; IMSNU 21002; KCCM 41109; KCTC 3378; LMG 3815; NBIMCC 2010; NBRC 12136,579,ISP 2; ISP 3; ISP 4; ISP 5; ISP 6,
proteome:UP000000253,143,target_archaea,proteome,methanococcus maripaludis,Methanococcus maripaludis (strain C5 / ATCC BAA-1333),bacdive_species_exact_name_match,validated_species_exact_name,not_candidate_row,5,0,12,6,6,16,True,1,True,3,2,True,6,7,True,6,2,True,3,3,True,"{""normalized_species_exact"": 6}",JCM 10013; OCM 364; JCM 10012; OCM 363; JCM 10011; NBRC 102114; OCM 209; DSM 14266; JCM 13030; NBRC 101832; DSM 2771; ATCC 35294; DSM 2067; ATCC 43000; JCM 10722; NBRC 101831,"LL, S2; Delta RC; JJ",METHANOGENIUM MEDIUM (H2/CO2) (DSMZ Medium 141); METHANOCOCCUS MARIPALUDIS MEDIUM (DSMZ Medium 288),"Marsh sediment, Roger's Marsh; Marsh sediment, Airport Marsh; salt marsh and intertidal sediments; Sediment on the bank of the Latham River; mud"
proteome:UP000001564,78,target_bacteria,proteome,clavibacter michiganensis,Clavibacter michiganensis subsp. michiganensis (strain NCPPB 382),bacdive_species_exact_name_match,validated_species_exact_name,not_candidate_row,4,0,58,29,28,96,True,3,True,11,14,True,17,16,True,13,10,True,4,10,True,"{""base_binomial_match_or_subspecies"": 7, ""normalized_species_exact"": 14, ""validated_bacdive_id_from_closure"": 8}",STI11009; ST035867; JCM 1373; ATCC 7430; NCPPB 861; JCM 1372; ATCC 7429; JCM 1371; ATCC 4450; KCTC 9231; JCM 1370; ATCC 492; IAM 12442; IMI 347346; IMI 347345; IMI 347343; IMI 347342; IMI 347333; CCUG 29174; CCUG 23912,"IMET 11009; NCPPB382; STI10505; 78181; A13; 35/I, No. 35; Cs1; C-1; 5299, CS 5; S 05, SO5; white",Nutrient Agar (NA); ISP 2; ISP 3; ISP 4; ISP 5,Tomato stem canker; Solanum lycopersicum; tomato plant canker; Lycopersicon esculentum; fruit; Lycopersicon esculentum; Vascular tissue of fruit; Lycopersicon esculentum
taxon:512562|organism:helicobacter pylori (strain shi470),104,target_bacteria,taxon_organism,helicobacter pylori,Helicobacter pylori (strain Shi470),bacdive_species_exact_name_match,validated_species_exact_name,not_candidate_row,2,0,140,70,70,117,True,1,True,24,7,True,63,48,True,66,9,True,4,12,True,"{""normalized_species_exact"": 70}",DSM 105471; DSM 105470; DSM 105400; ATCC 51932; DSM 105297; DSM 105296; DSM 105294; DSM 105293; DSM 105292; DSM 105261; DSM 105260; DSM 105200; DSM 105199; DSM 105198; DSM 105197; DSM 105196; DSM 105195; CCUG 64957; CCUG 48166; CCUG 41936,"85866; 85593; Tx30; Sydney strain, SS1; 2808; PMSS1; J166; G27; 83321; 86153; 85592; 85369; 86298; 87041; 85107; 82894; CGLO-1; 26695; N6; 85P",COLUMBIA BLOOD MEDIUM (DSMZ Medium 693); MEDIUM 45 - for Columbia agar with sheep blood; CIP Medium 45; Brucella broth; MEDIUM 6 - Columbia agar with 10 % horse blood,"patient, specimen; clinical isolate; clinical isolate, mouse adapted (Recovered from mice inoculated with PMSS1); Mouse-passed strain originating from a patient diagnosed with ulcer; wild-type rodent-adapted cag + H. pylori strain derived from the parental strain of the mouse Sydney strain (SS1)"
taxon:380394|organism:acidithiobacillus ferrooxidans (strain atcc 53993 / bnl-5-31) (leptospirillum ferrooxidans (atcc 53993)),83,target_bacteria,taxon_organism,acidithiobacillus ferrooxidans,Acidithiobacillus ferrooxidans (strain ATCC 53993 / BNL-5-31) (Leptospirillum ferrooxidans (ATCC 53993)),bacdive_species_exact_name_match,validated_species_exact_name,not_candidate_row,3,0,28,14,14,20,True,1,True,10,5,True,14,13,True,10,7,True,4,5,True,"{""normalized_species_exact"": 14}",JCM 7812; JCM 3865; JCM 3863; ATCC 19859; BCRC 13033; NCIMB 9490; JCM 17309; DSM 29444; DSM 24419; JCM 39165; DSM 14882; ATCC 23270; NCIMB 8455; DSM 11477; DSM 9465; DSM 9464; DSM 1927; DSM 585; DSM 584; DSM 583,R1; SP5/1; TM; Tf18; NFe-4; N-Fe3; F221,LEPTOSPIRILLUM (HH) MEDIUM (DSMZ Medium 882); ACIDIFERROBACTER (MS) MEDIUM (DSMZ Medium 670); ACIDITHIOBACILLUS (APH) MEDIUM (DSMZ Medium 271); ACIDITHIOBACILLUS THIOOXIDANS MEDIUM (DSMZ Medium 71); ACIDITHIOBACILLUS FERROOXIDANS MEDIUM (DSMZ Medium 70),"Acid mine water from Matsuo sulfur and iron sulfide mine on Hachimantai volcano; Acid mine water of a mine at Shimokawa; Mine water; Clonal isolate obtained from the JCM 7811 culture originating in the Matsuo sulfur and iron sulfide mine; rock samples, Ilba mine"
proteome:UP000008198,104,target_bacteria,proteome,helicobacter pylori,Helicobacter pylori (strain P12),bacdive_species_exact_name_match,validated_species_exact_name,not_candidate_row,4,0,140,70,70,117,True,1,True,24,7,True,63,48,True,66,9,True,4,12,True,"{""normalized_species_exact"": 70}",DSM 105471; DSM 105470; DSM 105400; ATCC 51932; DSM 105297; DSM 105296; DSM 105294; DSM 105293; DSM 105292; DSM 105261; DSM 105260; DSM 105200; DSM 105199; DSM 105198; DSM 105197; DSM 105196; DSM 105195; CCUG 64957; CCUG 48166; CCUG 41936,"85866; 85593; Tx30; Sydney strain, SS1; 2808; PMSS1; J166; G27; 83321; 86153; 85592; 85369; 86298; 87041; 85107; 82894; CGLO-1; 26695; N6; 85P",COLUMBIA BLOOD MEDIUM (DSMZ Medium 693); MEDIUM 45 - for Columbia agar with sheep blood; CIP Medium 45; Brucella broth; MEDIUM 6 - Columbia agar with 10 % horse blood,"patient, specimen; clinical isolate; clinical isolate, mouse adapted (Recovered from mice inoculated with PMSS1); Mouse-passed strain originating from a patient diagnosed with ulcer; wild-type rodent-adapted cag + H. pylori strain derived from the parental strain of the mouse Sydney strain (SS1)"
proteome:UP000001364,146,target_bacteria,proteome,caulobacter vibrioides,Caulobacter vibrioides (strain NA1000 / CB15N) (Caulobacter crescentus),bacdive_species_exact_name_match,validated_species_exact_name,not_candidate_row,4,0,18,9,9,20,True,1,True,8,9,True,8,7,True,8,3,True,2,2,True,"{""normalized_species_exact"": 9}",CCUG 23150; LMG 11145; CIP 103742; ATCC 19089; CIP 102644; CIP 102705; CIP 101900; DSM 25117; DSM 9893; KCTC 23677; CIP 106452; VKM B-1496; DSM 4738; ATCC 11764; CIP 70.55; NCIMB 9082; DSM 4727; ATCC 15252; CIP 101123; NCIMB 9787,CB 15; 646.86; 717.86; 719.85; CB2A; CB 51; CB-G; CB 2,MEDIUM 28 - for Caulobacter; CIP Medium 28; MEDIUM 72- for trypto casein soja agar; CIP Medium 72; CAULOBACTER PYE MEDIUM (DSMZ Medium 1462),"Water; Environment, Pond water; Human, Blood; tap water, spontaneous S-layer negative variant of <i>C. vibrioides</i> CB 2 (DSM 4727); Environment, Well water"
proteome:UP000000775,100,target_bacteria,proteome,helicobacter acinonychis,Helicobacter acinonychis (strain Sheeba),bacdive_species_exact_name_match,validated_species_exact_name,not_candidate_row,4,0,2,1,1,3,True,1,True,1,3,True,1,2,True,0,0,False,0,0,False,"{""normalized_species_exact"": 1}",CIP 104247; ATCC 51101; CCUG 29263,,MEDIUM 6 - Columbia agar with 10 % horse blood; CIP Medium 6; CIP Medium 45,"Cheetah stomach,gastric biopsy; Cheetah, stomach"
taxon:357544|organism:helicobacter pylori (strain hpag1),123,target_bacteria,taxon_organism,helicobacter pylori,Helicobacter pylori (strain HPAG1),bacdive_species_exact_name_match,validated_species_exact_name,not_candidate_row,2,0,140,70,70,117,True,1,True,24,7,True,63,48,True,66,9,True,4,12,True,"{""normalized_species_exact"": 70}",DSM 105471; DSM 105470; DSM 105400; ATCC 51932; DSM 105297; DSM 105296; DSM 105294; DSM 105293; DSM 105292; DSM 105261; DSM 105260; DSM 105200; DSM 105199; DSM 105198; DSM 105197; DSM 105196; DSM 105195; CCUG 64957; CCUG 48166; CCUG 41936,"85866; 85593; Tx30; Sydney strain, SS1; 2808; PMSS1; J166; G27; 83321; 86153; 85592; 85369; 86298; 87041; 85107; 82894; CGLO-1; 26695; N6; 85P",COLUMBIA BLOOD MEDIUM (DSMZ Medium 693); MEDIUM 45 - for Columbia agar with sheep blood; CIP Medium 45; Brucella broth; MEDIUM 6 - Columbia agar with 10 % horse blood,"patient, specimen; clinical isolate; clinical isolate, mouse adapted (Recovered from mice inoculated with PMSS1); Mouse-passed strain originating from a patient diagnosed with ulcer; wild-type rodent-adapted cag + H. pylori strain derived from the parental strain of the mouse Sydney strain (SS1)"
proteome:UP000006375,158,target_bacteria,proteome,gluconobacter oxydans,Gluconobacter oxydans (strain 621H) (Gluconobacter suboxydans),bacdive_species_exact_name_match,validated_species_exact_name,not_candidate_row,5,0,56,27,27,153,True,2,True,8,5,True,17,14,True,9,5,True,7,9,True,"{""base_binomial_match_or_subspecies"": 1, ""normalized_species_exact"": 24, ""validated_bacdive_id_from_closure"": 2}",DSM 2343; ATCC 621H; NCIB 8036; CIP 104215; NCIMB 8036; NCCB 29002; JCM 21218; ATCC 15164; IAM 14435; IFO 3243; NBRC 3243; JCM 21180; ATCC 23755; CCM 1795; IAM 14367; LMG 1519; NCIMB 6426; NCTC 6426; JCM 21179; ATCC 23772,"LMD 29.2; No 27, Porges 27; I, 1; B 4099","GLUCONOBACTER OXYDANS MEDIUM (DSMZ Medium 105); MEDIUM 1 - for Acetobacter, Azotobacter, Gluconobacter, Gluconacetobacter, Mesorhizodium ciceri and Pseudomonas doudoroffii; CIP Medium 1; TRYPTICASE SOY YEAST EXTRACT MEDIUM (DSMZ Medium 92); YPM MEDIUM (DSMZ Medium 360)",descendent of ATCC 621; Ropy top fermentation beer; Beer; Ropy beer; Persimmon
proteome:UP000001306,129,target_bacteria,proteome,leifsonia xyli,Leifsonia xyli subsp. xyli (strain CTCB07),bacdive_species_exact_name_match,validated_species_exact_name,not_candidate_row,4,0,6,3,3,15,True,2,True,1,8,True,2,4,True,2,3,True,1,1,True,"{""base_binomial_match_or_subspecies"": 1, ""normalized_species_exact"": 2}",NCPPB 3152; ICMP 7127; LMG 7352; ATCC 33974; CCUG 51805; DSM 46306; ATCC 33973; IMET 11020; NCIB 11927; JCM 9733; CIP 104615; ICMP 8790; LMG 7552; NCIMB 11927; VKM Ac-2041,"PDDCC 7127, L1A; TB1A",SC MEDIUM (DSMZ Medium 751); ISP 2; ISP 3; ISP 4; ISP 5,"Industry,fermentation contaminant; bermudagrass; Bermuda grass (<I>Cynodon dactylon</I>); Bermuda grass, Cynodon dactylon"
proteome:UP000001973,391,target_bacteria,proteome,streptomyces coelicolor,Streptomyces coelicolor (strain ATCC BAA-471 / A3(2) / M145),bacdive_species_exact_name_match,validated_species_exact_name,not_candidate_row,5,0,128,64,54,249,True,1,True,50,11,True,23,15,True,21,7,True,9,12,True,"{""normalized_species_exact"": 12, ""validated_bacdive_id_from_closure"": 52}",ST005917; ST005914; DSM 118487; DSM 41002; IMRU 3006; DSM 41032; IMRU 3365; DSM 41031; IMRU 3364; DSM 112467; DSM 112524; IMET 41668; IMET 41669; DSM 46452; HMGB B 881; IMET 40609; HUT 6128; IPV 875; DSM 46368; CCM 3027,"JA06755; JA06751; OG 1.4; S2; M145, Streptomyces coelicolor M145 - derivative of A3(2); ST008131(HKI), B60; ST004134; ST003870(HKI), BI 06606; ST003762; ST008123(HKI), B156; ST008122(HKI), TK18; ST003967; ST003871(HKI), BI 06607; ST003784; ST003999(HKI), BI 07042; STI40021; ST032194(HKI), Ac66; N20; N19; N15",GYM STREPTOMYCES MEDIUM (DSMZ Medium 65); STARCH - MINERAL SALT - AGAR (STMS) (DSMZ Medium 252); ROLLED OATS MINERAL MEDIUM (DSMZ Medium 84); ISP 2; ISP 3,soil; potatoes; soil near to a cowshed; rhizosphere; cow barn air
taxon:331272|organism:burkholderia cenocepacia (strain hi2424),191,target_bacteria,taxon_organism,burkholderia cenocepacia,Burkholderia cenocepacia (strain HI2424),bacdive_species_exact_name_match,validated_species_exact_name,not_candidate_row,2,0,122,61,61,81,True,1,True,1,4,True,61,51,True,61,9,True,2,3,True,"{""normalized_species_exact"": 61}",CCUG 67839 Q; CCUG 67370 Q; CCUG 62286; CCUG 61583; CCUG 61191; CCUG 61185; CCUG 61184; CCUG 61179; CCUG 61115; CCUG 60245; CCUG 59017; CCUG 57771 B; CCUG 57141; CCUG 54884; LMG 19230; CCUG 54883; BCC 0231; CEP 0868; LMG 21461; CCUG 54817,"CF5610, J2315",COLUMBIA BLOOD MEDIUM (DSMZ Medium 693); MEDIUM 72- for trypto casein soja agar; TRYPTICASE SOY YEAST EXTRACT MEDIUM (DSMZ Medium 92); CIP Medium 72,"Human sputum,cystic fibrosis,47-yr-old male; Human sputum,72-yr-old female; Human sputum,cystic fibrosis,1-yr-old Female; Human sputum,68-yr-old woman; Human blood,5-yr-old girl"
taxon:246196|organism:mycolicibacterium smegmatis (strain atcc 700084 / mc(2)155) (mycobacterium smegmatis),273,target_bacteria,taxon_organism,mycolicibacterium smegmatis,Mycolicibacterium smegmatis (strain ATCC 700084 / mc(2)155) (Mycobacterium smegmatis),bacdive_species_exact_name_match,validated_species_exact_name,not_candidate_row,3,0,70,35,33,96,True,1,True,21,13,True,7,8,True,2,2,True,3,4,True,"{""normalized_species_exact"": 8, ""validated_bacdive_id_from_closure"": 27}",ST033721; ST033720; ST033719; ST033718; CIP 56.6; CCTM La 690; JCM 31864; CCUG 28062; NCTC 3821; CCUG 27786; CCUG 21824; ATCC 23037; CCUG 21823; ATCC 23032; CCUG 21822; ATCC 23028; CCUG 21821; ATCC 19979; NCTC 333; CIP 73.26,"SG987 4a; SG1013; SG989; SG98; F21; SF002767; STI11112(IMET), B344; 987-M10; GA 735, Cornell 3, 14 133 0010; 7449; 114; 607; 169, Schering 275; 74C, Schering 250; 52-Q-1; 52-L-1; Minetti 41",MEDIUM 72- for trypto casein soja agar; CIP Medium 3; CIP Medium 72; MEDIUM 55 - for Mycobacterium; CIP Medium 55,Derived from <I>Mycobacterium smegmatis</I> strain Jucho; Guinea pig inoculated with butter; human; clinical material; Human
taxon:320388|organism:burkholderia mallei (strain savp1),159,target_bacteria,taxon_organism,burkholderia mallei,Burkholderia mallei (strain SAVP1),bacdive_species_exact_name_match,validated_species_exact_name,not_candidate_row,2,0,2,1,1,2,True,1,True,0,0,False,0,0,False,0,0,False,1,3,True,"{""normalized_species_exact"": 1}",NCTC 12938; ATCC 23344,,,
proteome:UP000002283,154,target_bacteria,proteome,burkholderia mallei,Burkholderia mallei (strain NCTC 10229),bacdive_species_exact_name_match,validated_species_exact_name,not_candidate_row,5,0,2,1,1,2,True,1,True,0,0,False,0,0,False,0,0,False,1,3,True,"{""normalized_species_exact"": 1}",NCTC 12938; ATCC 23344,,,
taxon:320389|organism:burkholderia mallei (strain nctc 10247),159,target_bacteria,taxon_organism,burkholderia mallei,Burkholderia mallei (strain NCTC 10247),bacdive_species_exact_name_match,validated_species_exact_name,not_candidate_row,3,0,2,1,1,2,True,1,True,0,0,False,0,0,False,0,0,False,1,3,True,"{""normalized_species_exact"": 1}",NCTC 12938; ATCC 23344,,,
taxon:320373|organism:burkholderia pseudomallei (strain 668),154,target_bacteria,taxon_organism,burkholderia pseudomallei,Burkholderia pseudomallei (strain 668),bacdive_species_exact_name_match,validated_species_exact_name,not_candidate_row,2,0,32,16,16,20,True,1,True,0,0,False,15,14,True,14,5,True,1,2,True,"{""normalized_species_exact"": 16}",NCTC 12939; ATCC 23343; CCUG 51313; CCUG 49628; CCUG 15660; CCUG 15655; CCUG 15654; CCUG 15653; CCUG 15652; CCUG 15651; CCUG 15649; CCUG 15648; CCUG 15647; CCUG 15646; CCUG 13791; RHMU 008; CCUG 13790; RHMU 002; CCUG 218; NCTC 8016,WRAIR 286,,"Human wound toe,50-yr-old man,tsunami victim; Human blood,56-yr-old man,lymphoma; Human blood,fatal case,vietnamese subject; Clay,wet,40cm deep on property of CCUG 15646; Ovine lung and spleen abscess"
proteome:UP000006738,161,target_bacteria,proteome,burkholderia pseudomallei,Burkholderia pseudomallei (strain 1106a),bacdive_species_exact_name_match,validated_species_exact_name,not_candidate_row,4,0,32,16,16,20,True,1,True,0,0,False,15,14,True,14,5,True,1,2,True,"{""normalized_species_exact"": 16}",NCTC 12939; ATCC 23343; CCUG 51313; CCUG 49628; CCUG 15660; CCUG 15655; CCUG 15654; CCUG 15653; CCUG 15652; CCUG 15651; CCUG 15649; CCUG 15648; CCUG 15647; CCUG 15646; CCUG 13791; RHMU 008; CCUG 13790; RHMU 002; CCUG 218; NCTC 8016,WRAIR 286,,"Human wound toe,50-yr-old man,tsunami victim; Human blood,56-yr-old man,lymphoma; Human blood,fatal case,vietnamese subject; Clay,wet,40cm deep on property of CCUG 15646; Ovine lung and spleen abscess"
proteome:UP000002417,95,target_bacteria,proteome,xanthobacter autotrophicus,Xanthobacter autotrophicus (strain ATCC BAA-1158 / Py2),bacdive_species_exact_name_match,validated_species_exact_name,not_candidate_row,6,0,20,10,10,27,True,2,True,8,5,True,8,12,True,9,4,True,3,3,True,"{""normalized_species_exact"": 9, ""validated_bacdive_id_from_closure"": 1}",DSM 117702; CCUG 44692; DSM 3874; DSM 2267; DSM 2009; DSM 1618; IFO 14758; NBRC 14758; DSM 1393; DSM 685; JCM 1203; CIP 105433; DSM 432; ATCC 35674; JCM 1202; BCRC 12235; CIP 105431; IAM 12579; IAM 12636; LMG 7043,V0C-4; GJ10; 7C SF; 19/-/X; JW 33; GZ29; 23A; 7C; Py2T,NUTRIENT AGAR (DSMZ Medium 1); HETEROTROPHIC MEDIUM H3P (DSMZ Medium 428); MINERAL MEDIUM FOR CHEMOLITHOTROPHIC GROWTH (H-3) (DSMZ Medium 81); MEDIUM 3 - Columbia agar; CIP Medium 3,"Nitrogen-fixing, hydrogen-oxidizing chemolithoautotrophic community enrichment from a soil sample from Boston, Massachusetts, USA.; Industrial hygiene control,Rodac medium; soil and activated sludge; rape clamp; ditch mud"
proteome:UP000002169,164,target_bacteria,proteome,burkholderia orbicola,Burkholderia orbicola (strain MC0-3),bacdive_species_exact_name_match,validated_species_exact_name,not_candidate_row,4,0,2,1,1,2,True,1,True,0,0,False,0,0,False,0,0,False,0,0,False,"{""normalized_species_exact"": 1}",LMG 30279; CM-CNRG 715,TAtl-­371,,
proteome:UP000001680,160,target_bacteria,proteome,burkholderia ambifaria,Burkholderia ambifaria (strain MC40-6),bacdive_species_exact_name_match,validated_species_exact_name,not_candidate_row,4,0,6,3,3,8,True,1,True,2,5,True,3,5,True,3,3,True,1,2,True,"{""normalized_species_exact"": 3}",DSM 115947; CCUG 45121; CEP 0996; LMG 19467; DSM 16087; CCUG 44356; CIP 107266; LMG 19182,CT11-114,TRYPTICASE SOY YEAST EXTRACT MEDIUM (DSMZ Medium 92); COLUMBIA BLOOD MEDIUM (DSMZ Medium 693); CASO AGAR (MERCK 105458) (DSMZ Medium 220); MEDIUM 72- for trypto casein soja agar; CIP Medium 72,"Wheat root grown in field soil; Human sputum ?,cystic fibrosis; pea rhizosphere; Pea rhizosphere; Plant, Healthy pea plants"
proteome:UP000001725,142,target_bacteria,proteome,rhodopseudomonas palustris,Rhodopseudomonas palustris (strain TIE-1),bacdive_species_exact_name_match,validated_species_exact_name,not_candidate_row,4,0,14,7,5,20,True,1,True,5,4,True,4,6,True,2,2,True,2,3,True,"{""normalized_species_exact"": 7}",DSM 126; Pfennig 1850; ATCC 17001; BCRC 16408; CIP 103513; ATCC 11168; NCIMB 8288; NCIMB 8252; ATH 2.1.6.; DSM 8283; ATCC 33872; DSM 5869; JCM 2524; CGMCC 1.2180; IFO 16661; NBRC 16661; CIP 103836; DSM 131; DSM 127; Pfennig 7850,"1850; Pa16, 2.1.6, ATH 2.1.6; SF000717; SF000326; R1; Klemme S1, S-1; 7850",RHODOSPIRILLACEAE MEDIUM (modified) (DSMZ Medium 27); CIP Medium 69; R 8 A H MEDIUM (DSMZ Medium 651); MEDIUM 69 - for Rhodopseudomonas palustris,"polluted pond; soil, rice field; Soil in rice field; Environment, Soil, rice field; garden pond"
proteome:UP000002010,117,target_bacteria,proteome,laribacter hongkongensis,Laribacter hongkongensis (strain HLHK9),bacdive_species_exact_name_match,validated_species_exact_name,not_candidate_row,4,0,8,4,4,7,True,1,True,1,4,True,4,6,True,4,2,True,1,1,True,"{""normalized_species_exact"": 4}",CCUG 45967; CCUG 45966; CCUG 45965; DSM 14985; LMG 21516; CCUG 45813; CIP 107139,"HKU1, HKUI",BHI MEDIUM (DSMZ Medium 215); COLUMBIA BLOOD AGAR (DSMZ Medium 429); MEDIUM 6 - Columbia agar with 10 % horse blood; CIP Medium 6,"Human feces,1 year old child; Human feces,19 year old woman; Human feces,21 year old woman; blood of a patient with empyema; Human blood,bacteremia,empyema,cirrhotic patient"
proteome:UP000001818,161,target_bacteria,proteome,rhodopseudomonas palustris,Rhodopseudomonas palustris (strain BisB5),bacdive_species_exact_name_match,validated_species_exact_name,not_candidate_row,4,0,14,7,5,20,True,1,True,5,4,True,4,6,True,2,2,True,2,3,True,"{""normalized_species_exact"": 7}",DSM 126; Pfennig 1850; ATCC 17001; BCRC 16408; CIP 103513; ATCC 11168; NCIMB 8288; NCIMB 8252; ATH 2.1.6.; DSM 8283; ATCC 33872; DSM 5869; JCM 2524; CGMCC 1.2180; IFO 16661; NBRC 16661; CIP 103836; DSM 131; DSM 127; Pfennig 7850,"1850; Pa16, 2.1.6, ATH 2.1.6; SF000717; SF000326; R1; Klemme S1, S-1; 7850",RHODOSPIRILLACEAE MEDIUM (modified) (DSMZ Medium 27); CIP Medium 69; R 8 A H MEDIUM (DSMZ Medium 651); MEDIUM 69 - for Rhodopseudomonas palustris,"polluted pond; soil, rice field; Soil in rice field; Environment, Soil, rice field; garden pond"
proteome:UP000008809,178,target_bacteria,proteome,rhodopseudomonas palustris,Rhodopseudomonas palustris (strain HaA2),bacdive_species_exact_name_match,validated_species_exact_name,not_candidate_row,4,0,14,7,5,20,True,1,True,5,4,True,4,6,True,2,2,True,2,3,True,"{""normalized_species_exact"": 7}",DSM 126; Pfennig 1850; ATCC 17001; BCRC 16408; CIP 103513; ATCC 11168; NCIMB 8288; NCIMB 8252; ATH 2.1.6.; DSM 8283; ATCC 33872; DSM 5869; JCM 2524; CGMCC 1.2180; IFO 16661; NBRC 16661; CIP 103836; DSM 131; DSM 127; Pfennig 7850,"1850; Pa16, 2.1.6, ATH 2.1.6; SF000717; SF000326; R1; Klemme S1, S-1; 7850",RHODOSPIRILLACEAE MEDIUM (modified) (DSMZ Medium 27); CIP Medium 69; R 8 A H MEDIUM (DSMZ Medium 651); MEDIUM 69 - for Rhodopseudomonas palustris,"polluted pond; soil, rice field; Soil in rice field; Environment, Soil, rice field; garden pond"
proteome:UP000002700,195,target_bacteria,proteome,burkholderia pseudomallei,Burkholderia pseudomallei (strain 1710b),bacdive_species_exact_name_match,validated_species_exact_name,not_candidate_row,4,0,32,16,16,20,True,1,True,0,0,False,15,14,True,14,5,True,1,2,True,"{""normalized_species_exact"": 16}",NCTC 12939; ATCC 23343; CCUG 51313; CCUG 49628; CCUG 15660; CCUG 15655; CCUG 15654; CCUG 15653; CCUG 15652; CCUG 15651; CCUG 15649; CCUG 15648; CCUG 15647; CCUG 15646; CCUG 13791; RHMU 008; CCUG 13790; RHMU 002; CCUG 218; NCTC 8016,WRAIR 286,,"Human wound toe,50-yr-old man,tsunami victim; Human blood,56-yr-old man,lymphoma; Human blood,fatal case,vietnamese subject; Clay,wet,40cm deep on property of CCUG 15646; Ovine lung and spleen abscess"
proteome:UP000008291,175,target_bacteria,proteome,thiobacillus denitrificans,Thiobacillus denitrificans (strain ATCC 25259 / T1),bacdive_species_exact_name_match,validated_species_exact_name,not_candidate_row,5,0,8,4,4,13,True,1,True,3,3,True,4,6,True,3,3,True,1,1,True,"{""normalized_species_exact"": 4}",JCM 3869; ATCC 23642; BCRC 13020; NCIMB 9546; DSM 12475; ATCC 23644; JCM 3870; NCIMB 9548; BCRC 17603; CIP 104767; DSM 807; ATCC 29685; DSM 739,AB7; RT; GP3,THIOBACILLUS DENITRIFICANS MEDIUM (DSMZ Medium 113); MEDIUM 177 - for Thiobacillus denitrificans; CIP Medium 124,"Lagoon system treating carbonization effluent; domestic sewage lagoon; Domestic sewage; Environment, Domestic sewage lagoon; brackish mud"
proteome:UP000000426,275,target_bacteria,proteome,pseudomonas syringae,Pseudomonas syringae pv. syringae (strain B728a),bacdive_species_exact_name_match,validated_species_exact_name,not_candidate_row,4,0,164,82,81,164,True,2,True,68,17,True,59,57,True,50,19,True,14,15,True,"{""normalized_species_exact"": 82}",STI11189; SF002761; SF002744; JCM 14317; ATCC 11365; CFBP 1512; ICMP 3079; JCM 14314; ATCC 7389; ICMP 3881; ICMP 5036; NCPPB 1015; NRRL B-855; IMI 349393; IMI 349392; IMI 349204; IMI 349170; IMI 347733; IMI 347732; IMI 347448,"IMET 11189; 11190; FSU-2744; CRAPAV013, PsaveCRAPAV013; I 201; 685; J1; 221, 283; 44/2b; MP 65; MP50; 133, 281; N.A.3; 6; PC 17; 247; 248, 286; PA 13; 16.1; Ps268",Nutrient Agar (NA); Glucose-Peptone (GP) medium; TRYPTICASE SOY BROTH AGAR (DSMZ Medium 535); NUTRIENT AGAR (DSMZ Medium 1); GLUCOSE YEAST EXTRACT MEDIUM (DSMZ Medium 54),Jerusalem artichoke; Cynara scolymus; Citrus limon; Sorghum vulgar var. sudanense; Sorghum vulgare
proteome:UP000000605,235,target_bacteria,proteome,burkholderia pseudomallei,Burkholderia pseudomallei (strain K96243),bacdive_species_exact_name_match,validated_species_exact_name,not_candidate_row,4,0,32,16,16,20,True,1,True,0,0,False,15,14,True,14,5,True,1,2,True,"{""normalized_species_exact"": 16}",NCTC 12939; ATCC 23343; CCUG 51313; CCUG 49628; CCUG 15660; CCUG 15655; CCUG 15654; CCUG 15653; CCUG 15652; CCUG 15651; CCUG 15649; CCUG 15648; CCUG 15647; CCUG 15646; CCUG 13791; RHMU 008; CCUG 13790; RHMU 002; CCUG 218; NCTC 8016,WRAIR 286,,"Human wound toe,50-yr-old man,tsunami victim; Human blood,56-yr-old man,lymphoma; Human blood,fatal case,vietnamese subject; Clay,wet,40cm deep on property of CCUG 15646; Ovine lung and spleen abscess"
proteome:UP000002515,312,target_bacteria,proteome,pseudomonas syringae,Pseudomonas syringae pv. tomato (strain ATCC BAA-871 / DC3000),bacdive_species_exact_name_match,validated_species_exact_name,not_candidate_row,5,0,164,82,81,164,True,2,True,68,17,True,59,57,True,50,19,True,14,15,True,"{""normalized_species_exact"": 82}",STI11189; SF002761; SF002744; JCM 14317; ATCC 11365; CFBP 1512; ICMP 3079; JCM 14314; ATCC 7389; ICMP 3881; ICMP 5036; NCPPB 1015; NRRL B-855; IMI 349393; IMI 349392; IMI 349204; IMI 349170; IMI 347733; IMI 347732; IMI 347448,"IMET 11189; 11190; FSU-2744; CRAPAV013, PsaveCRAPAV013; I 201; 685; J1; 221, 283; 44/2b; MP 65; MP50; 133, 281; N.A.3; 6; PC 17; 247; 248, 286; PA 13; 16.1; Ps268",Nutrient Agar (NA); Glucose-Peptone (GP) medium; TRYPTICASE SOY BROTH AGAR (DSMZ Medium 535); NUTRIENT AGAR (DSMZ Medium 1); GLUCOSE YEAST EXTRACT MEDIUM (DSMZ Medium 54),Jerusalem artichoke; Cynara scolymus; Citrus limon; Sorghum vulgar var. sudanense; Sorghum vulgare
proteome:UP000001436,268,target_bacteria,proteome,ralstonia pseudosolanacearum,Ralstonia nicotianae (strain ATCC BAA-1114 / GMI1000) (Ralstonia solanacearum),bacdive_species_exact_name_match,validated_species_exact_name,not_candidate_row,5,0,2,1,1,3,True,1,True,0,0,False,0,0,False,0,0,False,1,3,True,"{""normalized_species_exact"": 1}",LMG 9673; NCPPB 1029; NCPPB 10229,UQRS 461,,
proteome:UP000000765,151,target_bacteria,proteome,mycobacterium ulcerans,Mycobacterium ulcerans (strain Agy99),bacdive_species_exact_name_match,validated_species_exact_name,not_candidate_row,4,0,2,1,1,3,True,1,True,0,0,False,0,0,False,0,0,False,1,1,True,"{""normalized_species_exact"": 1}",NCTC 10417; ATCC 19423; DSM 44154,,,
proteome:UP000000790,62,target_bacteria,proteome,lactobacillus helveticus,Lactobacillus helveticus (strain DPC 4571),bacdive_species_exact_name_match,validated_species_exact_name,not_candidate_row,4,0,48,24,24,98,True,1,True,14,8,True,10,13,True,3,3,True,10,14,True,"{""normalized_species_exact"": 24}",CRBIP24.65; CRBIP24.55; CRBIP24.54; CRBIP24.47; JCM 20397; IAM 12090; JCM 20023; ATU L-21; IAM 1042; JCM 1103; LMG 18183; JCM 1062; BCRC 14035; LMG 18182; JCM 1008; ATCC 8018; CECT 414; LMG 11449; NCDO 262; NCIMB 8025,"64 AB; 60 B; 60 A; 61 BZ; B2; J5; H-80; 5; J2; H2; CBP1; 12, Lh12","De Man, Rogosa and Sharpe Agar; Trypticase Soy Agar; CIP Medium 40; MEDIUM 40- for Lactobacillus and Leuconostoc; MEDIUM 41- for Lactobacillus, Leuconostoc, Weissella, Pediococcus, Sporolactobacillus inulinus","Therapeutic strain; Food, Brie cheese; Milk; Dairy products; Swiss cheese starter"
proteome:UP000008555,107,target_bacteria,proteome,coxiella burnetii,Coxiella burnetii (strain Dugway 5J108-111),bacdive_species_exact_name_match,validated_species_exact_name,not_candidate_row,4,0,2,1,1,1,True,1,True,0,0,False,0,0,False,0,0,False,0,0,False,"{""normalized_species_exact"": 1}",ATCC VR-615,,,
proteome:UP000001177,125,target_bacteria,proteome,neisseria meningitidis,Neisseria meningitidis serogroup C (strain 053442),bacdive_species_exact_name_match,validated_species_exact_name,not_candidate_row,6,0,314,157,157,184,True,1,True,61,8,True,87,39,True,91,19,True,6,7,True,"{""normalized_species_exact"": 157}",CCUG 63283; CCUG 61453; CCUG 61452; CCUG 61451; CCUG 61450; CCUG 56352; CCUG 55614; CCUG 48617; CCUG 48110; CCUG 47928; CCUG 47926; CCUG 47925; CCUG 47924; CCUG 45715; CCUG 45087; CCUG 42381; CCUG 42380; CCUG 42379; CCUG 41483; CCUG 41447,"M2092; M 1628, LNP 1914; LNP 3971; LNP 1291, M 992; 1290, M 982, LNP 1520; LNP 1519, 1289, M 1080; 1288, M 981, LNP 1518; M 990, 1287, LNP 1517; LNP 3969; C109; 18/68, LNP 1915; Z2491; LNP 636, M 521; B32; C111, Conde; Nguyen, R 599; Charv; LNP 2401, S 3446-1; Leroy; 20/68, LNP 1917","MEDIUM 10 - Chocolate medium  for Actinobacillus pleuropneumoniae, Capnocytophaga cynodegmi, Haemophilus and Neisseria; CIP Medium 10; CIP Medium 10_BIORAD; MEDIUM 3 - Columbia agar; CIP Medium 3","Human blood; Human blood,18-yr-old man; Human blood,79-yr-old woman; Human blood,49-yr-old woman; Human blood,76-yr-old woman"
taxon:360115|organism:coxiella burnetii (strain rsa 331 / henzerling ii),106,target_bacteria,taxon_organism,coxiella burnetii,Coxiella burnetii (strain RSA 331 / Henzerling II),bacdive_species_exact_name_match,validated_species_exact_name,not_candidate_row,2,0,2,1,1,1,True,1,True,0,0,False,0,0,False,0,0,False,0,0,False,"{""normalized_species_exact"": 1}",ATCC VR-615,,,
proteome:UP000001190,141,target_bacteria,proteome,mycobacterium marinum,Mycobacterium marinum (strain ATCC BAA-535 / M),bacdive_species_exact_name_match,validated_species_exact_name,not_candidate_row,5,0,24,12,12,34,True,1,True,7,9,True,4,6,True,3,3,True,3,7,True,"{""normalized_species_exact"": 12}",CCUG 47951; CCUG 32221; CCUG 32220; CCUG 32219; CCUG 533; CIP 64.23; DSM 44750; ATCC 11564; DSM 44345; ATCC 11567; NCIMB 1482; NCTC 10012; DSM 44344; ATCC 927; NCIMB 1297; NCMB 1303; NCTC 2275; TMC 1218; JCM 17638; CCUG 20998,V; 140120001; Lausanne 1848; Simon,MEDIUM 55 - for Mycobacterium; CIP Medium 55; MIDDLEBROOK MEDIUM (DSMZ Medium 645); BUG; BHI,"Human skin biopsy,58-yr-old man; human elbow lesion; swimming pool; dead fish in aquarium; Fish tuberculosis lesion"
proteome:UP000002564,105,target_bacteria,proteome,neisseria gonorrhoeae,Neisseria gonorrhoeae (strain NCCP11945),bacdive_species_exact_name_match,validated_species_exact_name,not_candidate_row,4,0,188,94,94,121,True,1,True,25,4,True,57,16,True,54,17,True,2,6,True,"{""normalized_species_exact"": 94}",DSM 116748; NCCP 11948; DSM 116747; NCCP 11943; DSM 116745; NCCP 11384; DSM 116746; NCCP 11391; JCM 2885; CCUG 57602; CCUG 57601; CCUG 57600; CCUG 57599; CCUG 57598; CCUG 57597; CCUG 57596; CCUG 57595; CCUG 49680; CCUG 47325; CCUG 41813,"10; Te, LNP 5926; LNP 3441, E; D, LNP 3363; LNP 3366, B; A, LNP 3279; V; LNP 9429; MS11; 11; 8658; LNP 1337; LRA 011 06 86, 6-73389; LNP 3361, C; LNP 1745; 89-018314, F-18, P935; B5025, B 5025","COLUMBIA BLOOD MEDIUM (DSMZ Medium 693); MEDIUM 10 - Chocolate medium  for Actinobacillus pleuropneumoniae, Capnocytophaga cynodegmi, Haemophilus and Neisseria; CIP Medium 10; CHOCOLATE AGAR (DSMZ Medium 429b)","ascites (human); clinical specimen; clinical specimen (human); Human,urogenital; Human abscess,forearm,53-yr-old man"
taxon:434923|organism:coxiella burnetii (strain cbug_q212) (coxiella burnetii (strain q212)),74,target_bacteria,taxon_organism,coxiella burnetii,Coxiella burnetii (strain CbuG_Q212) (Coxiella burnetii (strain Q212)),bacdive_species_exact_name_match,validated_species_exact_name,not_candidate_row,2,0,2,1,1,1,True,1,True,0,0,False,0,0,False,0,0,False,0,0,False,"{""normalized_species_exact"": 1}",ATCC VR-615,,,
taxon:434924|organism:coxiella burnetii (strain cbuk_q154) (coxiella burnetii (strain q154)),74,target_bacteria,taxon_organism,coxiella burnetii,Coxiella burnetii (strain CbuK_Q154) (Coxiella burnetii (strain Q154)),bacdive_species_exact_name_match,validated_species_exact_name,not_candidate_row,2,0,2,1,1,1,True,1,True,0,0,False,0,0,False,0,0,False,0,0,False,"{""normalized_species_exact"": 1}",ATCC VR-615,,,
proteome:UP000000739,75,target_bacteria,proteome,desulfatibacillum aliphaticivorans,Desulfatibacillum aliphaticivorans,bacdive_species_exact_name_match,validated_species_exact_name,not_candidate_row,4,0,2,1,1,2,True,1,True,1,1,True,1,1,True,1,1,True,1,1,True,"{""normalized_species_exact"": 1}",DSM 15576; ATCC BAA-743,CV2803,DESULFOBACTERIUM MEDIUM (DSMZ Medium 383),marine sediment
proteome:UP000002204,78,target_bacteria,proteome,rhodococcus erythropolis,Rhodococcus erythropolis (strain PR4 / NBRC 100887),bacdive_species_exact_name_match,validated_species_exact_name,not_candidate_row,5,0,152,76,76,209,True,3,True,51,25,True,63,47,True,51,12,True,15,23,True,"{""normalized_species_exact"": 68, ""validated_bacdive_id_from_closure"": 8}",STI07252; LMG 28633; CCM 4446; DSM 113666; JCM 9805; JCM 9804; JCM 9803; JCM 3011; CGMCC 4.1481; IFM 0020; JCM 20186; IAM 1503; JCM 20170; IAM 1452; JCM 20165; IAM 1440; JCM 20161; CIP 104648; IAM 1428; IFO 12540,"IMET 07252; RL1; CCMMB1294, GK12; Stevenage 150518_C15; BG43; ACN1; IFP 192 P; P-8-1; TA 57; Stev11; TUHH-12; NIO-1009; djl-6-2; djl-6; A1-22; 81 N Fr; DTB; MAWF; 404-97, H1aT1, PWD28; N60",TRYPTICASE SOY BROTH AGAR (DSMZ Medium 535); TRYPTICASE SOY YEAST EXTRACT MEDIUM (DSMZ Medium 92); BHI MEDIUM (DSMZ Medium 215); MEDIUM 3 - Columbia agar; CIP Medium 72,Eruca sativa leaf; Gut homogenate of the wood-feeding termite <I>Reticulitermes speratus</I>; Soil in petroleum zone; Soil in an experimental field of the Yayoi Campus of the Univ. of Tokyo; soil polluted with fuel and organic wastes
proteome:UP000002212,101,target_bacteria,proteome,rhodococcus opacus,Rhodococcus opacus (strain B4),bacdive_species_exact_name_match,validated_species_exact_name,not_candidate_row,4,0,62,31,31,68,True,3,True,30,22,True,27,20,True,22,9,True,9,14,True,"{""normalized_species_exact"": 29, ""validated_bacdive_id_from_closure"": 2}",STI07029; CIP 110889; CCMM B1295; DSM 46757; VKM Ac-2638; CIP 107348; DSM 45091; CIP 109333; JCM 13270; MTCC 7085; NCIMB 14316; DSM 44240; CIP 104964; HAMBI 1752; LMAU R292; JCM 10087; DSM 46027; IMET 7365; NCIB 9702; DSM 44855,"IMET 07029; GK 3, GK3; 1CP; R7; RKJ 300; LMAU.R292, HAMBI, MBS 1; R1L6; ROL2; ROL1; ISO-5; 97-319, H3aT3, PWD19; 315-97, PWD15, S1aT1; 304-97, H1aT2, PWD4; Bie-17; GW-86a; 310-97, L1aT1, PWD10; 307-97, PWD7, S2aT5, S<SUB>2</SUB>aT5; 305-97, L2aT3, PWD5; Tue Acy 1; MoAcy1","CIP Medium 29; TRYPTICASE SOY BROTH AGAR (DSMZ Medium 535); MEDIUM 72- for trypto casein soja agar; CIP Medium 72; MEDIUM 116 - for Streptomyces, Nocardia, Streptosporangium and Mycobacterium chlorophenolicum","Environment, Polluted soil, fuel and organic waste; enrichment culture; Environment, Contaminated soil; pesticide-contaminated soil; Pesticide-contaminated soil"
proteome:UP000001416,182,target_bacteria,proteome,nitrosomonas europaea,Nitrosomonas europaea (strain ATCC 19718 / CIP 103999 / KCTC 2705 / NBRC 14298),bacdive_species_exact_name_match,validated_species_exact_name,not_candidate_row,8,0,2,1,1,2,True,1,True,1,1,True,1,1,True,1,1,True,1,2,True,"{""normalized_species_exact"": 1}",DSM 28437; ATCC 25978,Nm50,MEDIUM FOR AMMONIA OXIDIZING BACTERIA (STRAINS FROM SOIL) (DSMZ Medium 1583),soil
proteome:UP000008710,201,target_bacteria,proteome,rhodococcus jostii,Rhodococcus jostii (strain RHA1),bacdive_species_exact_name_match,validated_species_exact_name,not_candidate_row,4,0,2,1,1,8,True,1,True,1,3,True,1,3,True,1,1,True,1,4,True,"{""normalized_species_exact"": 1}",DSM 44719; CCM 4760; IFO 16295; NBRC 16295; JCM 11615; CIP 107459; KCTC 19938; NCIMB 14263,,TRYPTICASE SOY BROTH AGAR (DSMZ Medium 535); MEDIUM 72- for trypto casein soja agar; CIP Medium 72,femur in the grave; Femur of the remains in a medieval grave; Grave
proteome:UP000001977,158,target_bacteria,proteome,bordetella avium,Bordetella avium (strain 197N),bacdive_species_exact_name_match,validated_species_exact_name,not_candidate_row,4,0,10,5,5,13,True,1,True,3,11,True,4,6,True,4,2,True,1,2,True,"{""normalized_species_exact"": 5}",CRBIP4.108; BOR 108; CCUG 14271; CCUG 14270; LMG 1851; CIP 103004; DSM 11332; ATCC 35086; CCUG 13726; LMG 1852; Hinz 591-77; CIP 103348; NCTC 12033,BAV 7; Hervouet,CIP Medium 21; MEDIUM 3 - Columbia agar; CIP Medium 3; CIP Medium 72; COLUMBIA BLOOD MEDIUM (DSMZ Medium 693),"Human; Turkey respiratory tract,coryza; Animal, Chicken, trachea; turkey, air sac exudate; Turkey poults respiratory tract (Air sac exudate)"
proteome:UP000008808,98,target_bacteria,proteome,erythrobacter litoralis,Erythrobacter litoralis (strain HTCC2594),bacdive_species_exact_name_match,validated_species_exact_name,not_candidate_row,4,0,2,1,1,3,True,1,True,1,3,True,1,3,True,1,1,True,1,2,True,"{""normalized_species_exact"": 1}",DSM 8509; IAM 14332; CIP 106926,T4,ERYTHROMICROBIUM AND ROSEOCOCCUS MEDIUM (DSMZ Medium 767); Marine agar (MA); CIP Medium 13,cyanobacterial mat; marine cyanobacterial mat in a supralitoral zone; Cyanobacterial mat
proteome:UP000000433,99,target_bacteria,proteome,dehalococcoides mccartyi,Dehalococcoides mccartyi (strain CBDB1),bacdive_species_exact_name_match,validated_species_exact_name,not_candidate_row,4,0,2,1,1,2,True,1,True,0,0,False,1,2,True,1,1,True,1,1,True,"{""normalized_species_exact"": 1}",ATCC BAA-2266; KCTC 15142,195,,bioreactor; From anaerobic reactor seeded with digester sludge from a wastewater treatment plant
proteome:UP000000551,266,target_bacteria,proteome,pseudomonas savastanoi,Pseudomonas savastanoi pv. phaseolicola (strain 1448A / Race 6) (Pseudomonas syringae pv. phaseolicola (strain 1448A / Race 6)),bacdive_species_exact_name_match,validated_species_exact_name,not_candidate_row,4,0,18,9,9,36,True,1,True,9,8,True,7,8,True,7,5,True,1,1,True,"{""normalized_species_exact"": 9}",IMI 379776; IMI 379775; CIP 59.13; DSM 50298; ATCC 13492; DSM 60228; NCPPB 64; CCUG 2171; LMG 5011; DSM 50287; DSM 60303; NCPPB 380; DSM 50286; DSM 60298; NCPPB 1373; DSM 50282; DSM 60282; NCPPB 1372; DSM 50267; ATCC 19508,"CDAO 682; 277, 64; PP 6; 2078-S22/2; 2076-31/2; PG2",Nutrient Agar (NA); MEDIUM 3 - Columbia agar; CIP Medium 3; NUTRIENT AGAR (DSMZ Medium 1); GLUCOSE YEAST EXTRACT MEDIUM (DSMZ Medium 54),"Glycine max (L.); <I>Olea europaea</I>; Olive (Olea europaea); <I>Phaseolus vulgaris</I>; <I>Phaseolus vulgaris</I> ""Red Kidney"""
proteome:UP000000535,182,target_bacteria,proteome,neisseria gonorrhoeae,Neisseria gonorrhoeae (strain ATCC 700825 / FA 1090),bacdive_species_exact_name_match,validated_species_exact_name,not_candidate_row,5,0,188,94,94,121,True,1,True,25,4,True,57,16,True,54,17,True,2,6,True,"{""normalized_species_exact"": 94}",DSM 116748; NCCP 11948; DSM 116747; NCCP 11943; DSM 116745; NCCP 11384; DSM 116746; NCCP 11391; JCM 2885; CCUG 57602; CCUG 57601; CCUG 57600; CCUG 57599; CCUG 57598; CCUG 57597; CCUG 57596; CCUG 57595; CCUG 49680; CCUG 47325; CCUG 41813,"10; Te, LNP 5926; LNP 3441, E; D, LNP 3363; LNP 3366, B; A, LNP 3279; V; LNP 9429; MS11; 11; 8658; LNP 1337; LRA 011 06 86, 6-73389; LNP 3361, C; LNP 1745; 89-018314, F-18, P935; B5025, B 5025","COLUMBIA BLOOD MEDIUM (DSMZ Medium 693); MEDIUM 10 - Chocolate medium  for Actinobacillus pleuropneumoniae, Capnocytophaga cynodegmi, Haemophilus and Neisseria; CIP Medium 10; CHOCOLATE AGAR (DSMZ Medium 429b)","ascites (human); clinical specimen; clinical specimen (human); Human,urogenital; Human abscess,forearm,53-yr-old man"
proteome:UP000006381,90,target_bacteria,proteome,lactobacillus acidophilus,Lactobacillus acidophilus (strain ATCC 700396 / NCK56 / N2 / NCFM),bacdive_species_exact_name_match,validated_species_exact_name,not_candidate_row,5,0,72,36,36,107,True,1,True,18,6,True,31,29,True,19,5,True,3,10,True,"{""normalized_species_exact"": 36}",CRBIP24.142; CRBIP24.117; JCM 7711; JCM 1229; KCTC 3168; JCM 11047; JCM 1035; KCTC 3152; JCM 1034; KCTC 3151; JCM 1033; KCTC 3150; JCM 1028; KCTC 3145; LMG 18178; CCUG 37804; CCUG 34264; CCUG 33386 A; CCUG 30632; CCUG 30451,"A31; 61N; 219-86; 174-86; 184.85; 65 AC; Pak; A18; 43; 4B; R-1-1; L917, Scav; A 16","De Man, Rogosa and Sharpe Agar; Trypticase Soy Agar; CIP Medium 40; MEDIUM 40- for Lactobacillus and Leuconostoc; MRS MEDIUM (DSMZ Medium 11)",Intestinal strain; Child; Human intestine; Human feces; Swine intestine
proteome:UP000006820,202,target_bacteria,proteome,nocardia farcinica,Nocardia farcinica (strain IFM 10152),bacdive_species_exact_name_match,validated_species_exact_name,not_candidate_row,4,0,138,69,68,150,True,1,True,21,17,True,42,39,True,40,10,True,3,5,True,"{""normalized_species_exact"": 69}",CRBIP17.117; JCM 6410; JCM 15878; IFM 0275; JCM 15871; IFM 0225; JCM 15865; IFM 0174; JCM 15864; IFM 0173; JCM 15863; IFM 0172; JCM 15862; IFM 0171; JCM 15861; IFM 0170; JCM 15860; IFM 0169; JCM 15844; IFM 0046,"CIMB 05-1450; A-0316; STI07453(IMET), N66, B9; STH00029; STH00028; A 123; S651; S560; 844, GA 880 (N 119), N 705; GA 919 (N 164), M 258; S647, 24 Foal Blackwell, Schering 273; S738, Schering 257, A-0002; S390, Noc. 1; S644; S643, 51.5; S641, N22; N 1 (strain Berlin)","CIP Medium 6; MEDIUM 57 - for Streptomyces, Nocardioides, Lentzea albidocapillata and Streptoverticillium reticulum; CIP Medium 57; MEDIUM 146 - for Nocardia farcinica and Nocardia pseudosporangifera; CIP Medium 146","Human, Blood; Sputum of a patient with lung disease; Vitreous body of a patient with uveitis; Sputum; Human blood,45-yr-old female"
proteome:UP000000577,197,target_bacteria,proteome,geobacter sulfurreducens,Geobacter sulfurreducens (strain ATCC 51573 / DSM 12127 / PCA),bacdive_species_exact_name_match,validated_species_exact_name,not_candidate_row,7,0,8,2,2,4,True,2,True,2,1,True,2,3,True,2,2,True,1,1,True,"{""base_binomial_match_or_subspecies"": 2}",DSM 12127; ATCC 51573; DSM 26126; JCM 18752,PCA; OSK2A,GEOBACTER SULFURREDUCENS MEDIUM (DSMZ Medium 826),ditch surface sediment; mud from lotus field; Lotus field sediments in Aichi
proteome:UP000000581,84,target_bacteria,proteome,lactobacillus johnsonii,Lactobacillus johnsonii (strain CNCM I-12250 / La1 / NCC 533),bacdive_species_exact_name_match,validated_species_exact_name,not_candidate_row,4,0,30,15,15,63,True,1,True,10,5,True,12,16,True,6,5,True,3,4,True,"{""normalized_species_exact"": 15}",JCM 8792; LMG 18205; JCM 8791; LMG 18204; JCM 5812; BCRC 14037; LMG 18193; JCM 1022; KCTC 3141; LMG 18175; DSM 108981; DSM 106897; CCUG 31413; JCM 8793; LMG 18206; CIP 103782; CIP 71.34; NCDO 3; CIP 103622; VPI 11696,"Cla-CZ-4; WCA-380-WT-3D; 63E, 55 098 301; A20; Omniflora; MIII-1B.7-2; D3",BIFIDOBACTERIUM MEDIUM (DSMZ Medium 58); WILKINS-CHALGREN ANAEROBE BROTH (DSMZ Medium 339); MEDIUM 40- for Lactobacillus and Leuconostoc; CIP Medium 40; MRS MEDIUM (DSMZ Medium 11),"Calf feces; Human feces; Pharmaceutical preparation; Human intestine; chicken cecal content, adult"
proteome:UP000002676,221,target_bacteria,proteome,bordetella pertussis,Bordetella pertussis (strain Tohama I / ATCC BAA-589 / NCTC 13251),bacdive_species_exact_name_match,validated_species_exact_name,not_candidate_row,8,0,398,199,199,311,True,1,True,121,9,True,170,57,True,166,3,True,3,5,True,"{""normalized_species_exact"": 199}",CRBIP4.211; CRBIP4.210; CRBIP4.206; BOR 206; CRBIP4.205; CRBIP4.204; BOR 204; CRBIP4.203; BOR 203; CRBIP4.193; BOR 193; CRBIP4.192; BOR 192; CRBIP4.191; BOR 191; CRBIP4.190; BOR 190; CRBIP4.189; BOR 189; CRBIP4.188,"B 902; FIN 12, PRCB 309; FR0778; FR0750; FR0738; FR0008; RN162; RN154; RN127; RN086; RN50; RN029; FR1159; FR1157; FR1149; FR1147; FR1139; FR1117; FR1116; FR1113",CIP Medium 21; CIP Medium 1; MEDIUM 21 - for Bordetella; MEDIUM 440 - for Bordetella; CIP Medium 440,"Human, Nasopharyngial aspirate; Human; Human, Nasal swab; Human, Nasal aspiration; Human, Throat"
proteome:UP000001421,224,target_bacteria,proteome,bordetella parapertussis,Bordetella parapertussis (strain 12822 / ATCC BAA-587 / NCTC 13253),bacdive_species_exact_name_match,validated_species_exact_name,not_candidate_row,6,0,92,46,46,67,True,1,True,21,9,True,37,23,True,37,3,True,3,6,True,"{""normalized_species_exact"": 46}",CRBIP4.198; BOR 198; CRBIP4.197; BOR 197; CRBIP4.196; BOR 196; CRBIP4.195; BOR 195; CRBIP4.194; BOR 194; CRBIP4.187; BOR 187; CRBIP4.186; BOR 186; CRBIP4.185; BOR 185; CRBIP4.184; BOR 184; CRBIP4.183; BOR 183,"BPP012; BPP11; BPP010; BPP009; BPP008; BPP007; BPP006; BPP005; BPP004; BPP003; Irène; 1074; 22651 L2; R342, 756; 1111, R343; 210, R341; 1333; 17903 L4; 143, R340; 522",CIP Medium 21; MEDIUM 21 - for Bordetella; MEDIUM 440 - for Bordetella; CIP Medium 440; MEDIUM 72- for trypto casein soja agar,"Human, Nasopharyngial aspirate; Human; Human sputum,3-yr-old boy,cystic fibrosis; Human nasopharynx; Human nasopharynx,7-yr-old girl"
proteome:UP000001027,240,target_bacteria,proteome,bordetella bronchiseptica,Bordetella bronchiseptica (strain ATCC BAA-588 / NCTC 13252 / RB50) (Alcaligenes bronchisepticus),bacdive_species_exact_name_match,validated_species_exact_name,not_candidate_row,6,0,118,59,59,81,True,1,True,20,10,True,45,31,True,42,4,True,2,3,True,"{""normalized_species_exact"": 59}",CRBIP4.202; BOR 202; CRBIP4.201; BOR 201; CRBIP4.200; BOR 200; CRBIP4.199; BOR 199; CCUG 60853; CCUG 56928; CCUG 55529; CCUG 54609; CCUG 53629; CCUG 49062; CCUG 47614; CCUG 47609; CCUG 47499; CCUG 47271; CCUG 47159; CCUG 47033,"CB 44; CB 43; FR3025; ECL; VI; III; I; 10970, R978; 10668, R976; R975, 10476; R974, 10302; R973, 10111; 277-86; 10868, R977; 10035, R972; 10111, R971; R970, 9950; B-140",CIP Medium 21; MEDIUM 3 - Columbia agar; CIP Medium 3; MEDIUM 72- for trypto casein soja agar; CIP Medium 72,"Animal, Dog, nasal aspirate; Human, Lung; Animal, Horse; Human sputum,37-yr-old woman,cystic fibrosis; Human sputum,35-yr-old woman,cystic fibrosis"
proteome:UP000002671,146,target_bacteria,proteome,coxiella burnetii,Coxiella burnetii (strain RSA 493 / Nine Mile phase I),bacdive_species_exact_name_match,validated_species_exact_name,not_candidate_row,4,0,2,1,1,1,True,1,True,0,0,False,0,0,False,0,0,False,0,0,False,"{""normalized_species_exact"": 1}",ATCC VR-615,,,
proteome:UP000000425,231,target_bacteria,proteome,neisseria meningitidis,Neisseria meningitidis serogroup B (strain ATCC BAA-335 / MC58),bacdive_species_exact_name_match,validated_species_exact_name,not_candidate_row,7,0,314,157,157,184,True,1,True,61,8,True,87,39,True,91,19,True,6,7,True,"{""normalized_species_exact"": 157}",CCUG 63283; CCUG 61453; CCUG 61452; CCUG 61451; CCUG 61450; CCUG 56352; CCUG 55614; CCUG 48617; CCUG 48110; CCUG 47928; CCUG 47926; CCUG 47925; CCUG 47924; CCUG 45715; CCUG 45087; CCUG 42381; CCUG 42380; CCUG 42379; CCUG 41483; CCUG 41447,"M2092; M 1628, LNP 1914; LNP 3971; LNP 1291, M 992; 1290, M 982, LNP 1520; LNP 1519, 1289, M 1080; 1288, M 981, LNP 1518; M 990, 1287, LNP 1517; LNP 3969; C109; 18/68, LNP 1915; Z2491; LNP 636, M 521; B32; C111, Conde; Nguyen, R 599; Charv; LNP 2401, S 3446-1; Leroy; 20/68, LNP 1917","MEDIUM 10 - Chocolate medium  for Actinobacillus pleuropneumoniae, Capnocytophaga cynodegmi, Haemophilus and Neisseria; CIP Medium 10; CIP Medium 10_BIORAD; MEDIUM 3 - Columbia agar; CIP Medium 3","Human blood; Human blood,18-yr-old man; Human blood,79-yr-old woman; Human blood,49-yr-old woman; Human blood,76-yr-old woman"
proteome:UP000001574,157,target_bacteria,proteome,mycobacterium avium,Mycobacterium avium (strain 104),bacdive_species_exact_name_match,validated_species_exact_name,not_candidate_row,4,0,98,49,49,88,True,3,True,27,14,True,34,31,True,22,8,True,6,9,True,"{""base_binomial_match_or_subspecies"": 15, ""normalized_species_exact"": 34}",CRBIP7.166; CIPT 166; CRBIP7.148; CIPT 148; CRBIP7.147; CIPT 147; CRBIP7.146; CIPT 146; CRBIP7.144; CIPT 144; CRBIP7.143; CIPT 143; CRBIP7.140; CIPT 140; CRBIP7.138; CIPT 138; DSM 108962; JCM 34074; JCM 34073; JCM 34072,"140310094; 1602-1965, 140310073; Nutson 1784-286, 14310072; STB 42, 140310071; 34540, 14310069; 14310068, 25546-759; 140310065, 6194; 140310064, 11907-300; JIII-386; 140310067; 4138; 68257; 27497; TB795/95; 1001; JC31; 4355387; 6409; 1351; chicken AHT 1",Löwenstein-Jensen Medium; MIDDLEBROOK MEDIUM (DSMZ Medium 645); MEDIUM 96 - for Mycobacterium avium subsp. paratuberculosis; CIP Medium 96; MEDIUM 93 - for Mycobacterium avium subsp. sylvaticum,"ileal mucosa, sheep from migrating sheep herd; Sputum of a patient; Sputum of a patient with pulmonary <I>Mycobacterium avium</I> complex (MAC) disease; Bathroom of a patient with pulmonary <I>Mycobacterium avium</I> complex (MAC) disease; Sparrow liver"
proteome:UP000001472,184,target_bacteria,proteome,mycobacterium tuberculosis,Mycobacterium bovis (strain BCG / Pasteur 1173P2),bacdive_species_exact_name_match,validated_species_exact_name,not_candidate_row,6,0,368,184,184,317,True,3,True,111,7,True,138,33,True,134,10,True,6,6,True,"{""normalized_species_exact"": 78, ""validated_bacdive_id_from_closure"": 106}",CRBIP7.113; CIPT 113; CRBIP7.112; CIPT 112; CRBIP7.108; CIPT 108; CIP 105050; ATCC 35734; CCUG 38152; TMC 1011; CIP 111338; CIP 111337; CIP 111336; CIP 111335; CIP 111334; CIP 111333; CIP 111332; CIP 111331; CRBIP7.96; CIPT 96,140080007; 140080006; 140080010; 140040001; MYC 4436; MYC 4429; MYC 4426; MYC 4423; MYC 4416; MYC 4404; MYC 4403; MYC 4401; 140020086; 140020085; 140020084; 140020022; 140020021; 140020019; 140020017; 140020016,Löwenstein-Jensen Medium; CIP Medium 72; CIP Medium 55; CIP Medium 750; CIP Medium 267,"Human; Food, Bovine milk; Human, Sputum; Animal, Cow, lymphatic node; Human, Meningitis"
taxon:336982|organism:mycobacterium tuberculosis (strain f11),10,target_bacteria,taxon_organism,mycobacterium tuberculosis,Mycobacterium tuberculosis (strain F11),bacdive_species_exact_name_match,validated_species_exact_name,not_candidate_row,4,0,368,184,184,317,True,3,True,111,7,True,138,33,True,134,10,True,6,6,True,"{""normalized_species_exact"": 78, ""validated_bacdive_id_from_closure"": 106}",CRBIP7.113; CIPT 113; CRBIP7.112; CIPT 112; CRBIP7.108; CIPT 108; CIP 105050; ATCC 35734; CCUG 38152; TMC 1011; CIP 111338; CIP 111337; CIP 111336; CIP 111335; CIP 111334; CIP 111333; CIP 111332; CIP 111331; CRBIP7.96; CIPT 96,140080007; 140080006; 140080010; 140040001; MYC 4436; MYC 4429; MYC 4426; MYC 4423; MYC 4416; MYC 4404; MYC 4403; MYC 4401; 140020086; 140020085; 140020084; 140020022; 140020021; 140020019; 140020017; 140020016,Löwenstein-Jensen Medium; CIP Medium 72; CIP Medium 55; CIP Medium 750; CIP Medium 267,"Human; Food, Bovine milk; Human, Sputum; Animal, Cow, lymphatic node; Human, Meningitis"
proteome:UP000001988,187,target_bacteria,proteome,mycobacterium tuberculosis,Mycobacterium tuberculosis (strain ATCC 25177 / H37Ra),bacdive_species_exact_name_match,validated_species_exact_name,not_candidate_row,7,0,368,184,184,317,True,3,True,111,7,True,138,33,True,134,10,True,6,6,True,"{""normalized_species_exact"": 78, ""validated_bacdive_id_from_closure"": 106}",CRBIP7.113; CIPT 113; CRBIP7.112; CIPT 112; CRBIP7.108; CIPT 108; CIP 105050; ATCC 35734; CCUG 38152; TMC 1011; CIP 111338; CIP 111337; CIP 111336; CIP 111335; CIP 111334; CIP 111333; CIP 111332; CIP 111331; CRBIP7.96; CIPT 96,140080007; 140080006; 140080010; 140040001; MYC 4436; MYC 4429; MYC 4426; MYC 4423; MYC 4416; MYC 4404; MYC 4403; MYC 4401; 140020086; 140020085; 140020084; 140020022; 140020021; 140020019; 140020017; 140020016,Löwenstein-Jensen Medium; CIP Medium 72; CIP Medium 55; CIP Medium 750; CIP Medium 267,"Human; Food, Bovine milk; Human, Sputum; Animal, Cow, lymphatic node; Human, Meningitis"
proteome:UP000002157,206,target_bacteria,proteome,pseudomonas putida,Pseudomonas putida (strain GB-1),bacdive_species_exact_name_match,validated_species_exact_name,not_candidate_row,6,0,260,130,130,297,True,1,True,67,25,True,89,77,True,70,18,True,18,33,True,"{""normalized_species_exact"": 130}",DSM 114486; DSM 116510; DSM 116234; DSM 115323; JCM 9802; JCM 9800; JCM 9045; JCM 20228; IAM 1629; JCM 20188; ATCC 4359; IAM 1506; JCM 20129; IAM 1250; JCM 20120; IAM 1235; JCM 20112; ATCC 17464; IAM 1219; JCM 20111,"NiuAA7; 116510; 116234; Thor-Nr. 1021; MD 7.3; 776.85; 340-86; 25300, 642-85; A3/9; AmMs 106; TEC1 91-delta 1; S13.1.2; TEC1 407-delta1; TEC1 407.3-delta2; TEC1 407.1-delta 2; TEC1; Z2; SQ1; STI11318; B6-2",COLUMBIA BLOOD MEDIUM (DSMZ Medium 693); TRYPTICASE SOY YEAST EXTRACT MEDIUM (DSMZ Medium 92); MEDIUM 3 - Columbia agar; CIP Medium 3; CIP Medium 72,"Maize root grown in field soil; Urine; Swab; paint; Activated sludge,by enrichment with biphenyl as the sole source of carbon and energy"
proteome:UP000008839,138,target_bacteria,proteome,acinetobacter baumannii,Acinetobacter baumannii (strain ACICU),bacdive_species_exact_name_match,validated_species_exact_name,not_candidate_row,6,0,312,156,156,241,True,1,True,138,17,True,113,58,True,119,12,True,34,94,True,"{""normalized_species_exact"": 156}",CIP 111206; CIP 111205; CIP 111204; CIP 111174; CIP 111173; CIP 111172; CIP 111171; CIP 110968; CIP 200364; CRBIP17.4; DSM 111794; DSM 102935; SG 1351; DSM 102934; SG 1324; DSM 102933; SG 1306; DSM 102932; SG 1284; DSM 102931,"BM4426, A248; BM4425, A58; BM4424, V4, B4424; BM4423, A34; BM4422, M19; BM4421, A33; BM4420, A35; Blanc; CIMB4, CIMB 04-7017; UKK_0172; UKK-172; Phage host; G7; A640 II; R4; BM4701; 38 bis; 7788; AMA-1; Valentin",CIP Medium 72; CIP Medium 9; TRYPTICASE SOY YEAST EXTRACT MEDIUM (DSMZ Medium 92); COLUMBIA BLOOD MEDIUM (DSMZ Medium 693); NUTRIENT AGAR (DSMZ Medium 1),"Human; Human, Sputum; Human, Urine; tracheal secretion sample; strain isolated from 80 year old patient; wound swab"
proteome:UP000001191,134,target_bacteria,proteome,nostoc punctiforme,Nostoc punctiforme (strain ATCC 29133 / PCC 73102),bacdive_species_exact_name_match,validated_species_exact_name,not_candidate_row,5,0,10,5,5,8,True,0,False,5,1,True,5,4,True,5,2,True,0,0,False,"{""normalized_species_exact"": 5}",DSM 114169; DSM 114167; DSM 101384; CCY 1412; DSM 101381; CCY 1409; DSM 101380; CCY 1408,Nostoc sp. 40.5; Nostoc sp. 73.1,CYANOBACTERIA MEDIUM BG11 - (DSMZ Medium 1592),Cycad corilline root of Macrozamia communis; Cycad corilline root of Macrozamia serpentina; sediment; microbial mat on sediment
proteome:UP000006924,128,target_bacteria,proteome,acinetobacter baumannii,Acinetobacter baumannii (strain AB307-0294),bacdive_species_exact_name_match,validated_species_exact_name,not_candidate_row,6,0,312,156,156,241,True,1,True,138,17,True,113,58,True,119,12,True,34,94,True,"{""normalized_species_exact"": 156}",CIP 111206; CIP 111205; CIP 111204; CIP 111174; CIP 111173; CIP 111172; CIP 111171; CIP 110968; CIP 200364; CRBIP17.4; DSM 111794; DSM 102935; SG 1351; DSM 102934; SG 1324; DSM 102933; SG 1306; DSM 102932; SG 1284; DSM 102931,"BM4426, A248; BM4425, A58; BM4424, V4, B4424; BM4423, A34; BM4422, M19; BM4421, A33; BM4420, A35; Blanc; CIMB4, CIMB 04-7017; UKK_0172; UKK-172; Phage host; G7; A640 II; R4; BM4701; 38 bis; 7788; AMA-1; Valentin",CIP Medium 72; CIP Medium 9; TRYPTICASE SOY YEAST EXTRACT MEDIUM (DSMZ Medium 92); COLUMBIA BLOOD MEDIUM (DSMZ Medium 693); NUTRIENT AGAR (DSMZ Medium 1),"Human; Human, Sputum; Human, Urine; tracheal secretion sample; strain isolated from 80 year old patient; wound swab"
proteome:UP000007094,121,target_bacteria,proteome,acinetobacter baumannii,Acinetobacter baumannii (strain AB0057),bacdive_species_exact_name_match,validated_species_exact_name,not_candidate_row,6,0,312,156,156,241,True,1,True,138,17,True,113,58,True,119,12,True,34,94,True,"{""normalized_species_exact"": 156}",CIP 111206; CIP 111205; CIP 111204; CIP 111174; CIP 111173; CIP 111172; CIP 111171; CIP 110968; CIP 200364; CRBIP17.4; DSM 111794; DSM 102935; SG 1351; DSM 102934; SG 1324; DSM 102933; SG 1306; DSM 102932; SG 1284; DSM 102931,"BM4426, A248; BM4425, A58; BM4424, V4, B4424; BM4423, A34; BM4422, M19; BM4421, A33; BM4420, A35; Blanc; CIMB4, CIMB 04-7017; UKK_0172; UKK-172; Phage host; G7; A640 II; R4; BM4701; 38 bis; 7788; AMA-1; Valentin",CIP Medium 72; CIP Medium 9; TRYPTICASE SOY YEAST EXTRACT MEDIUM (DSMZ Medium 92); COLUMBIA BLOOD MEDIUM (DSMZ Medium 693); NUTRIENT AGAR (DSMZ Medium 1),"Human; Human, Sputum; Human, Urine; tracheal secretion sample; strain isolated from 80 year old patient; wound swab"
taxon:557722|organism:pseudomonas aeruginosa (strain lesb58),220,target_bacteria,taxon_organism,pseudomonas aeruginosa,Pseudomonas aeruginosa (strain LESB58),bacdive_species_exact_name_match,validated_species_exact_name,not_candidate_row,4,0,400,200,200,403,True,2,True,173,19,True,92,72,True,79,21,True,31,77,True,"{""normalized_species_exact"": 199, ""validated_bacdive_id_from_closure"": 1}",CIP 77.11; CIP 62.6; CIP 62.5; CIP 62.4; CIP 62.3; CIP 60.92; ATCC 33360; NCTC 11452; CIP 59.43; ATCC 33357; NCTC 11449; CIP 59.40; ATCC 33355; NCTC 11447; CIP 59.39; ATCC 33354; NCTC 11446; CIP 59.37; ATCC 33352; NCTC 11444,"190-76; 59 AH; 60 BL; 61 B; 60 BT; 140; U3433/1955-230; XI/S2/1955-228; A443/1955, 14947/1955; A 486/1955-225; 13335/1955-224; 13264/1952-223; EML534, 4821/1952-222; 958/1953-221; 14811/1955-229; Dowson; 50; 46; 112; 111",MEDIUM 3 - Columbia agar; CIP Medium 3; CIP Medium 72; MEDIUM 72- for trypto casein soja agar; LB (Luria-Bertani) MEDIUM (DSMZ Medium 381),"Swab after tracheotomy; Human, Urine; Cosmetic product; Human, Biliary drain; Human, Sputum"
taxon:561275|organism:mycobacterium bovis (strain bcg / tokyo 172 / atcc 35737 / tmc 1019),144,target_bacteria,taxon_organism,mycobacterium tuberculosis,Mycobacterium bovis (strain BCG / Tokyo 172 / ATCC 35737 / TMC 1019),bacdive_species_exact_name_match,validated_species_exact_name,not_candidate_row,5,0,368,184,184,317,True,3,True,111,7,True,138,33,True,134,10,True,6,6,True,"{""normalized_species_exact"": 78, ""validated_bacdive_id_from_closure"": 106}",CRBIP7.113; CIPT 113; CRBIP7.112; CIPT 112; CRBIP7.108; CIPT 108; CIP 105050; ATCC 35734; CCUG 38152; TMC 1011; CIP 111338; CIP 111337; CIP 111336; CIP 111335; CIP 111334; CIP 111333; CIP 111332; CIP 111331; CRBIP7.96; CIPT 96,140080007; 140080006; 140080010; 140040001; MYC 4436; MYC 4429; MYC 4426; MYC 4423; MYC 4416; MYC 4404; MYC 4403; MYC 4401; 140020086; 140020085; 140020084; 140020022; 140020021; 140020019; 140020017; 140020016,Löwenstein-Jensen Medium; CIP Medium 72; CIP Medium 55; CIP Medium 750; CIP Medium 267,"Human; Food, Bovine milk; Human, Sputum; Animal, Cow, lymphatic node; Human, Meningitis"
proteome:UP000001173,165,target_bacteria,proteome,zymomonas mobilis,Zymomonas mobilis subsp. mobilis (strain ATCC 31821 / ZM4 / CP4),bacdive_species_exact_name_match,validated_species_exact_name,not_candidate_row,5,0,22,11,11,60,True,3,True,11,4,True,6,10,True,5,5,True,8,10,True,"{""base_binomial_match_or_subspecies"": 4, ""normalized_species_exact"": 7}",CIP 102537; NCIMB 8777; DSM 12497; DSM 12496; CCUG 17860; CIP 102538; JCM 20722; LMG 404; NCAIM B.01327; ATCC 10988; NRRL B-806; DSM 12495; DSM 12494; DSM 14017; PROIMI A1; DSM 22645; ATCC 29192; LMG 448; NCIMB 11200; CCUG 17912,CU 1 Rif 2; CU 1; UVS 51; Z 6; AN0101; pZM01 to pZM06,MEDIUM 77 - for Zymomonas mobilis; CIP Medium 77; ZYMOMONAS MEDIUM (DSMZ Medium 10); ZYMOMONAS MOBILIS MEDIUM (DSMZ Medium 1445),"sugar cane juice; spoiled ciders; Cider,sick; Sick cider; fermenting palm sap"
proteome:UP000000653,273,target_bacteria,proteome,pseudomonas aeruginosa,Pseudomonas aeruginosa (strain UCBPP-PA14),bacdive_species_exact_name_match,validated_species_exact_name,not_candidate_row,6,0,400,200,200,403,True,2,True,173,19,True,92,72,True,79,21,True,31,77,True,"{""normalized_species_exact"": 199, ""validated_bacdive_id_from_closure"": 1}",CIP 77.11; CIP 62.6; CIP 62.5; CIP 62.4; CIP 62.3; CIP 60.92; ATCC 33360; NCTC 11452; CIP 59.43; ATCC 33357; NCTC 11449; CIP 59.40; ATCC 33355; NCTC 11447; CIP 59.39; ATCC 33354; NCTC 11446; CIP 59.37; ATCC 33352; NCTC 11444,"190-76; 59 AH; 60 BL; 61 B; 60 BT; 140; U3433/1955-230; XI/S2/1955-228; A443/1955, 14947/1955; A 486/1955-225; 13335/1955-224; 13264/1952-223; EML534, 4821/1952-222; 958/1953-221; 14811/1955-229; Dowson; 50; 46; 112; 111",MEDIUM 3 - Columbia agar; CIP Medium 3; CIP Medium 72; MEDIUM 72- for trypto casein soja agar; LB (Luria-Bertani) MEDIUM (DSMZ Medium 381),"Swab after tracheotomy; Human, Urine; Cosmetic product; Human, Biliary drain; Human, Sputum"
proteome:UP000002704,253,target_bacteria,proteome,pseudomonas fluorescens,Pseudomonas fluorescens (strain Pf0-1),bacdive_species_exact_name_match,validated_species_exact_name,not_candidate_row,4,0,200,100,99,216,True,1,True,53,20,True,80,63,True,65,12,True,8,15,True,"{""normalized_species_exact"": 100}",JCM 2779; AJ 2089; IAM 12405; JCM 20064; ATCC 31419; IAM 1126; JCM 20046; IAM 1092; IFO 12568; NBRC 12568; JCM 20032; ATCC 15917; IAM 1055; JCM 20030; IAM 1051; JCM 20007; ATCC 15916; IAM 1008; JCM 17186; FERM P-11027,"FW300-N2E3; GW456-L13; FW300-N2C3; FW300-N1B4; FW300-N2E2; B-1606; 52-1C; 215-86; 3749; PMW6; B10; BA3SM1; SF002755; PJ253; PWD34; PWD33; 92; ES1-129-5; 1291, LA; 15",NUTRIENT AGAR (DSMZ Medium 1); TRYPTICASE SOY BROTH AGAR (DSMZ Medium 535); Nutrient Agar (NA); Tryptic Soy Agar (TSA); MEDIUM 3 - Columbia agar,Cistern (water); Japan; Waste (creamery waste); ground water; Lactuca sativa
proteome:UP000002533,185,target_bacteria,proteome,anabaena variabilis,Trichormus variabilis (strain ATCC 29413 / PCC 7937) (Anabaena variabilis),bacdive_species_exact_name_match,validated_species_exact_name,not_candidate_row,5,0,2,1,1,6,True,0,False,1,1,True,1,1,True,0,0,False,1,1,True,"{""normalized_species_exact"": 1}",DSM 107003; CCAP 1403/1B; PCC 6309; SAG 1403-4b; ATCC 29211; CCAP 1403/4B,Utrecht P40,CYANOBACTERIA MEDIUM BG11 - (DSMZ Medium 1592),isolated from freshwater before 1952
proteome:UP000008540,263,target_bacteria,proteome,pseudomonas protegens,Pseudomonas fluorescens (strain ATCC BAA-477 / NRRL B-23932 / Pf-5),bacdive_species_exact_name_match,validated_species_exact_name,not_candidate_row,6,0,2,1,1,3,True,1,True,1,5,True,1,1,True,1,1,True,1,2,True,"{""normalized_species_exact"": 1}",DSM 19095; CCOS 2; CFBP 6595,CHA0,LB (Luria-Bertani) MEDIUM (DSMZ Medium 381); NUTRIENT AGAR (DSMZ Medium 1); TRYPTICASE SOY BROTH AGAR (DSMZ Medium 535); TRYPTONE SOYA BROTH (TSB) (DSMZ Medium 545); PSEUDOMONAS AGAR F (DSMZ Medium 907),soil suppressing black root rot of tobacco (<I>Nicotiana glutinosa</I>)
proteome:UP000001168,249,target_bacteria,proteome,shouchella clausii,Shouchella clausii (strain KSM-K16) (Alkalihalobacillus clausii),bacdive_species_exact_name_match,validated_species_exact_name,not_candidate_row,4,0,24,12,12,32,True,1,True,10,5,True,11,9,True,10,7,True,2,3,True,"{""normalized_species_exact"": 10, ""validated_bacdive_id_from_closure"": 2}",CCUG 55167; CCUG 47175; CIP 51.33; DSM 21911; NCCB 100267; DSM 30907; DSM 9785; DSM 9784; NCIMB 10319; DSM 9783; NCIMB 10317; DSM 8716; ATCC 700160; CIP 104718; NCIB 10309; CCUG 47262; NCIMB 10309; LMG 17945; DSM 2525; ATCC 31084,"SC-N012; K2-6; PN 76, Br-F; PN 35, C 374; PN 24, C 372; PN 23, C 360; M-29; PN 46, Y-76; PN 43, 221",MEDIUM 3 - Columbia agar; CIP Medium 72; CIP Medium 3; CASO AGAR (MERCK 105458) (DSMZ Medium 220); ALKALINE NUTRIENT AGAR (DSMZ Medium 31),"Industry; soil from the rhizosphere of sugar cane <i>Saccharum officinarum</i> L.; ROSETTA, spacecraft associated clean room; soil; clay from grass field"
proteome:UP000000580,212,target_bacteria,proteome,mycobacterium avium,Mycolicibacterium paratuberculosis (strain ATCC BAA-968 / K-10) (Mycobacterium paratuberculosis),bacdive_species_exact_name_match,validated_species_exact_name,not_candidate_row,5,0,98,49,49,88,True,3,True,27,14,True,34,31,True,22,8,True,6,9,True,"{""base_binomial_match_or_subspecies"": 15, ""normalized_species_exact"": 34}",CRBIP7.166; CIPT 166; CRBIP7.148; CIPT 148; CRBIP7.147; CIPT 147; CRBIP7.146; CIPT 146; CRBIP7.144; CIPT 144; CRBIP7.143; CIPT 143; CRBIP7.140; CIPT 140; CRBIP7.138; CIPT 138; DSM 108962; JCM 34074; JCM 34073; JCM 34072,"140310094; 1602-1965, 140310073; Nutson 1784-286, 14310072; STB 42, 140310071; 34540, 14310069; 14310068, 25546-759; 140310065, 6194; 140310064, 11907-300; JIII-386; 140310067; 4138; 68257; 27497; TB795/95; 1001; JC31; 4355387; 6409; 1351; chicken AHT 1",Löwenstein-Jensen Medium; MIDDLEBROOK MEDIUM (DSMZ Medium 645); MEDIUM 96 - for Mycobacterium avium subsp. paratuberculosis; CIP Medium 96; MEDIUM 93 - for Mycobacterium avium subsp. sylvaticum,"ileal mucosa, sheep from migrating sheep herd; Sputum of a patient; Sputum of a patient with pulmonary <I>Mycobacterium avium</I> complex (MAC) disease; Bathroom of a patient with pulmonary <I>Mycobacterium avium</I> complex (MAC) disease; Sparrow liver"
proteome:UP000000432,217,target_bacteria,proteome,lactiplantibacillus plantarum,Lactiplantibacillus plantarum (strain ATCC BAA-793 / NCIMB 8826 / WCFS1) (Lactobacillus plantarum),bacdive_species_exact_name_match,validated_species_exact_name,not_candidate_row,6,0,176,88,88,207,True,1,True,40,8,True,80,72,True,64,15,True,8,17,True,"{""base_binomial_match_or_subspecies"": 28, ""normalized_species_exact"": 3, ""validated_bacdive_id_from_closure"": 57}",DSM 115560; CIP 111821; CRBIP24.101; JCM 8348; NRIC 1838; TISTR 926; JCM 8347; NRIC 1837; TISTR 864; JCM 8346; TISTR 862; JCM 8345; TISTR 863; JCM 8344; NRIC 1832; TISTR 861; JCM 8343; JCM 8342; NRIC 1829; TISTR 850,"HUN088, AG30; E1CT; Ge 2; T30PCM38; 92702 54/6; 92702 57/5; 61 P; 61 BH2; 64 L; 62 O; Navarro, 63 J; 61 CA; 348.86; 61 BR3; 61 AL; 61 AF; 61 T; P3; 61 BB; P6, P15","MRS pre-reduced (DSMZ Medium 11b); CIP Medium 40; De Man, Rogosa and Sharpe Agar; Trypticase Soy Agar; MRS MEDIUM (DSMZ Medium 11)","Sheep rumen; Human, Faeces; Khaomak (sweetened rice); Hom-dong (pickled spring onion); Thua-ngok-dong (pickled bean sprouts)"
proteome:UP000002197,156,target_bacteria,proteome,bacteroides fragilis,Bacteroides fragilis (strain YCH46),bacdive_species_exact_name_match,validated_species_exact_name,not_candidate_row,4,0,60,30,30,48,True,2,True,17,11,True,25,21,True,23,9,True,9,14,True,"{""normalized_species_exact"": 28, ""validated_bacdive_id_from_closure"": 2}",DSM 112683; JCM 35879; DSM 24895; KCTC 15964; CGMCC 1.31481; JCM 17587; JCM 17586; JCM 17585; DSM 103647; DSM 103646; DSM 103087; CCUG 54315; CCUG 49424; CCUG 37758; CCUG 36926; CCUG 36902; CCUG 35671; CCUG 35615; CCUG 34457; CCUG 34384,"H4-Clx-6, CLA-AA-H207; HM-216, 2/1/56; NSJ 2; BF8; 638R/pIP417(nimA); COR2-248-WT-1; 10010; 638R; HSP 40; mprl 1843; mprl 1842; mprl 1839, MPRL 1839/MH3; EN-2, Onslow",FASTIDIOUS ANAEROBE BROTH (DSMZ Medium 1203a); COLUMBIA BLOOD MEDIUM (DSMZ Medium 693); CHOPPED MEAT MEDIUM (DSMZ Medium 78); FASTIDIOUS ANAEROBE AGAR (DSMZ Medium 1203); WILKINS-CHALGREN ANAEROBE BROTH (DSMZ Medium 339),"Adult Human(Subject 4), Healthy, Female, Feces; human gut biopsy, clinical sample; Human feces; septicaemic blood; Introduction of plasmid pIP417 from <i>Bacteroides vulgatus</i> to <i>Bacteroides fragilis</i> by conjugational transfer"
proteome:UP000000555,189,target_bacteria,proteome,caldanaerobacter subterraneus,Caldanaerobacter subterraneus subsp. tengcongensis (strain DSM 15242 / JCM 11007 / NBRC 100824 / MB4) (Thermoanaerobacter tengcongensis),bacdive_species_exact_name_match,validated_species_exact_name,not_candidate_row,8,0,17,6,6,12,True,3,True,6,5,True,6,6,True,6,4,True,3,4,True,"{""base_binomial_match_or_subspecies"": 2, ""normalized_species_exact"": 4}",CIP 107100; DSM 15242; CGMCC AS 1.2430; JCM 11007; CGMCC 1.2430; NBRC 100824; DSM 14441; DSM 13054; CNCM I-2383; DSM 13777; KFCC 11116; DSM 15729,SL9; MB4; 7858; KB-1; OCA1,MEDIUM 362 - for Sporanaerobacter acetigenes; CIP Medium 362; THERMOANAEROBACTER KREATINOPHILUS MEDIUM (DSMZ Medium 965); CALDANAEROBACTER MEDIUM (DSMZ Medium 899); RUMINOCLOSTRIDIUM CELLULOLYTICUM (CM3) MEDIUM (DSMZ Medium 520),Oilfield; mixed water and sediment sample; Hot spring; oil–water mixture samples; oil field
proteome:UP000001288,7,target_bacteria,proteome,listeria monocytogenes,Listeria monocytogenes serotype 1/2a (strain 10403S),bacdive_species_exact_name_match,validated_species_exact_name,not_candidate_row,6,0,400,200,199,368,True,1,True,116,10,True,175,91,True,154,13,True,13,34,True,"{""normalized_species_exact"": 200}",CRBIP13.30; CLIP 2698; CRBIP13.146; CLIP 92841; CRBIP13.145; CLIP 92808; CRBIP13.144; CLIP 92733; CRBIP13.143; CLIP 92470; CRBIP13.142; CLIP 92468; CRBIP13.141; CLIP 92456; CRBIP13.140; CLIP 92359; CRBIP13.139; CLIP 92331; CRBIP13.138; CLIP 92306,"87881; FFL 1; FFH; 14, strain 14; 1916; 21; F4N; Esnard; Etevé; V7; LL 347; 19H3; V 1715/51; 556.86; 661.85; 346-79, 23718; 10; L 471; Ki; L120",CIP Medium 72; TRYPTICASE SOY YEAST EXTRACT MEDIUM (DSMZ Medium 92); COLUMBIA BLOOD MEDIUM (DSMZ Medium 693); MEDIUM 72- for trypto casein soja agar; CIP Medium 3,"Human; Food, Milk or dairy product; Food, Meat or meat product; Food, Seafood product; Food, Vegetables"
proteome:UP000001578,207,target_bacteria,proteome,geobacillus thermodenitrificans,Geobacillus thermodenitrificans (strain NG80-2),bacdive_species_exact_name_match,validated_species_exact_name,not_candidate_row,4,0,32,16,16,23,True,2,True,11,3,True,16,11,True,16,9,True,3,3,True,"{""base_binomial_match_or_subspecies"": 11, ""normalized_species_exact"": 5}",JCM 32406; DSM 21923; CCUG 45409; CCUG 44679; CCUG 44674; CCUG 39164; DSM 101594; DSM 28916; DSM 22629; NCIMB 14582; DSM 22628; NCIMB 14581; DSM 22625; NCIMB 14578; DSM 13149; DSM 13148; DSM 13147; DSM 466; ATCC 29493; DSM 465,"PB 1511-3; PA-3; 16-2-A; F84b; F84a; A333; B15 A, R-32625; R-32624, TH 35A; R-32623, TH 33A; E 32-66; L 2-65, R-35647",CASO AGAR (MERCK 105458) (DSMZ Medium 220); TRYPTICASE SOY YEAST EXTRACT MEDIUM (DSMZ Medium 92); NUTRIENT AGAR (DSMZ Medium 1),"Red seaweed (<I>Polyopes lancifolia</I>) collected along with seawater from the coast of Sakenotsu Bay; flax plants; Industry water; Industrial rubber tubing,autoclaved; Drill hole ?"
proteome:UP000000248,67,target_bacteria,proteome,dichelobacter nodosus,Dichelobacter nodosus (strain VCS1703A),bacdive_species_exact_name_match,validated_species_exact_name,not_candidate_row,4,0,4,2,2,9,True,1,True,2,5,True,2,4,True,0,0,False,1,1,True,"{""normalized_species_exact"": 2}",DSM 23057; ATCC 25549; CCUG 27824; CIP 107042; VPI 2340; KCTC 15031; DSM 20708; ATCC 27521; VPI 5731-1,11342; 198A,COLUMBIA BLOOD MEDIUM (DSMZ Medium 693); CHOPPED MEAT MEDIUM (DSMZ Medium 78); MEDIUM 6 - Columbia agar with 10 % horse blood; CIP Medium 564; CIP Medium 6,"foot rot in sheep; Foot rot in sheep; Animal, Foot rot in sheep; animal"
proteome:UP000006694,98,target_bacteria,proteome,flavobacterium johnsoniae,Flavobacterium johnsoniae (strain ATCC 17061 / DSM 2064 / JCM 8514 / BCRC 14874 / CCUG 350202 / NBRC 14942 / NCIMB 11054 / UW101) (Cytophaga johnsonae),bacdive_species_exact_name_match,validated_species_exact_name,not_candidate_row,12,0,18,5,5,28,True,2,True,3,9,True,2,2,True,2,2,True,2,5,True,"{""base_binomial_match_or_subspecies"": 4, ""normalized_species_exact"": 1}",CCUG 35202; NCIMB 11054; LMG 1341; CFBP 3036; CIP 100931; JCM 8514; DSM 2064; ATCC 17061; IAM 14304; IFO 14942; NBRC 14942; NCIB 11054; Cy j3; MYX 1.1.1; BCRC 14874; GIFU 2500; LMG 1340; NCCB 96103; MYX 1.1.1.; JCM 7451,"UW 101; DWO, Fx a2",R2A MEDIUM (DSMZ Medium 830); CY-AGAR (DSMZ Medium 67); MEDIUM 3 - Columbia agar; Marine agar (MA); Nutrient agar (NA),"Soil or mud; soil, garden"
proteome:UP000000565,149,target_bacteria,proteome,clostridium beijerinckii,Clostridium beijerinckii (strain ATCC 51743 / NCIMB 8052) (Clostridium acetobutylicum),bacdive_species_exact_name_match,validated_species_exact_name,not_candidate_row,7,0,63,31,31,109,True,2,True,12,11,True,20,8,True,4,3,True,8,15,True,"{""normalized_species_exact"": 30, ""validated_bacdive_id_from_closure"": 1}",JCM 8034; IAM 19098; JCM 8033; IAM 19095; JCM 8032; IAM 19094; JCM 8031; IAM 19106; JCM 8030; IAM 19091; JCM 8028; IAM 19105; JCM 8027; IAM 19093; JCM 8026; IAM 19008; NRRL B592; JCM 8025; IAM 19007; NRRL B-591,"WB01-NA02; 88-273, SH1; C8; KT-1P; A-21; A-39; 34, Ng 34; 2287, McClung, A-14, 2287, McClung; N.O. Sjolander and McCoy, 67, 7, N.O. Sjolander and McCoy, 67; E. McCoy A-67, L.S. McClung 1671, 10026; 2291, W",WILKINS-CHALGREN ANAEROBE BROTH (DSMZ Medium 339); COLUMBIA BLOOD MEDIUM (DSMZ Medium 693); PY + X MEDIUM (DSMZ Medium 104b); MEDIUM 20 - for Anaerobic bacteria; CIP Medium 20,Soil; wild boar; decaying straw; Decaying straw; retting Ramie (<i>Boehmeria nivea</i>)
proteome:UP000001355,182,target_bacteria,proteome,bacillus pumilus,Bacillus pumilus (strain SAFR-032),bacdive_species_exact_name_match,validated_species_exact_name,not_candidate_row,4,0,146,73,73,142,True,1,True,53,10,True,62,34,True,59,10,True,5,10,True,"{""normalized_species_exact"": 73}",DSM 117807; CRBIP17.25; CRBIP17.23; CCUG 66887; CCUG 56623; CCUG 50373 A; CCUG 47302; CCUG 44940; CCUG 44877; CCUG 43804; CCUG 41443; CCUG 35011; CCUG 34244; CCUG 32666; CCUG 30686; CCUG 30128; CCUG 28267 B; CCUG 27263; CCUG 27243; CCUG 26531,"45.39; CIMB 05-0968; CIMB23, CIMB 05-1841; T3_14; H 634; 520.86; 7.87; C8_12; D35_1; Stev38; Stev13; W2; T4_3; T2_44; T2_3; b17_1; KO_PS 3; TS1/1; MW15/1; W20/5",NUTRIENT AGAR (DSMZ Medium 1); CIP Medium 72; CASO AGAR (MERCK 105458) (DSMZ Medium 220); MEDIUM 3 - Columbia agar; CIP Medium 3,"Arable soil; Human, Blood; Compost; Product/environment,industry; Contaminant of UTFSM P21"
proteome:UP000001188,177,target_bacteria,proteome,xanthomonas campestris,Xanthomonas campestris pv. campestris (strain B100),bacdive_species_exact_name_match,validated_species_exact_name,not_candidate_row,4,0,128,64,64,124,True,1,True,59,11,True,58,60,True,55,27,True,3,7,True,"{""normalized_species_exact"": 64}",STI10798; JCM 20469; ATCC 23390; IAM 12310; ICMP 309; ICMP 80; ICPB XN103; LMG 787; NCPPB 1935; IMI 349457; IMI 349469; IMI 349460; IMI 349443; IMI 349466; IMI 349459; IMI 349487; IMI 349448; IMI 349447; IMI 350251; IMI 350172,"IMET 10798; 596.3; P 25; 32; 14; 3; 1; B47, Q 18",Nutrient Agar (NA); Glucose-Peptone (GP) medium; MEDIUM 3 - Columbia agar; CIP Medium 3; REACTIVATION WITH LIQUID MEDIUM 54 (DSMZ Medium 54a),Zinnia; angular leaf spot; Vitis vinifera; leaf; Lactuca sativa; Vigna sinensis; Lycopersicon esculentum
proteome:UP000002164,115,target_bacteria,proteome,lysinibacillus sphaericus,Lysinibacillus sphaericus (strain C3-41),bacdive_species_exact_name_match,validated_species_exact_name,not_candidate_row,6,0,400,200,200,283,True,1,True,27,8,True,117,69,True,184,31,True,7,13,True,"{""normalized_species_exact"": 39, ""validated_bacdive_id_from_closure"": 161}",CRBIP3.287; CRBIP3.286; CRBIP3.285; CRBIP3.284; CRBIP3.283; CRBIP3.282; CRBIP3.281; CRBIP3.280; CRBIP3.28; CRBIP3.269; CRBIP3.2670; CRBIP3.2669; CRBIP3.2664; CRBIP3.2641; CRBIP3.264; CRBIP3.259; CRBIP3.2585; CRBIP3.2576; CRBIP3.257; CRBIP3.2553,143.1313; 143.1310; 143.1123; 143.1122; 143.1120; 143.1115; 143.1110; 143.1108; 111; 1404; Du 3; Du 2; Du 1; Dor 1; 14.0420; 14; DAK 7.17; DAK 6.14; 13S3.2; D 2311,CIP Medium 72; MEDIUM 3 - Columbia agar; CIP Medium 3; MEDIUM 29- Brain heart agar; CIP Medium 29,"Animal, Culex pipiens molestus; Animal, Larvae C. pipiens quinquefasciatus; Beetle; Environment, Soil; Animal, Mosquito larvae"
proteome:UP000001681,129,target_bacteria,proteome,exiguobacterium artemiae,Exiguobacterium sibiricum (strain DSM 17290 / CCUG 55495 / CIP 109462 / JCM 13490 / 255-15),bacdive_species_exact_name_match,validated_species_exact_name,not_candidate_row,9,0,12,3,3,8,True,2,True,2,5,True,3,6,True,3,5,True,2,2,True,"{""normalized_species_exact"": 1, ""validated_bacdive_id_from_closure"": 2}",CCUG 52046 B; CCUG 55489 A; DSM 16484; CIP 108858; CCUG 55495; DSM 17290; CIP 109462; JCM 13490,9AN; 255-15,BACTO MARINE BROTH (DIFCO 2216) (DSMZ Medium 514); MEDIUM 72- for trypto casein soja agar; CIP Medium 72; TRYPTICASE SOY YEAST EXTRACT MEDIUM (DSMZ Medium 92); CIP Medium 338,"Human blood,78-yr-old man; cysts of A. franciscana; Cysts of Artemia franciscana; permafrost core; Permafrost core"
proteome:UP000008840,133,target_bacteria,proteome,stenotrophomonas maltophilia,Stenotrophomonas maltophilia (strain K279a),bacdive_species_exact_name_match,validated_species_exact_name,not_candidate_row,6,0,346,173,169,251,True,1,True,52,13,True,152,109,True,129,18,True,4,10,True,"{""normalized_species_exact"": 173}",ST033828; ST033827; ST033826; ST033825; ST033824; ST033823; ST033822; ST033821; ST033819; ST033811; DSM 116743; DSM 116742; DSM 116741; DSM 116739; DSM 116738; DSM 115937; DSM 114483; CRBIP17.146; JCM 9122; JCM 3807,"Va13595/1; Va13570/2; Va13522/2; Ur10353/2; Berg P69; MPL1; GN12873; 19580; Wiedemann IV4-16; 64A; Sm314; SKK53; SKK35; PC240; B5565; CT11-113; NiuAA1; CIMB 05-0906; Arbex 2037, R5_A9_IIIA; TURIN130318_T1",NZCYM-MEDIUM (DSMZ Medium 544); TRYPTICASE SOY YEAST EXTRACT MEDIUM (DSMZ Medium 92); COLUMBIA BLOOD MEDIUM (DSMZ Medium 693); CIP Medium 72; CASO AGAR (MERCK 105458) (DSMZ Medium 220),"patient strain, sputum; patient strain, respiratory tract; patient strain, human-non-invasive, wound; patient strain, human-non-invasive, perineum; Wheat root grown in field soil"
proteome:UP000001698,128,target_bacteria,proteome,xylella fastidiosa,Xylella fastidiosa (strain M23),bacdive_species_exact_name_match,validated_species_exact_name,not_candidate_row,4,0,8,4,4,18,True,2,True,4,3,True,4,4,True,4,1,True,2,5,True,"{""base_binomial_match_or_subspecies"": 1, ""normalized_species_exact"": 3}",DSM 103418; ATCC 35871; ICMP 15199; ICMP 8735; LMG 09063; CFBP 8173; DSM 103417; ATCC 35870; LMG 15099; DSM 103369; ATCC 35869; CFBP 8084; LMG 15098; MUL 3; DSM 10026; ATCC 35879; CFBP 7970; LMG 17159,PLM-G83; ALS-BC; Wells 2691; 2683 PCE-RR,BOSEA MEDIUM (DSMZ Medium 1052); NUTRIENT AGAR (DSMZ Medium 1); TRYPTICASE SOY BROTH AGAR (DSMZ Medium 535),"<i>Prunus salicina</I>, twigs with plum  leaf scorch symptoms; almond (<i>Prunus dulcis</i>) plant; mulberry; grapevine"
proteome:UP000001740,136,target_bacteria,proteome,xanthomonas oryzae,Xanthomonas oryzae pv. oryzae (strain PXO99A),bacdive_species_exact_name_match,validated_species_exact_name,not_candidate_row,4,0,2,1,1,4,True,1,True,0,0,False,0,0,False,0,0,False,1,2,True,"{""normalized_species_exact"": 1}",ATCC 35933; CFBP 2532; ICMP 3125; LMG 5047,"Rao X08, NCCPPB 3002, PDDCC 3125, Dye YK9",,
proteome:UP000001867,126,target_bacteria,proteome,stenotrophomonas maltophilia,Stenotrophomonas maltophilia (strain R551-3),bacdive_species_exact_name_match,validated_species_exact_name,not_candidate_row,6,0,346,173,169,251,True,1,True,52,13,True,152,109,True,129,18,True,4,10,True,"{""normalized_species_exact"": 173}",ST033828; ST033827; ST033826; ST033825; ST033824; ST033823; ST033822; ST033821; ST033819; ST033811; DSM 116743; DSM 116742; DSM 116741; DSM 116739; DSM 116738; DSM 115937; DSM 114483; CRBIP17.146; JCM 9122; JCM 3807,"Va13595/1; Va13570/2; Va13522/2; Ur10353/2; Berg P69; MPL1; GN12873; 19580; Wiedemann IV4-16; 64A; Sm314; SKK53; SKK35; PC240; B5565; CT11-113; NiuAA1; CIMB 05-0906; Arbex 2037, R5_A9_IIIA; TURIN130318_T1",NZCYM-MEDIUM (DSMZ Medium 544); TRYPTICASE SOY YEAST EXTRACT MEDIUM (DSMZ Medium 92); COLUMBIA BLOOD MEDIUM (DSMZ Medium 693); CIP Medium 72; CASO AGAR (MERCK 105458) (DSMZ Medium 220),"patient strain, sputum; patient strain, respiratory tract; patient strain, human-non-invasive, wound; patient strain, human-non-invasive, perineum; Wheat root grown in field soil"
proteome:UP000002727,71,target_archaea,proteome,thermococcus onnurineus,Thermococcus onnurineus (strain NA1),bacdive_species_exact_name_match,validated_species_exact_name,not_candidate_row,4,0,3,1,1,2,True,1,True,0,0,False,1,1,True,0,0,False,1,1,True,"{""normalized_species_exact"": 1}",JCM 13517; KCTC 10859,,,"Deep-sea hydrothermal vent area (1,650 m in depth) within the Papua New Guinea-Australia-Canada-Manus (PACMANUS) field"
taxon:552536|organism:listeria monocytogenes serotype 4a (strain hcc23),150,target_bacteria,taxon_organism,listeria monocytogenes,Listeria monocytogenes serotype 4a (strain HCC23),bacdive_species_exact_name_match,validated_species_exact_name,not_candidate_row,4,0,400,200,199,368,True,1,True,116,10,True,175,91,True,154,13,True,13,34,True,"{""normalized_species_exact"": 200}",CRBIP13.30; CLIP 2698; CRBIP13.146; CLIP 92841; CRBIP13.145; CLIP 92808; CRBIP13.144; CLIP 92733; CRBIP13.143; CLIP 92470; CRBIP13.142; CLIP 92468; CRBIP13.141; CLIP 92456; CRBIP13.140; CLIP 92359; CRBIP13.139; CLIP 92331; CRBIP13.138; CLIP 92306,"87881; FFL 1; FFH; 14, strain 14; 1916; 21; F4N; Esnard; Etevé; V7; LL 347; 19H3; V 1715/51; 556.86; 661.85; 346-79, 23718; 10; L 471; Ki; L120",CIP Medium 72; TRYPTICASE SOY YEAST EXTRACT MEDIUM (DSMZ Medium 92); COLUMBIA BLOOD MEDIUM (DSMZ Medium 693); MEDIUM 72- for trypto casein soja agar; CIP Medium 3,"Human; Food, Milk or dairy product; Food, Meat or meat product; Food, Seafood product; Food, Vegetables"
proteome:UP000002456,75,target_bacteria,proteome,bifidobacterium animalis,Bifidobacterium animalis subsp. lactis (strain AD011),bacdive_species_exact_name_match,validated_species_exact_name,not_candidate_row,4,0,22,11,11,39,True,2,True,5,5,True,10,14,True,6,3,True,7,11,True,"{""base_binomial_match_or_subspecies"": 7, ""normalized_species_exact"": 4}",JCM 7124; ATCC 27672; JCM 7117; ATCC 27674; LMG 18906; JCM 11658; CGMCC 1.3003; CCUG 61907; CCUG 48185; CCUG 33397; DSM 26074; DSM 28736; DSM 20104; ATCC 25527; CIP 105419; JCM 1190; BCRC 14668; CCUG 24606; CGMCC 1.2268; KCTC 3125,"YL2; S-cc-6089-ARE-19, SJ-19, SJ19; R101-8; UR1; P23",COLUMBIA BLOOD MEDIUM (DSMZ Medium 693); BIFIDOBACTERIUM MEDIUM (DSMZ Medium 58); WILKINS-CHALGREN ANAEROBE BROTH (DSMZ Medium 339); MEDIUM 20 - for Anaerobic bacteria; CIP Medium 20,"Rat feces; Rabbit feces; Human blood; Human blood,78-yr-old man; Industry,lactic acid bacteria mixed culture"
taxon:568819|organism:listeria monocytogenes serotype 4b (strain clip80459),159,target_bacteria,taxon_organism,listeria monocytogenes,Listeria monocytogenes serotype 4b (strain CLIP80459),bacdive_species_exact_name_match,validated_species_exact_name,not_candidate_row,4,0,400,200,199,368,True,1,True,116,10,True,175,91,True,154,13,True,13,34,True,"{""normalized_species_exact"": 200}",CRBIP13.30; CLIP 2698; CRBIP13.146; CLIP 92841; CRBIP13.145; CLIP 92808; CRBIP13.144; CLIP 92733; CRBIP13.143; CLIP 92470; CRBIP13.142; CLIP 92468; CRBIP13.141; CLIP 92456; CRBIP13.140; CLIP 92359; CRBIP13.139; CLIP 92331; CRBIP13.138; CLIP 92306,"87881; FFL 1; FFH; 14, strain 14; 1916; 21; F4N; Esnard; Etevé; V7; LL 347; 19H3; V 1715/51; 556.86; 661.85; 346-79, 23718; 10; L 471; Ki; L120",CIP Medium 72; TRYPTICASE SOY YEAST EXTRACT MEDIUM (DSMZ Medium 92); COLUMBIA BLOOD MEDIUM (DSMZ Medium 693); MEDIUM 72- for trypto casein soja agar; CIP Medium 3,"Human; Food, Milk or dairy product; Food, Meat or meat product; Food, Seafood product; Food, Vegetables"
proteome:UP000000817,267,target_bacteria,proteome,listeria monocytogenes,Listeria monocytogenes serovar 1/2a (strain ATCC BAA-679 / EGD-e),bacdive_species_exact_name_match,validated_species_exact_name,not_candidate_row,7,0,400,200,199,368,True,1,True,116,10,True,175,91,True,154,13,True,13,34,True,"{""normalized_species_exact"": 200}",CRBIP13.30; CLIP 2698; CRBIP13.146; CLIP 92841; CRBIP13.145; CLIP 92808; CRBIP13.144; CLIP 92733; CRBIP13.143; CLIP 92470; CRBIP13.142; CLIP 92468; CRBIP13.141; CLIP 92456; CRBIP13.140; CLIP 92359; CRBIP13.139; CLIP 92331; CRBIP13.138; CLIP 92306,"87881; FFL 1; FFH; 14, strain 14; 1916; 21; F4N; Esnard; Etevé; V7; LL 347; 19H3; V 1715/51; 556.86; 661.85; 346-79, 23718; 10; L 471; Ki; L120",CIP Medium 72; TRYPTICASE SOY YEAST EXTRACT MEDIUM (DSMZ Medium 92); COLUMBIA BLOOD MEDIUM (DSMZ Medium 693); MEDIUM 72- for trypto casein soja agar; CIP Medium 3,"Human; Food, Milk or dairy product; Food, Meat or meat product; Food, Seafood product; Food, Vegetables"
proteome:UP000002513,244,target_bacteria,proteome,listeria innocua,Listeria innocua serovar 6a (strain ATCC BAA-680 / CLIP 11262),bacdive_species_exact_name_match,validated_species_exact_name,not_candidate_row,5,0,62,31,31,62,True,1,True,16,7,True,29,20,True,24,7,True,3,7,True,"{""normalized_species_exact"": 31}",DSM 110666; DSM 110665; CRBIP13.9; CLIP 92971; CRBIP13.8; CLIP 8; CLIP 88307; CRBIP13.7; CLIP 7; CLIP 88566; CRBIP13.14; CLIP 86490; CRBIP13.13; CLIP 91549; CRBIP13.12; CLIP 12; CLIP 91879; CRBIP13.11; CLIP 11; CLIP 91918,PRL/NW 15B95; J1-023; CPC CLIP 88307; R1.; L92/67; 58,COLUMBIA BLOOD MEDIUM (DSMZ Medium 693); BHI MEDIUM (DSMZ Medium 215); CIP Medium 72; MEDIUM 3 - Columbia agar; CIP Medium 3,"isolated from imported Korean clams; Food/food environment; Food, Seafood product; Food, Meat or meat product; Food"
taxon:3042615|organism:pseudoalteromonas atlantica (strain t6c / atcc baa-1087),158,target_bacteria,taxon_organism,pseudoalteromonas atlantica,Pseudoalteromonas atlantica (strain T6c / ATCC BAA-1087),bacdive_species_exact_name_match,validated_species_exact_name,not_candidate_row,3,0,20,10,10,36,True,2,True,6,5,True,9,8,True,9,3,True,1,1,True,"{""normalized_species_exact"": 10}",CIP 104721; ATCC 19262; IAM 12927; JCM 8845; LMG 2138; NCIMB 301; NCTC 10685; CIP 63.28; NBRC 103033; CCEB 506; CCUG 61127; CCUG 61125; CCUG 16155; CIP 103673; IAM 14165; JCM 8850; CIP 103672; IAM 14164; JCM 8849; CIP 103671,T9; 511-T; 512-W; 512-T; 512-M,Marine agar (MA); CIP Medium 13; Trypticase Casein Soy Agar; BACTO MARINE BROTH (DIFCO 2216) (DSMZ Medium 514); CIP Medium 186,"Seaweed, Rhodemania palmata; Oyster farm hatchery larvae; Oyster farm,seawater inlet; Seaweed (macroalgae) at Inubousaki; Other, Seaweed"
taxon:316056|organism:rhodopseudomonas palustris (strain bisb18),173,target_bacteria,taxon_organism,rhodopseudomonas palustris,Rhodopseudomonas palustris (strain BisB18),bacdive_species_exact_name_match,validated_species_exact_name,not_candidate_row,2,0,14,7,5,20,True,1,True,5,4,True,4,6,True,2,2,True,2,3,True,"{""normalized_species_exact"": 7}",DSM 126; Pfennig 1850; ATCC 17001; BCRC 16408; CIP 103513; ATCC 11168; NCIMB 8288; NCIMB 8252; ATH 2.1.6.; DSM 8283; ATCC 33872; DSM 5869; JCM 2524; CGMCC 1.2180; IFO 16661; NBRC 16661; CIP 103836; DSM 131; DSM 127; Pfennig 7850,"1850; Pa16, 2.1.6, ATH 2.1.6; SF000717; SF000326; R1; Klemme S1, S-1; 7850",RHODOSPIRILLACEAE MEDIUM (modified) (DSMZ Medium 27); CIP Medium 69; R 8 A H MEDIUM (DSMZ Medium 651); MEDIUM 69 - for Rhodopseudomonas palustris,"polluted pond; soil, rice field; Soil in rice field; Environment, Soil, rice field; garden pond"
taxon:342109|organism:xanthomonas oryzae pv. oryzae (strain maff 311018),193,target_bacteria,taxon_organism,xanthomonas oryzae,Xanthomonas oryzae pv. oryzae (strain MAFF 311018),bacdive_species_exact_name_match,validated_species_exact_name,not_candidate_row,2,0,2,1,1,4,True,1,True,0,0,False,0,0,False,0,0,False,1,2,True,"{""normalized_species_exact"": 1}",ATCC 35933; CFBP 2532; ICMP 3125; LMG 5047,"Rao X08, NCCPPB 3002, PDDCC 3125, Dye YK9",,
proteome:UP000007069,202,target_bacteria,proteome,xanthomonas euvesicatoria,Xanthomonas euvesicatoria pv. vesicatoria (strain 85-10) (Xanthomonas campestris pv. vesicatoria),bacdive_species_exact_name_match,validated_species_exact_name,not_candidate_row,4,0,6,3,3,12,True,3,True,2,2,True,2,2,True,2,1,True,3,5,True,"{""normalized_species_exact"": 1, ""validated_bacdive_id_from_closure"": 2}",LMG 495; ICPB 10701; ATCC 11765; ICMP 15807; DSM 18975; NCPPB 4321; CFBP 7293; DSM 19128; ATCC 11633; LMG 27970; NCPPB 2968; ICMP 109,XV938,REACTIVATION WITH LIQUID MEDIUM 1 (DSMZ Medium 1a); NUTRIENT AGAR (DSMZ Medium 1),<I>Lycopersicon esculentum</I>; <I>Capsicum frutescens</I>
proteome:UP000000420,219,target_bacteria,proteome,xanthomonas campestris,Xanthomonas campestris pv. campestris (strain 8004),bacdive_species_exact_name_match,validated_species_exact_name,not_candidate_row,4,0,128,64,64,124,True,1,True,59,11,True,58,60,True,55,27,True,3,7,True,"{""normalized_species_exact"": 64}",STI10798; JCM 20469; ATCC 23390; IAM 12310; ICMP 309; ICMP 80; ICPB XN103; LMG 787; NCPPB 1935; IMI 349457; IMI 349469; IMI 349460; IMI 349443; IMI 349466; IMI 349459; IMI 349487; IMI 349448; IMI 349447; IMI 350251; IMI 350172,"IMET 10798; 596.3; P 25; 32; 14; 3; 1; B47, Q 18",Nutrient Agar (NA); Glucose-Peptone (GP) medium; MEDIUM 3 - Columbia agar; CIP Medium 3; REACTIVATION WITH LIQUID MEDIUM 54 (DSMZ Medium 54a),Zinnia; angular leaf spot; Vitis vinifera; leaf; Lactuca sativa; Vigna sinensis; Lycopersicon esculentum
proteome:UP000006735,172,target_bacteria,proteome,xanthomonas oryzae,Xanthomonas oryzae pv. oryzae (strain KACC10331 / KXO85),bacdive_species_exact_name_match,validated_species_exact_name,not_candidate_row,4,0,2,1,1,4,True,1,True,0,0,False,0,0,False,0,0,False,1,2,True,"{""normalized_species_exact"": 1}",ATCC 35933; CFBP 2532; ICMP 3125; LMG 5047,"Rao X08, NCCPPB 3002, PDDCC 3125, Dye YK9",,
proteome:UP000001172,254,target_bacteria,proteome,geobacillus kaustophilus,Geobacillus kaustophilus (strain HTA426),bacdive_species_exact_name_match,validated_species_exact_name,not_candidate_row,5,0,12,5,5,16,True,1,True,1,3,True,5,5,True,0,0,False,2,3,True,"{""normalized_species_exact"": 5}",JCM 12893; JCM 31153; JCM 31152; JCM 31151; DSM 7263; ATCC 8005; NCIMB 8547; NRRL NRS-81; CCUG 28890; CIP 106929; LMG 9819; NCCB 30003; JCM 20319; BCRC 11223; IAM 11001; NBRC 102445,"BD 53, T 281, NRS-81",NUTRIENT AGAR (DSMZ Medium 1); MEDIUM 72- for trypto casein soja agar; CIP Medium 72,"Mud from the Challenger Deep in the Mariana Trench (10,897 m in depth); Derived from <I>Geobacillus kaustophilus</I> HTA426 (=JCM 12893); pasteurized milk; Pasteurized milk; Food, Pasteurized milk"
proteome:UP000001175,157,target_bacteria,proteome,synechococcus elongatus,Synechococcus sp. (strain ATCC 27144 / PCC 6301 / SAUG 1402/1) (Anacystis nidulans),bacdive_species_exact_name_match,validated_species_exact_name,not_candidate_row,5,0,4,2,2,5,True,0,False,2,1,True,2,1,True,2,1,True,0,0,False,"{""normalized_species_exact"": 2}",DSM 121090; PCC 7942–KU (DSM 115314); DSM 115314 ax; DSM 115314; PCC 7942–KU,"Anacystis nidulans R2, Synechococcus elongatus PCC 7942–AMC06",Cyanobacteria Medium BG11+ (TES buffered) (DSMZ Medium 1593a),Freshwater
taxon:265669|organism:listeria monocytogenes serotype 4b (strain f2365),233,target_bacteria,taxon_organism,listeria monocytogenes,Listeria monocytogenes serotype 4b (strain F2365),bacdive_species_exact_name_match,validated_species_exact_name,not_candidate_row,4,0,400,200,199,368,True,1,True,116,10,True,175,91,True,154,13,True,13,34,True,"{""normalized_species_exact"": 200}",CRBIP13.30; CLIP 2698; CRBIP13.146; CLIP 92841; CRBIP13.145; CLIP 92808; CRBIP13.144; CLIP 92733; CRBIP13.143; CLIP 92470; CRBIP13.142; CLIP 92468; CRBIP13.141; CLIP 92456; CRBIP13.140; CLIP 92359; CRBIP13.139; CLIP 92331; CRBIP13.138; CLIP 92306,"87881; FFL 1; FFH; 14, strain 14; 1916; 21; F4N; Esnard; Etevé; V7; LL 347; 19H3; V 1715/51; 556.86; 661.85; 346-79, 23718; 10; L 471; Ki; L120",CIP Medium 72; TRYPTICASE SOY YEAST EXTRACT MEDIUM (DSMZ Medium 92); COLUMBIA BLOOD MEDIUM (DSMZ Medium 693); MEDIUM 72- for trypto casein soja agar; CIP Medium 3,"Human; Food, Milk or dairy product; Food, Meat or meat product; Food, Seafood product; Food, Vegetables"
proteome:UP000002516,223,target_bacteria,proteome,xylella fastidiosa,Xylella fastidiosa (strain Temecula1 / ATCC 700964),bacdive_species_exact_name_match,validated_species_exact_name,not_candidate_row,5,0,8,4,4,18,True,2,True,4,3,True,4,4,True,4,1,True,2,5,True,"{""base_binomial_match_or_subspecies"": 1, ""normalized_species_exact"": 3}",DSM 103418; ATCC 35871; ICMP 15199; ICMP 8735; LMG 09063; CFBP 8173; DSM 103417; ATCC 35870; LMG 15099; DSM 103369; ATCC 35869; CFBP 8084; LMG 15098; MUL 3; DSM 10026; ATCC 35879; CFBP 7970; LMG 17159,PLM-G83; ALS-BC; Wells 2691; 2683 PCE-RR,BOSEA MEDIUM (DSMZ Medium 1052); NUTRIENT AGAR (DSMZ Medium 1); TRYPTICASE SOY BROTH AGAR (DSMZ Medium 535),"<i>Prunus salicina</I>, twigs with plum  leaf scorch symptoms; almond (<i>Prunus dulcis</i>) plant; mulberry; grapevine"
proteome:UP000000576,236,target_bacteria,proteome,xanthomonas citri,Xanthomonas axonopodis pv. citri (strain 306),bacdive_species_exact_name_match,validated_species_exact_name,not_candidate_row,4,0,8,4,4,18,True,2,True,2,4,True,1,2,True,1,1,True,2,5,True,"{""base_binomial_match_or_subspecies"": 2, ""normalized_species_exact"": 1, ""validated_bacdive_id_from_closure"": 1}",ATCC 49118; LMG 9322; ICMP 15804; ICPB 10518; NCPPB 381; ICMP 239; ICPB 10520; ATCC 19315; LMG 826; DSM 3849; ATCC 9924; ICMP 217; ICPB 10528; JCM 20468; LMG 785; IAM 12309; LMG 11726; DSM 1220,"Gabriel 3213, 3213; XM13; R-10",REACTIVATION WITH LIQUID MEDIUM 54 (DSMZ Medium 54a); REACTIVATION WITH LIQUID MEDIUM 1 (DSMZ Medium 1a); NUTRIENT AGAR (DSMZ Medium 1); GLUCOSE YEAST EXTRACT MEDIUM (DSMZ Medium 54),plant (cotton); Cotton
proteome:UP000000812,223,target_bacteria,proteome,xylella fastidiosa,Xylella fastidiosa (strain 9a5c),bacdive_species_exact_name_match,validated_species_exact_name,not_candidate_row,4,0,8,4,4,18,True,2,True,4,3,True,4,4,True,4,1,True,2,5,True,"{""base_binomial_match_or_subspecies"": 1, ""normalized_species_exact"": 3}",DSM 103418; ATCC 35871; ICMP 15199; ICMP 8735; LMG 09063; CFBP 8173; DSM 103417; ATCC 35870; LMG 15099; DSM 103369; ATCC 35869; CFBP 8084; LMG 15098; MUL 3; DSM 10026; ATCC 35879; CFBP 7970; LMG 17159,PLM-G83; ALS-BC; Wells 2691; 2683 PCE-RR,BOSEA MEDIUM (DSMZ Medium 1052); NUTRIENT AGAR (DSMZ Medium 1); TRYPTICASE SOY BROTH AGAR (DSMZ Medium 535),"<i>Prunus salicina</I>, twigs with plum  leaf scorch symptoms; almond (<i>Prunus dulcis</i>) plant; mulberry; grapevine"
taxon:412694|organism:bacillus thuringiensis (strain al hakam),215,target_bacteria,taxon_organism,bacillus thuringiensis,Bacillus thuringiensis (strain Al Hakam),bacdive_species_exact_name_match,validated_species_exact_name,not_candidate_row,2,0,182,91,91,189,True,1,True,84,7,True,37,34,True,39,11,True,2,5,True,"{""normalized_species_exact"": 91}",CRBIP3.2344; BTS 02618A; CIP 110666; CIP 200206; CRBIP3.705; CRBIP3.6147; CRBIP3.2721; JCM 28844; JCM 28784; JCM 20387; ATCC 13366; IAM 12078; JCM 20331; IAM 11056; DSM 26055; IMI 348918; CCUG 22499; IAM 11064; ATCC 13367; JCM 20337,"367; 1884; EA 12392; BnBt; Bt 18247, MYBT18247; NRS-1124, 58.1.1; Bt GOE7; Bt GOE6; Bt GOE5; Bt GOE4; Bt GOE3; Bt GOE2; Bt GOE1; Bt 131, 4A8; NB221; NB 75; NB 31; NRS-996; 1564",CIP Medium 72; CASO AGAR (MERCK 105458) (DSMZ Medium 220); Nutrient Agar (NA); NUTRIENT AGAR (DSMZ Medium 1); MEDIUM 3 - Columbia agar,"Environment, Soil; Soil (Hanchiku) in the southeast area of the burial mound of the Takamatsuzuka Tumulus; Viscous gels below the paintings of the group of women on the east wall in the stone chamber of the Takamatsuzuka Tumulus; Indian-meal moth (<I>Plodia interpunctella</I>); insect (Balaninus nucum)"
proteome:UP000000642,304,target_bacteria,proteome,yersinia enterocolitica,Yersinia enterocolitica serotype O:8 / biotype 1B (strain NCTC 13174 / 8081),bacdive_species_exact_name_match,validated_species_exact_name,not_candidate_row,5,0,200,100,100,165,True,2,True,40,14,True,90,49,True,78,10,True,4,6,True,"{""base_binomial_match_or_subspecies"": 22, ""normalized_species_exact"": 78}",CIP 111978; IP 36813; CIP 111977; IP 35935; CIP 111973; IP 39779; CIP 111972; IP 05342; CIP 111970; IP 39890; CIP 111969; IP 42503; CIP 111971; IP 39285; CIP 111968; IP 39976; CIP 111967; IP 42251; CIP 111966; IP 43284,CARE_00022; CARE_00021; CARE_00017; CARE_00016; CARE_00014; CARE_00013; CARE_00015; CARE_00012; CARE_00011; CARE_00010; CARE_00009; CARE_00008; CARE_00007; CARE_00004; CARE_00003; CARE_00002; CARE_00001; Cla-JM-1; MASE-SM-10; MASE-SM-9,CIP Medium 72; WILKINS-CHALGREN ANAEROBE BROTH (DSMZ Medium 339); NUTRIENT AGAR (DSMZ Medium 1); MEDIUM 3 - Columbia agar; CIP Medium 3,"Human, Stools; Animal, Rabbit; Human, Abscess; Human, Articular liquid; gut content; wild mouse"
taxon:386656|organism:yersinia pestis (strain pestoides f),288,target_bacteria,taxon_organism,yersinia pestis,Yersinia pestis (strain Pestoides F),bacdive_species_exact_name_match,validated_species_exact_name,not_candidate_row,2,0,4,2,2,5,True,1,True,0,0,False,0,0,False,1,1,True,1,1,True,"{""normalized_species_exact"": 2}",ATCC 19428; CIP 80.26; NCTC 5923; CCUG 32133; CIP 109701,,,
taxon:402882|organism:shewanella baltica (strain os185),187,target_bacteria,taxon_organism,shewanella baltica,Shewanella baltica (strain OS185),bacdive_species_exact_name_match,validated_species_exact_name,not_candidate_row,2,0,12,6,6,16,True,1,True,6,8,True,6,9,True,4,4,True,2,2,True,"{""normalized_species_exact"": 6}",CIP 69.29; NCIMB 1735; CIP 69.34; NCIMB 1734; CIP 108313; CIP 69.31; DSM 16281; DSM 9439; CECT 323; IAM 1477; LMG 2250; NCTC 10735; CCUG 39356; JCM 16449; CIP 105850; AJ 2258,OS155,MEDIUM 3 - Columbia agar; CIP Medium 72; CIP Medium 3; MEDIUM 72- for trypto casein soja agar; Marine agar (MA),"Haddock; Haddock, fillet; Environment, Water sample; Food, Haddock fillets; water sample"
proteome:UP000002412,299,target_bacteria,proteome,yersinia pseudotuberculosis,Yersinia pseudotuberculosis serotype O:1b (strain IP 31758),bacdive_species_exact_name_match,validated_species_exact_name,not_candidate_row,5,0,80,39,39,64,True,1,True,16,9,True,29,23,True,28,6,True,5,6,True,"{""normalized_species_exact"": 39}",CIP 111976; IP 33620; CIP 111975; IP 34654; CIP 111974; IP 33304; CIP 111962; IP 31758; CIP 111961; IP 32953; CCUG 60634; CCUG 54450; CCUG 54449; CCUG 54448; CCUG 54447; CCUG 54446; CCUG 37903; CCUG 37902; CCUG 36765; CCUG 26948,"CARE_00020; CARE_00019; CARE_00018; CARE_00006; CARE_00005; 32; 25; 43; 16; Prud'homme; 71, A82, I, CNP 14; 14",CIP Medium 72; CIP Medium 29; MEDIUM 72- for trypto casein soja agar; CIP Medium 3; MEDIUM 3 - Columbia agar,"Human, Stools; Environment, National survey, Soil; Human blood,91-yr-old woman; Human feces,11-month-old boy; Human feces,14-yr-old patient"
proteome:UP000002410,118,target_bacteria,proteome,clostridium botulinum,Clostridium botulinum (strain Langeland / NCTC 10281 / Type F),bacdive_species_exact_name_match,validated_species_exact_name,not_candidate_row,5,0,30,15,15,22,True,1,True,0,0,False,8,6,True,8,4,True,6,16,True,"{""normalized_species_exact"": 15}",CIP 104310; ATCC 25763; CCUG 41389; CCUG 37546; CCUG 32123; CCUG 32122; CCUG 32121; CCUG 22775; CCUG 14228; CCUG 11910; CCUG 7974; NCTC 8266; CCUG 7971; NCTC 8265; CCUG 7970; NCTC 8264; CCUG 7969; NCTC 7273; CCUG 7968; ATCC 19397,,,"Industry; Human,sudden death; Peas; Cheese; Source not known"
proteome:UP000002139,86,target_bacteria,proteome,sorangium cellulosum,Sorangium cellulosum (strain So ce56) (Polyangium cellulosum (strain So ce56)),bacdive_species_exact_name_match,validated_species_exact_name,not_candidate_row,6,0,400,200,200,205,True,1,True,200,3,True,198,38,True,199,31,True,0,0,False,"{""normalized_species_exact"": 200}",DSM 53282; DSM 53281; DSM 53280; DSM 53279; DSM 53278; DSM 53277; DSM 53276; DSM 53275; DSM 53274; DSM 53273; DSM 53272; DSM 53271; DSM 53270; DSM 53269; DSM 53268; DSM 53267; DSM 53266; DSM 53265; DSM 53264; DSM 53263,So ce223; So ce222; So ce221; So ce220; So ce219; So ce217; So ce216; So ce215; So ce214; So ce213; So ce212; So ce211; So ce210; So ce208; So ce207; So ce206; So ce205; So ce203; So ce199; So ce198,VY/2 AGAR (DSMZ Medium 9); ST21 AGAR FOR CELLULOSE DEGRADERS (DSMZ Medium 938); POLYANGIUM MEDIUM (DSMZ Medium 223),soil with plant residues; sandy soil from garden; soil with plant residues from olive tree yard; soil; sand
proteome:UP000000770,188,target_bacteria,proteome,shewanella baltica,Shewanella baltica (strain OS195),bacdive_species_exact_name_match,validated_species_exact_name,not_candidate_row,4,0,12,6,6,16,True,1,True,6,8,True,6,9,True,4,4,True,2,2,True,"{""normalized_species_exact"": 6}",CIP 69.29; NCIMB 1735; CIP 69.34; NCIMB 1734; CIP 108313; CIP 69.31; DSM 16281; DSM 9439; CECT 323; IAM 1477; LMG 2250; NCTC 10735; CCUG 39356; JCM 16449; CIP 105850; AJ 2258,OS155,MEDIUM 3 - Columbia agar; CIP Medium 72; CIP Medium 3; MEDIUM 72- for trypto casein soja agar; Marine agar (MA),"Haddock; Haddock, fillet; Environment, Water sample; Food, Haddock fillets; water sample"
proteome:UP000008558,44,target_bacteria,proteome,acholeplasma laidlawii,Acholeplasma laidlawii (strain PG-8A),bacdive_species_exact_name_match,validated_species_exact_name,not_candidate_row,4,0,12,6,6,12,True,1,True,6,4,True,4,4,True,4,2,True,1,2,True,"{""normalized_species_exact"": 6}",DSM 116281; DSM 114954; DSM 114953; CIP 75.28; ATCC 23217; DSM 23060; ATCC 23206; CIP 75.27; IFO (now NBRC) 14400; NCTC 10116; CCUG 32754; DSM 19106,"TTB 103; SRCD; Haig 179L; PG9; PG 8, PG8; ZK-CU4",SP4-Z MEDIUM (DSMZ Medium 1076b); MEDIUM 88 - for Mycoplasma and Acholeplasma; CIP Medium 88; CIP Medium 749,"skin swab from Trichechus manatus latirostris (Florida manatee); Environment, Sewage; sewage; human choriocarcinoma cell line JAR"
taxon:349746|organism:yersinia pestis bv. antiqua (strain angola),252,target_bacteria,taxon_organism,yersinia pestis,Yersinia pestis bv. Antiqua (strain Angola),bacdive_species_exact_name_match,validated_species_exact_name,not_candidate_row,2,0,4,2,2,5,True,1,True,0,0,False,0,0,False,1,1,True,1,1,True,"{""normalized_species_exact"": 2}",ATCC 19428; CIP 80.26; NCTC 5923; CCUG 32133; CIP 109701,,,
proteome:UP000002154,214,target_bacteria,proteome,bacillus mycoides,Bacillus mycoides (strain KBAB4) (Bacillus weihenstephanensis),bacdive_species_exact_name_match,validated_species_exact_name,not_candidate_row,4,0,94,47,47,76,True,2,True,34,9,True,33,13,True,27,5,True,3,10,True,"{""normalized_species_exact"": 44, ""validated_bacdive_id_from_closure"": 3}",STI10839; STI10838; STI10837; STI10755; SF002758; SF002738; DSM 29906; JCM 34125; DSM 111101; JCM 9801; JCM 20107; IAM 1211; IFO 3015; NBRC 3015; JCM 20093; IAM 1190; IFO 3039; NBRC 3039; CCUG 56220; CCUG 29451,IMET 10839; IMET 10838; IMET 10837; IMET 10755; SG 9; FSU-2738; Bi-BD5; BML- BC059; 233; BMK; Bw GOE13; Bw GOE11; Bw GOE10; Bw GOE9; Bw GOE8; Bw GOE7; Bw GOE6; Bw GOE5; Bw GOE4; Bw GOE3,LB (Luria-Bertani) MEDIUM (DSMZ Medium 381); MEDIUM 72- for trypto casein soja agar; CIP Medium 72; CIP Medium 3; MEDIUM 3 - Columbia agar,"Lake; Soil; Bioburden,industry; Food, Pasteurized milk; Environment, Soil"
taxon:509173|organism:acinetobacter baumannii (strain aye),131,target_bacteria,taxon_organism,acinetobacter baumannii,Acinetobacter baumannii (strain AYE),bacdive_species_exact_name_match,validated_species_exact_name,not_candidate_row,4,0,312,156,156,241,True,1,True,138,17,True,113,58,True,119,12,True,34,94,True,"{""normalized_species_exact"": 156}",CIP 111206; CIP 111205; CIP 111204; CIP 111174; CIP 111173; CIP 111172; CIP 111171; CIP 110968; CIP 200364; CRBIP17.4; DSM 111794; DSM 102935; SG 1351; DSM 102934; SG 1324; DSM 102933; SG 1306; DSM 102932; SG 1284; DSM 102931,"BM4426, A248; BM4425, A58; BM4424, V4, B4424; BM4423, A34; BM4422, M19; BM4421, A33; BM4420, A35; Blanc; CIMB4, CIMB 04-7017; UKK_0172; UKK-172; Phage host; G7; A640 II; R4; BM4701; 38 bis; 7788; AMA-1; Valentin",CIP Medium 72; CIP Medium 9; TRYPTICASE SOY YEAST EXTRACT MEDIUM (DSMZ Medium 92); COLUMBIA BLOOD MEDIUM (DSMZ Medium 693); NUTRIENT AGAR (DSMZ Medium 1),"Human; Human, Sputum; Human, Urine; tracheal secretion sample; strain isolated from 80 year old patient; wound swab"
proteome:UP000001741,125,target_bacteria,proteome,acinetobacter baumannii,Acinetobacter baumannii (strain SDF),bacdive_species_exact_name_match,validated_species_exact_name,not_candidate_row,6,0,312,156,156,241,True,1,True,138,17,True,113,58,True,119,12,True,34,94,True,"{""normalized_species_exact"": 156}",CIP 111206; CIP 111205; CIP 111204; CIP 111174; CIP 111173; CIP 111172; CIP 111171; CIP 110968; CIP 200364; CRBIP17.4; DSM 111794; DSM 102935; SG 1351; DSM 102934; SG 1324; DSM 102933; SG 1306; DSM 102932; SG 1284; DSM 102931,"BM4426, A248; BM4425, A58; BM4424, V4, B4424; BM4423, A34; BM4422, M19; BM4421, A33; BM4420, A35; Blanc; CIMB4, CIMB 04-7017; UKK_0172; UKK-172; Phage host; G7; A640 II; R4; BM4701; 38 bis; 7788; AMA-1; Valentin",CIP Medium 72; CIP Medium 9; TRYPTICASE SOY YEAST EXTRACT MEDIUM (DSMZ Medium 92); COLUMBIA BLOOD MEDIUM (DSMZ Medium 693); NUTRIENT AGAR (DSMZ Medium 1),"Human; Human, Sputum; Human, Urine; tracheal secretion sample; strain isolated from 80 year old patient; wound swab"
proteome:UP000008541,111,target_bacteria,proteome,clostridium botulinum,Clostridium botulinum (strain Okra / Type B1),bacdive_species_exact_name_match,validated_species_exact_name,not_candidate_row,4,0,30,15,15,22,True,1,True,0,0,False,8,6,True,8,4,True,6,16,True,"{""normalized_species_exact"": 15}",CIP 104310; ATCC 25763; CCUG 41389; CCUG 37546; CCUG 32123; CCUG 32122; CCUG 32121; CCUG 22775; CCUG 14228; CCUG 11910; CCUG 7974; NCTC 8266; CCUG 7971; NCTC 8265; CCUG 7970; NCTC 8264; CCUG 7969; NCTC 7273; CCUG 7968; ATCC 19397,,,"Industry; Human,sudden death; Peas; Cheese; Source not known"
taxon:502800|organism:yersinia pseudotuberculosis serotype o:3 (strain ypiii),272,target_bacteria,taxon_organism,yersinia pseudotuberculosis,Yersinia pseudotuberculosis serotype O:3 (strain YPIII),bacdive_species_exact_name_match,validated_species_exact_name,not_candidate_row,2,0,78,39,39,64,True,1,True,16,9,True,29,23,True,28,6,True,5,6,True,"{""normalized_species_exact"": 39}",CIP 111976; IP 33620; CIP 111975; IP 34654; CIP 111974; IP 33304; CIP 111962; IP 31758; CIP 111961; IP 32953; CCUG 60634; CCUG 54450; CCUG 54449; CCUG 54448; CCUG 54447; CCUG 54446; CCUG 37903; CCUG 37902; CCUG 36765; CCUG 26948,"CARE_00020; CARE_00019; CARE_00018; CARE_00006; CARE_00005; 32; 25; 43; 16; Prud'homme; 71, A82, I, CNP 14; 14",CIP Medium 72; CIP Medium 29; MEDIUM 72- for trypto casein soja agar; CIP Medium 3; MEDIUM 3 - Columbia agar,"Human, Stools; Environment, National survey, Soil; Human blood,91-yr-old woman; Human feces,11-month-old boy; Human feces,14-yr-old patient"
taxon:498214|organism:clostridium botulinum (strain loch maree / type a3),109,target_bacteria,taxon_organism,clostridium botulinum,Clostridium botulinum (strain Loch Maree / Type A3),bacdive_species_exact_name_match,validated_species_exact_name,not_candidate_row,2,0,30,15,15,22,True,1,True,0,0,False,8,6,True,8,4,True,6,16,True,"{""normalized_species_exact"": 15}",CIP 104310; ATCC 25763; CCUG 41389; CCUG 37546; CCUG 32123; CCUG 32122; CCUG 32121; CCUG 22775; CCUG 14228; CCUG 11910; CCUG 7974; NCTC 8266; CCUG 7971; NCTC 8265; CCUG 7970; NCTC 8264; CCUG 7969; NCTC 7273; CCUG 7968; ATCC 19397,,,"Industry; Human,sudden death; Peas; Cheese; Source not known"
taxon:502801|organism:yersinia pseudotuberculosis serotype ib (strain pb1/+),270,target_bacteria,taxon_organism,yersinia pseudotuberculosis,Yersinia pseudotuberculosis serotype IB (strain PB1/+),bacdive_species_exact_name_match,validated_species_exact_name,not_candidate_row,2,0,78,39,39,64,True,1,True,16,9,True,29,23,True,28,6,True,5,6,True,"{""normalized_species_exact"": 39}",CIP 111976; IP 33620; CIP 111975; IP 34654; CIP 111974; IP 33304; CIP 111962; IP 31758; CIP 111961; IP 32953; CCUG 60634; CCUG 54450; CCUG 54449; CCUG 54448; CCUG 54447; CCUG 54446; CCUG 37903; CCUG 37902; CCUG 36765; CCUG 26948,"CARE_00020; CARE_00019; CARE_00018; CARE_00006; CARE_00005; 32; 25; 43; 16; Prud'homme; 71, A82, I, CNP 14; 14",CIP Medium 72; CIP Medium 29; MEDIUM 72- for trypto casein soja agar; CIP Medium 3; MEDIUM 3 - Columbia agar,"Human, Stools; Environment, National survey, Soil; Human blood,91-yr-old woman; Human feces,11-month-old boy; Human feces,14-yr-old patient"
taxon:935198|organism:clostridium botulinum (strain eklund 17b / type b),107,target_bacteria,taxon_organism,clostridium botulinum,Clostridium botulinum (strain Eklund 17B / Type B),bacdive_species_exact_name_match,validated_species_exact_name,not_candidate_row,2,0,30,15,15,22,True,1,True,0,0,False,8,6,True,8,4,True,6,16,True,"{""normalized_species_exact"": 15}",CIP 104310; ATCC 25763; CCUG 41389; CCUG 37546; CCUG 32123; CCUG 32122; CCUG 32121; CCUG 22775; CCUG 14228; CCUG 11910; CCUG 7974; NCTC 8266; CCUG 7971; NCTC 8265; CCUG 7970; NCTC 8264; CCUG 7969; NCTC 7273; CCUG 7968; ATCC 19397,,,"Industry; Human,sudden death; Peas; Cheese; Source not known"
taxon:508767|organism:clostridium botulinum (strain alaska e43 / type e3),112,target_bacteria,taxon_organism,clostridium botulinum,Clostridium botulinum (strain Alaska E43 / Type E3),bacdive_species_exact_name_match,validated_species_exact_name,not_candidate_row,2,0,30,15,15,22,True,1,True,0,0,False,8,6,True,8,4,True,6,16,True,"{""normalized_species_exact"": 15}",CIP 104310; ATCC 25763; CCUG 41389; CCUG 37546; CCUG 32123; CCUG 32122; CCUG 32121; CCUG 22775; CCUG 14228; CCUG 11910; CCUG 7974; NCTC 8266; CCUG 7971; NCTC 8265; CCUG 7970; NCTC 8264; CCUG 7969; NCTC 7273; CCUG 7968; ATCC 19397,,,"Industry; Human,sudden death; Peas; Cheese; Source not known"
proteome:UP000007096,195,target_bacteria,proteome,bacillus cereus,Bacillus cereus (strain B4264),bacdive_species_exact_name_match,validated_species_exact_name,not_candidate_row,6,0,400,200,198,324,True,1,True,74,15,True,121,76,True,129,22,True,18,33,True,"{""normalized_species_exact"": 200}",CCUG 36593; CCUG 32532; CCUG 32457; CCUG 31769; CCUG 31713; CCUG 31711; CCUG 31159; CCUG 30772; CCUG 30641; CCUG 30606; CCUG 30532; CCUG 30471; CCUG 29136; CCUG 28208; CCUG 27591; CCUG 27322; CCUG 27240; CCUG 27237; CCUG 27232; CCUG 27175,F 837/76; EC1; 693.86; 724; 124-74; 586.86; 550.86; K250 TR; 210; 932.85; 992.85; D33_2; D33_1; D9_2; D9_1; 17-NRDAF21; T-a3; T3_1; FH 3502/72; SF002760,COLUMBIA BLOOD MEDIUM (DSMZ Medium 693); CASO AGAR (MERCK 105458) (DSMZ Medium 220); CIP Medium 72; CIP Medium 20; NUTRIENT AGAR (DSMZ Medium 1),"Human blood; Cellulose fibre,industrial rayon; Human blood,45-yr-old woman; Industrial product; Human blood,77-yr-old man"
proteome:UP000006744,191,target_bacteria,proteome,bacillus cereus,Bacillus cereus (strain G9842),bacdive_species_exact_name_match,validated_species_exact_name,not_candidate_row,6,0,400,200,198,324,True,1,True,74,15,True,121,76,True,129,22,True,18,33,True,"{""normalized_species_exact"": 200}",CCUG 36593; CCUG 32532; CCUG 32457; CCUG 31769; CCUG 31713; CCUG 31711; CCUG 31159; CCUG 30772; CCUG 30641; CCUG 30606; CCUG 30532; CCUG 30471; CCUG 29136; CCUG 28208; CCUG 27591; CCUG 27322; CCUG 27240; CCUG 27237; CCUG 27232; CCUG 27175,F 837/76; EC1; 693.86; 724; 124-74; 586.86; 550.86; K250 TR; 210; 932.85; 992.85; D33_2; D33_1; D9_2; D9_1; 17-NRDAF21; T-a3; T3_1; FH 3502/72; SF002760,COLUMBIA BLOOD MEDIUM (DSMZ Medium 693); CASO AGAR (MERCK 105458) (DSMZ Medium 220); CIP Medium 72; CIP Medium 20; NUTRIENT AGAR (DSMZ Medium 1),"Human blood; Cellulose fibre,industrial rayon; Human blood,45-yr-old woman; Industrial product; Human blood,77-yr-old man"
proteome:UP000001363,189,target_bacteria,proteome,bacillus cereus,Bacillus cereus (strain AH820),bacdive_species_exact_name_match,validated_species_exact_name,not_candidate_row,6,0,400,200,198,324,True,1,True,74,15,True,121,76,True,129,22,True,18,33,True,"{""normalized_species_exact"": 200}",CCUG 36593; CCUG 32532; CCUG 32457; CCUG 31769; CCUG 31713; CCUG 31711; CCUG 31159; CCUG 30772; CCUG 30641; CCUG 30606; CCUG 30532; CCUG 30471; CCUG 29136; CCUG 28208; CCUG 27591; CCUG 27322; CCUG 27240; CCUG 27237; CCUG 27232; CCUG 27175,F 837/76; EC1; 693.86; 724; 124-74; 586.86; 550.86; K250 TR; 210; 932.85; 992.85; D33_2; D33_1; D9_2; D9_1; 17-NRDAF21; T-a3; T3_1; FH 3502/72; SF002760,COLUMBIA BLOOD MEDIUM (DSMZ Medium 693); CASO AGAR (MERCK 105458) (DSMZ Medium 220); CIP Medium 72; CIP Medium 20; NUTRIENT AGAR (DSMZ Medium 1),"Human blood; Cellulose fibre,industrial rayon; Human blood,45-yr-old woman; Industrial product; Human blood,77-yr-old man"
proteome:UP000002507,169,target_bacteria,proteome,shewanella baltica,Shewanella baltica (strain OS223),bacdive_species_exact_name_match,validated_species_exact_name,not_candidate_row,4,0,12,6,6,16,True,1,True,6,8,True,6,9,True,4,4,True,2,2,True,"{""normalized_species_exact"": 6}",CIP 69.29; NCIMB 1735; CIP 69.34; NCIMB 1734; CIP 108313; CIP 69.31; DSM 16281; DSM 9439; CECT 323; IAM 1477; LMG 2250; NCTC 10735; CCUG 39356; JCM 16449; CIP 105850; AJ 2258,OS155,MEDIUM 3 - Columbia agar; CIP Medium 72; CIP Medium 3; MEDIUM 72- for trypto casein soja agar; Marine agar (MA),"Haddock; Haddock, fillet; Environment, Water sample; Food, Haddock fillets; water sample"
proteome:UP000000441,182,target_bacteria,proteome,bacillus cereus,Bacillus cereus (strain Q1),bacdive_species_exact_name_match,validated_species_exact_name,not_candidate_row,6,0,400,200,198,324,True,1,True,74,15,True,121,76,True,129,22,True,18,33,True,"{""normalized_species_exact"": 200}",CCUG 36593; CCUG 32532; CCUG 32457; CCUG 31769; CCUG 31713; CCUG 31711; CCUG 31159; CCUG 30772; CCUG 30641; CCUG 30606; CCUG 30532; CCUG 30471; CCUG 29136; CCUG 28208; CCUG 27591; CCUG 27322; CCUG 27240; CCUG 27237; CCUG 27232; CCUG 27175,F 837/76; EC1; 693.86; 724; 124-74; 586.86; 550.86; K250 TR; 210; 932.85; 992.85; D33_2; D33_1; D9_2; D9_1; 17-NRDAF21; T-a3; T3_1; FH 3502/72; SF002760,COLUMBIA BLOOD MEDIUM (DSMZ Medium 693); CASO AGAR (MERCK 105458) (DSMZ Medium 220); CIP Medium 72; CIP Medium 20; NUTRIENT AGAR (DSMZ Medium 1),"Human blood; Cellulose fibre,industrial rayon; Human blood,45-yr-old woman; Industrial product; Human blood,77-yr-old man"
proteome:UP000002210,198,target_bacteria,proteome,bacillus cereus,Bacillus cereus (strain 03BB102),bacdive_species_exact_name_match,validated_species_exact_name,not_candidate_row,6,0,400,200,198,324,True,1,True,74,15,True,121,76,True,129,22,True,18,33,True,"{""normalized_species_exact"": 200}",CCUG 36593; CCUG 32532; CCUG 32457; CCUG 31769; CCUG 31713; CCUG 31711; CCUG 31159; CCUG 30772; CCUG 30641; CCUG 30606; CCUG 30532; CCUG 30471; CCUG 29136; CCUG 28208; CCUG 27591; CCUG 27322; CCUG 27240; CCUG 27237; CCUG 27232; CCUG 27175,F 837/76; EC1; 693.86; 724; 124-74; 586.86; 550.86; K250 TR; 210; 932.85; 992.85; D33_2; D33_1; D9_2; D9_1; 17-NRDAF21; T-a3; T3_1; FH 3502/72; SF002760,COLUMBIA BLOOD MEDIUM (DSMZ Medium 693); CASO AGAR (MERCK 105458) (DSMZ Medium 220); CIP Medium 72; CIP Medium 20; NUTRIENT AGAR (DSMZ Medium 1),"Human blood; Cellulose fibre,industrial rayon; Human blood,45-yr-old woman; Industrial product; Human blood,77-yr-old man"
proteome:UP000001374,105,target_bacteria,proteome,clostridium botulinum,Clostridium botulinum (strain Kyoto / Type A2),bacdive_species_exact_name_match,validated_species_exact_name,not_candidate_row,4,0,30,15,15,22,True,1,True,0,0,False,8,6,True,8,4,True,6,16,True,"{""normalized_species_exact"": 15}",CIP 104310; ATCC 25763; CCUG 41389; CCUG 37546; CCUG 32123; CCUG 32122; CCUG 32121; CCUG 22775; CCUG 14228; CCUG 11910; CCUG 7974; NCTC 8266; CCUG 7971; NCTC 8265; CCUG 7970; NCTC 8264; CCUG 7969; NCTC 7273; CCUG 7968; ATCC 19397,,,"Industry; Human,sudden death; Peas; Cheese; Source not known"
proteome:UP000002333,103,target_bacteria,proteome,clostridium botulinum,Clostridium botulinum (strain 657 / Type Ba4),bacdive_species_exact_name_match,validated_species_exact_name,not_candidate_row,4,0,30,15,15,22,True,1,True,0,0,False,8,6,True,8,4,True,6,16,True,"{""normalized_species_exact"": 15}",CIP 104310; ATCC 25763; CCUG 41389; CCUG 37546; CCUG 32123; CCUG 32122; CCUG 32121; CCUG 22775; CCUG 14228; CCUG 11910; CCUG 7974; NCTC 8266; CCUG 7971; NCTC 8265; CCUG 7970; NCTC 8264; CCUG 7969; NCTC 7273; CCUG 7968; ATCC 19397,,,"Industry; Human,sudden death; Peas; Cheese; Source not known"
taxon:568206|organism:bacillus anthracis (strain cdc 684 / nrrl 3495),198,target_bacteria,taxon_organism,bacillus anthracis,Bacillus anthracis (strain CDC 684 / NRRL 3495),bacdive_species_exact_name_match,validated_species_exact_name,not_candidate_row,3,0,2,1,1,3,True,1,True,0,0,False,0,0,False,0,0,False,1,2,True,"{""normalized_species_exact"": 1}",ATCC 14578; NCTC 10340; CIP 66.17,,,
taxon:592021|organism:bacillus anthracis (strain a0248),194,target_bacteria,taxon_organism,bacillus anthracis,Bacillus anthracis (strain A0248),bacdive_species_exact_name_match,validated_species_exact_name,not_candidate_row,2,0,2,1,1,3,True,1,True,0,0,False,0,0,False,0,0,False,1,2,True,"{""normalized_species_exact"": 1}",ATCC 14578; NCTC 10340; CIP 66.17,,,
proteome:UP000002736,245,target_bacteria,proteome,pectobacterium carotovorum,Pectobacterium carotovorum subsp. carotovorum (strain PC1),bacdive_species_exact_name_match,validated_species_exact_name,not_candidate_row,4,0,76,38,36,57,True,1,True,32,8,True,35,32,True,28,17,True,3,6,True,"{""base_binomial_match_or_subspecies"": 3, ""normalized_species_exact"": 15, ""validated_bacdive_id_from_closure"": 20}",SF002860; JCM 20699; IAM 12633; IFO 3380; NBRC 3380; JCM 20506; ATCC 495; IAM 12350; ICPB EC208; JCM 20460; ATCC 12286; IAM 12301; DSM 108906; IMI 348308; IMI 347390; IMI 347389; IMI 347388; IMI 347387; IMI 347386; IMI 347384,"FSU-2860; BL19-1-37; AGES769/14-A2; A45; C3; A6.2; C364.2; C267; C150; SF005347; SF005605; BCBB 371, Ecbr 371; BPBB 213, Ecbr 213; BPBB 212, Ecbr 212; BPBB 8, Ecbr 8; 39-1/1; IX B; BS 1008, 904, type 32011",LB (Luria-Bertani) MEDIUM (DSMZ Medium 381); TRYPTICASE SOY BROTH AGAR (DSMZ Medium 535); Nutrient Agar (NA); CASO AGAR (MERCK 105458) (DSMZ Medium 220); TRYPTONE SOYA BROTH (TSB) (DSMZ Medium 545),Soft rot of carrot; Rotting tobacco leaves; Solanum tuberosum cultivar golden wonder with blackleg; Cyclamen; leaf; Amorphophallus; petioles
proteome:UP000001824,125,target_bacteria,proteome,clostridium perfringens,Clostridium perfringens (strain SM101 / Type A),bacdive_species_exact_name_match,validated_species_exact_name,not_candidate_row,6,0,210,105,105,178,True,1,True,62,10,True,91,64,True,84,9,True,16,22,True,"{""normalized_species_exact"": 105}",CCUG 59984; CCUG 57575; CCUG 55613; CCUG 47895; CCUG 47829; CCUG 45870; CCUG 43593; CCUG 43122; CCUG 42684; CCUG 42642; CCUG 42581 B; CCUG 42581 A; CCUG 41642; CCUG 39490; CCUG 39212; CCUG 39042; CCUG 38829; CCUG 37991; CCUG 37568; CCUG 37480,281/50; 4702000; 106; 146; 138; 124; 108; 101; 100; CWC238; 2001038; 2001036; 117; 72.2000; 4692000; 3162000; 170; 3222000; 169; 48899,MEDIUM 20 - for Anaerobic bacteria; CIP Medium 20; MEDIUM 6 - Columbia agar with 10 % horse blood; CIP Medium 6; FASTIDIOUS ANAEROBE BROTH (DSMZ Medium 1203a),"Human wound,98-yr-old woman; Human blood,93-yr-old man; Human blood,87-yr-old woman; Broiler gallbladder,healthy animal; Human,81-yr-old woman"
proteome:UP000000659,354,target_bacteria,proteome,shigella flexneri,Shigella flexneri serotype 5b (strain 8401),bacdive_species_exact_name_match,validated_species_exact_name,not_candidate_row,4,0,96,48,48,69,True,1,True,35,7,True,17,13,True,22,12,True,2,3,True,"{""normalized_species_exact"": 48}",CCUG 56027; CCUG 43875; CCUG 39080; CCUG 38947; CCUG 37906; CCUG 37890; CCUG 29416; CCUG 29415; CCUG 29413; CCUG 29412; CCUG 21270; CCUG 21251; CCUG 9566; NCTC 1; CIP 107659; ATCC 700930; CIP 106236; CIP 106197; CIP 106193; CIP 106192,"2457T; 80; M181, 40; 36, M174; 92; M148, 30; 44, M190; 7, M32; Zaboli; 145-48; Boyd 102; Ledingham; 164; 26 D; Z Withington; 3591-52; Ratcliffe; 24 D; 935; 53125",MEDIUM 72- for trypto casein soja agar; CIP Medium 72; MEDIUM 3 - Columbia agar; CIP Medium 3; CIP Medium 29,"Human feces,35-yr-old man; Human feces,diarrhoea; Human feces,3-yr-old patient with diarrea for 48h; Human feces; Human feces,diarrhea"
proteome:UP000001971,307,target_bacteria,proteome,yersinia pestis,Yersinia pestis bv. Antiqua (strain Antiqua),bacdive_species_exact_name_match,validated_species_exact_name,not_candidate_row,4,0,4,2,2,5,True,1,True,0,0,False,0,0,False,1,1,True,1,1,True,"{""normalized_species_exact"": 2}",ATCC 19428; CIP 80.26; NCTC 5923; CCUG 32133; CIP 109701,,,
proteome:UP000008936,309,target_bacteria,proteome,yersinia pestis,Yersinia pestis bv. Antiqua (strain Nepal516),bacdive_species_exact_name_match,validated_species_exact_name,not_candidate_row,4,0,4,2,2,5,True,1,True,0,0,False,0,0,False,1,1,True,1,1,True,"{""normalized_species_exact"": 2}",ATCC 19428; CIP 80.26; NCTC 5923; CCUG 32133; CIP 109701,,,
proteome:UP000000239,194,target_bacteria,proteome,chromohalobacter israelensis,Chromohalobacter israelensis (strain ATCC BAA-138 / DSM 3043 / CIP 106854 / NCIMB 13768 / 1H11) (Chromohalobacter salexigens),bacdive_species_exact_name_match,validated_species_exact_name,not_candidate_row,9,0,12,3,3,10,True,2,True,2,5,True,3,5,True,3,4,True,2,3,True,"{""normalized_species_exact"": 1, ""validated_bacdive_id_from_closure"": 2}",JCM 15323; DSM 3043; CIP 106854; CCM 4921; CECT 5384; ATCC BAA-138; NCIMB 13768; DSM 6768; ATCC 43985; CIP 105572,"1H11; Ba1, Ba<SUB>1</SUB>, 1-13-31",HALOMONAS MEDIUM (DSMZ Medium 276); Marine agar (MA); CIP Medium 13; MEDIUM 514 PLUS ADDITIONAL SALT (DSMZ Medium 514b); 10% MH MEDIUM (DSMZ Medium 593),"Fermented fish (<I>pla-ra</I>) from a market in Roi Et; solar salt facility; Saltern; Dead Sea; Environment, Water, Dead sea"
proteome:UP000002707,106,target_bacteria,proteome,latilactobacillus sakei,Latilactobacillus sakei subsp. sakei (strain 23K) (Lactobacillus sakei subsp. sakei),bacdive_species_exact_name_match,validated_species_exact_name,not_candidate_row,4,0,46,23,23,49,True,1,True,8,3,True,20,18,True,21,5,True,4,6,True,"{""base_binomial_match_or_subspecies"": 2, ""validated_bacdive_id_from_closure"": 21}",CCUG 60816 A; CCUG 60736; CCUG 56569; CCUG 54388; CCUG 49612; CCUG 48671; CCUG 48611; CCUG 48119; CCUG 42687; CCUG 41581; CCUG 34545; JCM 12491; CCUG 41580; CECT 5964; CIP 109872; DSM 15740; LMG 18295; CCUG 32584; CCUG 32077; CCUG 31330,160x1; 23K; 18; 156; R60; R 14b/a,CIP Medium 40; MEDIUM 40- for Lactobacillus and Leuconostoc; MRS MEDIUM (DSMZ Medium 11),"Meat; Human blood,63-yr-old woman,leukaemia; Human blood; Human blood,74-yr-old woman,pneumoniae ?,smoker; Human blood,81-yr-old man"
proteome:UP000002612,290,target_bacteria,proteome,bacillus cereus,Bacillus cereus (strain ZK / E33L),bacdive_species_exact_name_match,validated_species_exact_name,not_candidate_row,6,0,400,200,198,324,True,1,True,74,15,True,121,76,True,129,22,True,18,33,True,"{""normalized_species_exact"": 200}",CCUG 36593; CCUG 32532; CCUG 32457; CCUG 31769; CCUG 31713; CCUG 31711; CCUG 31159; CCUG 30772; CCUG 30641; CCUG 30606; CCUG 30532; CCUG 30471; CCUG 29136; CCUG 28208; CCUG 27591; CCUG 27322; CCUG 27240; CCUG 27237; CCUG 27232; CCUG 27175,F 837/76; EC1; 693.86; 724; 124-74; 586.86; 550.86; K250 TR; 210; 932.85; 992.85; D33_2; D33_1; D9_2; D9_1; 17-NRDAF21; T-a3; T3_1; FH 3502/72; SF002760,COLUMBIA BLOOD MEDIUM (DSMZ Medium 693); CASO AGAR (MERCK 105458) (DSMZ Medium 220); CIP Medium 72; CIP Medium 20; NUTRIENT AGAR (DSMZ Medium 1),"Human blood; Cellulose fibre,industrial rayon; Human blood,45-yr-old woman; Industrial product; Human blood,77-yr-old man"
proteome:UP000001011,367,target_bacteria,proteome,yersinia pseudotuberculosis,Yersinia pseudotuberculosis serotype I (strain IP32953),bacdive_species_exact_name_match,validated_species_exact_name,not_candidate_row,5,0,80,39,39,64,True,1,True,16,9,True,29,23,True,28,6,True,5,6,True,"{""normalized_species_exact"": 39}",CIP 111976; IP 33620; CIP 111975; IP 34654; CIP 111974; IP 33304; CIP 111962; IP 31758; CIP 111961; IP 32953; CCUG 60634; CCUG 54450; CCUG 54449; CCUG 54448; CCUG 54447; CCUG 54446; CCUG 37903; CCUG 37902; CCUG 36765; CCUG 26948,"CARE_00020; CARE_00019; CARE_00018; CARE_00006; CARE_00005; 32; 25; 43; 16; Prud'homme; 71, A82, I, CNP 14; 14",CIP Medium 72; CIP Medium 29; MEDIUM 72- for trypto casein soja agar; CIP Medium 3; MEDIUM 3 - Columbia agar,"Human, Stools; Environment, National survey, Soil; Human blood,91-yr-old woman; Human feces,11-month-old boy; Human feces,14-yr-old patient"
proteome:UP000007966,359,target_bacteria,proteome,pectobacterium atrosepticum,Pectobacterium atrosepticum (strain SCRI 1043 / ATCC BAA-672) (Erwinia carotovora subsp. atroseptica),bacdive_species_exact_name_match,validated_species_exact_name,not_candidate_row,5,0,14,7,7,15,True,1,True,7,9,True,6,6,True,4,3,True,1,2,True,"{""normalized_species_exact"": 5, ""validated_bacdive_id_from_closure"": 2}",IMI 347383; IMI 347376; DSM 23895; DSM 30186; DSM 60336; DSM 30185; DSM 30184; DSM 60108; DSM 18077; ATCC 33260; CFBP 1526; CIP 105192; NCPPB 549; LMG 2386; ICPB EA 155,"M37; 33-1/1; 34-1/1; 33-4/1; G/39, G39",Nutrient Agar (NA); TRYPTICASE SOY BROTH AGAR (DSMZ Medium 535); CASO AGAR (MERCK 105458) (DSMZ Medium 220); GLUCOSE YEAST EXTRACT MEDIUM (DSMZ Medium 54); TRYPTONE SOYA BROTH (TSB) (DSMZ Medium 545),"Solanum tuberosum; tuber of infected plants of <i>Solanum tuberosum</i>; <I>Solanum tuberosum</I> ""Maritta"", soft rot of potato tuber; <I>Solanum tuberosum</I> ""Bodenkraft"", brown soft rot of potato stem; <I>Solanum tuberosum</I>, blackleg of potato stem"
proteome:UP000001301,286,target_bacteria,proteome,bacillus thuringiensis,Bacillus thuringiensis subsp. konkukian (strain 97-27),bacdive_species_exact_name_match,validated_species_exact_name,not_candidate_row,4,0,182,91,91,189,True,1,True,84,7,True,37,34,True,39,11,True,2,5,True,"{""normalized_species_exact"": 91}",CRBIP3.2344; BTS 02618A; CIP 110666; CIP 200206; CRBIP3.705; CRBIP3.6147; CRBIP3.2721; JCM 28844; JCM 28784; JCM 20387; ATCC 13366; IAM 12078; JCM 20331; IAM 11056; DSM 26055; IMI 348918; CCUG 22499; IAM 11064; ATCC 13367; JCM 20337,"367; 1884; EA 12392; BnBt; Bt 18247, MYBT18247; NRS-1124, 58.1.1; Bt GOE7; Bt GOE6; Bt GOE5; Bt GOE4; Bt GOE3; Bt GOE2; Bt GOE1; Bt 131, 4A8; NB221; NB 75; NB 31; NRS-996; 1564",CIP Medium 72; CASO AGAR (MERCK 105458) (DSMZ Medium 220); Nutrient Agar (NA); NUTRIENT AGAR (DSMZ Medium 1); MEDIUM 3 - Columbia agar,"Environment, Soil; Soil (Hanchiku) in the southeast area of the burial mound of the Takamatsuzuka Tumulus; Viscous gels below the paintings of the group of women on the east wall in the stone chamber of the Takamatsuzuka Tumulus; Indian-meal moth (<I>Plodia interpunctella</I>); insect (Balaninus nucum)"
proteome:UP000002527,285,target_bacteria,proteome,bacillus cereus,Bacillus cereus (strain ATCC 10987 / NRS 248),bacdive_species_exact_name_match,validated_species_exact_name,not_candidate_row,7,0,400,200,198,324,True,1,True,74,15,True,121,76,True,129,22,True,18,33,True,"{""normalized_species_exact"": 200}",CCUG 36593; CCUG 32532; CCUG 32457; CCUG 31769; CCUG 31713; CCUG 31711; CCUG 31159; CCUG 30772; CCUG 30641; CCUG 30606; CCUG 30532; CCUG 30471; CCUG 29136; CCUG 28208; CCUG 27591; CCUG 27322; CCUG 27240; CCUG 27237; CCUG 27232; CCUG 27175,F 837/76; EC1; 693.86; 724; 124-74; 586.86; 550.86; K250 TR; 210; 932.85; 992.85; D33_2; D33_1; D9_2; D9_1; 17-NRDAF21; T-a3; T3_1; FH 3502/72; SF002760,COLUMBIA BLOOD MEDIUM (DSMZ Medium 693); CASO AGAR (MERCK 105458) (DSMZ Medium 220); CIP Medium 72; CIP Medium 20; NUTRIENT AGAR (DSMZ Medium 1),"Human blood; Cellulose fibre,industrial rayon; Human blood,45-yr-old woman; Industrial product; Human blood,77-yr-old man"
taxon:1392|organism:bacillus anthracis,301,target_bacteria,taxon_organism,bacillus anthracis,Bacillus anthracis,bacdive_species_exact_name_match,validated_species_exact_name,not_candidate_row,2,0,2,1,1,3,True,1,True,0,0,False,0,0,False,0,0,False,1,2,True,"{""normalized_species_exact"": 1}",ATCC 14578; NCTC 10340; CIP 66.17,,,
proteome:UP000001412,138,target_bacteria,proteome,clostridium tetani,Clostridium tetani (strain Massachusetts / E88),bacdive_species_exact_name_match,validated_species_exact_name,not_candidate_row,4,0,20,10,10,12,True,1,True,7,6,True,5,4,True,5,3,True,1,2,True,"{""normalized_species_exact"": 10}",CIP 60.37; CCUG 52330; CCUG 4220; ATCC 19406; NCTC 279; CCUG 1408; CIP 108175; CIP 108173; CIP 108172; CIP 108174; DSM 11745; DSM 11744,Harvard; 132CV; 358-99; 407-86; E4222; 34946A,CIP Medium 20; MEDIUM 20 - for Anaerobic bacteria; CHOPPED MEAT MEDIUM (DSMZ Medium 78); FASTIDIOUS ANAEROBE BROTH (DSMZ Medium 1203a); FASTIDIOUS ANAEROBE AGAR (DSMZ Medium 1203),"Human wound,25-yr-old woman,leg fracture; Human, Open fracture; Human, Knee wound; human clinical specimens"
taxon:632|organism:yersinia pestis,403,target_bacteria,taxon_organism,yersinia pestis,Yersinia pestis,bacdive_species_exact_name_match,validated_species_exact_name,not_candidate_row,2,0,4,2,2,5,True,1,True,0,0,False,0,0,False,1,1,True,1,1,True,"{""normalized_species_exact"": 2}",ATCC 19428; CIP 80.26; NCTC 5923; CCUG 32133; CIP 109701,,,
proteome:UP000008216,342,target_bacteria,proteome,escherichia coli,Escherichia coli O1:K1 / APEC,bacdive_species_exact_name_match,validated_species_exact_name,not_candidate_row,6,0,400,200,200,423,True,0,False,83,19,True,10,13,True,4,3,True,18,53,True,"{""normalized_species_exact"": 200}",DSM 6215; ATCC 37371; DSM 6214; ATCC 39531; DSM 6213; ATCC 41036; DSM 6212; ATCC 37375; DSM 6202; ATCC 37032; DSM 6201; ATCC 35673; DSM 6197; ATCC 47019; DSM 6196; ATCC 47018; DSM 6189; ATCC 37064; CCRC 41300; DSM 6188,"pfdB2; K12 MC1000, MC1000; pHB-1; pfdA2; pSC101; K12 HB101 DB6507, DB6507, FD 27747, HB101 DB6507; K12 Q359, Q359; K12 Q358, Q358; YIP33; DP50; YEp24; YIp5; pSP65; K12 TG1, TG1; pBluescribe M13-, PC-V3046; PC-V3138, pYAC3; PC-V3058, pGEM-3Zf(-); PC-V3057, pGEM-3Zf(+); pBluescribe M13+, PC-V3045; pBGS8, PC-V3012",LB (Luria-Bertani) MEDIUM (DSMZ Medium 381); NUTRIENT AGAR (DSMZ Medium 1); Mineral medium M9 for E. coli JM strains (DSMZ Medium 382); MEDIUM 72- for trypto casein soja agar; CIP Medium 72,"Canine; Animal, Canine; food; freshwater (river, lake, pond); faeces"
proteome:UP000000265,324,target_bacteria,proteome,klebsiella pneumoniae,Klebsiella pneumoniae subsp. pneumoniae (strain ATCC 700721 / MGH 78578),bacdive_species_exact_name_match,validated_species_exact_name,not_candidate_row,7,0,400,200,200,356,True,3,True,133,11,True,126,90,True,118,22,True,24,58,True,"{""base_binomial_match_or_subspecies"": 34, ""normalized_species_exact"": 166}",CCUG 59360; CCUG 59359; CCUG 59358; CCUG 59350; CCUG 59349; CCUG 59348; CCUG 58547; CCUG 58546; CCUG 58545; CCUG 56233; CCUG 55505; CCUG 54718; CCUG 52846; CCUG 52804; CCUG 49243; CCUG 48848; CCUG 48035; CCUG 46734; CCUG 45105; CCUG 45102,"O45, E5051; KC100; 75; TP 01; CF 1304; 2918381; Innsbruck A-1; 531-79; 511-79; Korski; LRA 003 09 73; 1056; NB 37; chalazion; 2005/49; B 5055; 45956; HM08G; SLK 54; MCQ-122",MEDIUM 3 - Columbia agar; CIP Medium 3; CIP Medium 72; MEDIUM 72- for trypto casein soja agar; NUTRIENT AGAR (DSMZ Medium 1),"Human clinical isolate; Human pus,catheter; Human wound; Human expectorate; Human,screening"
proteome:UP000000260,272,target_bacteria,proteome,cronobacter sakazakii,Cronobacter sakazakii (strain ATCC BAA-894) (Enterobacter sakazakii),bacdive_species_exact_name_match,validated_species_exact_name,not_candidate_row,5,0,50,25,25,45,True,1,True,3,6,True,18,17,True,16,2,True,2,9,True,"{""base_binomial_match_or_subspecies"": 1, ""normalized_species_exact"": 24}",JCM 24136; JCM 24135; JCM 24133; JCM 2127; CCUG 64760; CCUG 29129; CCUG 28871; CCUG 28870; CCUG 28869; CCUG 28868; CCUG 28867; CCUG 28866; CCUG 28865; CCUG 28864; CCUG 28863; CCUG 28861; CCUG 28860; CCUG 28859; CCUG 28858; CCUG 28857,F37/50,MEDIUM 3 - Columbia agar; CIP Medium 72; CIP Medium 3; MEDIUM 72- for trypto casein soja agar; TRYPTICASE SOY YEAST EXTRACT MEDIUM (DSMZ Medium 92),"Environment,industry; Human cerebrospinal fluid,patient 6; Human sputum,colonization; Dish brush; Formula"
proteome:UP000001122,392,target_bacteria,proteome,escherichia coli,Escherichia coli O139:H28 (strain E24377A / ETEC),bacdive_species_exact_name_match,validated_species_exact_name,not_candidate_row,6,0,400,200,200,423,True,0,False,83,19,True,10,13,True,4,3,True,18,53,True,"{""normalized_species_exact"": 200}",DSM 6215; ATCC 37371; DSM 6214; ATCC 39531; DSM 6213; ATCC 41036; DSM 6212; ATCC 37375; DSM 6202; ATCC 37032; DSM 6201; ATCC 35673; DSM 6197; ATCC 47019; DSM 6196; ATCC 47018; DSM 6189; ATCC 37064; CCRC 41300; DSM 6188,"pfdB2; K12 MC1000, MC1000; pHB-1; pfdA2; pSC101; K12 HB101 DB6507, DB6507, FD 27747, HB101 DB6507; K12 Q359, Q359; K12 Q358, Q358; YIP33; DP50; YEp24; YIp5; pSP65; K12 TG1, TG1; pBluescribe M13-, PC-V3046; PC-V3138, pYAC3; PC-V3058, pGEM-3Zf(-); PC-V3057, pGEM-3Zf(+); pBluescribe M13+, PC-V3045; pBGS8, PC-V3012",LB (Luria-Bertani) MEDIUM (DSMZ Medium 381); NUTRIENT AGAR (DSMZ Medium 1); Mineral medium M9 for E. coli JM strains (DSMZ Medium 382); MEDIUM 72- for trypto casein soja agar; CIP Medium 72,"Canine; Animal, Canine; food; freshwater (river, lake, pond); faeces"
taxon:331112|organism:escherichia coli o9:h4 (strain hs),392,target_bacteria,taxon_organism,escherichia coli,Escherichia coli O9:H4 (strain HS),bacdive_species_exact_name_match,validated_species_exact_name,not_candidate_row,4,0,400,200,200,423,True,0,False,83,19,True,10,13,True,4,3,True,18,53,True,"{""normalized_species_exact"": 200}",DSM 6215; ATCC 37371; DSM 6214; ATCC 39531; DSM 6213; ATCC 41036; DSM 6212; ATCC 37375; DSM 6202; ATCC 37032; DSM 6201; ATCC 35673; DSM 6197; ATCC 47019; DSM 6196; ATCC 47018; DSM 6189; ATCC 37064; CCRC 41300; DSM 6188,"pfdB2; K12 MC1000, MC1000; pHB-1; pfdA2; pSC101; K12 HB101 DB6507, DB6507, FD 27747, HB101 DB6507; K12 Q359, Q359; K12 Q358, Q358; YIP33; DP50; YEp24; YIp5; pSP65; K12 TG1, TG1; pBluescribe M13-, PC-V3046; PC-V3138, pYAC3; PC-V3058, pGEM-3Zf(-); PC-V3057, pGEM-3Zf(+); pBluescribe M13+, PC-V3045; pBGS8, PC-V3012",LB (Luria-Bertani) MEDIUM (DSMZ Medium 381); NUTRIENT AGAR (DSMZ Medium 1); Mineral medium M9 for E. coli JM strains (DSMZ Medium 382); MEDIUM 72- for trypto casein soja agar; CIP Medium 72,"Canine; Animal, Canine; food; freshwater (river, lake, pond); faeces"
proteome:UP000002084,274,target_bacteria,proteome,salmonella enterica,Salmonella arizonae (strain ATCC BAA-731 / CDC346-86 / RSK2980),bacdive_species_exact_name_match,validated_species_exact_name,not_candidate_row,7,0,400,200,200,376,True,6,True,199,18,True,57,42,True,70,21,True,28,83,True,"{""base_binomial_match_or_subspecies"": 46, ""normalized_species_exact"": 154}",CIP 55.38; NCTC 8386; CIP 107479; CCUG 46434; CIP 55.29; CIP 55.28; NCTC 7309; CIP 55.27; NCTC 7299; CIP 55.26; NCTC 7315; CIP 55.24; CIP 55.23; NCTC 7303; CIP 55.21; NCTC 7332; CIP 107125; CIP 54.143; CIP 54.140; CIP 54.139,"82K; 91K; 585K; 61; 19, M73; 13, M50; 69K; LT2; C52; S-6; Eastafrica; TA1538; 254; I137; M327, 71; 88, M453; 87, M452; M439, 86; M248, 58; M244, 57",MEDIUM 3 - Columbia agar; CIP Medium 3; MEDIUM 72- for trypto casein soja agar; CIP Medium 72; MEDIUM 29- Brain heart agar,"Human, Faeces; Poult, intestine; Gopher snake, lung; Dried egg powder; Turkey, conjunctivitis"
proteome:UP000008556,325,target_bacteria,proteome,salmonella enterica,Salmonella paratyphi B (strain ATCC BAA-1250 / SPB7),bacdive_species_exact_name_match,validated_species_exact_name,not_candidate_row,7,0,400,200,200,376,True,6,True,199,18,True,57,42,True,70,21,True,28,83,True,"{""base_binomial_match_or_subspecies"": 46, ""normalized_species_exact"": 154}",CIP 55.38; NCTC 8386; CIP 107479; CCUG 46434; CIP 55.29; CIP 55.28; NCTC 7309; CIP 55.27; NCTC 7299; CIP 55.26; NCTC 7315; CIP 55.24; CIP 55.23; NCTC 7303; CIP 55.21; NCTC 7332; CIP 107125; CIP 54.143; CIP 54.140; CIP 54.139,"82K; 91K; 585K; 61; 19, M73; 13, M50; 69K; LT2; C52; S-6; Eastafrica; TA1538; 254; I137; M327, 71; 88, M453; 87, M452; M439, 86; M248, 58; M244, 57",MEDIUM 3 - Columbia agar; CIP Medium 3; MEDIUM 72- for trypto casein soja agar; CIP Medium 72; MEDIUM 29- Brain heart agar,"Human, Faeces; Poult, intestine; Gopher snake, lung; Dried egg powder; Turkey, conjunctivitis"
proteome:UP000001510,120,target_bacteria,proteome,microcystis aeruginosa,Microcystis aeruginosa (strain NIES-843 / IAM M-2473),bacdive_species_exact_name_match,validated_species_exact_name,not_candidate_row,6,0,6,3,3,3,True,0,False,2,1,True,3,1,True,3,2,True,0,0,False,"{""normalized_species_exact"": 3}",DSM 110062; DSM 110047; DSM 110048,"EAWAG 127a, Bu 97.43; EAWAG 167, Bu 97.68; Bu 97.43, EAWAG 127a",Z MEDIUM FOR CYANOBACTERIA (DSMZ Medium 1732),Cyanobacterial bloom
proteome:UP000007011,378,target_bacteria,proteome,escherichia coli,Escherichia coli (strain SMS-3-5 / SECEC),bacdive_species_exact_name_match,validated_species_exact_name,not_candidate_row,6,0,400,200,200,423,True,0,False,83,19,True,10,13,True,4,3,True,18,53,True,"{""normalized_species_exact"": 200}",DSM 6215; ATCC 37371; DSM 6214; ATCC 39531; DSM 6213; ATCC 41036; DSM 6212; ATCC 37375; DSM 6202; ATCC 37032; DSM 6201; ATCC 35673; DSM 6197; ATCC 47019; DSM 6196; ATCC 47018; DSM 6189; ATCC 37064; CCRC 41300; DSM 6188,"pfdB2; K12 MC1000, MC1000; pHB-1; pfdA2; pSC101; K12 HB101 DB6507, DB6507, FD 27747, HB101 DB6507; K12 Q359, Q359; K12 Q358, Q358; YIP33; DP50; YEp24; YIp5; pSP65; K12 TG1, TG1; pBluescribe M13-, PC-V3046; PC-V3138, pYAC3; PC-V3058, pGEM-3Zf(-); PC-V3057, pGEM-3Zf(+); pBluescribe M13+, PC-V3045; pBGS8, PC-V3012",LB (Luria-Bertani) MEDIUM (DSMZ Medium 381); NUTRIENT AGAR (DSMZ Medium 1); Mineral medium M9 for E. coli JM strains (DSMZ Medium 382); MEDIUM 72- for trypto casein soja agar; CIP Medium 72,"Canine; Animal, Canine; food; freshwater (river, lake, pond); faeces"
proteome:UP000001202,38,target_bacteria,proteome,treponema pallidum,Treponema pallidum subsp. pallidum (strain SS14),bacdive_species_exact_name_match,validated_species_exact_name,not_candidate_row,4,0,2,1,1,1,True,0,False,0,0,False,1,1,True,1,1,True,0,0,False,"{""normalized_species_exact"": 1}",DSM 117211,Nichols,,Cerebrospinal Fluid
proteome:UP000001030,301,target_bacteria,proteome,shigella boydii,Shigella boydii serotype 18 (strain CDC 3083-94 / BS512),bacdive_species_exact_name_match,validated_species_exact_name,not_candidate_row,4,0,78,39,39,66,True,1,True,32,6,True,11,6,True,9,9,True,6,9,True,"{""normalized_species_exact"": 39}",CIP 111949; CCUG 45096; CCUG 37893; CCUG 37892; CCUG 37891; CCUG 21261; CCUG 21249; CCUG 9564; NCTC 9357; CIP 58.24; CIP 58.23; ATCC 12033; NCTC 9772; CIP 58.4; CIP 52.53; NCTC 9332; CIP 52.51; NCTC 9330; CIP 51.3; CIP 51.4,"1693; 123; 592; M 279; PSH-125; Congo; 1296/7; 6917; 426/FA; type; 425; 55; 54125; A12; H 21582; Nil-2-c; D 27; 140/56, 5518/56; 703; 2770/51",CIP Medium 72; MEDIUM 3 - Columbia agar; CIP Medium 3; MEDIUM 72- for trypto casein soja agar; TRYPTICASE SOY YEAST EXTRACT MEDIUM (DSMZ Medium 92),"Human, Stools; Human feces; Human faeces,contracted in Turkey; Human feces,44-yr-old man; Faeces"
proteome:UP000002419,75,target_bacteria,proteome,bifidobacterium longum,Bifidobacterium longum (strain DJO10A),bacdive_species_exact_name_match,validated_species_exact_name,not_candidate_row,4,0,114,57,57,137,True,5,True,10,5,True,54,36,True,27,7,True,22,37,True,"{""base_binomial_match_or_subspecies"": 43, ""normalized_species_exact"": 14}",LMG 32752; CCOS 2034; DSM 115839; JCM 7139; ATCC 27532; CGMCC 1.3011; KCTC 3429; LMG 18891; JCM 7060; CGMCC 1.3049; JCM 7056; JCM 7055; JCM 7053; CGMCC 1.3048; JCM 7052; CGMCC 1.3013; JCM 7050; LMG 18899; JCM 7011; JCM 7010,"NCC 5000; HUN014, AGR2137; WCA-178-WT-4B; S3; Su 851; SU859, SU 859; S76E; S12; E194b (Variant a), E194b; C10-45",BIFIDOBACTERIUM MEDIUM (DSMZ Medium 58); WILKINS-CHALGREN ANAEROBE BROTH (DSMZ Medium 339); MEDIUM 20 - for Anaerobic bacteria; CIP Medium 20; CIP Medium 72,Calf faeces; Pig feces; Calf feces; Infant feces; Human feces
proteome:UP000008824,324,target_bacteria,proteome,salmonella enterica,Salmonella newport (strain SL254),bacdive_species_exact_name_match,validated_species_exact_name,not_candidate_row,6,0,400,200,200,376,True,6,True,199,18,True,57,42,True,70,21,True,28,83,True,"{""base_binomial_match_or_subspecies"": 46, ""normalized_species_exact"": 154}",CIP 55.38; NCTC 8386; CIP 107479; CCUG 46434; CIP 55.29; CIP 55.28; NCTC 7309; CIP 55.27; NCTC 7299; CIP 55.26; NCTC 7315; CIP 55.24; CIP 55.23; NCTC 7303; CIP 55.21; NCTC 7332; CIP 107125; CIP 54.143; CIP 54.140; CIP 54.139,"82K; 91K; 585K; 61; 19, M73; 13, M50; 69K; LT2; C52; S-6; Eastafrica; TA1538; 254; I137; M327, 71; 88, M453; 87, M452; M439, 86; M248, 58; M244, 57",MEDIUM 3 - Columbia agar; CIP Medium 3; MEDIUM 72- for trypto casein soja agar; CIP Medium 72; MEDIUM 29- Brain heart agar,"Human, Faeces; Poult, intestine; Gopher snake, lung; Dried egg powder; Turkey, conjunctivitis"
proteome:UP000001866,320,target_bacteria,proteome,salmonella enterica,Salmonella heidelberg (strain SL476),bacdive_species_exact_name_match,validated_species_exact_name,not_candidate_row,6,0,400,200,200,376,True,6,True,199,18,True,57,42,True,70,21,True,28,83,True,"{""base_binomial_match_or_subspecies"": 46, ""normalized_species_exact"": 154}",CIP 55.38; NCTC 8386; CIP 107479; CCUG 46434; CIP 55.29; CIP 55.28; NCTC 7309; CIP 55.27; NCTC 7299; CIP 55.26; NCTC 7315; CIP 55.24; CIP 55.23; NCTC 7303; CIP 55.21; NCTC 7332; CIP 107125; CIP 54.143; CIP 54.140; CIP 54.139,"82K; 91K; 585K; 61; 19, M73; 13, M50; 69K; LT2; C52; S-6; Eastafrica; TA1538; 254; I137; M327, 71; 88, M453; 87, M452; M439, 86; M248, 58; M244, 57",MEDIUM 3 - Columbia agar; CIP Medium 3; MEDIUM 72- for trypto casein soja agar; CIP Medium 72; MEDIUM 29- Brain heart agar,"Human, Faeces; Poult, intestine; Gopher snake, lung; Dried egg powder; Turkey, conjunctivitis"
proteome:UP000001865,319,target_bacteria,proteome,salmonella enterica,Salmonella schwarzengrund (strain CVM19633),bacdive_species_exact_name_match,validated_species_exact_name,not_candidate_row,6,0,400,200,200,376,True,6,True,199,18,True,57,42,True,70,21,True,28,83,True,"{""base_binomial_match_or_subspecies"": 46, ""normalized_species_exact"": 154}",CIP 55.38; NCTC 8386; CIP 107479; CCUG 46434; CIP 55.29; CIP 55.28; NCTC 7309; CIP 55.27; NCTC 7299; CIP 55.26; NCTC 7315; CIP 55.24; CIP 55.23; NCTC 7303; CIP 55.21; NCTC 7332; CIP 107125; CIP 54.143; CIP 54.140; CIP 54.139,"82K; 91K; 585K; 61; 19, M73; 13, M50; 69K; LT2; C52; S-6; Eastafrica; TA1538; 254; I137; M327, 71; 88, M453; 87, M452; M439, 86; M248, 58; M244, 57",MEDIUM 3 - Columbia agar; CIP Medium 3; MEDIUM 72- for trypto casein soja agar; CIP Medium 72; MEDIUM 29- Brain heart agar,"Human, Faeces; Poult, intestine; Gopher snake, lung; Dried egg powder; Turkey, conjunctivitis"
proteome:UP000001869,313,target_bacteria,proteome,salmonella enterica,Salmonella paratyphi A (strain AKU_12601),bacdive_species_exact_name_match,validated_species_exact_name,not_candidate_row,6,0,400,200,200,376,True,6,True,199,18,True,57,42,True,70,21,True,28,83,True,"{""base_binomial_match_or_subspecies"": 46, ""normalized_species_exact"": 154}",CIP 55.38; NCTC 8386; CIP 107479; CCUG 46434; CIP 55.29; CIP 55.28; NCTC 7309; CIP 55.27; NCTC 7299; CIP 55.26; NCTC 7315; CIP 55.24; CIP 55.23; NCTC 7303; CIP 55.21; NCTC 7332; CIP 107125; CIP 54.143; CIP 54.140; CIP 54.139,"82K; 91K; 585K; 61; 19, M73; 13, M50; 69K; LT2; C52; S-6; Eastafrica; TA1538; 254; I137; M327, 71; 88, M453; 87, M452; M439, 86; M248, 58; M244, 57",MEDIUM 3 - Columbia agar; CIP Medium 3; MEDIUM 72- for trypto casein soja agar; CIP Medium 72; MEDIUM 29- Brain heart agar,"Human, Faeces; Poult, intestine; Gopher snake, lung; Dried egg powder; Turkey, conjunctivitis"
proteome:UP000008819,323,target_bacteria,proteome,salmonella enterica,Salmonella agona (strain SL483),bacdive_species_exact_name_match,validated_species_exact_name,not_candidate_row,6,0,400,200,200,376,True,6,True,199,18,True,57,42,True,70,21,True,28,83,True,"{""base_binomial_match_or_subspecies"": 46, ""normalized_species_exact"": 154}",CIP 55.38; NCTC 8386; CIP 107479; CCUG 46434; CIP 55.29; CIP 55.28; NCTC 7309; CIP 55.27; NCTC 7299; CIP 55.26; NCTC 7315; CIP 55.24; CIP 55.23; NCTC 7303; CIP 55.21; NCTC 7332; CIP 107125; CIP 54.143; CIP 54.140; CIP 54.139,"82K; 91K; 585K; 61; 19, M73; 13, M50; 69K; LT2; C52; S-6; Eastafrica; TA1538; 254; I137; M327, 71; 88, M453; 87, M452; M439, 86; M248, 58; M244, 57",MEDIUM 3 - Columbia agar; CIP Medium 3; MEDIUM 72- for trypto casein soja agar; CIP Medium 72; MEDIUM 29- Brain heart agar,"Human, Faeces; Poult, intestine; Gopher snake, lung; Dried egg powder; Turkey, conjunctivitis"
proteome:UP000001857,191,target_bacteria,proteome,aliivibrio fischeri,Aliivibrio fischeri (strain MJ11) (Vibrio fischeri),bacdive_species_exact_name_match,validated_species_exact_name,not_candidate_row,4,0,14,7,7,35,True,1,True,3,6,True,1,1,True,0,0,False,1,4,True,"{""normalized_species_exact"": 7}",CCUG 16314; CCUG 16313; CCUG 16312; CCUG 16309; ATCC 33983; DSM 7151; CIP 105356; NRRL B-11177; DSM 2168; ATCC 14546; CCM 216; NCMB 25; CIP 101047; CCUG 16311; LMG 4412; NCIMB 25; DSM 507; ATCC 7744; JCM 18803; NCMB 1281,395; 398,Marine agar (MA); CIP Medium 13; CIP Medium 72; SEA WATER AGAR (DSMZ Medium 246); BACTO MARINE BROTH (DIFCO 2216) (DSMZ Medium 514),Seawater
proteome:UP000008322,320,target_bacteria,proteome,salmonella enterica,Salmonella dublin (strain CT_02021853),bacdive_species_exact_name_match,validated_species_exact_name,not_candidate_row,6,0,400,200,200,376,True,6,True,199,18,True,57,42,True,70,21,True,28,83,True,"{""base_binomial_match_or_subspecies"": 46, ""normalized_species_exact"": 154}",CIP 55.38; NCTC 8386; CIP 107479; CCUG 46434; CIP 55.29; CIP 55.28; NCTC 7309; CIP 55.27; NCTC 7299; CIP 55.26; NCTC 7315; CIP 55.24; CIP 55.23; NCTC 7303; CIP 55.21; NCTC 7332; CIP 107125; CIP 54.143; CIP 54.140; CIP 54.139,"82K; 91K; 585K; 61; 19, M73; 13, M50; 69K; LT2; C52; S-6; Eastafrica; TA1538; 254; I137; M327, 71; 88, M453; 87, M452; M439, 86; M248, 58; M244, 57",MEDIUM 3 - Columbia agar; CIP Medium 3; MEDIUM 72- for trypto casein soja agar; CIP Medium 72; MEDIUM 29- Brain heart agar,"Human, Faeces; Poult, intestine; Gopher snake, lung; Dried egg powder; Turkey, conjunctivitis"
proteome:UP000000613,325,target_bacteria,proteome,salmonella enterica,Salmonella enteritidis PT4 (strain P125109),bacdive_species_exact_name_match,validated_species_exact_name,not_candidate_row,6,0,400,200,200,376,True,6,True,199,18,True,57,42,True,70,21,True,28,83,True,"{""base_binomial_match_or_subspecies"": 46, ""normalized_species_exact"": 154}",CIP 55.38; NCTC 8386; CIP 107479; CCUG 46434; CIP 55.29; CIP 55.28; NCTC 7309; CIP 55.27; NCTC 7299; CIP 55.26; NCTC 7315; CIP 55.24; CIP 55.23; NCTC 7303; CIP 55.21; NCTC 7332; CIP 107125; CIP 54.143; CIP 54.140; CIP 54.139,"82K; 91K; 585K; 61; 19, M73; 13, M50; 69K; LT2; C52; S-6; Eastafrica; TA1538; 254; I137; M327, 71; 88, M453; 87, M452; M439, 86; M248, 58; M244, 57",MEDIUM 3 - Columbia agar; CIP Medium 3; MEDIUM 72- for trypto casein soja agar; CIP Medium 72; MEDIUM 29- Brain heart agar,"Human, Faeces; Poult, intestine; Gopher snake, lung; Dried egg powder; Turkey, conjunctivitis"
proteome:UP000001734,311,target_bacteria,proteome,klebsiella variicola,Klebsiella variicola (strain 342) (Klebsiella pneumoniae),bacdive_species_exact_name_match,validated_species_exact_name,not_candidate_row,4,0,28,14,14,25,True,2,True,14,9,True,10,11,True,10,6,True,3,6,True,"{""base_binomial_match_or_subspecies"": 4, ""normalized_species_exact"": 10}",DSM 115091; CIP 111898; CIP 111870; CIP 111851; CIP 111840; CRBIP28.94; CRBIP17.85; CIP 111654; CECT 9831; CIP 53.26; CIP 53.24; BR 40; CIP 53.27; CIP 80.49; CIP 52.199; DSM 16265; JCM 12419; CCUG 57108; CIP 108642; LMG 23571,"115091; SB5544, 201283; 100814, SB5387; SB31; SB1, 01A065; CIMB 04-5641; SB5531, 1266 (also designated SB5531), 1266; 1756/51; Q067; LX3; F2R9",TRYPTICASE SOY YEAST EXTRACT MEDIUM (DSMZ Medium 92); CIP Medium 72; MEDIUM 3 - Columbia agar; CIP Medium 3; COLUMBIA BLOOD MEDIUM (DSMZ Medium 693),"Liquor; Human, Faeces; Human, Blood; Bark; soil"
taxon:444450|organism:escherichia coli o157:h7 (strain ec4115 / ehec),356,target_bacteria,taxon_organism,escherichia coli,Escherichia coli O157:H7 (strain EC4115 / EHEC),bacdive_species_exact_name_match,validated_species_exact_name,not_candidate_row,4,0,400,200,200,423,True,0,False,83,19,True,10,13,True,4,3,True,18,53,True,"{""normalized_species_exact"": 200}",DSM 6215; ATCC 37371; DSM 6214; ATCC 39531; DSM 6213; ATCC 41036; DSM 6212; ATCC 37375; DSM 6202; ATCC 37032; DSM 6201; ATCC 35673; DSM 6197; ATCC 47019; DSM 6196; ATCC 47018; DSM 6189; ATCC 37064; CCRC 41300; DSM 6188,"pfdB2; K12 MC1000, MC1000; pHB-1; pfdA2; pSC101; K12 HB101 DB6507, DB6507, FD 27747, HB101 DB6507; K12 Q359, Q359; K12 Q358, Q358; YIP33; DP50; YEp24; YIp5; pSP65; K12 TG1, TG1; pBluescribe M13-, PC-V3046; PC-V3138, pYAC3; PC-V3058, pGEM-3Zf(-); PC-V3057, pGEM-3Zf(+); pBluescribe M13+, PC-V3045; pBGS8, PC-V3012",LB (Luria-Bertani) MEDIUM (DSMZ Medium 381); NUTRIENT AGAR (DSMZ Medium 1); Mineral medium M9 for E. coli JM strains (DSMZ Medium 382); MEDIUM 72- for trypto casein soja agar; CIP Medium 72,"Canine; Animal, Canine; food; freshwater (river, lake, pond); faeces"
proteome:UP000001730,175,target_bacteria,proteome,aliivibrio salmonicida,Aliivibrio salmonicida (strain LFI1238) (Vibrio salmonicida (strain LFI1238)),bacdive_species_exact_name_match,validated_species_exact_name,not_candidate_row,4,0,2,1,1,5,True,1,True,1,5,True,1,2,True,1,1,True,0,0,False,"{""normalized_species_exact"": 1}",DSM 21110; ATCC 43839; CIP 103166; LMG 7904; NCIMB 2262,HI7751,VIBRIO NATRIEGENS MEDIUM (DSMZ Medium 115); SEA WATER AGAR (DSMZ Medium 246); MARINE BROTH (ROTH CP73) (DSMZ Medium 514f); Marine agar (MA); CIP Medium 13,"Diseased farm atlantic salmon; Animal, Diseased farme atlantic salmon"
proteome:UP000008199,360,target_bacteria,proteome,escherichia coli,Escherichia coli (strain SE11),bacdive_species_exact_name_match,validated_species_exact_name,not_candidate_row,7,0,402,201,201,424,True,0,False,83,19,True,11,14,True,4,3,True,19,54,True,"{""normalized_species_exact"": 201}",JCM 16574; DSM 6215; ATCC 37371; DSM 6214; ATCC 39531; DSM 6213; ATCC 41036; DSM 6212; ATCC 37375; DSM 6202; ATCC 37032; DSM 6201; ATCC 35673; DSM 6197; ATCC 47019; DSM 6196; ATCC 47018; DSM 6189; ATCC 37064; CCRC 41300,"pfdB2; K12 MC1000, MC1000; pHB-1; pfdA2; pSC101; K12 HB101 DB6507, DB6507, FD 27747, HB101 DB6507; K12 Q359, Q359; K12 Q358, Q358; YIP33; DP50; YEp24; YIp5; pSP65; K12 TG1, TG1; pBluescribe M13-, PC-V3046; PC-V3138, pYAC3; PC-V3058, pGEM-3Zf(-); PC-V3057, pGEM-3Zf(+); pBluescribe M13+, PC-V3045; pBGS8, PC-V3012",LB (Luria-Bertani) MEDIUM (DSMZ Medium 381); NUTRIENT AGAR (DSMZ Medium 1); Mineral medium M9 for E. coli JM strains (DSMZ Medium 382); MEDIUM 72- for trypto casein soja agar; CIP Medium 72,"Feces of healthy adult; Canine; Animal, Canine; food; freshwater (river, lake, pond)"
proteome:UP000001360,78,target_bacteria,proteome,bifidobacterium longum,Bifidobacterium longum subsp. infantis (strain ATCC 15697 / DSM 20088 / JCM 1222 / NCTC 11817 / S12),bacdive_species_exact_name_match,validated_species_exact_name,not_candidate_row,9,0,120,57,57,137,True,5,True,10,5,True,54,36,True,27,7,True,22,37,True,"{""base_binomial_match_or_subspecies"": 43, ""normalized_species_exact"": 14}",DSM 20088; ATCC 15697; NCTC 11817; JCM 1222; BCRC 14602; BCRC 15416; CCM 4990; CCUG 18368; CECT 4551; CGMCC 1.1853; CGMCC 1.2202; CIP 64.67; KCTC 3249; KCTC 3270; LMG 8811; NCFB 2205; NCDO 2205; LMG 32752; CCOS 2034; DSM 115839,"S12; NCC 5000; HUN014, AGR2137; WCA-178-WT-4B; S3; Su 851; SU859, SU 859; S76E; E194b (Variant a), E194b; C10-45",BIFIDOBACTERIUM MEDIUM (DSMZ Medium 58); MEDIUM 20 - for Anaerobic bacteria; CIP Medium 20; WILKINS-CHALGREN ANAEROBE BROTH (DSMZ Medium 339); CIP Medium 72,"intestine of infant; Intestine of infant; Human, Infant, intestine; Calf faeces; Pig feces"
proteome:UP000000746,364,target_bacteria,proteome,escherichia coli,Escherichia coli (strain 55989 / EAEC),bacdive_species_exact_name_match,validated_species_exact_name,not_candidate_row,6,0,400,200,200,423,True,0,False,83,19,True,10,13,True,4,3,True,18,53,True,"{""normalized_species_exact"": 200}",DSM 6215; ATCC 37371; DSM 6214; ATCC 39531; DSM 6213; ATCC 41036; DSM 6212; ATCC 37375; DSM 6202; ATCC 37032; DSM 6201; ATCC 35673; DSM 6197; ATCC 47019; DSM 6196; ATCC 47018; DSM 6189; ATCC 37064; CCRC 41300; DSM 6188,"pfdB2; K12 MC1000, MC1000; pHB-1; pfdA2; pSC101; K12 HB101 DB6507, DB6507, FD 27747, HB101 DB6507; K12 Q359, Q359; K12 Q358, Q358; YIP33; DP50; YEp24; YIp5; pSP65; K12 TG1, TG1; pBluescribe M13-, PC-V3046; PC-V3138, pYAC3; PC-V3058, pGEM-3Zf(-); PC-V3057, pGEM-3Zf(+); pBluescribe M13+, PC-V3045; pBGS8, PC-V3012",LB (Luria-Bertani) MEDIUM (DSMZ Medium 381); NUTRIENT AGAR (DSMZ Medium 1); Mineral medium M9 for E. coli JM strains (DSMZ Medium 382); MEDIUM 72- for trypto casein soja agar; CIP Medium 72,"Canine; Animal, Canine; food; freshwater (river, lake, pond); faeces"
taxon:585034|organism:escherichia coli o8 (strain iai1),366,target_bacteria,taxon_organism,escherichia coli,Escherichia coli O8 (strain IAI1),bacdive_species_exact_name_match,validated_species_exact_name,not_candidate_row,4,0,400,200,200,423,True,0,False,83,19,True,10,13,True,4,3,True,18,53,True,"{""normalized_species_exact"": 200}",DSM 6215; ATCC 37371; DSM 6214; ATCC 39531; DSM 6213; ATCC 41036; DSM 6212; ATCC 37375; DSM 6202; ATCC 37032; DSM 6201; ATCC 35673; DSM 6197; ATCC 47019; DSM 6196; ATCC 47018; DSM 6189; ATCC 37064; CCRC 41300; DSM 6188,"pfdB2; K12 MC1000, MC1000; pHB-1; pfdA2; pSC101; K12 HB101 DB6507, DB6507, FD 27747, HB101 DB6507; K12 Q359, Q359; K12 Q358, Q358; YIP33; DP50; YEp24; YIp5; pSP65; K12 TG1, TG1; pBluescribe M13-, PC-V3046; PC-V3138, pYAC3; PC-V3058, pGEM-3Zf(-); PC-V3057, pGEM-3Zf(+); pBluescribe M13+, PC-V3045; pBGS8, PC-V3012",LB (Luria-Bertani) MEDIUM (DSMZ Medium 381); NUTRIENT AGAR (DSMZ Medium 1); Mineral medium M9 for E. coli JM strains (DSMZ Medium 382); MEDIUM 72- for trypto casein soja agar; CIP Medium 72,"Canine; Animal, Canine; food; freshwater (river, lake, pond); faeces"
proteome:UP000000747,362,target_bacteria,proteome,escherichia coli,Escherichia coli O45:K1 (strain S88 / ExPEC),bacdive_species_exact_name_match,validated_species_exact_name,not_candidate_row,6,0,400,200,200,423,True,0,False,83,19,True,10,13,True,4,3,True,18,53,True,"{""normalized_species_exact"": 200}",DSM 6215; ATCC 37371; DSM 6214; ATCC 39531; DSM 6213; ATCC 41036; DSM 6212; ATCC 37375; DSM 6202; ATCC 37032; DSM 6201; ATCC 35673; DSM 6197; ATCC 47019; DSM 6196; ATCC 47018; DSM 6189; ATCC 37064; CCRC 41300; DSM 6188,"pfdB2; K12 MC1000, MC1000; pHB-1; pfdA2; pSC101; K12 HB101 DB6507, DB6507, FD 27747, HB101 DB6507; K12 Q359, Q359; K12 Q358, Q358; YIP33; DP50; YEp24; YIp5; pSP65; K12 TG1, TG1; pBluescribe M13-, PC-V3046; PC-V3138, pYAC3; PC-V3058, pGEM-3Zf(-); PC-V3057, pGEM-3Zf(+); pBluescribe M13+, PC-V3045; pBGS8, PC-V3012",LB (Luria-Bertani) MEDIUM (DSMZ Medium 381); NUTRIENT AGAR (DSMZ Medium 1); Mineral medium M9 for E. coli JM strains (DSMZ Medium 382); MEDIUM 72- for trypto casein soja agar; CIP Medium 72,"Canine; Animal, Canine; food; freshwater (river, lake, pond); faeces"
proteome:UP000000748,341,target_bacteria,proteome,escherichia coli,Escherichia coli O81 (strain ED1a),bacdive_species_exact_name_match,validated_species_exact_name,not_candidate_row,6,0,400,200,200,423,True,0,False,83,19,True,10,13,True,4,3,True,18,53,True,"{""normalized_species_exact"": 200}",DSM 6215; ATCC 37371; DSM 6214; ATCC 39531; DSM 6213; ATCC 41036; DSM 6212; ATCC 37375; DSM 6202; ATCC 37032; DSM 6201; ATCC 35673; DSM 6197; ATCC 47019; DSM 6196; ATCC 47018; DSM 6189; ATCC 37064; CCRC 41300; DSM 6188,"pfdB2; K12 MC1000, MC1000; pHB-1; pfdA2; pSC101; K12 HB101 DB6507, DB6507, FD 27747, HB101 DB6507; K12 Q359, Q359; K12 Q358, Q358; YIP33; DP50; YEp24; YIp5; pSP65; K12 TG1, TG1; pBluescribe M13-, PC-V3046; PC-V3138, pYAC3; PC-V3058, pGEM-3Zf(-); PC-V3057, pGEM-3Zf(+); pBluescribe M13+, PC-V3045; pBGS8, PC-V3012",LB (Luria-Bertani) MEDIUM (DSMZ Medium 381); NUTRIENT AGAR (DSMZ Medium 1); Mineral medium M9 for E. coli JM strains (DSMZ Medium 382); MEDIUM 72- for trypto casein soja agar; CIP Medium 72,"Canine; Animal, Canine; food; freshwater (river, lake, pond); faeces"
proteome:UP000007097,368,target_bacteria,proteome,escherichia coli,Escherichia coli O17:K52:H18 (strain UMN026 / ExPEC),bacdive_species_exact_name_match,validated_species_exact_name,not_candidate_row,6,0,400,200,200,423,True,0,False,83,19,True,10,13,True,4,3,True,18,53,True,"{""normalized_species_exact"": 200}",DSM 6215; ATCC 37371; DSM 6214; ATCC 39531; DSM 6213; ATCC 41036; DSM 6212; ATCC 37375; DSM 6202; ATCC 37032; DSM 6201; ATCC 35673; DSM 6197; ATCC 47019; DSM 6196; ATCC 47018; DSM 6189; ATCC 37064; CCRC 41300; DSM 6188,"pfdB2; K12 MC1000, MC1000; pHB-1; pfdA2; pSC101; K12 HB101 DB6507, DB6507, FD 27747, HB101 DB6507; K12 Q359, Q359; K12 Q358, Q358; YIP33; DP50; YEp24; YIp5; pSP65; K12 TG1, TG1; pBluescribe M13-, PC-V3046; PC-V3138, pYAC3; PC-V3058, pGEM-3Zf(-); PC-V3057, pGEM-3Zf(+); pBluescribe M13+, PC-V3045; pBGS8, PC-V3012",LB (Luria-Bertani) MEDIUM (DSMZ Medium 381); NUTRIENT AGAR (DSMZ Medium 1); Mineral medium M9 for E. coli JM strains (DSMZ Medium 382); MEDIUM 72- for trypto casein soja agar; CIP Medium 72,"Canine; Animal, Canine; food; freshwater (river, lake, pond); faeces"
proteome:UP000000749,362,target_bacteria,proteome,escherichia coli,Escherichia coli O7:K1 (strain IAI39 / ExPEC),bacdive_species_exact_name_match,validated_species_exact_name,not_candidate_row,6,0,400,200,200,423,True,0,False,83,19,True,10,13,True,4,3,True,18,53,True,"{""normalized_species_exact"": 200}",DSM 6215; ATCC 37371; DSM 6214; ATCC 39531; DSM 6213; ATCC 41036; DSM 6212; ATCC 37375; DSM 6202; ATCC 37032; DSM 6201; ATCC 35673; DSM 6197; ATCC 47019; DSM 6196; ATCC 47018; DSM 6189; ATCC 37064; CCRC 41300; DSM 6188,"pfdB2; K12 MC1000, MC1000; pHB-1; pfdA2; pSC101; K12 HB101 DB6507, DB6507, FD 27747, HB101 DB6507; K12 Q359, Q359; K12 Q358, Q358; YIP33; DP50; YEp24; YIp5; pSP65; K12 TG1, TG1; pBluescribe M13-, PC-V3046; PC-V3138, pYAC3; PC-V3058, pGEM-3Zf(-); PC-V3057, pGEM-3Zf(+); pBluescribe M13+, PC-V3045; pBGS8, PC-V3012",LB (Luria-Bertani) MEDIUM (DSMZ Medium 381); NUTRIENT AGAR (DSMZ Medium 1); Mineral medium M9 for E. coli JM strains (DSMZ Medium 382); MEDIUM 72- for trypto casein soja agar; CIP Medium 72,"Canine; Animal, Canine; food; freshwater (river, lake, pond); faeces"
proteome:UP000008205,336,target_bacteria,proteome,escherichia coli,Escherichia coli O127:H6 (strain E2348/69 / EPEC),bacdive_species_exact_name_match,validated_species_exact_name,not_candidate_row,6,0,400,200,200,423,True,0,False,83,19,True,10,13,True,4,3,True,18,53,True,"{""normalized_species_exact"": 200}",DSM 6215; ATCC 37371; DSM 6214; ATCC 39531; DSM 6213; ATCC 41036; DSM 6212; ATCC 37375; DSM 6202; ATCC 37032; DSM 6201; ATCC 35673; DSM 6197; ATCC 47019; DSM 6196; ATCC 47018; DSM 6189; ATCC 37064; CCRC 41300; DSM 6188,"pfdB2; K12 MC1000, MC1000; pHB-1; pfdA2; pSC101; K12 HB101 DB6507, DB6507, FD 27747, HB101 DB6507; K12 Q359, Q359; K12 Q358, Q358; YIP33; DP50; YEp24; YIp5; pSP65; K12 TG1, TG1; pBluescribe M13-, PC-V3046; PC-V3138, pYAC3; PC-V3058, pGEM-3Zf(-); PC-V3057, pGEM-3Zf(+); pBluescribe M13+, PC-V3045; pBGS8, PC-V3012",LB (Luria-Bertani) MEDIUM (DSMZ Medium 381); NUTRIENT AGAR (DSMZ Medium 1); Mineral medium M9 for E. coli JM strains (DSMZ Medium 382); MEDIUM 72- for trypto casein soja agar; CIP Medium 72,"Canine; Animal, Canine; food; freshwater (river, lake, pond); faeces"
proteome:UP000001599,279,target_bacteria,proteome,salmonella enterica,Salmonella paratyphi C (strain RKS4594),bacdive_species_exact_name_match,validated_species_exact_name,not_candidate_row,6,0,400,200,200,376,True,6,True,199,18,True,57,42,True,70,21,True,28,83,True,"{""base_binomial_match_or_subspecies"": 46, ""normalized_species_exact"": 154}",CIP 55.38; NCTC 8386; CIP 107479; CCUG 46434; CIP 55.29; CIP 55.28; NCTC 7309; CIP 55.27; NCTC 7299; CIP 55.26; NCTC 7315; CIP 55.24; CIP 55.23; NCTC 7303; CIP 55.21; NCTC 7332; CIP 107125; CIP 54.143; CIP 54.140; CIP 54.139,"82K; 91K; 585K; 61; 19, M73; 13, M50; 69K; LT2; C52; S-6; Eastafrica; TA1538; 254; I137; M327, 71; 88, M453; 87, M452; M439, 86; M248, 58; M244, 57",MEDIUM 3 - Columbia agar; CIP Medium 3; MEDIUM 72- for trypto casein soja agar; CIP Medium 72; MEDIUM 29- Brain heart agar,"Human, Faeces; Poult, intestine; Gopher snake, lung; Dried egg powder; Turkey, conjunctivitis"
proteome:UP000000656,138,target_bacteria,proteome,leptospira borgpetersenii,Leptospira borgpetersenii serovar Hardjo-bovis (strain JB197),bacdive_species_exact_name_match,validated_species_exact_name,not_candidate_row,4,0,106,53,53,56,True,1,True,52,1,True,50,17,True,51,20,True,1,1,True,"{""normalized_species_exact"": 53}",CRBIP6.1486; CRBIP6.1470; CRBIP6.1469; CRBIP6.1452; CRBIP6.1449; CRBIP6.1446; CRBIP6.1444; CRBIP6.1438; CRBIP6.1435; CRBIP6.1431; CRBIP6.1413; CRBIP6.1410; CRBIP6.1404; Veldrat Batavia 46 (43292); CRBIP6.1400; CRBIP6.1399; CRBIP6.1391; CRBIP6.1390; CRBIP6.1389; CRBIP6.1378,"LEP1486, 114-2; LEP1470, Poi; LEP1469, Poi; LEP 1452; LEP1449, Piyasena; LEP1446, Arborea; LEP1444, Sponselee; LEP1438, Julu; LEP1435, Nona; LEP1431, Kibos; LEP1413, 78-082387; LEP 1410, Sorex Jalna; LEP1404; LEP 1400, 1627 Burgas (T78); LEP1399, Kibos; LEP 1391, RP 29; LEP 1390, L 100; LEP 1389, L 100; LEP 1378, Jules; LEP 1373, Bratislava",CIP Medium 189,"Human; Animal, Wood mouse; Animal, Bovine; Shrew; Animal, Field rat"
taxon:355276|organism:leptospira borgpetersenii serovar hardjo-bovis (strain l550),137,target_bacteria,taxon_organism,leptospira borgpetersenii,Leptospira borgpetersenii serovar Hardjo-bovis (strain L550),bacdive_species_exact_name_match,validated_species_exact_name,not_candidate_row,2,0,106,53,53,56,True,1,True,52,1,True,50,17,True,51,20,True,1,1,True,"{""normalized_species_exact"": 53}",CRBIP6.1486; CRBIP6.1470; CRBIP6.1469; CRBIP6.1452; CRBIP6.1449; CRBIP6.1446; CRBIP6.1444; CRBIP6.1438; CRBIP6.1435; CRBIP6.1431; CRBIP6.1413; CRBIP6.1410; CRBIP6.1404; Veldrat Batavia 46 (43292); CRBIP6.1400; CRBIP6.1399; CRBIP6.1391; CRBIP6.1390; CRBIP6.1389; CRBIP6.1378,"LEP1486, 114-2; LEP1470, Poi; LEP1469, Poi; LEP 1452; LEP1449, Piyasena; LEP1446, Arborea; LEP1444, Sponselee; LEP1438, Julu; LEP1435, Nona; LEP1431, Kibos; LEP1413, 78-082387; LEP 1410, Sorex Jalna; LEP1404; LEP 1400, 1627 Burgas (T78); LEP1399, Kibos; LEP 1391, RP 29; LEP 1390, L 100; LEP 1389, L 100; LEP 1378, Jules; LEP 1373, Bratislava",CIP Medium 189,"Human; Animal, Wood mouse; Animal, Bovine; Shrew; Animal, Field rat"
proteome:UP000009182,403,target_bacteria,proteome,escherichia coli,Escherichia coli O6:K15:H31 (strain 536 / UPEC),bacdive_species_exact_name_match,validated_species_exact_name,not_candidate_row,6,0,400,200,200,423,True,0,False,83,19,True,10,13,True,4,3,True,18,53,True,"{""normalized_species_exact"": 200}",DSM 6215; ATCC 37371; DSM 6214; ATCC 39531; DSM 6213; ATCC 41036; DSM 6212; ATCC 37375; DSM 6202; ATCC 37032; DSM 6201; ATCC 35673; DSM 6197; ATCC 47019; DSM 6196; ATCC 47018; DSM 6189; ATCC 37064; CCRC 41300; DSM 6188,"pfdB2; K12 MC1000, MC1000; pHB-1; pfdA2; pSC101; K12 HB101 DB6507, DB6507, FD 27747, HB101 DB6507; K12 Q359, Q359; K12 Q358, Q358; YIP33; DP50; YEp24; YIp5; pSP65; K12 TG1, TG1; pBluescribe M13-, PC-V3046; PC-V3138, pYAC3; PC-V3058, pGEM-3Zf(-); PC-V3057, pGEM-3Zf(+); pBluescribe M13+, PC-V3045; pBGS8, PC-V3012",LB (Luria-Bertani) MEDIUM (DSMZ Medium 381); NUTRIENT AGAR (DSMZ Medium 1); Mineral medium M9 for E. coli JM strains (DSMZ Medium 382); MEDIUM 72- for trypto casein soja agar; CIP Medium 72,"Canine; Animal, Canine; food; freshwater (river, lake, pond); faeces"
proteome:UP000002402,116,target_bacteria,proteome,myxococcus xanthus,Myxococcus xanthus (strain DK1622),bacdive_species_exact_name_match,validated_species_exact_name,not_candidate_row,6,0,318,159,114,121,True,1,True,151,19,True,142,48,True,138,26,True,1,1,True,"{""normalized_species_exact"": 159}",DSM 52571; DSM 52570; DSM 52569; DSM 52568; DSM 52471; DSM 52470; DSM 52469; DSM 52468; DSM 52467; DSM 52466; DSM 52465; DSM 52464; DSM 52463; DSM 52462; DSM 52461; DSM 52460; DSM 52459; DSM 52458; DSM 52457; DSM 52456,Mx x87; Mx x86; Mx x84; Mx x96; Mx x97; Mx x98; Mx x99; Mx x90; Mx x60; Mx x13; Mx x31; Mx x139; Mx x138; Mx x137; Mx x136; Mx x134; Mx x131; Mx x130; Mx x142; Mx x141,VY/2 AGAR; CY-AGAR; TOLI AGAR; COLE AGAR; AMP AGAR,faeces of goat; soil; soil with plant residues; rotting peel of cocoa bean with little soil; faeces of sheep with little soil and plant residues
proteome:UP000001952,373,target_bacteria,proteome,escherichia coli,Escherichia coli (strain UTI89 / UPEC),bacdive_species_exact_name_match,validated_species_exact_name,not_candidate_row,6,0,400,200,200,423,True,0,False,83,19,True,10,13,True,4,3,True,18,53,True,"{""normalized_species_exact"": 200}",DSM 6215; ATCC 37371; DSM 6214; ATCC 39531; DSM 6213; ATCC 41036; DSM 6212; ATCC 37375; DSM 6202; ATCC 37032; DSM 6201; ATCC 35673; DSM 6197; ATCC 47019; DSM 6196; ATCC 47018; DSM 6189; ATCC 37064; CCRC 41300; DSM 6188,"pfdB2; K12 MC1000, MC1000; pHB-1; pfdA2; pSC101; K12 HB101 DB6507, DB6507, FD 27747, HB101 DB6507; K12 Q359, Q359; K12 Q358, Q358; YIP33; DP50; YEp24; YIp5; pSP65; K12 TG1, TG1; pBluescribe M13-, PC-V3046; PC-V3138, pYAC3; PC-V3058, pGEM-3Zf(-); PC-V3057, pGEM-3Zf(+); pBluescribe M13+, PC-V3045; pBGS8, PC-V3012",LB (Luria-Bertani) MEDIUM (DSMZ Medium 381); NUTRIENT AGAR (DSMZ Medium 1); Mineral medium M9 for E. coli JM strains (DSMZ Medium 382); MEDIUM 72- for trypto casein soja agar; CIP Medium 72,"Canine; Animal, Canine; food; freshwater (river, lake, pond); faeces"
proteome:UP000007067,364,target_bacteria,proteome,shigella boydii,Shigella boydii serotype 4 (strain Sb227),bacdive_species_exact_name_match,validated_species_exact_name,not_candidate_row,4,0,78,39,39,66,True,1,True,32,6,True,11,6,True,9,9,True,6,9,True,"{""normalized_species_exact"": 39}",CIP 111949; CCUG 45096; CCUG 37893; CCUG 37892; CCUG 37891; CCUG 21261; CCUG 21249; CCUG 9564; NCTC 9357; CIP 58.24; CIP 58.23; ATCC 12033; NCTC 9772; CIP 58.4; CIP 52.53; NCTC 9332; CIP 52.51; NCTC 9330; CIP 51.3; CIP 51.4,"1693; 123; 592; M 279; PSH-125; Congo; 1296/7; 6917; 426/FA; type; 425; 55; 54125; A12; H 21582; Nil-2-c; D 27; 140/56, 5518/56; 703; 2770/51",CIP Medium 72; MEDIUM 3 - Columbia agar; CIP Medium 3; MEDIUM 72- for trypto casein soja agar; TRYPTICASE SOY YEAST EXTRACT MEDIUM (DSMZ Medium 92),"Human, Stools; Human feces; Human faeces,contracted in Turkey; Human feces,44-yr-old man; Faeces"
proteome:UP000002716,350,target_bacteria,proteome,shigella dysenteriae,Shigella dysenteriae serotype 1 (strain Sd197),bacdive_species_exact_name_match,validated_species_exact_name,not_candidate_row,4,0,104,52,52,62,True,1,True,46,8,True,8,7,True,25,10,True,2,3,True,"{""normalized_species_exact"": 52}",CCUG 39701; CCUG 37889; CCUG 37888; CCUG 37887; CCUG 29414; CCUG 18713; CIP 106198; CIP 52.33; CIP 56.33; CIP 56.16; CIP 53.136; CIP 53.135; CIP 52.123; NCTC 9763; CIP 52.121; CIP 58.15; NCTC 9350; CIP 54.50; CIP 54.49; CIP 52.32,"41, M183; 120; 52287; 1768-53; 1046-50; 4388-50; 1012; 9D; Norwich; Bucarest R; Bagdad 57/46; Bucarest S; 4325; 1048-50; 6270; 41; 309; 588; 54268; 54921",MEDIUM 72- for trypto casein soja agar; CIP Medium 72; MEDIUM 3 - Columbia agar; CIP Medium 3; MEDIUM 29- Brain heart agar,"Human feces; Human faeces; Human, Faeces; Feces; Human"
proteome:UP000006843,201,target_bacteria,proteome,pseudoalteromonas translucida,Pseudoalteromonas translucida (strain TAC 125),bacdive_species_exact_name_match,validated_species_exact_name,not_candidate_row,4,0,4,2,2,7,True,1,True,2,3,True,2,3,True,2,3,True,1,1,True,"{""normalized_species_exact"": 2}",CIP 108707; TAC 125; DSM 14402; ATCC BAA-315; KMM 520; LMG 19696; CIP 107731,,Marine agar (MA); CIP Medium 13; BACTO MARINE BROTH (DIFCO 2216) (DSMZ Medium 514),"Environment, Sea water; sea water; Environment, Seawater"
proteome:UP000002529,416,target_bacteria,proteome,shigella sonnei,Shigella sonnei (strain Ss046),bacdive_species_exact_name_match,validated_species_exact_name,not_candidate_row,4,0,54,27,27,38,True,1,True,16,8,True,14,8,True,15,6,True,2,4,True,"{""normalized_species_exact"": 27}",CCUG 63282; CCUG 46081; CCUG 42208; CCUG 37894; CCUG 35690; CCUG 34429; CCUG 26943; CCUG 26684; CCUG 26076; CCUG 19136; CCUG 9567; NCTC 9774; CIP 52.55; CIP 106204; CIP 67.63; CIP 106470; CIP 106347; CIP 106346; CIP 104223; ATCC 25931,"47, M200; 545/78; CNRSS 99 9901; CNRSS 99 9842; 1120-66; St9; Descamps; CNRSS 99 9844; Cabrera; 46; I virulent",MEDIUM 72- for trypto casein soja agar; CIP Medium 72; MEDIUM 3 - Columbia agar; CIP Medium 3; CIP Medium 6,"Human blood; Human feces,diarrhoea; Human; Human feces; Human feces,30-yr-old man"
proteome:UP000000547,199,target_bacteria,proteome,colwellia psychrerythraea,Colwellia psychrerythraea (strain 34H / ATCC BAA-681) (Vibrio psychroerythus),bacdive_species_exact_name_match,validated_species_exact_name,not_candidate_row,5,0,2,1,1,3,True,1,True,1,1,True,1,1,True,0,0,False,0,0,False,"{""normalized_species_exact"": 1}",DSM 8813; ATCC 27364; NRC 1004,,BACTO MARINE BROTH (DIFCO 2216) (DSMZ Medium 514),flounder eggs
proteome:UP000000538,379,target_bacteria,proteome,salmonella enterica,Salmonella choleraesuis (strain SC-B67),bacdive_species_exact_name_match,validated_species_exact_name,not_candidate_row,6,0,400,200,200,376,True,6,True,199,18,True,57,42,True,70,21,True,28,83,True,"{""base_binomial_match_or_subspecies"": 46, ""normalized_species_exact"": 154}",CIP 55.38; NCTC 8386; CIP 107479; CCUG 46434; CIP 55.29; CIP 55.28; NCTC 7309; CIP 55.27; NCTC 7299; CIP 55.26; NCTC 7315; CIP 55.24; CIP 55.23; NCTC 7303; CIP 55.21; NCTC 7332; CIP 107125; CIP 54.143; CIP 54.140; CIP 54.139,"82K; 91K; 585K; 61; 19, M73; 13, M50; 69K; LT2; C52; S-6; Eastafrica; TA1538; 254; I137; M327, 71; 88, M453; 87, M452; M439, 86; M248, 58; M244, 57",MEDIUM 3 - Columbia agar; CIP Medium 3; MEDIUM 72- for trypto casein soja agar; CIP Medium 72; MEDIUM 29- Brain heart agar,"Human, Faeces; Poult, intestine; Gopher snake, lung; Dried egg powder; Turkey, conjunctivitis"
proteome:UP000000537,253,target_bacteria,proteome,aliivibrio fischeri,Aliivibrio fischeri (strain ATCC 700601 / ES114) (Vibrio fischeri),bacdive_species_exact_name_match,validated_species_exact_name,not_candidate_row,5,0,14,7,7,35,True,1,True,3,6,True,1,1,True,0,0,False,1,4,True,"{""normalized_species_exact"": 7}",CCUG 16314; CCUG 16313; CCUG 16312; CCUG 16309; ATCC 33983; DSM 7151; CIP 105356; NRRL B-11177; DSM 2168; ATCC 14546; CCM 216; NCMB 25; CIP 101047; CCUG 16311; LMG 4412; NCIMB 25; DSM 507; ATCC 7744; JCM 18803; NCMB 1281,395; 398,Marine agar (MA); CIP Medium 13; CIP Medium 72; SEA WATER AGAR (DSMZ Medium 246); BACTO MARINE BROTH (DIFCO 2216) (DSMZ Medium 514),Seawater
proteome:UP000008185,388,target_bacteria,proteome,salmonella enterica,Salmonella paratyphi A (strain ATCC 9150 / SARB42),bacdive_species_exact_name_match,validated_species_exact_name,not_candidate_row,7,0,400,200,200,376,True,6,True,199,18,True,57,42,True,70,21,True,28,83,True,"{""base_binomial_match_or_subspecies"": 46, ""normalized_species_exact"": 154}",CIP 55.38; NCTC 8386; CIP 107479; CCUG 46434; CIP 55.29; CIP 55.28; NCTC 7309; CIP 55.27; NCTC 7299; CIP 55.26; NCTC 7315; CIP 55.24; CIP 55.23; NCTC 7303; CIP 55.21; NCTC 7332; CIP 107125; CIP 54.143; CIP 54.140; CIP 54.139,"82K; 91K; 585K; 61; 19, M73; 13, M50; 69K; LT2; C52; S-6; Eastafrica; TA1538; 254; I137; M327, 71; 88, M453; 87, M452; M439, 86; M248, 58; M244, 57",MEDIUM 3 - Columbia agar; CIP Medium 3; MEDIUM 72- for trypto casein soja agar; CIP Medium 72; MEDIUM 29- Brain heart agar,"Human, Faeces; Poult, intestine; Gopher snake, lung; Dried egg powder; Turkey, conjunctivitis"
proteome:UP000007037,183,target_bacteria,proteome,leptospira interrogans,Leptospira interrogans serogroup Icterohaemorrhagiae serovar copenhageni (strain Fiocruz L1-130),bacdive_species_exact_name_match,validated_species_exact_name,not_candidate_row,4,0,200,100,100,103,True,1,True,100,1,True,95,13,True,94,24,True,1,2,True,"{""normalized_species_exact"": 100}",CRBIP6.1487; CRBIP6.1485; CRBIP6.1481; CRBIP6.1475; CRBIP6.1471; CRBIP6.1459; CRBIP6.1442; CRBIP6.1432; CRBIP6.1429; CRBIP6.1427; CRBIP6.1426; CRBIP6.1425; CRBIP6.1420; CRBIP6.1417; CRBIP6.1415; CRBIP6.1414; CRBIP6.1409; CRBIP6.1401; CRBIP6.1398; CRBIP6.1397,"LEP1487, LT 63-68; LEP 1485, HK6; LEP1481, Andaman; LEP1475, Gurung; LEP1471, yamamoto; LEP1459, LT 1026; LEP1442, R 740; LEP1432, LT 65-68; LEP1429, LT 64-67; LEP 1427, Valbuzzi; LEP1426, LT 398; LEP1425, Biggs; LEP 1420, Szwajizak; LEP 1417, Robinson; LEP1415, Abraham; LEP 1414, Zanoni; LEP1409, Wijinberg; LEP 1401, H2; LEP1398, Biggs; LEP 1397, Szwajizak",CIP Medium 189,"Animal, Bandicoot; Human; Animal, Cow; Animal, Dog; Animal, Rat"
proteome:UP000001408,196,target_bacteria,proteome,leptospira interrogans,Leptospira interrogans serogroup Icterohaemorrhagiae serovar Lai (strain 56601),bacdive_species_exact_name_match,validated_species_exact_name,not_candidate_row,4,0,200,100,100,103,True,1,True,100,1,True,95,13,True,94,24,True,1,2,True,"{""normalized_species_exact"": 100}",CRBIP6.1487; CRBIP6.1485; CRBIP6.1481; CRBIP6.1475; CRBIP6.1471; CRBIP6.1459; CRBIP6.1442; CRBIP6.1432; CRBIP6.1429; CRBIP6.1427; CRBIP6.1426; CRBIP6.1425; CRBIP6.1420; CRBIP6.1417; CRBIP6.1415; CRBIP6.1414; CRBIP6.1409; CRBIP6.1401; CRBIP6.1398; CRBIP6.1397,"LEP1487, LT 63-68; LEP 1485, HK6; LEP1481, Andaman; LEP1475, Gurung; LEP1471, yamamoto; LEP1459, LT 1026; LEP1442, R 740; LEP1432, LT 65-68; LEP1429, LT 64-67; LEP 1427, Valbuzzi; LEP1426, LT 398; LEP1425, Biggs; LEP 1420, Szwajizak; LEP 1417, Robinson; LEP1415, Abraham; LEP 1414, Zanoni; LEP1409, Wijinberg; LEP 1401, H2; LEP1398, Biggs; LEP 1397, Szwajizak",CIP Medium 189,"Animal, Bandicoot; Human; Animal, Cow; Animal, Dog; Animal, Rat"
proteome:UP000000439,128,target_bacteria,proteome,bifidobacterium longum,Bifidobacterium longum (strain NCC 2705),bacdive_species_exact_name_match,validated_species_exact_name,not_candidate_row,4,0,114,57,57,137,True,5,True,10,5,True,54,36,True,27,7,True,22,37,True,"{""base_binomial_match_or_subspecies"": 43, ""normalized_species_exact"": 14}",LMG 32752; CCOS 2034; DSM 115839; JCM 7139; ATCC 27532; CGMCC 1.3011; KCTC 3429; LMG 18891; JCM 7060; CGMCC 1.3049; JCM 7056; JCM 7055; JCM 7053; CGMCC 1.3048; JCM 7052; CGMCC 1.3013; JCM 7050; LMG 18899; JCM 7011; JCM 7010,"NCC 5000; HUN014, AGR2137; WCA-178-WT-4B; S3; Su 851; SU859, SU 859; S76E; S12; E194b (Variant a), E194b; C10-45",BIFIDOBACTERIUM MEDIUM (DSMZ Medium 58); WILKINS-CHALGREN ANAEROBE BROTH (DSMZ Medium 339); MEDIUM 20 - for Anaerobic bacteria; CIP Medium 20; CIP Medium 72,Calf faeces; Pig feces; Calf feces; Infant feces; Human feces
taxon:1354|organism:enterococcus hirae,4,target_bacteria,taxon_organism,enterococcus hirae,Enterococcus hirae,bacdive_species_exact_name_match,validated_species_exact_name,not_candidate_row,2,0,50,25,25,74,True,1,True,8,4,True,19,19,True,17,5,True,5,14,True,"{""normalized_species_exact"": 25}",DSM 114598; JCM 8720; JCM 8719; JCM 8718; JCM 8717; DSM 109134; DSM 100949; CCUG 58425; CCUG 54371; CCUG 53265; CCUG 51711; CCUG 47453; CCUG 46536; CCUG 42698; CCUG 37829; CCUG 36850; CCUG 33114; CCUG 28690; CCUG 28689; CCUG 19908 B,114598; Cla-CZ-137; WCA-386-APC-3D; AmMS 206; SB; Eh61; M 19,TRYPTICASE SOY YEAST EXTRACT MEDIUM (DSMZ Medium 92); MEDIUM 29- Brain heart agar; CIP Medium 29; COLUMBIA BLOOD MEDIUM (DSMZ Medium 693),"blood culture; chicken cecal content, 21 days old; feces; pig, 4 month old, genotype: APC1311/+ referring to the adenomatous-polyposis-coli (APC) protein; Human blood,88-yr-old woman; Human drain,62-yr-old woman"
proteome:UP000000756,207,target_bacteria,proteome,aeromonas hydrophila,Aeromonas hydrophila subsp. hydrophila (strain ATCC 7966 / DSM 30187 / BCRC 13018 / CCUG 14551 / JCM 1027 / KCTC 2358 / NCIMB 9240 / NCTC 8049),bacdive_species_exact_name_match,validated_species_exact_name,not_candidate_row,13,0,164,77,77,129,True,2,True,11,11,True,40,41,True,27,7,True,2,6,True,"{""base_binomial_match_or_subspecies"": 41, ""normalized_species_exact"": 36}",DSM 30187; ATCC 7966; LMG 2844; NCDC 359-60; NCMB 86; NCTC 8049; WDCM 00063; CCUG 14551; CIP 76.14; JCM 1027; BCRC 13018; CCM 7232; CDC 359-60; CECT 839; HAMBI 1847; IAM 12337; IAM 12460; KCTC 2358; LMG 12156; LMG 13439,"NCIMB(QC) 50013, 543; Wiedemann IV3-20; LUHS TK-19-2; 46 NPE3B1; 3; AmMS 199; T429125; Au-1D12; WS 41125, WS41125 (Aeromonas hydrophila); LRA 3300776, LRA 330 07 76",TRYPTICASE SOY YEAST EXTRACT MEDIUM (DSMZ Medium 92); MEDIUM 72- for trypto casein soja agar; COLUMBIA BLOOD MEDIUM (DSMZ Medium 693); CIP Medium 3; CIP Medium 72,"tin of milk with a fishy odour; Tin of milk with a fishy odour; Tin of milk with a fishy odor; Food, Tin of milk with a fishy odor; The intestine of Carassius gibelio (fish)"
proteome:UP000008220,123,target_bacteria,proteome,clostridium novyi,Clostridium novyi (strain NT),bacdive_species_exact_name_match,validated_species_exact_name,not_candidate_row,4,0,10,5,5,12,True,1,True,2,5,True,3,3,True,3,3,True,1,1,True,"{""normalized_species_exact"": 5}",CCUG 70343; CCUG 63580; CIP 60.44; DSM 14992; ATCC 17861; JCM 1406; CCUG 57219; NCTC 13029; NCIMB 10661; DSM 5566; ATCC 27606; VPI 8099,chevaux; 151,MEDIUM 20 - for Anaerobic bacteria; CIP Medium 20; CHOPPED MEAT MEDIUM WITH CARBOHYDRATES (DSMZ Medium 110); FASTIDIOUS ANAEROBE BROTH (DSMZ Medium 1203a); COLUMBIA BLOOD MEDIUM (DSMZ Medium 693),"Human blood; Human blood,87-yr-old woman; Animal, Horse with gas gangrene"
proteome:UP000000225,202,target_bacteria,proteome,aeromonas salmonicida,Aeromonas salmonicida (strain A449),bacdive_species_exact_name_match,validated_species_exact_name,not_candidate_row,4,0,68,34,34,104,True,5,True,13,14,True,26,31,True,10,7,True,7,12,True,"{""base_binomial_match_or_subspecies"": 22, ""normalized_species_exact"": 11, ""validated_bacdive_id_from_closure"": 1}",DSM 117494; JCM 8237; JCM 8236; JCM 8235; JCM 8200; CECT 4236; NCIMB 1104; JCM 8199; CECT 4237; NCIMB 1103; JCM 8198; NCIMB 838; JCM 8197; NCIMB 837; JCM 8196; NCIMB 836; JCM 8195; NCIMB 835; JCM 8194; NCIMB 834,"A-9; 11.79; 950704-2/1; 20; T. Kimura 1-a-1, I-a-1; 138, AS20/1/1; 34mel, 34 mel; 3007-60",TRYPTICASE SOY YEAST EXTRACT MEDIUM (DSMZ Medium 92); COLUMBIA BLOOD MEDIUM (DSMZ Medium 693); MEDIUM 3 - Columbia agar; CIP Medium 3; MEDIUM 72- for trypto casein soja agar,Rainbow trout; Masou (<I>Oncorhynchus</I> sp.); Male sea trout; Diseased brown trout; Diseased brook trout
proteome:UP000000249,190,target_bacteria,proteome,vibrio cholerae,Vibrio cholerae serotype O1 (strain ATCC 39541 / Classical Ogawa 395 / O395),bacdive_species_exact_name_match,validated_species_exact_name,not_candidate_row,7,0,234,117,117,150,True,1,True,30,9,True,84,57,True,91,18,True,3,9,True,"{""normalized_species_exact"": 117}",CCUG 66155; CCUG 60231; CCUG 58152; CCUG 57635; CCUG 56875; CCUG 53967; CCUG 53725; CCUG 53724; CCUG 51963; CCUG 51600; CCUG 50999; CCUG 50018; CCUG 47461; CCUG 47460; CCUG 47153; CCUG 46968; CCUG 45392; CCUG 45390; CCUG 45388; CCUG 44668,"A1552; N16961; 940041, 569B; HK1; 254; 335; MDO19; 723; 2829; 182; Makassar 757; AC7535; 4Z; B2 (Berne 2); O9; O14; O1; AE17504; AI1853; 2830",CIP Medium 72; COLUMBIA BLOOD MEDIUM (DSMZ Medium 693); TRYPTICASE SOY YEAST EXTRACT MEDIUM (DSMZ Medium 92); MEDIUM 72- for trypto casein soja agar; CIP Medium 3,"Human eye,8-yr-old girl; Human ear,16-yr-old boy; Human ear,24-yr-old man; Human ear,9-yr-old boy from Burma; Human urine,63-yr-old man"
taxon:355278|organism:leptospira biflexa serovar patoc (strain patoc 1 / ames),108,target_bacteria,taxon_organism,leptospira biflexa,Leptospira biflexa serovar Patoc (strain Patoc 1 / Ames),bacdive_species_exact_name_match,validated_species_exact_name,not_candidate_row,2,0,12,6,6,11,True,1,True,6,1,True,4,3,True,5,3,True,1,2,True,"{""normalized_species_exact"": 6}",CRBIP6.1403; Sao Paulo; CRBIP6.1379; CRBIP6.1281; CRBIP6.1251; CRBIP6.1250; CCUG 5912; ATCC 23582; CRBIP6.1342; CRBIP6.1176; Patoc 1,"LEP 1403; LEP1379, Bovedo; LEP1281, CH 11; LEP1251, CH11; LEP1250, CH11; LEP1342",CIP Medium 189,"Human; Stream water; Environment, Water"
taxon:228400|organism:histophilus somni (strain 2336) (haemophilus somnus),134,target_bacteria,taxon_organism,histophilus somni,Histophilus somni (strain 2336) (Haemophilus somnus),bacdive_species_exact_name_match,validated_species_exact_name,not_candidate_row,2,0,42,21,21,33,True,1,True,6,6,True,21,18,True,21,9,True,2,2,True,"{""normalized_species_exact"": 21}",CCUG 61857; CCUG 47050; CCUG 47049; CCUG 47048; CCUG 47047; CCUG 47046; CCUG 46775; MCCM 03031; CCUG 46774; MCCM 03029; CCUG 46773; MCCM 02133; CCUG 46772; MCCM 00330; CCUG 46771; MCCM 00338; CCUG 46770; MCCM 03030; CCUG 46769; CCUG 34464,8917974; 872; 905; 902; 8025,"MEDIUM 10 - Chocolate medium  for Actinobacillus pleuropneumoniae, Capnocytophaga cynodegmi, Haemophilus and Neisseria; CIP Medium 10; MEDIUM 5 - Columbia agar with 5 % globular extract; CIP Medium 5; MEDIUM 45 - for Columbia agar with sheep blood","Cattle,bull semen; Cattle lung,pneumonia; Cattle orificum uteri; Cattle preputium; Bovine uterus,diseased animal"
proteome:UP000008319,210,target_bacteria,proteome,proteus mirabilis,Proteus mirabilis (strain HI4320),bacdive_species_exact_name_match,validated_species_exact_name,not_candidate_row,4,0,106,53,53,89,True,1,True,25,10,True,24,19,True,26,6,True,3,4,True,"{""normalized_species_exact"": 53}",STI11109; STI10794; SF002753; DSM 115002; CRBIP17.135; CCUG 63961; CCUG 49244; CCUG 43605; CCUG 39506; ATCC 7002; CCUG 39049; CCUG 36839; CCUG 36728; CCUG 34294; NCDC 2059-70; ATCC 25933; CCUG 33828; CCUG 33773; ATCC 29245; CCUG 29299,IMET 11109; IMET 10794; 10762; 115002; CIMB 05-1153; 73.87; 74.87; AP 3; SS; CF 1709; PM1; B-0087; O; 89-Hb; CF 09; PG 400; PGVI; CD1-T1542; BL 47; WS 10039,TRYPTICASE SOY YEAST EXTRACT MEDIUM (DSMZ Medium 92); COLUMBIA BLOOD MEDIUM (DSMZ Medium 693); CIP Medium 72; MEDIUM 3 - Columbia agar; CIP Medium 3,"swab; Human, Urine; Human urine,5-yr-old boy; Human clinical sample; Human urine"
proteome:UP000006901,34,target_bacteria,proteome,borreliella burgdorferi,Borreliella burgdorferi (strain ZS7) (Borrelia burgdorferi),bacdive_species_exact_name_match,validated_species_exact_name,not_candidate_row,4,0,10,5,4,7,True,1,True,4,3,True,4,4,True,4,4,True,1,2,True,"{""normalized_species_exact"": 1, ""validated_bacdive_id_from_closure"": 4}",CIP 102531; CIP 109134; DSM 4681; ATCC 35211; DSM 4680; ATCC 35210; CIP 102532,IP-1; CA 8; IRS; B31,CIP Medium 83; MEDIUM 83 - for Borrelia; BSK-MEDIUM (DSMZ Medium 403),"Human, Spinal fluid; Other, Ixodes pacificus; tick (<I>Ixodes ricinus</I>); tick (<I>Ixodes dammini</I>)"
proteome:UP000001217,169,target_bacteria,proteome,vibrio cholerae,Vibrio cholerae serotype O1 (strain M66-2),bacdive_species_exact_name_match,validated_species_exact_name,not_candidate_row,6,0,234,117,117,150,True,1,True,30,9,True,84,57,True,91,18,True,3,9,True,"{""normalized_species_exact"": 117}",CCUG 66155; CCUG 60231; CCUG 58152; CCUG 57635; CCUG 56875; CCUG 53967; CCUG 53725; CCUG 53724; CCUG 51963; CCUG 51600; CCUG 50999; CCUG 50018; CCUG 47461; CCUG 47460; CCUG 47153; CCUG 46968; CCUG 45392; CCUG 45390; CCUG 45388; CCUG 44668,"A1552; N16961; 940041, 569B; HK1; 254; 335; MDO19; 723; 2829; 182; Makassar 757; AC7535; 4Z; B2 (Berne 2); O9; O14; O1; AE17504; AI1853; 2830",CIP Medium 72; COLUMBIA BLOOD MEDIUM (DSMZ Medium 693); TRYPTICASE SOY YEAST EXTRACT MEDIUM (DSMZ Medium 92); MEDIUM 72- for trypto casein soja agar; CIP Medium 3,"Human eye,8-yr-old girl; Human ear,16-yr-old boy; Human ear,24-yr-old man; Human ear,9-yr-old boy from Burma; Human urine,63-yr-old man"
proteome:UP000001485,191,target_bacteria,proteome,edwardsiella ictaluri,Edwardsiella ictaluri (strain 93-146),bacdive_species_exact_name_match,validated_species_exact_name,not_candidate_row,4,0,2,1,1,14,True,1,True,1,5,True,1,4,True,1,2,True,1,2,True,"{""normalized_species_exact"": 1}",CCUG 18764; CECT 885; DSM 13697; ATCC 33202; CDC 1976-78; JCM 16934; JCM 1680; CGMCC 1.1873; CIP 81.96; KCTC 12264; LMG 7860; NBRC 105724; NCIMB 13272; NCTC 12122,"GA 77-52, 1976-78",MEDIUM 3 - Columbia agar; CIP Medium 3; CIP Medium 72; TRYPTICASE SOY YEAST EXTRACT MEDIUM (DSMZ Medium 92); COLUMBIA BLOOD MEDIUM (DSMZ Medium 693),"channel catfish, <I>Ictalurus punctatus</I>; Channel catfish; Channel catfish (<I>Ictalurus punctatus</I>); Animal, Catfish, enteric septicemia"
proteome:UP000001807,83,target_bacteria,proteome,borreliella burgdorferi,Borreliella burgdorferi (strain ATCC 35210 / DSM 4680 / CIP 102532 / B31) (Borrelia burgdorferi),bacdive_species_exact_name_match,validated_species_exact_name,not_candidate_row,8,0,15,5,4,7,True,1,True,4,3,True,4,4,True,4,4,True,1,2,True,"{""normalized_species_exact"": 1, ""validated_bacdive_id_from_closure"": 4}",DSM 4680; ATCC 35210; CIP 102532; CIP 102531; CIP 109134; DSM 4681; ATCC 35211,B31; IP-1; CA 8; IRS,BSK-MEDIUM (DSMZ Medium 403); CIP Medium 83; MEDIUM 83 - for Borrelia,"tick (<I>Ixodes dammini</I>); Human, Spinal fluid; Other, Ixodes pacificus; tick (<I>Ixodes ricinus</I>)"
proteome:UP000000809,273,target_bacteria,proteome,pasteurella multocida,Pasteurella multocida (strain Pm70),bacdive_species_exact_name_match,validated_species_exact_name,not_candidate_row,6,0,248,124,124,158,True,3,True,41,10,True,113,87,True,97,15,True,4,7,True,"{""base_binomial_match_or_subspecies"": 27, ""normalized_species_exact"": 97}",CIP 56.9; CCUG 61113; CCUG 52890; CCUG 52457; CCUG 52226; CCUG 47442; CCUG 46857; CCUG 44954; CCUG 43536; CCUG 43535; CCUG 43414; CCUG 43273; CCUG 42588; CCUG 39208; CCUG 38669; CCUG 37469; CCUG 37294; CCUG 37250; CCUG 36782; CCUG 36598,"CNP 446; 371-86; 65-86; 116.87; 501.85; 64-86; 479-86; 346-86; 309-86; 188-86; 721-85; 1001.83; You; Gerard; 340; E 18, CNP 138; 433-86; 308-86; 14070/82, CNP 445; CNP 912","MEDIUM 118 - for Pasteurella, Actinobacillus and Psychrobacter frigidicola; CIP Medium 118-b; MEDIUM 6 - Columbia agar with 10 % horse blood; CIP Medium 6; MEDIUM 72- for trypto casein soja agar","Human tissue,67-yr-old man,foot; Human bronchus,67-yr-old man,rinse fluid; Human bronchus,70-yr-old woman; Human wound,69-yr-old woman,cat bite; Human bronchial secretion"
proteome:UP000000684,200,target_bacteria,proteome,shewanella frigidimarina,Shewanella frigidimarina (strain NCIMB 400),bacdive_species_exact_name_match,validated_species_exact_name,not_candidate_row,5,0,4,2,2,6,True,2,True,1,3,True,2,4,True,2,2,True,1,1,True,"{""normalized_species_exact"": 1, ""validated_bacdive_id_from_closure"": 1}",KCTC 23109; JCM 16723; DSM 12253; ACAM 591; CIP 105515; ATCC 700753,IR 12,BACTO MARINE BROTH (DIFCO 2216) (DSMZ Medium 514); Marine agar (MA); CIP Medium 13,"marine sediment; Arctic marine sediment at Tempelfjorden; sea ice; Environment, Sea ice"
proteome:UP000002430,81,target_bacteria,proteome,lawsonia intracellularis,Lawsonia intracellularis (strain PHE/MN1-00),bacdive_species_exact_name_match,validated_species_exact_name,not_candidate_row,4,0,2,1,1,1,True,1,True,0,0,False,0,0,False,0,0,False,0,0,False,"{""normalized_species_exact"": 1}",NCTC 12656,1482/89,,
proteome:UP000001932,228,target_bacteria,proteome,sodalis glossinidius,Sodalis glossinidius (strain morsitans),bacdive_species_exact_name_match,validated_species_exact_name,not_candidate_row,4,0,2,1,1,2,True,1,True,1,2,True,1,1,True,1,1,True,0,0,False,"{""normalized_species_exact"": 1}",DSM 16929; NCIMB 13495,M1,SODALIS GLOSSINIDIUS MEDIUM (DSMZ Medium 1021); TRYPTICASE SOY BROTH AGAR (DSMZ Medium 535),hemolymph of the tsetse fly <I>Glossina morsitans morsitans</I>
proteome:UP000002493,327,target_bacteria,proteome,vibrio parahaemolyticus,Vibrio parahaemolyticus serotype O3:K6 (strain RIMD 2210633),bacdive_species_exact_name_match,validated_species_exact_name,not_candidate_row,4,0,110,55,55,98,True,1,True,18,11,True,38,37,True,32,12,True,3,9,True,"{""normalized_species_exact"": 49, ""validated_bacdive_id_from_closure"": 6}",STI10858; STI10832; STI10831; STI10830; STI10829; STI10828; STI10795; DSM 107522; CCUG 51447; CCUG 47109; CCUG 47004; CCUG 47003; CCUG 45701; CCUG 45391; CCUG 45389; CCUG 43365; CCUG 43364; CCUG 43363; CCUG 43362; CCUG 42817,"IMET 10858; IMET 10832; IMET 10831; IMET 10830; IMET 10829; IMET 10828; IMET 10795; TS-8-11-4; R622, Fofama; 64 S; 64 T; R777; BB22; 1192-70; AH25712; 1132-70; Truro 69/61527; VL 1225; VL 2074; P-5",BACTO MARINE BROTH (DIFCO 2216) (DSMZ Medium 514); COLUMBIA BLOOD MEDIUM (DSMZ Medium 693); Marine agar (MA); CIP Medium 13; MEDIUM 72- for trypto casein soja agar,"sediment (salt marsh estuary); Human leg,46-yr-old man,fascitis,fatal infection; Water or sludge; Industry; Food"
taxon:644|organism:aeromonas hydrophila,7,target_bacteria,taxon_organism,aeromonas hydrophila,Aeromonas hydrophila,bacdive_species_exact_name_match,validated_species_exact_name,not_candidate_row,2,0,154,77,77,129,True,2,True,11,11,True,40,41,True,27,7,True,2,6,True,"{""base_binomial_match_or_subspecies"": 41, ""normalized_species_exact"": 36}",ST033606; DSM 112649; JCM 6133; JCM 6132; JCM 5086; JCM 3999; JCM 3998; JCM 3997; JCM 3996; JCM 3995; CCM 2282; JCM 3994; CCM 1316; JCM 3992; JCM 3991; JCM 3990; JCM 3989; JCM 3988; JCM 3987; JCM 3986,"Wiedemann IV3-20; LUHS TK-19-2; 46 NPE3B1; 3; AmMS 199; T429125; Au-1D12; NCIMB(QC) 50013, 543; WS 41125, WS41125 (Aeromonas hydrophila); LRA 3300776, LRA 330 07 76",TRYPTICASE SOY YEAST EXTRACT MEDIUM (DSMZ Medium 92); COLUMBIA BLOOD MEDIUM (DSMZ Medium 693); MEDIUM 72- for trypto casein soja agar; CIP Medium 72; MEDIUM 3 - Columbia agar,The intestine of Carassius gibelio (fish); Nile monitor (<I>Varranus nitolicus</I>); California red-legged frog (<I>Rana auroa draytoni</I>); Patch nose snake (<I>Salvadora hexatepsis virgultea</I>); Child's feces with diarrhoea
proteome:UP000002148,114,target_bacteria,proteome,streptococcus sanguinis,Streptococcus sanguinis (strain SK36),bacdive_species_exact_name_match,validated_species_exact_name,not_candidate_row,4,0,140,70,70,89,True,1,True,3,4,True,67,34,True,57,5,True,18,20,True,"{""normalized_species_exact"": 70}",CCUG 59333; CCUG 59332; CCUG 59331; CCUG 59330; CCUG 59329; CCUG 59328; CCUG 59327; CCUG 59326; CCUG 59325; CCUG 59324; CCUG 59323; CCUG 59322; CCUG 59320; CCUG 59319; CCUG 57221; CCUG 56346; CCUG 56135; CCUG 55078; CCUG 54608; CCUG 53464,BM90; 21384,MEDIUM 29- Brain heart agar; CIP Medium 29; COLUMBIA BLOOD MEDIUM (DSMZ Medium 693); TRYPTICASE SOY YEAST EXTRACT MEDIUM (DSMZ Medium 92),"Human blood,endocarditis; Human,dental plaque; Human kidney,60-yr-old man; Human tongue; Human blood,65-yr-old man,spondylitis"
taxon:359786|organism:staphylococcus aureus (strain jh9),175,target_bacteria,taxon_organism,staphylococcus aureus,Staphylococcus aureus (strain JH9),bacdive_species_exact_name_match,validated_species_exact_name,not_candidate_row,4,0,400,200,198,443,True,1,True,147,13,True,125,110,True,112,17,True,41,283,True,"{""base_binomial_match_or_subspecies"": 4, ""normalized_species_exact"": 196}",CIP 81.81; ATCC 12599; NCTC 8531; CCUG 1799; CIP 103811; CIP 103568; ATCC 49476; CIP 107397; CIP 67.7; CIP 65.24; CIP 65.23; CIP 65.12; ATCC 12603; NCTC 6134; CIP 65.10; ATCC 12601; NCTC 6131; CCUG 1801; CIP 65.9; NCTC 6130,"UAA 303, 6615; B17266; A20212-47; 196E; 60-599; MS 69; MS 174; 133; 131N; BM10431, 92.037; N315; BM3327; T2_T7B 2); STH00438; STH00437; STH00435; STI11389(IMET), SA159; STH00432; STH00433; STH00439",MEDIUM 3 - Columbia agar; CIP Medium 3; CIP Medium 72; MEDIUM 72- for trypto casein soja agar; COLUMBIA BLOOD MEDIUM (DSMZ Medium 693),"Human blood,osteomyelitis; Human, Blood; Human, Throat; Human, Unknown source; Human, Skin"
proteome:UP000006386,181,target_bacteria,proteome,staphylococcus aureus,Staphylococcus aureus (strain Newman),bacdive_species_exact_name_match,validated_species_exact_name,not_candidate_row,6,0,400,200,198,443,True,1,True,147,13,True,125,110,True,112,17,True,41,283,True,"{""base_binomial_match_or_subspecies"": 4, ""normalized_species_exact"": 196}",CIP 81.81; ATCC 12599; NCTC 8531; CCUG 1799; CIP 103811; CIP 103568; ATCC 49476; CIP 107397; CIP 67.7; CIP 65.24; CIP 65.23; CIP 65.12; ATCC 12603; NCTC 6134; CIP 65.10; ATCC 12601; NCTC 6131; CCUG 1801; CIP 65.9; NCTC 6130,"UAA 303, 6615; B17266; A20212-47; 196E; 60-599; MS 69; MS 174; 133; 131N; BM10431, 92.037; N315; BM3327; T2_T7B 2); STH00438; STH00437; STH00435; STI11389(IMET), SA159; STH00432; STH00433; STH00439",MEDIUM 3 - Columbia agar; CIP Medium 3; CIP Medium 72; MEDIUM 72- for trypto casein soja agar; COLUMBIA BLOOD MEDIUM (DSMZ Medium 693),"Human blood,osteomyelitis; Human, Blood; Human, Throat; Human, Unknown source; Human, Skin"
taxon:451516|organism:staphylococcus aureus (strain usa300 / tch1516),166,target_bacteria,taxon_organism,staphylococcus aureus,Staphylococcus aureus (strain USA300 / TCH1516),bacdive_species_exact_name_match,validated_species_exact_name,not_candidate_row,4,0,400,200,198,443,True,1,True,147,13,True,125,110,True,112,17,True,41,283,True,"{""base_binomial_match_or_subspecies"": 4, ""normalized_species_exact"": 196}",CIP 81.81; ATCC 12599; NCTC 8531; CCUG 1799; CIP 103811; CIP 103568; ATCC 49476; CIP 107397; CIP 67.7; CIP 65.24; CIP 65.23; CIP 65.12; ATCC 12603; NCTC 6134; CIP 65.10; ATCC 12601; NCTC 6131; CCUG 1801; CIP 65.9; NCTC 6130,"UAA 303, 6615; B17266; A20212-47; 196E; 60-599; MS 69; MS 174; 133; 131N; BM10431, 92.037; N315; BM3327; T2_T7B 2); STH00438; STH00437; STH00435; STI11389(IMET), SA159; STH00432; STH00433; STH00439",MEDIUM 3 - Columbia agar; CIP Medium 3; CIP Medium 72; MEDIUM 72- for trypto casein soja agar; COLUMBIA BLOOD MEDIUM (DSMZ Medium 693),"Human blood,osteomyelitis; Human, Blood; Human, Throat; Human, Unknown source; Human, Skin"
proteome:UP000002163,109,target_bacteria,proteome,streptococcus pneumoniae,Streptococcus pneumoniae (strain Hungary19A-6),bacdive_species_exact_name_match,validated_species_exact_name,not_candidate_row,6,0,400,200,200,233,True,1,True,129,8,True,70,54,True,155,13,True,12,17,True,"{""normalized_species_exact"": 200}",CCUG 10364; CCUG 10175; CCUG 10068; CCUG 9739; CCUG 8623; CCUG 8594; CCUG 8476; CCUG 8475; CCUG 8474; CCUG 8473; CCUG 8472; CCUG 8471; CCUG 8470; CCUG 8469; CCUG 8468; CCUG 8467; CCUG 8466; CCUG 8464; CCUG 8458; CCUG 8457,SSISP 6B/3; CNRP 6254; SSISP 20/2; SSISP 44/3; SSISP 47 A/1; SSISP 47 F/1; SSISP 46/2; SSISP 45/2; SSISP 43/3; SSISP 42/2; SSISP 41 A/2; SSISP 41 F/2; SSISP 35 C/2; SSISP 35 B/2; SSISP 35 A/3; SSISP 35 F/2; SSISP 34/2; SSISP 33 D/2; SSISP 33 C/2; SSISP 33 A/3,MEDIUM 6 - Columbia agar with 10 % horse blood; CIP Medium 6; CIP Medium 6-Boites-Biorad; CIP Medium 566; CIP Medium 10,"Human; Human nasopharynx,healthy 1?-yr-old child; Human nasopharynx; Human nasopharynx,2-yr-old girl; Human sputum,bronchitis"
taxon:516950|organism:streptococcus pneumoniae (strain cgsp14),81,target_bacteria,taxon_organism,streptococcus pneumoniae,Streptococcus pneumoniae (strain CGSP14),bacdive_species_exact_name_match,validated_species_exact_name,not_candidate_row,4,0,400,200,200,233,True,1,True,129,8,True,70,54,True,155,13,True,12,17,True,"{""normalized_species_exact"": 200}",CCUG 10364; CCUG 10175; CCUG 10068; CCUG 9739; CCUG 8623; CCUG 8594; CCUG 8476; CCUG 8475; CCUG 8474; CCUG 8473; CCUG 8472; CCUG 8471; CCUG 8470; CCUG 8469; CCUG 8468; CCUG 8467; CCUG 8466; CCUG 8464; CCUG 8458; CCUG 8457,SSISP 6B/3; CNRP 6254; SSISP 20/2; SSISP 44/3; SSISP 47 A/1; SSISP 47 F/1; SSISP 46/2; SSISP 45/2; SSISP 43/3; SSISP 42/2; SSISP 41 A/2; SSISP 41 F/2; SSISP 35 C/2; SSISP 35 B/2; SSISP 35 A/3; SSISP 35 F/2; SSISP 34/2; SSISP 33 D/2; SSISP 33 C/2; SSISP 33 A/3,MEDIUM 6 - Columbia agar with 10 % horse blood; CIP Medium 6; CIP Medium 6-Boites-Biorad; CIP Medium 566; CIP Medium 10,"Human; Human nasopharynx,healthy 1?-yr-old child; Human nasopharynx; Human nasopharynx,2-yr-old girl; Human sputum,bronchitis"
taxon:512566|organism:streptococcus pneumoniae serotype 19f (strain g54),75,target_bacteria,taxon_organism,streptococcus pneumoniae,Streptococcus pneumoniae serotype 19F (strain G54),bacdive_species_exact_name_match,validated_species_exact_name,not_candidate_row,4,0,400,200,200,233,True,1,True,129,8,True,70,54,True,155,13,True,12,17,True,"{""normalized_species_exact"": 200}",CCUG 10364; CCUG 10175; CCUG 10068; CCUG 9739; CCUG 8623; CCUG 8594; CCUG 8476; CCUG 8475; CCUG 8474; CCUG 8473; CCUG 8472; CCUG 8471; CCUG 8470; CCUG 8469; CCUG 8468; CCUG 8467; CCUG 8466; CCUG 8464; CCUG 8458; CCUG 8457,SSISP 6B/3; CNRP 6254; SSISP 20/2; SSISP 44/3; SSISP 47 A/1; SSISP 47 F/1; SSISP 46/2; SSISP 45/2; SSISP 43/3; SSISP 42/2; SSISP 41 A/2; SSISP 41 F/2; SSISP 35 C/2; SSISP 35 B/2; SSISP 35 A/3; SSISP 35 F/2; SSISP 34/2; SSISP 33 D/2; SSISP 33 C/2; SSISP 33 A/3,MEDIUM 6 - Columbia agar with 10 % horse blood; CIP Medium 6; CIP Medium 6-Boites-Biorad; CIP Medium 566; CIP Medium 10,"Human; Human nasopharynx,healthy 1?-yr-old child; Human nasopharynx; Human nasopharynx,2-yr-old girl; Human sputum,bronchitis"
taxon:561276|organism:streptococcus pneumoniae (strain atcc 700669 / spain 23f-1),103,target_bacteria,taxon_organism,streptococcus pneumoniae,Streptococcus pneumoniae (strain ATCC 700669 / Spain 23F-1),bacdive_species_exact_name_match,validated_species_exact_name,not_candidate_row,5,0,400,200,200,233,True,1,True,129,8,True,70,54,True,155,13,True,12,17,True,"{""normalized_species_exact"": 200}",CCUG 10364; CCUG 10175; CCUG 10068; CCUG 9739; CCUG 8623; CCUG 8594; CCUG 8476; CCUG 8475; CCUG 8474; CCUG 8473; CCUG 8472; CCUG 8471; CCUG 8470; CCUG 8469; CCUG 8468; CCUG 8467; CCUG 8466; CCUG 8464; CCUG 8458; CCUG 8457,SSISP 6B/3; CNRP 6254; SSISP 20/2; SSISP 44/3; SSISP 47 A/1; SSISP 47 F/1; SSISP 46/2; SSISP 45/2; SSISP 43/3; SSISP 42/2; SSISP 41 A/2; SSISP 41 F/2; SSISP 35 C/2; SSISP 35 B/2; SSISP 35 A/3; SSISP 35 F/2; SSISP 34/2; SSISP 33 D/2; SSISP 33 C/2; SSISP 33 A/3,MEDIUM 6 - Columbia agar with 10 % horse blood; CIP Medium 6; CIP Medium 6-Boites-Biorad; CIP Medium 566; CIP Medium 10,"Human; Human nasopharynx,healthy 1?-yr-old child; Human nasopharynx; Human nasopharynx,2-yr-old girl; Human sputum,bronchitis"
proteome:UP000000444,138,target_bacteria,proteome,staphylococcus carnosus,Staphylococcus carnosus (strain TM300),bacdive_species_exact_name_match,validated_species_exact_name,not_candidate_row,4,0,30,15,15,28,True,2,True,3,4,True,9,7,True,2,1,True,4,7,True,"{""base_binomial_match_or_subspecies"": 6, ""normalized_species_exact"": 9}",JCM 6077; JCM 6070; JCM 6069; MTCC 6157; JCM 6068; JCM 6066; JCM 6064; DSM 11677; JCM 6065; CIP 105759; DSM 11676; JCM 6067; CCUG 39903; CIP 105758; NCIMB 13560; NCTC 13826; DSM 20501; ATCC 51365; CCUG 15605; CIP 103274,"SK 09; SK 11, SK 11T; 361; pLipP1, TM300 (plasmid pLipP1); pamy8, TM300; pTE15, TM300; pCT20, TM300 (plasmid pCT20); TM300 (plasmid pCA44); pNuc1, TM300 (plasmid pNuc1)",TRYPTICASE SOY YEAST EXTRACT MEDIUM (DSMZ Medium 92); MEDIUM 3 - Columbia agar; CIP Medium 3; COLUMBIA BLOOD MEDIUM (DSMZ Medium 693),"Kung-chom (fermented shrimp); Pla-chom (fermented small fish); fermented fish sauce (Pla-chom); Food, Fermenting fish and shrimp sauces; dry sausage"
proteome:UP000002211,106,target_bacteria,proteome,streptococcus pneumoniae,Streptococcus pneumoniae (strain 70585),bacdive_species_exact_name_match,validated_species_exact_name,not_candidate_row,6,0,400,200,200,233,True,1,True,129,8,True,70,54,True,155,13,True,12,17,True,"{""normalized_species_exact"": 200}",CCUG 10364; CCUG 10175; CCUG 10068; CCUG 9739; CCUG 8623; CCUG 8594; CCUG 8476; CCUG 8475; CCUG 8474; CCUG 8473; CCUG 8472; CCUG 8471; CCUG 8470; CCUG 8469; CCUG 8468; CCUG 8467; CCUG 8466; CCUG 8464; CCUG 8458; CCUG 8457,SSISP 6B/3; CNRP 6254; SSISP 20/2; SSISP 44/3; SSISP 47 A/1; SSISP 47 F/1; SSISP 46/2; SSISP 45/2; SSISP 43/3; SSISP 42/2; SSISP 41 A/2; SSISP 41 F/2; SSISP 35 C/2; SSISP 35 B/2; SSISP 35 A/3; SSISP 35 F/2; SSISP 34/2; SSISP 33 D/2; SSISP 33 C/2; SSISP 33 A/3,MEDIUM 6 - Columbia agar with 10 % horse blood; CIP Medium 6; CIP Medium 6-Boites-Biorad; CIP Medium 566; CIP Medium 10,"Human; Human nasopharynx,healthy 1?-yr-old child; Human nasopharynx; Human nasopharynx,2-yr-old girl; Human sputum,bronchitis"
proteome:UP000002206,103,target_bacteria,proteome,streptococcus pneumoniae,Streptococcus pneumoniae (strain JJA),bacdive_species_exact_name_match,validated_species_exact_name,not_candidate_row,6,0,400,200,200,233,True,1,True,129,8,True,70,54,True,155,13,True,12,17,True,"{""normalized_species_exact"": 200}",CCUG 10364; CCUG 10175; CCUG 10068; CCUG 9739; CCUG 8623; CCUG 8594; CCUG 8476; CCUG 8475; CCUG 8474; CCUG 8473; CCUG 8472; CCUG 8471; CCUG 8470; CCUG 8469; CCUG 8468; CCUG 8467; CCUG 8466; CCUG 8464; CCUG 8458; CCUG 8457,SSISP 6B/3; CNRP 6254; SSISP 20/2; SSISP 44/3; SSISP 47 A/1; SSISP 47 F/1; SSISP 46/2; SSISP 45/2; SSISP 43/3; SSISP 42/2; SSISP 41 A/2; SSISP 41 F/2; SSISP 35 C/2; SSISP 35 B/2; SSISP 35 A/3; SSISP 35 F/2; SSISP 34/2; SSISP 33 D/2; SSISP 33 C/2; SSISP 33 A/3,MEDIUM 6 - Columbia agar with 10 % horse blood; CIP Medium 6; CIP Medium 6-Boites-Biorad; CIP Medium 566; CIP Medium 10,"Human; Human nasopharynx,healthy 1?-yr-old child; Human nasopharynx; Human nasopharynx,2-yr-old girl; Human sputum,bronchitis"
taxon:488223|organism:streptococcus pneumoniae (strain p1031),98,target_bacteria,taxon_organism,streptococcus pneumoniae,Streptococcus pneumoniae (strain P1031),bacdive_species_exact_name_match,validated_species_exact_name,not_candidate_row,4,0,400,200,200,233,True,1,True,129,8,True,70,54,True,155,13,True,12,17,True,"{""normalized_species_exact"": 200}",CCUG 10364; CCUG 10175; CCUG 10068; CCUG 9739; CCUG 8623; CCUG 8594; CCUG 8476; CCUG 8475; CCUG 8474; CCUG 8473; CCUG 8472; CCUG 8471; CCUG 8470; CCUG 8469; CCUG 8468; CCUG 8467; CCUG 8466; CCUG 8464; CCUG 8458; CCUG 8457,SSISP 6B/3; CNRP 6254; SSISP 20/2; SSISP 44/3; SSISP 47 A/1; SSISP 47 F/1; SSISP 46/2; SSISP 45/2; SSISP 43/3; SSISP 42/2; SSISP 41 A/2; SSISP 41 F/2; SSISP 35 C/2; SSISP 35 B/2; SSISP 35 A/3; SSISP 35 F/2; SSISP 34/2; SSISP 33 D/2; SSISP 33 C/2; SSISP 33 A/3,MEDIUM 6 - Columbia agar with 10 % horse blood; CIP Medium 6; CIP Medium 6-Boites-Biorad; CIP Medium 566; CIP Medium 10,"Human; Human nasopharynx,healthy 1?-yr-old child; Human nasopharynx; Human nasopharynx,2-yr-old girl; Human sputum,bronchitis"
taxon:487213|organism:streptococcus pneumoniae (strain taiwan19f-14),101,target_bacteria,taxon_organism,streptococcus pneumoniae,Streptococcus pneumoniae (strain Taiwan19F-14),bacdive_species_exact_name_match,validated_species_exact_name,not_candidate_row,4,0,400,200,200,233,True,1,True,129,8,True,70,54,True,155,13,True,12,17,True,"{""normalized_species_exact"": 200}",CCUG 10364; CCUG 10175; CCUG 10068; CCUG 9739; CCUG 8623; CCUG 8594; CCUG 8476; CCUG 8475; CCUG 8474; CCUG 8473; CCUG 8472; CCUG 8471; CCUG 8470; CCUG 8469; CCUG 8468; CCUG 8467; CCUG 8466; CCUG 8464; CCUG 8458; CCUG 8457,SSISP 6B/3; CNRP 6254; SSISP 20/2; SSISP 44/3; SSISP 47 A/1; SSISP 47 F/1; SSISP 46/2; SSISP 45/2; SSISP 43/3; SSISP 42/2; SSISP 41 A/2; SSISP 41 F/2; SSISP 35 C/2; SSISP 35 B/2; SSISP 35 A/3; SSISP 35 F/2; SSISP 34/2; SSISP 33 D/2; SSISP 33 C/2; SSISP 33 A/3,MEDIUM 6 - Columbia agar with 10 % horse blood; CIP Medium 6; CIP Medium 6-Boites-Biorad; CIP Medium 566; CIP Medium 10,"Human; Human nasopharynx,healthy 1?-yr-old child; Human nasopharynx; Human nasopharynx,2-yr-old girl; Human sputum,bronchitis"
taxon:1280|organism:staphylococcus aureus,75,target_bacteria,taxon_organism,staphylococcus aureus,Staphylococcus aureus,bacdive_species_exact_name_match,validated_species_exact_name,not_candidate_row,4,0,400,200,198,443,True,1,True,147,13,True,125,110,True,112,17,True,41,283,True,"{""base_binomial_match_or_subspecies"": 4, ""normalized_species_exact"": 196}",CIP 81.81; ATCC 12599; NCTC 8531; CCUG 1799; CIP 103811; CIP 103568; ATCC 49476; CIP 107397; CIP 67.7; CIP 65.24; CIP 65.23; CIP 65.12; ATCC 12603; NCTC 6134; CIP 65.10; ATCC 12601; NCTC 6131; CCUG 1801; CIP 65.9; NCTC 6130,"UAA 303, 6615; B17266; A20212-47; 196E; 60-599; MS 69; MS 174; 133; 131N; BM10431, 92.037; N315; BM3327; T2_T7B 2); STH00438; STH00437; STH00435; STI11389(IMET), SA159; STH00432; STH00433; STH00439",MEDIUM 3 - Columbia agar; CIP Medium 3; CIP Medium 72; MEDIUM 72- for trypto casein soja agar; COLUMBIA BLOOD MEDIUM (DSMZ Medium 693),"Human blood,osteomyelitis; Human, Blood; Human, Throat; Human, Unknown source; Human, Skin"
proteome:UP000001651,96,target_bacteria,proteome,lacticaseibacillus paracasei,Lacticaseibacillus paracasei (strain ATCC 334 / BCRC 17002 / CCUG 31169 / CIP 107868 / KCTC 3260 / NRRL B-441) (Lactobacillus paracasei),bacdive_species_exact_name_match,validated_species_exact_name,not_candidate_row,11,0,167,81,81,169,True,2,True,27,5,True,72,63,True,51,8,True,7,12,True,"{""base_binomial_match_or_subspecies"": 22, ""normalized_species_exact"": 1, ""validated_bacdive_id_from_closure"": 58}",CRBIP24.45; CRBIP24.26; JCM 8133; NCDO 1202; JCM 8131; NCFB 205; NCIMB 2378; NCTC 2378; JCM 2769; JCM 20315; IAM 10074; JCM 1111; JCM 1109; JCM 1053; IAM 1043; DSM 111790; CCUG 55792; CCUG 52643; CCUG 51663; CCUG 51572,"C4; GCRL 163; 25; B41; 9664, A 13, BU 240, Ep 300, Epsilon, PBR 322, PG 18; 28; S; 41; C 17; 40; 85 E; A112/73; A22/73; RO94; No. 59; 7/74; 19/74, 19-74","De Man, Rogosa and Sharpe Agar; Trypticase Soy Agar; CIP Medium 40; MRS MEDIUM (DSMZ Medium 11); MEDIUM 40- for Lactobacillus and Leuconostoc",Milk products; Fermented molasses; Human intestine; Cheddar cheese; Human
taxon:322159|organism:streptococcus thermophilus (strain atcc baa-491 / lmd-9),117,target_bacteria,taxon_organism,streptococcus thermophilus,Streptococcus thermophilus (strain ATCC BAA-491 / LMD-9),bacdive_species_exact_name_match,validated_species_exact_name,not_candidate_row,3,0,38,19,19,54,True,1,True,8,11,True,14,17,True,9,2,True,1,5,True,"{""normalized_species_exact"": 9, ""validated_bacdive_id_from_closure"": 10}",JCM 20026; ATU L-20; IAM 1047; CCUG 60385; CCUG 48999; CCUG 48364; IFO 13957; ATCC 14485; CCUG 48340; CCUG 45697; CCUG 43382; CCUG 43156 C; CCUG 43039 C; CCUG 30577; CIP 105446; ATCC 19987; CIP 67.56; NCDO 2563; CNRZ 21; CIP 66.31,"10; 1; TJ; (B of R), B of R; LRA 094 11 78, A1; pST1, St(pST I)",MEDIUM 6 - Columbia agar with 10 % horse blood; CIP Medium 6; CIP Medium 38; TODD-HEWITT MEDIUM (DSMZ Medium 697); MRS MEDIUM (DSMZ Medium 11),"Butter; Human trachea,71-yr-old woman; Youghurt,Ekströms LIVA (industrial probiotics); Industry,food (confidential information available); Human cystic fibrosis,9-yr-old female"
proteome:UP000006371,241,target_bacteria,proteome,staphylococcus saprophyticus,Staphylococcus saprophyticus subsp. saprophyticus (strain ATCC 15305 / DSM 20229 / NCIMB 8711 / NCTC 7292 / S-41),bacdive_species_exact_name_match,validated_species_exact_name,not_candidate_row,9,0,136,65,65,104,True,2,True,20,8,True,53,21,True,51,6,True,3,8,True,"{""base_binomial_match_or_subspecies"": 12, ""normalized_species_exact"": 53}",DSM 20229; ATCC 15305; CCM 883; NCIB 8711; NCTC 7292; WDCM 00159; CCUG 3706; ATCC 19701; JCM 2427; BCRC 10786; CCUG 3006; CECT 235; CIP 76.125; IAM 12452; LMG 13350; MTCC 6155; NBIMCC 3348; NBRC 102446; NCAIM B.01067; NCCB 73011,"S-41; IMET 10846; T6b-T20; T6a-T16; AmMS 143; KV 30; KV 20; KV 19; KV 56; LRA 027 02 80; T-a2; T-a1; P-10; KV 12, KV 12T; ES2-W6b1; ES2-W4b1; ES2-W4a2; ES1-413-1b; lC-31; NT 188",COLUMBIA BLOOD MEDIUM (DSMZ Medium 693); TRYPTICASE SOY YEAST EXTRACT MEDIUM (DSMZ Medium 92); MEDIUM 72- for trypto casein soja agar; CIP Medium 72; CASO AGAR (MERCK 105458) (DSMZ Medium 220),"urine; Human urine; Urine; cleanroom facility, TAS-I; Human urine,23-yr-old woman"
taxon:299768|organism:streptococcus thermophilus (strain cnrz 1066),132,target_bacteria,taxon_organism,streptococcus thermophilus,Streptococcus thermophilus (strain CNRZ 1066),bacdive_species_exact_name_match,validated_species_exact_name,not_candidate_row,2,0,38,19,19,54,True,1,True,8,11,True,14,17,True,9,2,True,1,5,True,"{""normalized_species_exact"": 9, ""validated_bacdive_id_from_closure"": 10}",JCM 20026; ATU L-20; IAM 1047; CCUG 60385; CCUG 48999; CCUG 48364; IFO 13957; ATCC 14485; CCUG 48340; CCUG 45697; CCUG 43382; CCUG 43156 C; CCUG 43039 C; CCUG 30577; CIP 105446; ATCC 19987; CIP 67.56; NCDO 2563; CNRZ 21; CIP 66.31,"10; 1; TJ; (B of R), B of R; LRA 094 11 78, A1; pST1, St(pST I)",MEDIUM 6 - Columbia agar with 10 % horse blood; CIP Medium 6; CIP Medium 38; TODD-HEWITT MEDIUM (DSMZ Medium 697); MRS MEDIUM (DSMZ Medium 11),"Butter; Human trachea,71-yr-old woman; Youghurt,Ekströms LIVA (industrial probiotics); Industry,food (confidential information available); Human cystic fibrosis,9-yr-old female"
proteome:UP000001170,135,target_bacteria,proteome,streptococcus thermophilus,Streptococcus thermophilus (strain ATCC BAA-250 / LMG 18311),bacdive_species_exact_name_match,validated_species_exact_name,not_candidate_row,6,0,38,19,19,54,True,1,True,8,11,True,14,17,True,9,2,True,1,5,True,"{""normalized_species_exact"": 9, ""validated_bacdive_id_from_closure"": 10}",JCM 20026; ATU L-20; IAM 1047; CCUG 60385; CCUG 48999; CCUG 48364; IFO 13957; ATCC 14485; CCUG 48340; CCUG 45697; CCUG 43382; CCUG 43156 C; CCUG 43039 C; CCUG 30577; CIP 105446; ATCC 19987; CIP 67.56; NCDO 2563; CNRZ 21; CIP 66.31,"10; 1; TJ; (B of R), B of R; LRA 094 11 78, A1; pST1, St(pST I)",MEDIUM 6 - Columbia agar with 10 % horse blood; CIP Medium 6; CIP Medium 38; TODD-HEWITT MEDIUM (DSMZ Medium 697); MRS MEDIUM (DSMZ Medium 11),"Butter; Human trachea,71-yr-old woman; Youghurt,Ekströms LIVA (industrial probiotics); Industry,food (confidential information available); Human cystic fibrosis,9-yr-old female"
proteome:UP000000586,175,target_bacteria,proteome,streptococcus pneumoniae,Streptococcus pneumoniae (strain ATCC BAA-255 / R6),bacdive_species_exact_name_match,validated_species_exact_name,not_candidate_row,7,0,400,200,200,233,True,1,True,129,8,True,70,54,True,155,13,True,12,17,True,"{""normalized_species_exact"": 200}",CCUG 10364; CCUG 10175; CCUG 10068; CCUG 9739; CCUG 8623; CCUG 8594; CCUG 8476; CCUG 8475; CCUG 8474; CCUG 8473; CCUG 8472; CCUG 8471; CCUG 8470; CCUG 8469; CCUG 8468; CCUG 8467; CCUG 8466; CCUG 8464; CCUG 8458; CCUG 8457,SSISP 6B/3; CNRP 6254; SSISP 20/2; SSISP 44/3; SSISP 47 A/1; SSISP 47 F/1; SSISP 46/2; SSISP 45/2; SSISP 43/3; SSISP 42/2; SSISP 41 A/2; SSISP 41 F/2; SSISP 35 C/2; SSISP 35 B/2; SSISP 35 A/3; SSISP 35 F/2; SSISP 34/2; SSISP 33 D/2; SSISP 33 C/2; SSISP 33 A/3,MEDIUM 6 - Columbia agar with 10 % horse blood; CIP Medium 6; CIP Medium 6-Boites-Biorad; CIP Medium 566; CIP Medium 10,"Human; Human nasopharynx,healthy 1?-yr-old child; Human nasopharynx; Human nasopharynx,2-yr-old girl; Human sputum,bronchitis"
proteome:UP000000585,175,target_bacteria,proteome,streptococcus pneumoniae,Streptococcus pneumoniae serotype 4 (strain ATCC BAA-334 / TIGR4),bacdive_species_exact_name_match,validated_species_exact_name,not_candidate_row,7,0,400,200,200,233,True,1,True,129,8,True,70,54,True,155,13,True,12,17,True,"{""normalized_species_exact"": 200}",CCUG 10364; CCUG 10175; CCUG 10068; CCUG 9739; CCUG 8623; CCUG 8594; CCUG 8476; CCUG 8475; CCUG 8474; CCUG 8473; CCUG 8472; CCUG 8471; CCUG 8470; CCUG 8469; CCUG 8468; CCUG 8467; CCUG 8466; CCUG 8464; CCUG 8458; CCUG 8457,SSISP 6B/3; CNRP 6254; SSISP 20/2; SSISP 44/3; SSISP 47 A/1; SSISP 47 F/1; SSISP 46/2; SSISP 45/2; SSISP 43/3; SSISP 42/2; SSISP 41 A/2; SSISP 41 F/2; SSISP 35 C/2; SSISP 35 B/2; SSISP 35 A/3; SSISP 35 F/2; SSISP 34/2; SSISP 33 D/2; SSISP 33 C/2; SSISP 33 A/3,MEDIUM 6 - Columbia agar with 10 % horse blood; CIP Medium 6; CIP Medium 6-Boites-Biorad; CIP Medium 566; CIP Medium 10,"Human; Human nasopharynx,healthy 1?-yr-old child; Human nasopharynx; Human nasopharynx,2-yr-old girl; Human sputum,bronchitis"
taxon:1338|organism:streptococcus intermedius,1,target_bacteria,taxon_organism,streptococcus intermedius,Streptococcus intermedius,bacdive_species_exact_name_match,validated_species_exact_name,not_candidate_row,2,0,4,2,2,17,True,1,True,2,4,True,1,2,True,1,1,True,1,4,True,"{""normalized_species_exact"": 2}",LMG 14548; CIP 105039; CCUG 28203; DSM 20573; ATCC 27335; CIP 103248; CCUG 32759; NCTC 11324; CCUG 17827; JCM 12996; VPI 3372A; CECT 803; LMG 14510; LMG 17840; NCFB 2227; VPI 3372-A; NCDO 2227,NHM2; 1877,MEDIUM 6 - Columbia agar with 10 % horse blood; CIP Medium 6; COLUMBIA BLOOD MEDIUM (DSMZ Medium 693); TRYPTICASE SOY YEAST EXTRACT MEDIUM (DSMZ Medium 92),"Human brain abscess; Human, Brain abscess"
taxon:160491|organism:streptococcus pyogenes serotype m5 (strain manfredo),87,target_bacteria,taxon_organism,streptococcus pyogenes,Streptococcus pyogenes serotype M5 (strain Manfredo),bacdive_species_exact_name_match,validated_species_exact_name,not_candidate_row,4,0,306,153,153,260,True,1,True,62,9,True,67,52,True,38,9,True,25,34,True,"{""normalized_species_exact"": 153}",DSM 120744; CCUG 65322; CCUG 64251; CCUG 63781; CCUG 61116; CCUG 58107; CCUG 57411; CCUG 53553; CCUG 50872; CCUG 49264; CCUG 49246; CCUG 47803; CECT 5109; ATCC 700294; CCUG 47009; CCUG 44879; CCUG 43366; CCUG 39833; CCUG 39158; CCUG 38726,"OK2; Coggins; SF 40; C 744, A280t47; C/105, A37t46; C 98/97; C 203 M; 02C1110; GAS-MAS5; GAS-MA38; Small; J17 D/50; J 17 C; J17/E/19; 58; Glover; Glossy, A39t6; A456; Digonnet 7; 4990",COLUMBIA BLOOD MEDIUM (DSMZ Medium 693); MEDIUM 29- Brain heart agar; CIP Medium 29; MEDIUM 6 - Columbia agar with 10 % horse blood; CIP Medium 6,"Human wound infection (mouth); Human throat; Human throat,7-yr-old boy; Human; Human wound,21-yr-old woman,heel"
taxon:391296|organism:streptococcus suis (strain 98hah33),88,target_bacteria,taxon_organism,streptococcus suis,Streptococcus suis (strain 98HAH33),bacdive_species_exact_name_match,validated_species_exact_name,not_candidate_row,2,0,52,26,26,42,True,2,True,17,7,True,25,19,True,13,5,True,3,8,True,"{""base_binomial_match_or_subspecies"": 1, ""normalized_species_exact"": 25}",CCUG 77434; GTC 18290; CCUG 42756; LMG 14896; CCUG 42755; LMG 14183; CCUG 42754; LMG 14887; LMG 14171; CCUG 33488; CCUG 28683; LMG 14101; CCUG 28676; CCUG 28673; CCUG 11673; CIP 105907; CIP 104090; CIP 105908; CIP 105909; CIP 105904,SP34; 324/92; SP 56; SP14; SP6; SP54; 178; 460; 925; 204/91; 219/92; SP47; SP27; EDCC 5220; T 639; Field 48; S735,MEDIUM 29- Brain heart agar; CIP Medium 29; MEDIUM 3 - Columbia agar; CIP Medium 3; COLUMBIA BLOOD MEDIUM (DSMZ Medium 693),Bovine tonsil; Pig; Goat tonsil; Swine liver and spleen; Pig vagina
proteome:UP000001873,72,target_bacteria,proteome,streptococcus equi,Streptococcus equi subsp. zooepidemicus (strain MGCS10565),bacdive_species_exact_name_match,validated_species_exact_name,not_candidate_row,4,0,60,30,30,61,True,3,True,11,10,True,24,25,True,22,4,True,4,7,True,"{""base_binomial_match_or_subspecies"": 23, ""normalized_species_exact"": 7}",CIP A7; NBIMCC 2035; CCUG 58865; NCTC 6177; ATCC 700400; CCUG 54867; CCUG 49314; CCUG 49313; CCUG 49312; CCUG 49311; CCUG 49310; CCUG 49309; CCUG 47343; CCUG 44440; CCUG 43890; CCUG 27663; CCUG 27662; CCUG 27365; CG 1030/87; CCUG 27364,"NIRD 1956; 3682; 1026; 715/90; Mt 167; S 34, S34; C 15, C15",CIP Medium 6; MEDIUM 6 - Columbia agar with 10 % horse blood; COLUMBIA BLOOD MEDIUM (DSMZ Medium 693); TRYPTICASE SOY YEAST EXTRACT MEDIUM (DSMZ Medium 92); CIP Medium 45,"Animal, Hen; Human cerebrospinal fluid,67-yr-old woman; Goat milk,clinical mastitis; Sheep mastitic milk,subclinical mastitis; Human blood,50-yr-old patient"
proteome:UP000001039,93,target_bacteria,proteome,streptococcus pyogenes,Streptococcus pyogenes serotype M49 (strain NZ131),bacdive_species_exact_name_match,validated_species_exact_name,not_candidate_row,6,0,306,153,153,260,True,1,True,62,9,True,67,52,True,38,9,True,25,34,True,"{""normalized_species_exact"": 153}",DSM 120744; CCUG 65322; CCUG 64251; CCUG 63781; CCUG 61116; CCUG 58107; CCUG 57411; CCUG 53553; CCUG 50872; CCUG 49264; CCUG 49246; CCUG 47803; CECT 5109; ATCC 700294; CCUG 47009; CCUG 44879; CCUG 43366; CCUG 39833; CCUG 39158; CCUG 38726,"OK2; Coggins; SF 40; C 744, A280t47; C/105, A37t46; C 98/97; C 203 M; 02C1110; GAS-MAS5; GAS-MA38; Small; J17 D/50; J 17 C; J17/E/19; 58; Glover; Glossy, A39t6; A456; Digonnet 7; 4990",COLUMBIA BLOOD MEDIUM (DSMZ Medium 693); MEDIUM 29- Brain heart agar; CIP Medium 29; MEDIUM 6 - Columbia agar with 10 % horse blood; CIP Medium 6,"Human wound infection (mouth); Human throat; Human throat,7-yr-old boy; Human; Human wound,21-yr-old woman,heel"
proteome:UP000000449,87,target_bacteria,proteome,streptococcus uberis,Streptococcus uberis (strain ATCC BAA-854 / 0140J),bacdive_species_exact_name_match,validated_species_exact_name,not_candidate_row,5,0,22,11,11,32,True,1,True,7,7,True,4,4,True,4,3,True,1,1,True,"{""normalized_species_exact"": 11}",CCUG 28679; CCUG 27630; CNCTC 13/77; CCUG 27444; CCUG 27443; CIP 105450; ATCC 27958; NADC C-1; CIP 104984; CIP 101889; CIP 105803; ATCC 13386; NCDO 2056; CIP 105802; ATCC 13387; NCDO 2058; CIP 105801; ATCC 9927; NCDO 2055; CCUG 37983,U6; 223,MEDIUM 29- Brain heart agar; CIP Medium 72; CIP Medium 29; COLUMBIA BLOOD MEDIUM (DSMZ Medium 693); TRYPTICASE SOY YEAST EXTRACT MEDIUM (DSMZ Medium 92),"Cow mastitis; Bovine milk,acute mastitis; Bovine milk; Animal, Bovine udder infection"
proteome:UP000001365,80,target_bacteria,proteome,streptococcus equi,Streptococcus equi subsp. equi (strain 4047),bacdive_species_exact_name_match,validated_species_exact_name,not_candidate_row,4,0,60,30,30,61,True,3,True,11,10,True,24,25,True,22,4,True,4,7,True,"{""base_binomial_match_or_subspecies"": 23, ""normalized_species_exact"": 7}",CIP A7; NBIMCC 2035; CCUG 58865; NCTC 6177; ATCC 700400; CCUG 54867; CCUG 49314; CCUG 49313; CCUG 49312; CCUG 49311; CCUG 49310; CCUG 49309; CCUG 47343; CCUG 44440; CCUG 43890; CCUG 27663; CCUG 27662; CCUG 27365; CG 1030/87; CCUG 27364,"NIRD 1956; 3682; 1026; 715/90; Mt 167; S 34, S34; C 15, C15",CIP Medium 6; MEDIUM 6 - Columbia agar with 10 % horse blood; COLUMBIA BLOOD MEDIUM (DSMZ Medium 693); TRYPTICASE SOY YEAST EXTRACT MEDIUM (DSMZ Medium 92); CIP Medium 45,"Animal, Hen; Human cerebrospinal fluid,67-yr-old woman; Goat milk,clinical mastitis; Sheep mastitic milk,subclinical mastitis; Human blood,50-yr-old patient"
proteome:UP000001368,78,target_bacteria,proteome,streptococcus equi,Streptococcus equi subsp. zooepidemicus (strain H70),bacdive_species_exact_name_match,validated_species_exact_name,not_candidate_row,4,0,60,30,30,61,True,3,True,11,10,True,24,25,True,22,4,True,4,7,True,"{""base_binomial_match_or_subspecies"": 23, ""normalized_species_exact"": 7}",CIP A7; NBIMCC 2035; CCUG 58865; NCTC 6177; ATCC 700400; CCUG 54867; CCUG 49314; CCUG 49313; CCUG 49312; CCUG 49311; CCUG 49310; CCUG 49309; CCUG 47343; CCUG 44440; CCUG 43890; CCUG 27663; CCUG 27662; CCUG 27365; CG 1030/87; CCUG 27364,"NIRD 1956; 3682; 1026; 715/90; Mt 167; S 34, S34; C 15, C15",CIP Medium 6; MEDIUM 6 - Columbia agar with 10 % horse blood; COLUMBIA BLOOD MEDIUM (DSMZ Medium 693); TRYPTICASE SOY YEAST EXTRACT MEDIUM (DSMZ Medium 92); CIP Medium 45,"Animal, Hen; Human cerebrospinal fluid,67-yr-old woman; Goat milk,clinical mastitis; Sheep mastitic milk,subclinical mastitis; Human blood,50-yr-old patient"
proteome:UP000000564,134,target_bacteria,proteome,streptococcus pyogenes,Streptococcus pyogenes serotype M3 (strain ATCC BAA-595 / MGAS315),bacdive_species_exact_name_match,validated_species_exact_name,not_candidate_row,7,0,306,153,153,260,True,1,True,62,9,True,67,52,True,38,9,True,25,34,True,"{""normalized_species_exact"": 153}",DSM 120744; CCUG 65322; CCUG 64251; CCUG 63781; CCUG 61116; CCUG 58107; CCUG 57411; CCUG 53553; CCUG 50872; CCUG 49264; CCUG 49246; CCUG 47803; CECT 5109; ATCC 700294; CCUG 47009; CCUG 44879; CCUG 43366; CCUG 39833; CCUG 39158; CCUG 38726,"OK2; Coggins; SF 40; C 744, A280t47; C/105, A37t46; C 98/97; C 203 M; 02C1110; GAS-MAS5; GAS-MA38; Small; J17 D/50; J 17 C; J17/E/19; 58; Glover; Glossy, A39t6; A456; Digonnet 7; 4990",COLUMBIA BLOOD MEDIUM (DSMZ Medium 693); MEDIUM 29- Brain heart agar; CIP Medium 29; MEDIUM 6 - Columbia agar with 10 % horse blood; CIP Medium 6,"Human wound infection (mouth); Human throat; Human throat,7-yr-old boy; Human; Human wound,21-yr-old woman,heel"
taxon:193567|organism:streptococcus pyogenes serotype m3 (strain ssi-1),134,target_bacteria,taxon_organism,streptococcus pyogenes,Streptococcus pyogenes serotype M3 (strain SSI-1),bacdive_species_exact_name_match,validated_species_exact_name,not_candidate_row,4,0,306,153,153,260,True,1,True,62,9,True,67,52,True,38,9,True,25,34,True,"{""normalized_species_exact"": 153}",DSM 120744; CCUG 65322; CCUG 64251; CCUG 63781; CCUG 61116; CCUG 58107; CCUG 57411; CCUG 53553; CCUG 50872; CCUG 49264; CCUG 49246; CCUG 47803; CECT 5109; ATCC 700294; CCUG 47009; CCUG 44879; CCUG 43366; CCUG 39833; CCUG 39158; CCUG 38726,"OK2; Coggins; SF 40; C 744, A280t47; C/105, A37t46; C 98/97; C 203 M; 02C1110; GAS-MAS5; GAS-MA38; Small; J17 D/50; J 17 C; J17/E/19; 58; Glover; Glossy, A39t6; A456; Digonnet 7; 4990",COLUMBIA BLOOD MEDIUM (DSMZ Medium 693); MEDIUM 29- Brain heart agar; CIP Medium 29; MEDIUM 6 - Columbia agar with 10 % horse blood; CIP Medium 6,"Human wound infection (mouth); Human throat; Human throat,7-yr-old boy; Human; Human wound,21-yr-old woman,heel"
proteome:UP000000823,141,target_bacteria,proteome,streptococcus agalactiae,Streptococcus agalactiae serotype III (strain NEM316),bacdive_species_exact_name_match,validated_species_exact_name,not_candidate_row,4,0,192,96,96,136,True,1,True,37,10,True,71,56,True,68,6,True,38,44,True,"{""normalized_species_exact"": 96}",CRBIP22.9; CRBIP22.8; CRBIP22.7; CRBIP22.6; CRBIP22.5; CRBIP22.4; CRBIP22.3; CRBIP22.2; CRBIP22.16; CRBIP22.15; CRBIP22.14; CRBIP22.13; CRBIP22.12; CRBIP22.11; CRBIP22.10; CRBIP22.1; CIP 105103; CCUG 63958; CCUG 61279; CCUG 49197,"113; 115; 110; 109; 101; 111; 98; 97_BM6105; 119; 121; 120; 117; 116; 114; 118; 96_BM 6101; B 130; ND 2-23; SS970, B108; B128",Columbia Agar with 5% Horse Blood; CIP Medium 6; CIP Medium 29; MEDIUM 29- Brain heart agar; CIP Medium 72,"Human, Vagina swab; Human, Throat; Human, Pus; Human, Spinal fluid; Human, Mucus"
taxon:186103|organism:streptococcus pyogenes serotype m18 (strain mgas8232),135,target_bacteria,taxon_organism,streptococcus pyogenes,Streptococcus pyogenes serotype M18 (strain MGAS8232),bacdive_species_exact_name_match,validated_species_exact_name,not_candidate_row,4,0,306,153,153,260,True,1,True,62,9,True,67,52,True,38,9,True,25,34,True,"{""normalized_species_exact"": 153}",DSM 120744; CCUG 65322; CCUG 64251; CCUG 63781; CCUG 61116; CCUG 58107; CCUG 57411; CCUG 53553; CCUG 50872; CCUG 49264; CCUG 49246; CCUG 47803; CECT 5109; ATCC 700294; CCUG 47009; CCUG 44879; CCUG 43366; CCUG 39833; CCUG 39158; CCUG 38726,"OK2; Coggins; SF 40; C 744, A280t47; C/105, A37t46; C 98/97; C 203 M; 02C1110; GAS-MAS5; GAS-MA38; Small; J17 D/50; J 17 C; J17/E/19; 58; Glover; Glossy, A39t6; A456; Digonnet 7; 4990",COLUMBIA BLOOD MEDIUM (DSMZ Medium 693); MEDIUM 29- Brain heart agar; CIP Medium 29; MEDIUM 6 - Columbia agar with 10 % horse blood; CIP Medium 6,"Human wound infection (mouth); Human throat; Human throat,7-yr-old boy; Human; Human wound,21-yr-old woman,heel"
proteome:UP000002434,90,target_bacteria,proteome,streptococcus pyogenes,Streptococcus pyogenes serotype M4 (strain MGAS10750),bacdive_species_exact_name_match,validated_species_exact_name,not_candidate_row,6,0,306,153,153,260,True,1,True,62,9,True,67,52,True,38,9,True,25,34,True,"{""normalized_species_exact"": 153}",DSM 120744; CCUG 65322; CCUG 64251; CCUG 63781; CCUG 61116; CCUG 58107; CCUG 57411; CCUG 53553; CCUG 50872; CCUG 49264; CCUG 49246; CCUG 47803; CECT 5109; ATCC 700294; CCUG 47009; CCUG 44879; CCUG 43366; CCUG 39833; CCUG 39158; CCUG 38726,"OK2; Coggins; SF 40; C 744, A280t47; C/105, A37t46; C 98/97; C 203 M; 02C1110; GAS-MAS5; GAS-MA38; Small; J17 D/50; J 17 C; J17/E/19; 58; Glover; Glossy, A39t6; A456; Digonnet 7; 4990",COLUMBIA BLOOD MEDIUM (DSMZ Medium 693); MEDIUM 29- Brain heart agar; CIP Medium 29; MEDIUM 6 - Columbia agar with 10 % horse blood; CIP Medium 6,"Human wound infection (mouth); Human throat; Human throat,7-yr-old boy; Human; Human wound,21-yr-old woman,heel"
taxon:370553|organism:streptococcus pyogenes serotype m12 (strain mgas2096),86,target_bacteria,taxon_organism,streptococcus pyogenes,Streptococcus pyogenes serotype M12 (strain MGAS2096),bacdive_species_exact_name_match,validated_species_exact_name,not_candidate_row,4,0,306,153,153,260,True,1,True,62,9,True,67,52,True,38,9,True,25,34,True,"{""normalized_species_exact"": 153}",DSM 120744; CCUG 65322; CCUG 64251; CCUG 63781; CCUG 61116; CCUG 58107; CCUG 57411; CCUG 53553; CCUG 50872; CCUG 49264; CCUG 49246; CCUG 47803; CECT 5109; ATCC 700294; CCUG 47009; CCUG 44879; CCUG 43366; CCUG 39833; CCUG 39158; CCUG 38726,"OK2; Coggins; SF 40; C 744, A280t47; C/105, A37t46; C 98/97; C 203 M; 02C1110; GAS-MAS5; GAS-MA38; Small; J17 D/50; J 17 C; J17/E/19; 58; Glover; Glossy, A39t6; A456; Digonnet 7; 4990",COLUMBIA BLOOD MEDIUM (DSMZ Medium 693); MEDIUM 29- Brain heart agar; CIP Medium 29; MEDIUM 6 - Columbia agar with 10 % horse blood; CIP Medium 6,"Human wound infection (mouth); Human throat; Human throat,7-yr-old boy; Human; Human wound,21-yr-old woman,heel"
proteome:UP000002436,86,target_bacteria,proteome,streptococcus pyogenes,Streptococcus pyogenes serotype M2 (strain MGAS10270),bacdive_species_exact_name_match,validated_species_exact_name,not_candidate_row,6,0,306,153,153,260,True,1,True,62,9,True,67,52,True,38,9,True,25,34,True,"{""normalized_species_exact"": 153}",DSM 120744; CCUG 65322; CCUG 64251; CCUG 63781; CCUG 61116; CCUG 58107; CCUG 57411; CCUG 53553; CCUG 50872; CCUG 49264; CCUG 49246; CCUG 47803; CECT 5109; ATCC 700294; CCUG 47009; CCUG 44879; CCUG 43366; CCUG 39833; CCUG 39158; CCUG 38726,"OK2; Coggins; SF 40; C 744, A280t47; C/105, A37t46; C 98/97; C 203 M; 02C1110; GAS-MAS5; GAS-MA38; Small; J17 D/50; J 17 C; J17/E/19; 58; Glover; Glossy, A39t6; A456; Digonnet 7; 4990",COLUMBIA BLOOD MEDIUM (DSMZ Medium 693); MEDIUM 29- Brain heart agar; CIP Medium 29; MEDIUM 6 - Columbia agar with 10 % horse blood; CIP Medium 6,"Human wound infection (mouth); Human throat; Human throat,7-yr-old boy; Human; Human wound,21-yr-old woman,heel"
proteome:UP000002433,89,target_bacteria,proteome,streptococcus pyogenes,Streptococcus pyogenes serotype M12 (strain MGAS9429),bacdive_species_exact_name_match,validated_species_exact_name,not_candidate_row,6,0,306,153,153,260,True,1,True,62,9,True,67,52,True,38,9,True,25,34,True,"{""normalized_species_exact"": 153}",DSM 120744; CCUG 65322; CCUG 64251; CCUG 63781; CCUG 61116; CCUG 58107; CCUG 57411; CCUG 53553; CCUG 50872; CCUG 49264; CCUG 49246; CCUG 47803; CECT 5109; ATCC 700294; CCUG 47009; CCUG 44879; CCUG 43366; CCUG 39833; CCUG 39158; CCUG 38726,"OK2; Coggins; SF 40; C 744, A280t47; C/105, A37t46; C 98/97; C 203 M; 02C1110; GAS-MAS5; GAS-MA38; Small; J17 D/50; J 17 C; J17/E/19; 58; Glover; Glossy, A39t6; A456; Digonnet 7; 4990",COLUMBIA BLOOD MEDIUM (DSMZ Medium 693); MEDIUM 29- Brain heart agar; CIP Medium 29; MEDIUM 6 - Columbia agar with 10 % horse blood; CIP Medium 6,"Human wound infection (mouth); Human throat; Human throat,7-yr-old boy; Human; Human wound,21-yr-old woman,heel"
taxon:319701|organism:streptococcus pyogenes serotype m28 (strain mgas6180),94,target_bacteria,taxon_organism,streptococcus pyogenes,Streptococcus pyogenes serotype M28 (strain MGAS6180),bacdive_species_exact_name_match,validated_species_exact_name,not_candidate_row,4,0,306,153,153,260,True,1,True,62,9,True,67,52,True,38,9,True,25,34,True,"{""normalized_species_exact"": 153}",DSM 120744; CCUG 65322; CCUG 64251; CCUG 63781; CCUG 61116; CCUG 58107; CCUG 57411; CCUG 53553; CCUG 50872; CCUG 49264; CCUG 49246; CCUG 47803; CECT 5109; ATCC 700294; CCUG 47009; CCUG 44879; CCUG 43366; CCUG 39833; CCUG 39158; CCUG 38726,"OK2; Coggins; SF 40; C 744, A280t47; C/105, A37t46; C 98/97; C 203 M; 02C1110; GAS-MAS5; GAS-MA38; Small; J17 D/50; J 17 C; J17/E/19; 58; Glover; Glossy, A39t6; A456; Digonnet 7; 4990",COLUMBIA BLOOD MEDIUM (DSMZ Medium 693); MEDIUM 29- Brain heart agar; CIP Medium 29; MEDIUM 6 - Columbia agar with 10 % horse blood; CIP Medium 6,"Human wound infection (mouth); Human throat; Human throat,7-yr-old boy; Human; Human wound,21-yr-old woman,heel"
proteome:UP000001167,137,target_bacteria,proteome,streptococcus pyogenes,Streptococcus pyogenes serotype M6 (strain ATCC BAA-946 / MGAS10394),bacdive_species_exact_name_match,validated_species_exact_name,not_candidate_row,7,0,306,153,153,260,True,1,True,62,9,True,67,52,True,38,9,True,25,34,True,"{""normalized_species_exact"": 153}",DSM 120744; CCUG 65322; CCUG 64251; CCUG 63781; CCUG 61116; CCUG 58107; CCUG 57411; CCUG 53553; CCUG 50872; CCUG 49264; CCUG 49246; CCUG 47803; CECT 5109; ATCC 700294; CCUG 47009; CCUG 44879; CCUG 43366; CCUG 39833; CCUG 39158; CCUG 38726,"OK2; Coggins; SF 40; C 744, A280t47; C/105, A37t46; C 98/97; C 203 M; 02C1110; GAS-MAS5; GAS-MA38; Small; J17 D/50; J 17 C; J17/E/19; 58; Glover; Glossy, A39t6; A456; Digonnet 7; 4990",COLUMBIA BLOOD MEDIUM (DSMZ Medium 693); MEDIUM 29- Brain heart agar; CIP Medium 29; MEDIUM 6 - Columbia agar with 10 % horse blood; CIP Medium 6,"Human wound infection (mouth); Human throat; Human throat,7-yr-old boy; Human; Human wound,21-yr-old woman,heel"
proteome:UP000001432,163,target_bacteria,proteome,actinobacillus pleuropneumoniae,Actinobacillus pleuropneumoniae serotype 5b (strain L20),bacdive_species_exact_name_match,validated_species_exact_name,not_candidate_row,4,0,26,13,13,26,True,1,True,7,5,True,11,12,True,9,5,True,5,6,True,"{""normalized_species_exact"": 13}",DSM 112704; DSM 112701; DSM 112700; CCUG 47657; NCTC 10976; CCUG 47656; NCTC 11407; CCUG 26429; MCCM 00522; CCUG 24855; CCUG 24853; CCUG 9917; CCM 5870; ATCC 27089; CIP 104082; CCUG 41657; CIP 107724; ATCC 27090; CCM 5871; DSM 21511,"7213384-1; 7311555; 16287-1; CNPA75, 266/7656; HK 407; AP 76; 4074","HAEMOPHILUS MEDIUM (DSMZ Medium 804); MEDIUM 10 - Chocolate medium  for Actinobacillus pleuropneumoniae, Capnocytophaga cynodegmi, Haemophilus and Neisseria; CIP Medium 10; CIP Medium 72; BHI MEDIUM (DSMZ Medium 215)",pig lung; pig tonsil; Porcine pleuropneumonia; Porcine; Pig lung
taxon:374930|organism:haemophilus influenzae (strain pittee),172,target_bacteria,taxon_organism,haemophilus influenzae,Haemophilus influenzae (strain PittEE),bacdive_species_exact_name_match,validated_species_exact_name,not_candidate_row,4,0,400,200,200,263,True,1,True,83,13,True,154,104,True,160,10,True,10,12,True,"{""normalized_species_exact"": 200}",CCUG 41635; CCUG 39845; CCUG 39823; CCUG 39059; CCUG 38141; CCUG 38024; CCUG 37942; CCUG 37795; CCUG 37479; CCUG 37291; CCUG 36943; CCUG 36704; CCUG 36039; MCCM 02805; CCUG 36017; MCCM 02733; CCUG 35906; CCUG 35672; CCUG 35407; CCUG 35273,97393; 595; 118; 547.84; 447.84; 717.84; 125.87; CNRH 99024; 258-86; 86242; 153.87; 766.85; 511.85; 97371; CNRH 00763; CNRH 00498; 384-86; 243-86; 187-86; 186-86,"MEDIUM 10 - Chocolate medium  for Actinobacillus pleuropneumoniae, Capnocytophaga cynodegmi, Haemophilus and Neisseria; CIP Medium 10; CIP Medium 10_BIORAD; MEDIUM 6 - Columbia agar with 10 % horse blood; CIP Medium 6","Human cerebrospinal fluid,5-mnth-old girl; Human bronchus brush; Human nasopharynx; Human ethmoidal pus,sinuitis; Human blood"
proteome:UP000001990,145,target_bacteria,proteome,haemophilus influenzae,Haemophilus influenzae (strain PittGG),bacdive_species_exact_name_match,validated_species_exact_name,not_candidate_row,6,0,400,200,200,263,True,1,True,83,13,True,154,104,True,160,10,True,10,12,True,"{""normalized_species_exact"": 200}",CCUG 41635; CCUG 39845; CCUG 39823; CCUG 39059; CCUG 38141; CCUG 38024; CCUG 37942; CCUG 37795; CCUG 37479; CCUG 37291; CCUG 36943; CCUG 36704; CCUG 36039; MCCM 02805; CCUG 36017; MCCM 02733; CCUG 35906; CCUG 35672; CCUG 35407; CCUG 35273,97393; 595; 118; 547.84; 447.84; 717.84; 125.87; CNRH 99024; 258-86; 86242; 153.87; 766.85; 511.85; 97371; CNRH 00763; CNRH 00498; 384-86; 243-86; 187-86; 186-86,"MEDIUM 10 - Chocolate medium  for Actinobacillus pleuropneumoniae, Capnocytophaga cynodegmi, Haemophilus and Neisseria; CIP Medium 10; CIP Medium 10_BIORAD; MEDIUM 6 - Columbia agar with 10 % horse blood; CIP Medium 6","Human cerebrospinal fluid,5-mnth-old girl; Human bronchus brush; Human nasopharynx; Human ethmoidal pus,sinuitis; Human blood"
proteome:UP000008547,150,target_bacteria,proteome,actinobacillus pleuropneumoniae,Actinobacillus pleuropneumoniae serotype 3 (strain JL03),bacdive_species_exact_name_match,validated_species_exact_name,not_candidate_row,4,0,26,13,13,26,True,1,True,7,5,True,11,12,True,9,5,True,5,6,True,"{""normalized_species_exact"": 13}",DSM 112704; DSM 112701; DSM 112700; CCUG 47657; NCTC 10976; CCUG 47656; NCTC 11407; CCUG 26429; MCCM 00522; CCUG 24855; CCUG 24853; CCUG 9917; CCM 5870; ATCC 27089; CIP 104082; CCUG 41657; CIP 107724; ATCC 27090; CCM 5871; DSM 21511,"7213384-1; 7311555; 16287-1; CNPA75, 266/7656; HK 407; AP 76; 4074","HAEMOPHILUS MEDIUM (DSMZ Medium 804); MEDIUM 10 - Chocolate medium  for Actinobacillus pleuropneumoniae, Capnocytophaga cynodegmi, Haemophilus and Neisseria; CIP Medium 10; CIP Medium 72; BHI MEDIUM (DSMZ Medium 215)",pig lung; pig tonsil; Porcine pleuropneumonia; Porcine; Pig lung
proteome:UP000001226,149,target_bacteria,proteome,actinobacillus pleuropneumoniae,Actinobacillus pleuropneumoniae serotype 7 (strain AP76),bacdive_species_exact_name_match,validated_species_exact_name,not_candidate_row,4,0,26,13,13,26,True,1,True,7,5,True,11,12,True,9,5,True,5,6,True,"{""normalized_species_exact"": 13}",DSM 112704; DSM 112701; DSM 112700; CCUG 47657; NCTC 10976; CCUG 47656; NCTC 11407; CCUG 26429; MCCM 00522; CCUG 24855; CCUG 24853; CCUG 9917; CCM 5870; ATCC 27089; CIP 104082; CCUG 41657; CIP 107724; ATCC 27090; CCM 5871; DSM 21511,"7213384-1; 7311555; 16287-1; CNPA75, 266/7656; HK 407; AP 76; 4074","HAEMOPHILUS MEDIUM (DSMZ Medium 804); MEDIUM 10 - Chocolate medium  for Actinobacillus pleuropneumoniae, Capnocytophaga cynodegmi, Haemophilus and Neisseria; CIP Medium 10; CIP Medium 72; BHI MEDIUM (DSMZ Medium 215)",pig lung; pig tonsil; Porcine pleuropneumonia; Porcine; Pig lung
proteome:UP000006743,103,target_bacteria,proteome,glaesserella parasuis,Glaesserella parasuis serovar 5 (strain SH0165) (Haemophilus parasuis),bacdive_species_exact_name_match,validated_species_exact_name,not_candidate_row,4,0,12,6,6,12,True,1,True,3,4,True,2,2,True,2,2,True,1,2,True,"{""normalized_species_exact"": 1, ""validated_bacdive_id_from_closure"": 5}",CCUG 45203; CCUG 9919; CCUG 9918; CIP 105098; CIP 52.203; DSM 21448; ATCC 19417; CCUG 3712; CIP 100918; CIP 58.8; NCTC 4557; KCTC 15419,"PG97-2(1), 9669424; 368; 1374","MEDIUM 10 - Chocolate medium  for Actinobacillus pleuropneumoniae, Capnocytophaga cynodegmi, Haemophilus and Neisseria; CIP Medium 10; HAEMOPHILUS MEDIUM (DSMZ Medium 804); TRYPTICASE SOY YEAST EXTRACT MEDIUM (DSMZ Medium 92)","Pig throat; Animal, Pig, blood"
proteome:UP000002525,211,target_bacteria,proteome,haemophilus influenzae,Haemophilus influenzae (strain 86-028NP),bacdive_species_exact_name_match,validated_species_exact_name,not_candidate_row,6,0,400,200,200,263,True,1,True,83,13,True,154,104,True,160,10,True,10,12,True,"{""normalized_species_exact"": 200}",CCUG 41635; CCUG 39845; CCUG 39823; CCUG 39059; CCUG 38141; CCUG 38024; CCUG 37942; CCUG 37795; CCUG 37479; CCUG 37291; CCUG 36943; CCUG 36704; CCUG 36039; MCCM 02805; CCUG 36017; MCCM 02733; CCUG 35906; CCUG 35672; CCUG 35407; CCUG 35273,97393; 595; 118; 547.84; 447.84; 717.84; 125.87; CNRH 99024; 258-86; 86242; 153.87; 766.85; 511.85; 97371; CNRH 00763; CNRH 00498; 384-86; 243-86; 187-86; 186-86,"MEDIUM 10 - Chocolate medium  for Actinobacillus pleuropneumoniae, Capnocytophaga cynodegmi, Haemophilus and Neisseria; CIP Medium 10; CIP Medium 10_BIORAD; MEDIUM 6 - Columbia agar with 10 % horse blood; CIP Medium 6","Human cerebrospinal fluid,5-mnth-old girl; Human bronchus brush; Human nasopharynx; Human ethmoidal pus,sinuitis; Human blood"
proteome:UP000002709,138,target_bacteria,proteome,pelodictyon luteolum,Chlorobium luteolum (strain DSM 273 / BCRC 81028 / 2530) (Pelodictyon luteolum),bacdive_species_taxid_or_synonym_match,validated_species_taxid_or_synonym,not_candidate_row,7,0,7,2,2,3,True,1,True,2,4,True,2,3,True,1,1,True,1,1,True,"{""validated_bacdive_species_exact"": 2}",DSM 262; DSM 273; CIP 108454,"6132; 2530, my 2610",PFENNIG'S MEDIUM II WITH SALT (DSMZ Medium 40); MEDIUM 224 - for anaerobic bacteria TGV; CIP Medium 20; CIP Medium 588,"brackish pond; meromictic lake; Environment, Meromitic lake"
taxon:1311|organism:streptococcus agalactiae,4,target_bacteria,taxon_organism,streptococcus agalactiae,Streptococcus agalactiae,bacdive_species_exact_name_match,validated_species_exact_name,not_candidate_row,2,0,192,96,96,136,True,1,True,37,10,True,71,56,True,68,6,True,38,44,True,"{""normalized_species_exact"": 96}",CRBIP22.9; CRBIP22.8; CRBIP22.7; CRBIP22.6; CRBIP22.5; CRBIP22.4; CRBIP22.3; CRBIP22.2; CRBIP22.16; CRBIP22.15; CRBIP22.14; CRBIP22.13; CRBIP22.12; CRBIP22.11; CRBIP22.10; CRBIP22.1; CIP 105103; CCUG 63958; CCUG 61279; CCUG 49197,"113; 115; 110; 109; 101; 111; 98; 97_BM6105; 119; 121; 120; 117; 116; 114; 118; 96_BM 6101; B 130; ND 2-23; SS970, B108; B128",Columbia Agar with 5% Horse Blood; CIP Medium 6; CIP Medium 29; MEDIUM 29- Brain heart agar; CIP Medium 72,"Human, Vagina swab; Human, Throat; Human, Pus; Human, Spinal fluid; Human, Mucus"
proteome:UP000001652,70,target_bacteria,proteome,levilactobacillus brevis,Levilactobacillus brevis (strain ATCC 367 / BCRC 12310 / CIP 105137 / JCM 1170 / LMG 11437 / NCIMB 947 / NCTC 947) (Lactobacillus brevis),bacdive_species_exact_name_match,validated_species_exact_name,not_candidate_row,12,0,83,37,37,107,True,1,True,20,6,True,29,32,True,13,5,True,4,6,True,"{""normalized_species_exact"": 23, ""validated_bacdive_id_from_closure"": 14}",CIP 105137; ATCC 367; CCRC 12310; JCM 1170; LMG 11437; NCDO 477; NCFB 477; NCIMB 947; NCIMB 8169; NCTC 947; CCUG 36840; BCRC 12310; DSM 115837; CRBIP24.93; Br 391; CRBIP24.92; Br 23; CRBIP24.71; CRBIP24.61; CRBIP24.156,"S8-64; HUN084, AG48; 158-73; 63 AC; 370; FAL 25/53; V7; S8-38, P-4; S8-40, P-2; S2-48, R50c; 96.87; 269Y; 14, Bb14, Bb 14; D 13; No. 2; 5 N","MEDIUM 40- for Lactobacillus and Leuconostoc; CIP Medium 40; MRS MEDIUM (DSMZ Medium 11); De Man, Rogosa and Sharpe Agar; Trypticase Soy Agar",Silage; Sheep rumen; Grain elevator; Child; Pig
proteome:UP000001697,81,target_bacteria,proteome,limosilactobacillus fermentum,Limosilactobacillus fermentum (strain NBRC 3956 / LMG 18251) (Lactobacillus fermentum),bacdive_species_exact_name_match,validated_species_exact_name,not_candidate_row,6,0,134,67,67,119,True,1,True,25,8,True,51,41,True,25,4,True,2,6,True,"{""normalized_species_exact"": 24, ""validated_bacdive_id_from_closure"": 43}",CRBIP24.98; CRBIP24.96; CRBIP24.94; CRBIP24.83; CRBIP24.74; CRBIP24.57; CRBIP24.36; CRBIP24.34; SaC 1; CRBIP24.28; CRBIP24.23; CRBIP24.22; CRBIP24.21; CRBIP24.15; CNRZ 236; CRBIP24.11; CRBIP17.87; JCM 8644; JCM 8607; JCM 8606,"CZ 234; 63 Nb; 63 Z; 61 BN2; 61 AI; 64 A; 61 K; 70 A; CL2; CIMB 04-7992; 48-87; 36; 19 LC 3, L 872; 28, Bb28; 27","De Man, Rogosa and Sharpe Agar; Trypticase Soy Agar; CIP Medium 40; CIP Medium 6; MEDIUM 40- for Lactobacillus and Leuconostoc","Intestinal strain; Rhinopharyngitis; Lyophilisate; Student saliva; Human, Bronchus"
proteome:UP000002018,18,target_bacteria,proteome,ureaplasma urealyticum,Ureaplasma urealyticum serovar 10 (strain ATCC 33699 / Western),bacdive_species_exact_name_match,validated_species_exact_name,not_candidate_row,5,0,2,1,1,5,True,1,True,1,2,True,1,1,True,0,0,False,1,1,True,"{""normalized_species_exact"": 1}",CIP 103755; ATCC 27618; NCTC 10177; CCUG 38149; CCUG 50782,"2K 160, 960 (CX8)",MEDIUM 80 - for Ureaplasma urealyticum; CIP Medium 80,"Human, Nongonococcal urethritis"
proteome:UP000002166,64,target_bacteria,proteome,leuconostoc citreum,Leuconostoc citreum (strain KM20),bacdive_species_exact_name_match,validated_species_exact_name,not_candidate_row,4,0,30,15,15,49,True,1,True,7,5,True,11,13,True,7,3,True,4,5,True,"{""normalized_species_exact"": 15}",JCM 21183; IAM 14400; NBRC 102476; NRIC 1581; JCM 20062; ATU L-24; IAM 1122; JCM 12651; CCUG 51260; CCUG 39979; CCUG 39492; CCUG 34887; CCUG 30586; CIP 106146; ATCC 11449; NRRL B-1299; CIP 106143; ATCC 10882; CIP 103326; NCIB 3351,5; GL 87; B-742; B2399,"MEDIUM 40- for Lactobacillus and Leuconostoc; CIP Medium 40; MEDIUM 41- for Lactobacillus, Leuconostoc, Weissella, Pediococcus, Sporolactobacillus inulinus; CIP Medium 41; MRS MEDIUM (DSMZ Medium 11)","Manju-moto (dough of wheat flour with Koji); Cheese; Human blood,45-yr-old man; Carrots,ecological fermentation; Human blood"
proteome:UP000000362,88,target_bacteria,proteome,leuconostoc mesenteroides,Leuconostoc mesenteroides subsp. mesenteroides (strain ATCC 8293 / DSM 20343 / BCRC 11652 / CCM 1803 / JCM 6124 / NCDO 523 / NBRC 100496 / NCIMB 8023 / NCTC 12954 / NRRL B-1118 / 37Y),bacdive_species_exact_name_match,validated_species_exact_name,not_candidate_row,13,0,94,44,44,139,True,4,True,26,9,True,22,24,True,18,7,True,5,9,True,"{""base_binomial_match_or_subspecies"": 13, ""normalized_species_exact"": 31}",DSM 112104; CRBIP24.196; CRBIP24.185; CRBIP24.173; CRBIP24.168; CRBIP24.163; CRBIP24.159; CRBIP24.149; JCM 9693; NRIC 1513; JCM 20317; IAM 10076; JCM 20044; ATU L-23; IAM 1087; NBRC 102479; JCM 20025; ATU L-13; IAM 1046; JCM 12649,"SB-230a; 9319; 512-7; 797; V16; 522; DRC1506; 719B; 388-86, KACI; 1025-A; 152-A; 158-B; B07; 154 A; Buttiaux; 860F; 37 Y, 37Y; P-60; 52; LF2","TRYPTICASE SOY YEAST EXTRACT MEDIUM (DSMZ Medium 92); COLUMBIA BLOOD MEDIUM (DSMZ Medium 693); De Man, Rogosa and Sharpe Agar; Trypticase Soy Agar; CIP Medium 40","milk kefir; Imported butter culture; Meat; Product,provisions; Industry,heat exchanger"
proteome:UP000006559,87,target_bacteria,proteome,ligilactobacillus salivarius,Ligilactobacillus salivarius (strain UCC118) (Lactobacillus salivarius),bacdive_species_exact_name_match,validated_species_exact_name,not_candidate_row,4,0,86,43,43,70,True,1,True,15,4,True,43,32,True,23,6,True,13,17,True,"{""normalized_species_exact"": 23, ""validated_bacdive_id_from_closure"": 20}",JCM 8701; JCM 8699; JCM 8665; JCM 8664; JCM 8663; JCM 8662; JCM 7723; JCM 7712; JCM 7706; JCM 7691; JCM 1230; JCM 1047; KCTC 3157; JCM 1046; KCTC 3156; JCM 1045; JCM 1044; JCM 1042; JCM 1040; DSM 108969,"Cla-CZ-11; WCA-389-WT-5E; WCA-383-APC-5E; 550-80; H066, HO 66; HO268, HO 268; HO-128X",WILKINS-CHALGREN ANAEROBE BROTH (DSMZ Medium 339); MRS MEDIUM (DSMZ Medium 11); MEDIUM 40- for Lactobacillus and Leuconostoc; CIP Medium 40,Child; Horse; Adult; Pig; Mouse
proteome:UP000000774,63,target_bacteria,proteome,oenococcus oeni,Oenococcus oeni (strain ATCC BAA-331 / PSU-1),bacdive_species_exact_name_match,validated_species_exact_name,not_candidate_row,5,0,10,5,5,26,True,1,True,5,7,True,4,3,True,1,1,True,1,2,True,"{""normalized_species_exact"": 5}",CRBIP24.201; CIP 105837; NCIMB 701707; NCDO 1707; ATCC 23277; DSM 20257; NCDO 1696; DSM 20255; NCDO 1709; DSM 20252; ATCC 23279; NCDO 1674; JCM 6125; BCRC 14062; CCUG 30067; CCUG 30199; CCUG 32250; CECT 217; CIP 106144; KCTC 3072,"45b; 1, 6, St. Caprais; Baudry 1","De Man, Rogosa and Sharpe Agar; Trypticase Soy Agar; CIP Medium 40; MEDIUM 292 - for Oenococcus oeni; CIP Medium 292","Food, Wine; wine; Wine"
proteome:UP000002522,54,target_bacteria,proteome,malacoplasma penetrans,Malacoplasma penetrans (strain HF-2) (Mycoplasma penetrans),bacdive_species_exact_name_match,validated_species_exact_name,not_candidate_row,4,0,2,1,1,3,True,1,True,1,1,True,1,1,True,1,1,True,0,0,False,"{""normalized_species_exact"": 1}",DSM 22633; ATCC 55252; GTU 54,GTU-54-6A1,SP4-Z MEDIUM (DSMZ Medium 1076b),urogenital tract of a male patient with AIDS
proteome:UP000000762,93,target_bacteria,proteome,francisella tularensis,Francisella tularensis subsp. novicida (strain ATCC 15482 / CCUG 33449 / U112),bacdive_species_exact_name_match,validated_species_exact_name,not_candidate_row,7,0,31,14,14,20,True,2,True,0,0,False,11,11,True,13,3,True,1,1,True,"{""base_binomial_match_or_subspecies"": 4, ""normalized_species_exact"": 10}",CCUG 33449; CAPM 6041; ATCC 15482; CIP 56.12; CCUG 59672; FSC 856; CCUG 59671; FSC 855; CCUG 57222; CCUG 53311; CCUG 51689; CCUG 48139; CCUG 48060; CCUG 33391; CCUG 33270; CCUG 22075; CCUG 17316; CCUG 17299; CCUG 2112; ATCC 6223,,,"Water; Human bronchial fluid,66-yr-old man; Human blood,76-yr-old man; Human blood,67-yr-old woman; Human blood,87-yr-old woman,suspected endocarditis"
proteome:UP000008812,13,target_bacteria,proteome,metamycoplasma arthritidis,Metamycoplasma arthritidis (strain 158L3-1) (Mycoplasma arthritidis),bacdive_species_exact_name_match,validated_species_exact_name,not_candidate_row,4,0,8,4,4,12,True,1,True,4,3,True,3,4,True,1,2,True,1,1,True,"{""normalized_species_exact"": 1, ""validated_bacdive_id_from_closure"": 3}",CIP 104681; ATCC 13988; CIP 104677; ATCC 35943; CIP 104679; ATCC 14152; ATCC 23192; DSM 22113; ATCC 19611; CIP 104678; IFO (now NBRC) 14860; NCTC 10162,"H 606; H39; Campo; Preston, PG6",MEDIUM 89 - for Mycoplasma; CIP Medium 89; SP4-Z MEDIUM (DSMZ Medium 1076b),"Animal, Passage mouse brain; Human, Prostate secretions; knee joint of a rat; Animal, Rat, knee joint"
taxon:393011|organism:francisella tularensis subsp. holarctica (strain osu18),88,target_bacteria,taxon_organism,francisella tularensis,Francisella tularensis subsp. holarctica (strain OSU18),bacdive_species_exact_name_match,validated_species_exact_name,not_candidate_row,2,0,28,14,14,20,True,2,True,0,0,False,11,11,True,13,3,True,1,1,True,"{""base_binomial_match_or_subspecies"": 4, ""normalized_species_exact"": 10}",CCUG 59672; FSC 856; CCUG 59671; FSC 855; CCUG 57222; CCUG 53311; CCUG 51689; CCUG 48139; CCUG 48060; CCUG 33449; CAPM 6041; ATCC 15482; CIP 56.12; CCUG 33391; CCUG 33270; CCUG 22075; CCUG 17316; CCUG 17299; CCUG 2112; ATCC 6223,,,"Human bronchial fluid,66-yr-old man; Human blood,76-yr-old man; Human blood,67-yr-old woman; Human blood,87-yr-old woman,suspected endocarditis; Human blood,81-yr-old man"
taxon:393115|organism:francisella tularensis subsp. tularensis (strain fsc 198),92,target_bacteria,taxon_organism,francisella tularensis,Francisella tularensis subsp. tularensis (strain FSC 198),bacdive_species_exact_name_match,validated_species_exact_name,not_candidate_row,2,0,28,14,14,20,True,2,True,0,0,False,11,11,True,13,3,True,1,1,True,"{""base_binomial_match_or_subspecies"": 4, ""normalized_species_exact"": 10}",CCUG 59672; FSC 856; CCUG 59671; FSC 855; CCUG 57222; CCUG 53311; CCUG 51689; CCUG 48139; CCUG 48060; CCUG 33449; CAPM 6041; ATCC 15482; CIP 56.12; CCUG 33391; CCUG 33270; CCUG 22075; CCUG 17316; CCUG 17299; CCUG 2112; ATCC 6223,,,"Human bronchial fluid,66-yr-old man; Human blood,76-yr-old man; Human blood,67-yr-old woman; Human blood,87-yr-old woman,suspected endocarditis; Human blood,81-yr-old man"
proteome:UP000001944,95,target_bacteria,proteome,francisella tularensis,Francisella tularensis subsp. holarctica (strain LVS),bacdive_species_exact_name_match,validated_species_exact_name,not_candidate_row,4,0,28,14,14,20,True,2,True,0,0,False,11,11,True,13,3,True,1,1,True,"{""base_binomial_match_or_subspecies"": 4, ""normalized_species_exact"": 10}",CCUG 59672; FSC 856; CCUG 59671; FSC 855; CCUG 57222; CCUG 53311; CCUG 51689; CCUG 48139; CCUG 48060; CCUG 33449; CAPM 6041; ATCC 15482; CIP 56.12; CCUG 33391; CCUG 33270; CCUG 22075; CCUG 17316; CCUG 17299; CCUG 2112; ATCC 6223,,,"Human bronchial fluid,66-yr-old man; Human blood,76-yr-old man; Human blood,67-yr-old woman; Human blood,87-yr-old woman,suspected endocarditis; Human blood,81-yr-old man"
proteome:UP000001174,103,target_bacteria,proteome,francisella tularensis,Francisella tularensis subsp. tularensis (strain SCHU S4 / Schu 4),bacdive_species_exact_name_match,validated_species_exact_name,not_candidate_row,4,0,28,14,14,20,True,2,True,0,0,False,11,11,True,13,3,True,1,1,True,"{""base_binomial_match_or_subspecies"": 4, ""normalized_species_exact"": 10}",CCUG 59672; FSC 856; CCUG 59671; FSC 855; CCUG 57222; CCUG 53311; CCUG 51689; CCUG 48139; CCUG 48060; CCUG 33449; CAPM 6041; ATCC 15482; CIP 56.12; CCUG 33391; CCUG 33270; CCUG 22075; CCUG 17316; CCUG 17299; CCUG 2112; ATCC 6223,,,"Human bronchial fluid,66-yr-old man; Human blood,76-yr-old man; Human blood,67-yr-old woman; Human blood,87-yr-old woman,suspected endocarditis; Human blood,81-yr-old man"
proteome:UP000000528,47,target_bacteria,proteome,mycoplasmopsis pulmonis,Mycoplasmopsis pulmonis (strain UAB CTIP) (Mycoplasma pulmonis),bacdive_species_exact_name_match,validated_species_exact_name,not_candidate_row,4,0,2,1,1,5,True,1,True,1,1,True,1,1,True,0,0,False,1,1,True,"{""normalized_species_exact"": 1}",DSM 22144; ATCC 19612; CIP 75.26; IFO (now NBRC) 14896; NCTC 10139,"Ash, L3, PG34",SP4-Z MEDIUM (DSMZ Medium 1076b),"rat, lung lesion"
proteome:UP000001418,39,target_bacteria,proteome,mycoplasmoides gallisepticum,Mycoplasmoides gallisepticum (strain R(low / passage 15 / clone 2)) (Mycoplasma gallisepticum),bacdive_species_exact_name_match,validated_species_exact_name,not_candidate_row,4,0,4,2,2,7,True,1,True,2,4,True,2,3,True,1,1,True,1,2,True,"{""normalized_species_exact"": 1, ""validated_bacdive_id_from_closure"": 1}",CIP 71.26; ATCC 15302; DSM 19817; ATCC 19610; CIP 104967; IFO 14855; NCTC 10115,"S6; X95, PG 31",MEDIUM 88 - for Mycoplasma and Acholeplasma; CIP Medium 88; SP4-Z MEDIUM (DSMZ Medium 1076b); CIP Medium 749,"Brain of turkey with torticollis; chicken, respiratory tract; Chickens, respiratory tract"
taxon:80866|organism:delftia acidovorans (pseudomonas acidovorans) (comamonas acidovorans),7,target_bacteria,taxon_organism,delftia acidovorans,Delftia acidovorans (Pseudomonas acidovorans) (Comamonas acidovorans),bacdive_species_exact_name_match,validated_species_exact_name,not_candidate_row,2,0,94,47,47,117,True,1,True,15,11,True,33,32,True,28,7,True,5,8,True,"{""normalized_species_exact"": 47}",JCM 6232; JCM 6217; IAM 14418; JCM 6216; IAM 1492; JCM 6215; IAM 14417; IAM 1482; JCM 6214; IAM 14416; IAM 1461; JCM 6213; IAM 14415; JCM 6212; IAM 14414; JCM 6211; IAM 14413; JCM 6208; IAM 14412; JCM 2784,"211-86; RYS-4; 4B; NAT; SPH-1; SPB1; 2167, 7; D",Nutrient Agar (NA); MEDIUM 3 - Columbia agar; CIP Medium 72; CIP Medium 3; NUTRIENT AGAR (DSMZ Medium 1),"Activated sludge from the municipal wastewater treatment plant; petrochemical wastewater; Human trachea; Water (osmosis),industry; Water,industry"
taxon:329|organism:ralstonia pickettii (burkholderia pickettii),4,target_bacteria,taxon_organism,ralstonia pickettii,Ralstonia pickettii (Burkholderia pickettii),bacdive_species_exact_name_match,validated_species_exact_name,not_candidate_row,2,0,124,62,62,91,True,1,True,9,7,True,42,31,True,45,8,True,1,5,True,"{""normalized_species_exact"": 62}",DSM 105835; CCUG 64635; CCUG 62660; CCUG 57614; CCUG 50693; CCUG 45668; CCUG 43847; CCUG 42308 B; CCUG 41639; CCUG 41417; CCUG 38764; LMG 18096; CCUG 38762; LMG 18094; CCUG 38761; LMG 18093; CCUG 38760; LMG 18092; CCUG 38749; LMG 18088,"Dres_RalPick_01; 752.86; 524.86; 605-86; K 300; Jammet; K-288, K 288",NUTRIENT AGAR (DSMZ Medium 1); MEDIUM 3 - Columbia agar; CIP Medium 3; CIP Medium 72; COLUMBIA BLOOD MEDIUM (DSMZ Medium 693),"Prosthetic material; Industry,water; Human small intestine,28-yr-old female; Water,industry; Industry,distilled water"
taxon:1911|organism:streptomyces griseus,36,target_bacteria,taxon_organism,streptomyces griseus,Streptomyces griseus,bacdive_species_exact_name_match,validated_species_exact_name,not_candidate_row,4,0,270,135,112,360,True,1,True,85,21,True,44,27,True,36,13,True,5,8,True,"{""base_binomial_match_or_subspecies"": 86, ""normalized_species_exact"": 48, ""validated_bacdive_id_from_closure"": 1}",DSM 41070; IMRU 3475/3; DSM 40615; JCM 4681; JCM 4224; JCM 4049; HUT 6121; NBRC 109898; JCM 4048; JCM 4044; BCRC 12037; DSM 40909; DSM 40917; CCUG 14549; ATCC 13440; NCTC 7807; IMET 40314; NCIB 9003; IMET 40313; NCIB 9001,"K-3; ST002122; SF002770; ST005114; ST005113; ST005105(HKI), Paris1; ST005104(HKI), LUParis; ST004985(HKI), A.S.4-135, SN-14; ST008497(HKI), JA05142-(Phosphat), 849408496, sieheST 05265, 24; ST007116(HKI), ST 07116, U-19, 5; ST024699(HKI), 51022, 512/16; ST000603(HKI), AM33404; ST008524(HKI), 56, JA05570/1P2gelb; ST008522(HKI), 52, JA03933/956-2; ST008521(HKI), JA05142/01P7, 53; ST008520(HKI), 51, JA03933/K1; ST008504(HKI), JA3933/24-10, 32; ST008500(HKI), JA05570/1P, 28; ST008499(HKI), 27, JA03933/G44; ST008491(HKI), 16, JA03933/NTg20",ROLLED OATS MINERAL MEDIUM (DSMZ Medium 84); GYM STREPTOMYCES MEDIUM (DSMZ Medium 65); STARCH - MINERAL SALT - AGAR (STMS) (DSMZ Medium 252); ISP2 MEDIUM (DSMZ Medium 987); TRYPTICASE SOY BROTH AGAR (DSMZ Medium 535),"Soil; forest soil; Plate contaminant; compost soil; stem of kandelia candel (L.) Druce, Endophyte from Mangrove, China, Province Eujian, Xiamen city"
taxon:2186|organism:methanothermococcus thermolithotrophicus (methanococcus thermolithotrophicus),7,target_archaea,taxon_organism,methanothermococcus thermolithotrophicus,Methanothermococcus thermolithotrophicus (Methanococcus thermolithotrophicus),bacdive_species_exact_name_match,validated_species_exact_name,not_candidate_row,4,0,4,2,2,5,True,1,True,2,2,True,2,3,True,2,2,True,1,2,True,"{""normalized_species_exact"": 2}",DSM 2095; ATCC 35097; JCM 10549; OCM 138; DSM 8766,SN-1; ST22,METHANOGENIUM MEDIUM (H2/CO2) (DSMZ Medium 141); METHANOCALDOCCUS LAUENSIS MEDIUM (DSMZ Medium 141a),geothermally heated sea floor; Geothermally heated sea sediments; oil field water
taxon:1351|organism:enterococcus faecalis (streptococcus faecalis),5,target_bacteria,taxon_organism,enterococcus faecalis,Enterococcus faecalis (Streptococcus faecalis),bacdive_species_exact_name_match,validated_species_exact_name,not_candidate_row,4,0,368,184,183,281,True,1,True,111,22,True,131,92,True,94,15,True,15,37,True,"{""normalized_species_exact"": 184}",CCUG 51207; CCUG 51203; CCUG 50764; CCUG 50322; CCUG 48513 B; CCUG 48513 A; CCUG 47777; CCUG 47776; CCUG 47775; CCUG 47594; CCUG 47186; CCUG 46790; CCUG 46401; CCUG 46386; CCUG 45730; CCUG 45101; CCUG 44415 B; CCUG 44206; CCUG 44164; CCUG 44142,"MES 91; AmMS 161; 228; 228bis; BM6217; BM4110; E-48; H69 D5; UW 700/95, V583; JH2-2; UV 202; D36; Elliot D15; D4; D45; JH2; A38; AmMS 260; AmMS 251; 1528",MEDIUM 29- Brain heart agar; CIP Medium 29; CIP Medium 72; MEDIUM 6 - Columbia agar with 10 % horse blood; CIP Medium 6,"Rat feces,diarrhoea; Human blood,76-yr-old woman,endocarditis; Human blood,74-yr-old man; Human wound,heel; Human blood,79-yr-old man"
proteome:UP000008148,288,target_bacteria,proteome,citrobacter koseri,Citrobacter koseri (strain ATCC BAA-895 / CDC 4225-83 / SGSC4696),bacdive_species_exact_name_match,validated_species_exact_name,not_candidate_row,5,0,68,34,34,66,True,1,True,13,10,True,29,18,True,28,6,True,3,3,True,"{""normalized_species_exact"": 34}",CCUG 55990; CCUG 55438; CCUG 44448; CCUG 35708; CCUG 33803; CCUG 29881; CCUG 29880; CCUG 26653; CCUG 25452; CCUG 21861; CCUG 17211; CCUG 6741; CCUG 6640; CCUG 6639; CCUG 6597; CCUG 6266; CCUG 5885; CCUG 5847 A; CCUG 5071; CCUG 4427,8127-86; Riehli; Cd4; 32; 1381-70; 9910; 3613-63,MEDIUM 3 - Columbia agar; CIP Medium 3; MEDIUM 72- for trypto casein soja agar; CIP Medium 72; MEDIUM 29- Brain heart agar,"Human sputum,38-yr-old man,cystic fibrosis; Human sputum,37-yr-old man; Human wound,80-yr-old man; Human blood; Human"
taxon:1422|organism:geobacillus stearothermophilus (bacillus stearothermophilus),83,target_bacteria,taxon_organism,geobacillus stearothermophilus,Geobacillus stearothermophilus (Bacillus stearothermophilus),bacdive_species_exact_name_match,validated_species_exact_name,not_candidate_row,2,0,52,26,26,104,True,1,True,15,12,True,17,21,True,13,7,True,4,6,True,"{""normalized_species_exact"": 26}",STI11197; STI10305; STI10304; JCM 30104; JCM 12894; CCUG 59982; CCUG 54374; CCUG 44677; CCUG 36912; CCUG 12317; CIP 57.16; NBIMCC 2329; CMI 98373; ACC 1829; HKI 0420; CCUG 34144; HNCMB 101025; LMG 11163; DSM 1550; JCM 12216,"IMET 11197; IMET 10305; IMET 10304; STH00420; C953; 10; T15; N.R. Smith T17, 1518; R-35646, 26; 186; NRS-19, 1503; alpha 7; R-32607, alpha 1; R-32765, S 65-67; L 33-65, R-32640; L 32-65",MEDIUM 3 - Columbia agar; CIP Medium 3; CIP Medium 72; CASO AGAR (MERCK 105458) (DSMZ Medium 220); CIP Medium 29,"Compost sample from Hiroshima; Mud from the Challenger Deep in the Mariana Trench (10,897 m in depth); Industry,spore strip; Quality control of biological indicator,SGMStrip; Industrial rubber tubing,autoclaved"
taxon:1462|organism:geobacillus kaustophilus,1,target_bacteria,taxon_organism,geobacillus kaustophilus,Geobacillus kaustophilus,bacdive_species_exact_name_match,validated_species_exact_name,not_candidate_row,2,0,10,5,5,16,True,1,True,1,3,True,5,5,True,0,0,False,2,3,True,"{""normalized_species_exact"": 5}",JCM 31153; JCM 31152; JCM 31151; JCM 12893; DSM 7263; ATCC 8005; NCIMB 8547; NRRL NRS-81; CCUG 28890; CIP 106929; LMG 9819; NCCB 30003; JCM 20319; BCRC 11223; IAM 11001; NBRC 102445,"BD 53, T 281, NRS-81",NUTRIENT AGAR (DSMZ Medium 1); MEDIUM 72- for trypto casein soja agar; CIP Medium 72,"Derived from <I>Geobacillus kaustophilus</I> HTA426 (=JCM 12893); Mud from the Challenger Deep in the Mariana Trench (10,897 m in depth); pasteurized milk; Pasteurized milk; Food, Pasteurized milk"
taxon:216595|organism:pseudomonas fluorescens (strain sbw25),182,target_bacteria,taxon_organism,pseudomonas fluorescens,Pseudomonas fluorescens (strain SBW25),bacdive_species_exact_name_match,validated_species_exact_name,not_candidate_row,2,0,200,100,99,216,True,1,True,53,20,True,80,63,True,65,12,True,8,15,True,"{""normalized_species_exact"": 100}",JCM 2779; AJ 2089; IAM 12405; JCM 20064; ATCC 31419; IAM 1126; JCM 20046; IAM 1092; IFO 12568; NBRC 12568; JCM 20032; ATCC 15917; IAM 1055; JCM 20030; IAM 1051; JCM 20007; ATCC 15916; IAM 1008; JCM 17186; FERM P-11027,"FW300-N2E3; GW456-L13; FW300-N2C3; FW300-N1B4; FW300-N2E2; B-1606; 52-1C; 215-86; 3749; PMW6; B10; BA3SM1; SF002755; PJ253; PWD34; PWD33; 92; ES1-129-5; 1291, LA; 15",NUTRIENT AGAR (DSMZ Medium 1); TRYPTICASE SOY BROTH AGAR (DSMZ Medium 535); Nutrient Agar (NA); Tryptic Soy Agar (TSA); MEDIUM 3 - Columbia agar,Cistern (water); Japan; Waste (creamery waste); ground water; Lactuca sativa
taxon:418136|organism:francisella tularensis subsp. tularensis (strain wy96-3418),86,target_bacteria,taxon_organism,francisella tularensis,Francisella tularensis subsp. tularensis (strain WY96-3418),bacdive_species_exact_name_match,validated_species_exact_name,not_candidate_row,2,0,28,14,14,20,True,2,True,0,0,False,11,11,True,13,3,True,1,1,True,"{""base_binomial_match_or_subspecies"": 4, ""normalized_species_exact"": 10}",CCUG 59672; FSC 856; CCUG 59671; FSC 855; CCUG 57222; CCUG 53311; CCUG 51689; CCUG 48139; CCUG 48060; CCUG 33449; CAPM 6041; ATCC 15482; CIP 56.12; CCUG 33391; CCUG 33270; CCUG 22075; CCUG 17316; CCUG 17299; CCUG 2112; ATCC 6223,,,"Human bronchial fluid,66-yr-old man; Human blood,76-yr-old man; Human blood,67-yr-old woman; Human blood,87-yr-old woman,suspected endocarditis; Human blood,81-yr-old man"
proteome:UP000001565,36,target_bacteria,proteome,orientia tsutsugamushi,Orientia tsutsugamushi (strain Boryong) (Rickettsia tsutsugamushi),bacdive_species_exact_name_match,validated_species_exact_name,not_candidate_row,4,0,2,1,1,1,True,1,True,0,0,False,0,0,False,0,0,False,1,4,True,"{""normalized_species_exact"": 1}",ATCC VR-150,Karp,,
taxon:458234|organism:francisella tularensis subsp. holarctica (strain ftnf002-00 / fta),83,target_bacteria,taxon_organism,francisella tularensis,Francisella tularensis subsp. holarctica (strain FTNF002-00 / FTA),bacdive_species_exact_name_match,validated_species_exact_name,not_candidate_row,2,0,28,14,14,20,True,2,True,0,0,False,11,11,True,13,3,True,1,1,True,"{""base_binomial_match_or_subspecies"": 4, ""normalized_species_exact"": 10}",CCUG 59672; FSC 856; CCUG 59671; FSC 855; CCUG 57222; CCUG 53311; CCUG 51689; CCUG 48139; CCUG 48060; CCUG 33449; CAPM 6041; ATCC 15482; CIP 56.12; CCUG 33391; CCUG 33270; CCUG 22075; CCUG 17316; CCUG 17299; CCUG 2112; ATCC 6223,,,"Human bronchial fluid,66-yr-old man; Human blood,76-yr-old man; Human blood,67-yr-old woman; Human blood,87-yr-old woman,suspected endocarditis; Human blood,81-yr-old man"
proteome:UP000007056,54,target_bacteria,proteome,rickettsia canadensis,Rickettsia canadensis (strain McKiel),bacdive_species_exact_name_match,validated_species_exact_name,not_candidate_row,4,0,2,1,1,1,True,1,True,0,0,False,0,0,False,0,0,False,0,0,False,"{""normalized_species_exact"": 1}",ATCC VR-610,2678,,
proteome:UP000001311,45,target_bacteria,proteome,rickettsia massiliae,Rickettsia massiliae (strain Mtu5),bacdive_species_exact_name_match,validated_species_exact_name,not_candidate_row,4,0,2,1,1,1,True,1,True,0,0,False,0,0,False,0,0,False,0,0,False,"{""normalized_species_exact"": 1}",ATCC VR-1376,Mtu1,,
proteome:UP000006832,62,target_bacteria,proteome,rickettsia rickettsii,Rickettsia rickettsii (strain Sheila Smith),bacdive_species_exact_name_match,validated_species_exact_name,not_candidate_row,4,0,2,1,1,1,True,1,True,0,0,False,0,0,False,0,0,False,0,0,False,"{""normalized_species_exact"": 1}",ATCC VR-149,"Iowa, Smith",,
taxon:441952|organism:francisella tularensis subsp. mediasiatica (strain fsc147),80,target_bacteria,taxon_organism,francisella tularensis,Francisella tularensis subsp. mediasiatica (strain FSC147),bacdive_species_exact_name_match,validated_species_exact_name,not_candidate_row,2,0,28,14,14,20,True,2,True,0,0,False,11,11,True,13,3,True,1,1,True,"{""base_binomial_match_or_subspecies"": 4, ""normalized_species_exact"": 10}",CCUG 59672; FSC 856; CCUG 59671; FSC 855; CCUG 57222; CCUG 53311; CCUG 51689; CCUG 48139; CCUG 48060; CCUG 33449; CAPM 6041; ATCC 15482; CIP 56.12; CCUG 33391; CCUG 33270; CCUG 22075; CCUG 17316; CCUG 17299; CCUG 2112; ATCC 6223,,,"Human bronchial fluid,66-yr-old man; Human blood,76-yr-old man; Human blood,67-yr-old woman; Human blood,87-yr-old woman,suspected endocarditis; Human blood,81-yr-old man"
proteome:UP000001033,31,target_bacteria,proteome,orientia tsutsugamushi,Orientia tsutsugamushi (strain Ikeda) (Rickettsia tsutsugamushi),bacdive_species_exact_name_match,validated_species_exact_name,not_candidate_row,4,0,2,1,1,1,True,1,True,0,0,False,0,0,False,0,0,False,1,4,True,"{""normalized_species_exact"": 1}",ATCC VR-150,Karp,,
proteome:UP000002480,131,target_bacteria,proteome,rickettsia prowazekii,Rickettsia prowazekii (strain Madrid E),bacdive_species_exact_name_match,validated_species_exact_name,not_candidate_row,4,0,2,1,1,1,True,1,True,0,0,False,0,0,False,0,0,False,1,1,True,"{""normalized_species_exact"": 1}",ATCC VR-142,"Breinl, Brein1",,
proteome:UP000002424,172,target_bacteria,proteome,azotobacter vinelandii,Azotobacter vinelandii (strain DJ / ATCC BAA-1303),bacdive_species_exact_name_match,validated_species_exact_name,not_candidate_row,5,0,36,18,18,52,True,1,True,16,5,True,7,7,True,3,4,True,2,3,True,"{""normalized_species_exact"": 18}",STI10436; JCM 20040; ATCC 9046; CECT 9203; IAM 1078; DSM 13529; DSM 87; ATCC 12837; NCIB 8789; CIP 104399; IFO 13581; NCIMB 8789; DSM 86; DSM 85; IMG 1484; DSM 2290; ATCC 7496; DSM 2289; ATCC 478; VKM B-1617,"IMET 10436; 93-541b; 3a, Johnstone 3a; 1484, Claus 1484T; 1484; VI; 16; 135; 5R; W2; 1610; Kg 2; OP; 73; 567","DIAZOTROPHIC MEDIUM (RBA) (DSMZ Medium 441); AZOTOBACTER MEDIUM (DSMZ Medium 3); MEDIUM 1 - for Acetobacter, Azotobacter, Gluconobacter, Gluconacetobacter, Mesorhizodium ciceri and Pseudomonas doudoroffii; CIP Medium 1; R2A MEDIUM (DSMZ Medium 830)","soil; field soil; Environment, Soil; derived from DSM 85; water"
taxon:405440|organism:xylella fastidiosa (strain m12),126,target_bacteria,taxon_organism,xylella fastidiosa,Xylella fastidiosa (strain M12),bacdive_species_exact_name_match,validated_species_exact_name,not_candidate_row,2,0,8,4,4,18,True,2,True,4,3,True,4,4,True,4,1,True,2,5,True,"{""base_binomial_match_or_subspecies"": 1, ""normalized_species_exact"": 3}",DSM 103418; ATCC 35871; ICMP 15199; ICMP 8735; LMG 09063; CFBP 8173; DSM 103417; ATCC 35870; LMG 15099; DSM 103369; ATCC 35869; CFBP 8084; LMG 15098; MUL 3; DSM 10026; ATCC 35879; CFBP 7970; LMG 17159,PLM-G83; ALS-BC; Wells 2691; 2683 PCE-RR,BOSEA MEDIUM (DSMZ Medium 1052); NUTRIENT AGAR (DSMZ Medium 1); TRYPTICASE SOY BROTH AGAR (DSMZ Medium 535),"<i>Prunus salicina</I>, twigs with plum  leaf scorch symptoms; almond (<i>Prunus dulcis</i>) plant; mulberry; grapevine"
proteome:UP000008817,138,target_bacteria,proteome,rhizobium etli,Rhizobium etli (strain CIAT 652),bacdive_species_exact_name_match,validated_species_exact_name,not_candidate_row,4,0,4,2,2,12,True,1,True,2,6,True,2,4,True,2,1,True,1,1,True,"{""normalized_species_exact"": 2}",CIP 106475; MIM 2; DSM 11541; ATCC 51251; CFN 42; JCM 21823; CIP 104814; HAMBI 1727; IAM 15379; IFO 15573; LMG 17827; NBRC 15573,,"MEDIUM 304 - for Allorhizobium undicola; CIP Medium 296; RHIZOBIUM MEDIUM (DSMZ Medium 98); MEDIUM 1 - for Acetobacter, Azotobacter, Gluconobacter, Gluconacetobacter, Mesorhizodium ciceri and Pseudomonas doudoroffii; CIP Medium 1","Plant, Nitrogen fixing root nodules; beans, <I>Phaseolus vulgaris</I>; Root nodule of <I>Phaseolus vulgaris</I>; Guanajuato"
proteome:UP000001685,120,target_bacteria,proteome,streptomyces griseus,Streptomyces griseus subsp. griseus (strain JCM 4626 / CBS 651.72 / NBRC 13350 / KCC S-0626 / ISP 5235),bacdive_species_exact_name_match,validated_species_exact_name,not_candidate_row,10,0,275,136,113,372,True,1,True,86,21,True,44,27,True,36,13,True,6,9,True,"{""base_binomial_match_or_subspecies"": 86, ""normalized_species_exact"": 48, ""validated_bacdive_id_from_closure"": 2}",DSM 41070; IMRU 3475/3; DSM 40615; JCM 4681; JCM 4224; JCM 4049; HUT 6121; NBRC 109898; JCM 4048; JCM 4044; BCRC 12037; DSM 40909; DSM 40917; CCUG 14549; ATCC 13440; NCTC 7807; IMET 40314; NCIB 9003; IMET 40313; NCIB 9001,"K-3; ST002122; SF002770; ST005114; ST005113; ST005105(HKI), Paris1; ST005104(HKI), LUParis; ST004985(HKI), A.S.4-135, SN-14; ST008497(HKI), JA05142-(Phosphat), 849408496, sieheST 05265, 24; ST007116(HKI), ST 07116, U-19, 5; ST024699(HKI), 51022, 512/16; ST000603(HKI), AM33404; ST008524(HKI), 56, JA05570/1P2gelb; ST008522(HKI), 52, JA03933/956-2; ST008521(HKI), JA05142/01P7, 53; ST008520(HKI), 51, JA03933/K1; ST008504(HKI), JA3933/24-10, 32; ST008500(HKI), JA05570/1P, 28; ST008499(HKI), 27, JA03933/G44; ST008491(HKI), 16, JA03933/NTg20",ROLLED OATS MINERAL MEDIUM (DSMZ Medium 84); GYM STREPTOMYCES MEDIUM (DSMZ Medium 65); STARCH - MINERAL SALT - AGAR (STMS) (DSMZ Medium 252); ISP2 MEDIUM (DSMZ Medium 987); TRYPTICASE SOY BROTH AGAR (DSMZ Medium 535),"Soil; forest soil; Plate contaminant; compost soil; stem of kandelia candel (L.) Druce, Endophyte from Mangrove, China, Province Eujian, Xiamen city"
proteome:UP000002695,3,target_bacteria,proteome,salmonella enterica,Salmonella typhimurium (strain 14028s / SGSC 2262),bacdive_species_exact_name_match,validated_species_exact_name,not_candidate_row,6,0,400,200,200,376,True,6,True,199,18,True,57,42,True,70,21,True,28,83,True,"{""base_binomial_match_or_subspecies"": 46, ""normalized_species_exact"": 154}",CIP 55.38; NCTC 8386; CIP 107479; CCUG 46434; CIP 55.29; CIP 55.28; NCTC 7309; CIP 55.27; NCTC 7299; CIP 55.26; NCTC 7315; CIP 55.24; CIP 55.23; NCTC 7303; CIP 55.21; NCTC 7332; CIP 107125; CIP 54.143; CIP 54.140; CIP 54.139,"82K; 91K; 585K; 61; 19, M73; 13, M50; 69K; LT2; C52; S-6; Eastafrica; TA1538; 254; I137; M327, 71; 88, M453; 87, M452; M439, 86; M248, 58; M244, 57",MEDIUM 3 - Columbia agar; CIP Medium 3; MEDIUM 72- for trypto casein soja agar; CIP Medium 72; MEDIUM 29- Brain heart agar,"Human, Faeces; Poult, intestine; Gopher snake, lung; Dried egg powder; Turkey, conjunctivitis"
taxon:2262|organism:pyrococcus woesei,7,target_archaea,taxon_organism,pyrococcus woesei,Pyrococcus woesei,bacdive_species_exact_name_match,validated_species_exact_name,not_candidate_row,2,0,2,1,1,4,True,1,True,1,1,True,1,2,True,1,1,True,1,1,True,"{""normalized_species_exact"": 1}",DSM 3773; JCM 8421; ATCC 49860; CGMCC 1.2515,,PYROCOCCUS MEDIUM (DSMZ Medium 377),marine solfatara; Hot sediments in vents of marine solfatatras at the beach of Vulcano Island
taxon:28442|organism:haloarcula vallismortis (halobacterium vallismortis),3,target_archaea,taxon_organism,haloarcula vallismortis,Haloarcula vallismortis (Halobacterium vallismortis),bacdive_species_exact_name_match,validated_species_exact_name,not_candidate_row,2,0,2,1,1,12,True,1,True,1,2,True,1,1,True,1,1,True,1,2,True,"{""normalized_species_exact"": 1}",DSM 3756; ATCC 29715; CCM 3404; NCMB 2082; JCM 8877; BCRC AR10046; CGMCC 1.6288; IAM 13180; IFO 14741; NBRC 14741; NCIMB 2082; VKM B-1791,,HALOBACTERIA MEDIUM (DSMZ Medium 372); HALOBACTERIUM MEDIUM (DSMZ Medium 97),Salt pools of the Death Valley
taxon:2180|organism:methanothermus fervidus,9,target_archaea,taxon_organism,methanothermus fervidus,Methanothermus fervidus,bacdive_species_exact_name_match,validated_species_exact_name,not_candidate_row,2,0,6,3,3,5,True,1,True,3,1,True,3,4,True,3,1,True,1,1,True,"{""normalized_species_exact"": 3}",DSM 3538; DSM 3537; DSM 2088; ATCC 43054; JCM 10308,KF1-St; H9; V24 S,METHANOTHERMUS MEDIUM (DSMZ Medium 203),solfataric mud hole; solfataric soil; hot solfataric spring; Hot spring
taxon:2161|organism:methanobacterium bryantii,4,target_archaea,taxon_organism,methanobacterium bryantii,Methanobacterium bryantii,bacdive_species_exact_name_match,validated_species_exact_name,not_candidate_row,2,0,38,19,19,26,True,1,True,19,3,True,19,5,True,18,5,True,1,1,True,"{""normalized_species_exact"": 19}",DSM 11066; DSM 11065; PAH 2; DSM 11064; DSM 11063; DSM 11062; DSM 11061; DSM 11060; DSM 11059; DSM 11050; DSM 10130; DSM 10116; DSM 10115; MAH MaH2; MAH 2; DSM 10114; DSM 10113; DSM 10112; DSM 9575; DSM 7079,PDH2; IAH2; H2Sol2; LuiH2; TAH2; MaliH2; CBH2; PBH2; SelH 2; H2Cal3; PiH2; RiH2; GMH2; BKYH; M.o.H.; M.o.H.G.,METHANOBACTERIUM II MEDIUM (DSMZ Medium 825); METHANOBACTERIUM MEDIUM (DSMZ Medium 119); MODIFIED METHANOBACTERIUM MEDIUM (DSMZ Medium 1523),"ricefield soil; soil in pond filled with copper mine waste; estuary sediment; syntrophic culture of ""<I>Methanobacterium omelianskii""</I>; anaerobic sewage digester"
taxon:2162|organism:methanobacterium formicicum,2,target_archaea,taxon_organism,methanobacterium formicicum,Methanobacterium formicicum,bacdive_species_exact_name_match,validated_species_exact_name,not_candidate_row,2,0,22,11,11,18,True,1,True,11,4,True,11,10,True,11,5,True,2,4,True,"{""normalized_species_exact"": 11}",DSM 11051; DSM 11049; DSM 10111; DSM 6299; DSM 6298; DSM 3637; DSM 3636; DSM 3722; DSM 2639; OCM 105; DSM 1535; ATCC 33274; JCM 10132; OCM 55; NBIMCC 876; NBRC 100475; VKM B-1957; DSM 1312,FSol 1; TiaH2; FCam; RF; T1N; PP1; MS1; Z-281; JF-1; MF,METHANOBACTERIUM II MEDIUM (DSMZ Medium 825); METHANOBACTERIUM II MEDIUM (N2/CO2) (DSMZ Medium 825a); METHANOBACTERIUM MEDIUM (DSMZ Medium 119); MODIFIED METHANOBACTERIUM MEDIUM (DSMZ Medium 1523),ricefield soil; ricefiel soil; biomethanation granules; from giant amoeba <I>Pelomyxa palustris</I>; from ciliate <I>Metopus striatus</I>
taxon:564|organism:escherichia fergusonii,1,target_bacteria,taxon_organism,escherichia fergusonii,Escherichia fergusonii,bacdive_species_exact_name_match,validated_species_exact_name,not_candidate_row,2,0,50,25,25,40,True,1,True,3,6,True,18,11,True,17,4,True,5,9,True,"{""normalized_species_exact"": 25}",JCM 5899; ATCC 35473; CDC 3458-74; JCM 5897; ATCC 35471; CDC 1016-74; CCUG 29938; CCUG 29937; CCUG 29936; CCUG 29935; CCUG 29934; CCUG 29933; CCUG 29932; CCUG 29931; CCUG 29930; CCUG 29929; CCUG 29928; CCUG 29927; CCUG 29926; CCUG 29925,3296-73; Ef137; 568-73,MEDIUM 3 - Columbia agar; CIP Medium 3; NUTRIENT AGAR (DSMZ Medium 1); TRYPTICASE SOY YEAST EXTRACT MEDIUM (DSMZ Medium 92); COLUMBIA BLOOD MEDIUM (DSMZ Medium 693),"Stool; Human stool; Well water; Human stool,preventive examination; Pig organs"
taxon:563|organism:shimwellia blattae (escherichia blattae),1,target_bacteria,taxon_organism,shimwellia blattae,Shimwellia blattae (Escherichia blattae),bacdive_species_exact_name_match,validated_species_exact_name,not_candidate_row,2,0,6,3,3,20,True,1,True,3,4,True,3,4,True,2,3,True,1,3,True,"{""normalized_species_exact"": 3}",CIP 104993; ATCC 33430; CIP 104992; ATCC 33429; DSM 4481; ATCC 29907; CIP 103175; CIP 104942; HAMBI 1692; JCM 1650; LMG 3030; NCTC 12127; CCUG 14803 B; CDC 9005-74; BCRC 15589; CCUG 14803; CGMCC 1.3440; JCM 24308; NBRC 105725; VTT E-042574,2928-78; 1182-73; 9005-74,MEDIUM 3 - Columbia agar; CIP Medium 3; NUTRIENT AGAR (DSMZ Medium 1); CIP Medium 72,"Animal, Cockroach; hindgut of cockroach; Hindgut of cockroach; Animal, Cockroach, hind-gut"
taxon:548|organism:klebsiella aerogenes (enterobacter aerogenes),24,target_bacteria,taxon_organism,klebsiella aerogenes,Klebsiella aerogenes (Enterobacter aerogenes),bacdive_species_exact_name_match,validated_species_exact_name,not_candidate_row,2,0,56,28,27,57,True,1,True,15,9,True,20,18,True,20,10,True,2,6,True,"{""normalized_species_exact"": 27, ""validated_bacdive_id_from_closure"": 1}",STI10767; SF002569; JCM 24140; JCM 20090; IAM 1183; IMI 362052; IMI 347356; IMI 347355; IMI 347354; IMI 347353; CCUG 55801; CCUG 48581; CCUG 39470; CCUG 38112; CCUG 26730; CCUG 25435; CCUG 25434; CCUG 22754; CIP 60.23; CIP 105091,IMET 10767; FSU-2569; US EPA 202; SF001184,Nutrient Agar (NA); MEDIUM 3 - Columbia agar; CIP Medium 3; CIP Medium 72; MEDIUM 72- for trypto casein soja agar,"Urochloa panicoides; Sputum; Sesamum indicum; Sorghum vulgare; Vigna unguiculata; cowpea, leaf spot; Hevea brasiliensis"
taxon:615|organism:serratia marcescens,35,target_bacteria,taxon_organism,serratia marcescens,Serratia marcescens,bacdive_species_exact_name_match,validated_species_exact_name,not_candidate_row,4,0,214,107,107,182,True,2,True,46,12,True,62,58,True,55,12,True,6,43,True,"{""base_binomial_match_or_subspecies"": 1, ""normalized_species_exact"": 106}",JCM 8536; ATCC 14223; JCM 20513; IAM 12359; JCM 20508; ATCC 6911; IAM 12352; NCTC 2165; JCM 20434; ATCC 17991; IAM 12143; NRRL B-486; JCM 20124; IAM 1240; IFO 3052; NBRC 3052; JCM 20115; ATCC 14226; IAM 1223; JCM 20104,8K; HY; crachats; Tobri; Vosges; Micoulaud; S1254; Censters; 116-175; JF246; P12; 296; S008/93; S6; Boquet; Kol; 710-86; PH1a; Mm3; LH165,MEDIUM 72- for trypto casein soja agar; CIP Medium 72; CIP Medium 3; MEDIUM 3 - Columbia agar; COLUMBIA BLOOD MEDIUM (DSMZ Medium 693),"Polluted pond; Soil in Utsunomiya; Human blood,80-yr-old woman; Environment,industry; Human sputum,83-yr-old woman"
taxon:565|organism:atlantibacter hermannii (escherichia hermannii),1,target_bacteria,taxon_organism,atlantibacter hermannii,Atlantibacter hermannii (Escherichia hermannii),bacdive_species_taxid_or_synonym_match,validated_species_taxid_or_synonym,not_candidate_row,2,0,56,28,28,40,True,1,True,11,6,True,16,13,True,16,5,True,1,3,True,"{""validated_bacdive_species_exact"": 28}",DSM 119894; DSM 110456; DSM 108326; DSM 108325; DSM 108321; DSM 108320; DSM 108319; DSM 108046; DSM 107051; JCM 2136; JCM 2135; JCM 2134; JCM 2133; CCUG 58290; CCUG 44600 A; CCUG 29871; CCUG 26685; CCUG 26553; CCUG 26042; CCUG 21202,Dres_EscherHerm_17; 110456; 108326; 108325; 108321; 108320; 108319; 108046; 107051; 3103-85; 980-72,TRYPTICASE SOY YEAST EXTRACT MEDIUM (DSMZ Medium 92); MEDIUM 3 - Columbia agar; CIP Medium 3; COLUMBIA BLOOD MEDIUM (DSMZ Medium 693); NUTRIENT AGAR (DSMZ Medium 1),"swab, human; urine; swab; swab wound; Human urine,81-yr-old patient"
taxon:618|organism:serratia odorifera,1,target_bacteria,taxon_organism,serratia odorifera,Serratia odorifera,bacdive_species_exact_name_match,validated_species_exact_name,not_candidate_row,2,0,22,11,11,24,True,1,True,4,5,True,11,11,True,8,2,True,1,2,True,"{""normalized_species_exact"": 11}",CCUG 33344; CCUG 32567; CCUG 20426; CCUG 18172; CCUG 17406; CCUG 10200; CCUG 186; CIP 79.2; CIP 79.48; CIP 79.47; DSM 4582; ATCC 33077; CDC 1979-77; CIP 79.01; ICPB 3995; NCTC 11214; CCUG 14508; CECT 867; JCM 1243; BCRC 12223,"279-78; 10, 6-79; 5-79, 15; 1073",MEDIUM 3 - Columbia agar; CIP Medium 3; NUTRIENT AGAR (DSMZ Medium 1); MEDIUM 72- for trypto casein soja agar; CIP Medium 72,Human trachea; Human gall; Human feces; Human hip; Human wound
taxon:271|organism:thermus aquaticus,12,target_bacteria,taxon_organism,thermus aquaticus,Thermus aquaticus,bacdive_species_exact_name_match,validated_species_exact_name,not_candidate_row,2,0,2,1,1,6,True,1,True,1,1,True,1,2,True,1,1,True,1,1,True,"{""normalized_species_exact"": 1}",DSM 625; ATCC 25104; JCM 10724; LMG 8924; NBRC 103206; NCIMB 11243,YT-1,CASTENHOLZ MEDIUM (DSMZ Medium 86),hot spring; Mushroom Spring
taxon:1894|organism:kitasatospora aureofaciens (streptomyces aureofaciens),8,target_bacteria,taxon_organism,kitasatospora aureofaciens,Kitasatospora aureofaciens (Streptomyces aureofaciens),bacdive_species_exact_name_match,validated_species_exact_name,not_candidate_row,4,0,400,200,25,140,True,2,True,23,11,True,7,6,True,3,4,True,4,9,True,"{""normalized_species_exact"": 199, ""validated_bacdive_id_from_closure"": 1}",Tsukamura 8183; Tsukamura 9028; DSM 40341; ATCC 14125; ATCC 25488; CBS 175.61; IFO 13971; JCM 4434; NBRC 13971; RIA 1268; RIA 832; ISP 5341; KCC S-0434; BCRC 12241; CBS 299.65; CBS 916.69; CGMCC 4.1465; IFO 13076; IFO 13877; KCTC 19966,"STI07115(IMET), 87-70; STI07012; STI07009; STI07008; STI07007; STI07004; STI07002; ST022477(HKI), BI 11379; ST022476(HKI), BI 11378; ST030738; ST030728; ST030665; ST030660; ST030653; ST030621; ST030618; ST030612; ST030591; ST030590; ST030577",ISP 2; ISP 3; ISP 4; ISP 5; ISP 6,"soil; Soil in the caverns of Caudano at Cuneo; unknown potato cultivar (Tuber); Soil, timothy field; Soil, a timothy field"
taxon:29301|organism:streptomyces arenae,8,target_bacteria,taxon_organism,streptomyces arenae,Streptomyces arenae,bacdive_species_exact_name_match,validated_species_exact_name,not_candidate_row,2,0,6,3,3,15,True,1,True,3,6,True,1,1,True,1,1,True,1,1,True,"{""normalized_species_exact"": 3}",DSM 40737; DSM 40734; DSM 40293; ATCC 25428; CBS 926.69; ETH 24429; IFO 13016; ISP 5293; NBRC 13016; NRRL 2377; RIA 1208; JCM 4452; BCRC 11827; CGMCC 4.1610; VKM Ac-1201,Tü 495; Tü 469; NA 269-M2,GYM STREPTOMYCES MEDIUM (DSMZ Medium 65); ROLLED OATS MINERAL MEDIUM (DSMZ Medium 84); ISP 2; ISP 3; ISP 4,soil
taxon:1501|organism:clostridium pasteurianum,10,target_bacteria,taxon_organism,clostridium pasteurianum,Clostridium pasteurianum,bacdive_species_exact_name_match,validated_species_exact_name,not_candidate_row,2,0,8,4,4,18,True,1,True,4,2,True,2,2,True,3,1,True,1,6,True,"{""normalized_species_exact"": 4}",DSM 117789; DSM 9989; VKM B-86; DSM 526; IMG 1584; DSM 525; ATCC 6013; IMG 1584b; NCIMB 9486; VKM B-1774; CCUG 31328; JCM 1408; BCRC 10942; CECT 377; KCTC 1674; LMG 3285; LMG 5709; NCFB 1845,"R525; Donker; McClung 2300, 5",RCM MEDIUM (N2/CO2) (DSMZ Medium 634c); CLOSTRIDIUM SP. MEDIUM (DSMZ Medium 54b),derived from a culture of DSM 525; turf podzol
taxon:281|organism:xanthobacter flavus,11,target_bacteria,taxon_organism,xanthobacter flavus,Xanthobacter flavus,bacdive_species_exact_name_match,validated_species_exact_name,not_candidate_row,2,0,14,7,7,21,True,1,True,7,6,True,6,6,True,6,4,True,1,1,True,"{""normalized_species_exact"": 7}",DSM 117960; DSM 117959; DSM 117958; DSM 117703; DSM 14521; DSM 10330; DSM 338; ATCC 35867; IFO 14759; NBRC 14759; NCIB 10071; JCM 1204; BCRC 12271; CCM 4469; CIP 105434; LMG 7045; NCAIM B.01946; NCIMB 10071; NRRL B-14838; VKM B-2106,V4C-9; V4C-7; V2C-3; V4C-10; R-10; 14p1; 301,NUTRIENT AGAR (DSMZ Medium 1); HETEROTROPHIC MEDIUM H3P (DSMZ Medium 428); MINERAL MEDIUM (BRUNNER) (DSMZ Medium 457); MINERAL MEDIUM FOR CHEMOLITHOTROPHIC GROWTH (H-3) (DSMZ Medium 81); MEDIUM 3 - Columbia agar,"Nitrogen-fixing, hydrogen-oxidizing chemolithoautotrophic community enrichment from a root and sediment sample from the Muddy River in Boston, Massachusetts, USA.; Nitrogen-fixing, hydrogen-oxidizing chemolithoautotrophic community enrichment from a water sample from the Muddy River in Boston, Massachusetts, USA.; contaminated sediments; turf podsol soil; Turf podsol soil"
taxon:1314|organism:streptococcus pyogenes,13,target_bacteria,taxon_organism,streptococcus pyogenes,Streptococcus pyogenes,bacdive_species_exact_name_match,validated_species_exact_name,not_candidate_row,4,0,306,153,153,260,True,1,True,62,9,True,67,52,True,38,9,True,25,34,True,"{""normalized_species_exact"": 153}",DSM 120744; CCUG 65322; CCUG 64251; CCUG 63781; CCUG 61116; CCUG 58107; CCUG 57411; CCUG 53553; CCUG 50872; CCUG 49264; CCUG 49246; CCUG 47803; CECT 5109; ATCC 700294; CCUG 47009; CCUG 44879; CCUG 43366; CCUG 39833; CCUG 39158; CCUG 38726,"OK2; Coggins; SF 40; C 744, A280t47; C/105, A37t46; C 98/97; C 203 M; 02C1110; GAS-MAS5; GAS-MA38; Small; J17 D/50; J 17 C; J17/E/19; 58; Glover; Glossy, A39t6; A456; Digonnet 7; 4990",COLUMBIA BLOOD MEDIUM (DSMZ Medium 693); MEDIUM 29- Brain heart agar; CIP Medium 29; MEDIUM 6 - Columbia agar with 10 % horse blood; CIP Medium 6,"Human wound infection (mouth); Human throat; Human throat,7-yr-old boy; Human; Human wound,21-yr-old woman,heel"
taxon:1398|organism:heyndrickxia coagulans (weizmannia coagulans),3,target_bacteria,taxon_organism,heyndrickxia coagulans,Heyndrickxia coagulans (Weizmannia coagulans),bacdive_species_exact_name_match,validated_species_exact_name,not_candidate_row,2,0,32,16,16,71,True,1,True,13,6,True,6,10,True,4,4,True,3,8,True,"{""normalized_species_exact"": 11, ""validated_bacdive_id_from_closure"": 5}",JCM 2258; IAM 1194; CCUG 34203; ATCC 5827; CIP 51.34; CN 2821; CIP 102020; DSM 30760; DSM 1; CCM 2013; NCIB 9365; NCTC 10334; WDCM 00002; CCUG 7417; ATCC 7050; IAM 1115; NRS 609; JCM 2257; BCRC 10606; CECT 12,"36D1; 963.85; ES-116; 609, NRS-609; C; 78G, T 27; M-39; 43 P, 770; 784; 200 of Hammer; U",MEDIUM 3 - Columbia agar; CIP Medium 72; CIP Medium 3; CASO AGAR (MERCK 105458) (DSMZ Medium 220); NUTRIENT AGAR (DSMZ Medium 1),"Industry; Environment, Soil; spacecraft-associated clean room class ISO 8, Herschel Space Observatory; evaporated milk; Milk,evaporated"
taxon:119602|organism:streptococcus dysgalactiae subsp. equisimilis (streptococcus equisimilis),3,target_bacteria,taxon_organism,streptococcus dysgalactiae,Streptococcus dysgalactiae subsp. equisimilis (Streptococcus equisimilis),bacdive_species_exact_name_match,validated_species_exact_name,not_candidate_row,2,0,124,62,62,109,True,2,True,13,8,True,54,43,True,47,7,True,6,9,True,"{""base_binomial_match_or_subspecies"": 40, ""normalized_species_exact"": 22}",CCUG 59663; CCUG 48477; CECT 7079; CCUG 48101; CCUG 45898; CCUG 45841; CCUG 45681; CCUG 45569; CCUG 44670; CCUG 44590; CCUG 41838; CCUG 39834; CCUG 39323; CCUG 39263; CCUG 39044; CCUG 38278; CCUG 36628; CCUG 36625; CCUG 35457; CCUG 33802,"C2, Austin; 12.381; C94; C95; BM 140; S-C 13; Goodman, G3; C96; LRA 06 11 76, LRA 006 11 76; 0134, 134",MEDIUM 29- Brain heart agar; CIP Medium 29; CIP Medium 6; MEDIUM 72- for trypto casein soja agar; CIP Medium 72,"Human blood,98-yr-old woman; Dog,deceased puppy (liver or spleen,brain,lung); Human throat,17-yr-old boy; Human throat; Human abscess"
taxon:1585|organism:lactobacillus delbrueckii subsp. bulgaricus,6,target_bacteria,taxon_organism,lactobacillus delbrueckii,Lactobacillus delbrueckii subsp. bulgaricus,bacdive_species_exact_name_match,validated_species_exact_name,not_candidate_row,2,0,114,57,56,178,True,6,True,28,9,True,37,43,True,24,7,True,14,33,True,"{""base_binomial_match_or_subspecies"": 42, ""normalized_species_exact"": 15}",CRBIP24.64; JCM 8671; JCM 8669; JCM 8666; JCM 8661; JCM 20398; IAM 12091; JCM 20088; IAM 1174; JCM 20075; IAM 1149; IAM 12067; JCM 20381; JCM 1106; JCM 1063; BCRC 14033; JCM 1016; JCM 1014; NCDO 1744; JCM 1010,"64 Z; 103-76; 64 AE; MB 367; B10; B7; B6; 66 E; BBY; #22, EDCC 5492; STI10478; CHCC13979, ZN7a-9; 313, Ld 5, Ld5; 14-1, L 889; L 110; 730, Calvert, Calbert; 14, Lb.14; D","De Man, Rogosa and Sharpe Agar; Trypticase Soy Agar; CIP Medium 40; MEDIUM 40- for Lactobacillus and Leuconostoc; CIP Medium 72",Urine; Chicken; Pig; Adult; Sour milk
taxon:1764|organism:mycobacterium avium,20,target_bacteria,taxon_organism,mycobacterium avium,Mycobacterium avium,bacdive_species_exact_name_match,validated_species_exact_name,not_candidate_row,2,0,98,49,49,88,True,3,True,27,14,True,34,31,True,22,8,True,6,9,True,"{""base_binomial_match_or_subspecies"": 15, ""normalized_species_exact"": 34}",CRBIP7.166; CIPT 166; CRBIP7.148; CIPT 148; CRBIP7.147; CIPT 147; CRBIP7.146; CIPT 146; CRBIP7.144; CIPT 144; CRBIP7.143; CIPT 143; CRBIP7.140; CIPT 140; CRBIP7.138; CIPT 138; DSM 108962; JCM 34074; JCM 34073; JCM 34072,"140310094; 1602-1965, 140310073; Nutson 1784-286, 14310072; STB 42, 140310071; 34540, 14310069; 14310068, 25546-759; 140310065, 6194; 140310064, 11907-300; JIII-386; 140310067; 4138; 68257; 27497; TB795/95; 1001; JC31; 4355387; 6409; 1351; chicken AHT 1",Löwenstein-Jensen Medium; MIDDLEBROOK MEDIUM (DSMZ Medium 645); MEDIUM 96 - for Mycobacterium avium subsp. paratuberculosis; CIP Medium 96; MEDIUM 93 - for Mycobacterium avium subsp. sylvaticum,"ileal mucosa, sheep from migrating sheep herd; Sputum of a patient; Sputum of a patient with pulmonary <I>Mycobacterium avium</I> complex (MAC) disease; Bathroom of a patient with pulmonary <I>Mycobacterium avium</I> complex (MAC) disease; Sparrow liver"
taxon:192|organism:azospirillum brasilense,47,target_bacteria,taxon_organism,azospirillum brasilense,Azospirillum brasilense,bacdive_species_exact_name_match,validated_species_exact_name,not_candidate_row,2,0,22,11,11,36,True,1,True,10,7,True,11,11,True,10,6,True,3,17,True,"{""normalized_species_exact"": 11}",CCUG 30620; LMG 4381; BR Br14; CIP 104028; ATCC 49958; CCM 4880; CCUG 33007; DSM 2298; DSM 2297; DSM 2296; DSM 2295; DSM 1859; DSM 1858; DSM 1844; ATCC 29711; JCM 1226; BCRC 14281; CECT 9200; DSM 1843; ATCC 29710,"C610; Sp T60; A2, Sp A2; P2, Sp P2; 75, Sp 75; Sp 81; JM 6A2; Sp 35; Cd; Sp 7",MEDIUM 3 - Columbia agar; CIP Medium 3; NUTRIENT AGAR (DSMZ Medium 1); R2A MEDIUM (DSMZ Medium 830); HETEROTROPHIC MEDIUM H3P (DSMZ Medium 428),"Triticum sp.,root; Human wound,hand of a woman; Woman, hand wound; wheat roots; maize roots"
taxon:106590|organism:cupriavidus necator (alcaligenes eutrophus) (ralstonia eutropha),18,target_bacteria,taxon_organism,cupriavidus necator,Cupriavidus necator (Alcaligenes eutrophus) (Ralstonia eutropha),bacdive_species_exact_name_match,validated_species_exact_name,not_candidate_row,2,0,80,40,40,84,True,1,True,32,12,True,17,17,True,9,5,True,4,6,True,"{""normalized_species_exact"": 40}",JCM 20909; ATCC 17708; IAM 13549; LMG 1208; JCM 20908; ATCC 17702; IAM 13548; LMG 1203; JCM 20695; IAM 12628; DSM 30029; ATCC 25207; NRRL B-2804; CCUG 2529; DSM 15444; DSM 15443; DSM 13513; ATCC 43291; CCUG 52238; CIP 103161,"HF39; C145; N-1, Jr N-1; H850-4LT; Bo, Tfa 17; H850; TA06; JMP366, pJP7, JMP366 Smr; JMP365, pJP5, JMP365 Smr; JMP134, pJP4; JMP364, pJP3, JMP364 Smr; JMP363 Smr, pJP2; H16 pHS4; H 16 G+3, H 16 G<SUP>+</SUP>3; H 20 G+1, H 20 G<SUP>+</SUP>1; H 1 G+4, H 1 G<SUP>+</SUP>4; H 1 G+3, H 1 G<SUP>+</SUP>3; H 20 G+3, H 20 G<SUP>+</SUP>3; G 29 G+1, G 29 G<SUP>+</SUP>1; H 16 G+7, H 16 G<SUP>+</SUP>7",MINERAL MEDIUM FOR CHEMOLITHOTROPHIC GROWTH (H-3) (DSMZ Medium 81); NUTRIENT AGAR (DSMZ Medium 1); HETEROTROPHIC MEDIUM H3P (DSMZ Medium 428); R2A MEDIUM (DSMZ Medium 830); BHI MEDIUM (DSMZ Medium 215),"Soil; mutant of <I>R</I>. <I>eutropha</I> H16 (DSM 428); obtained after mutagenesis of <I>R</I>. <I>eutropha</I> H16 (DSM 428); soil; Environment, Soil"
taxon:652616|organism:mycobacterium tuberculosis (strain atcc 35801 / tmc 107 / erdman),9,target_bacteria,taxon_organism,mycobacterium tuberculosis,Mycobacterium tuberculosis (strain ATCC 35801 / TMC 107 / Erdman),bacdive_species_exact_name_match,validated_species_exact_name,not_candidate_row,5,0,368,184,184,317,True,3,True,111,7,True,138,33,True,134,10,True,6,6,True,"{""normalized_species_exact"": 78, ""validated_bacdive_id_from_closure"": 106}",CRBIP7.113; CIPT 113; CRBIP7.112; CIPT 112; CRBIP7.108; CIPT 108; CIP 105050; ATCC 35734; CCUG 38152; TMC 1011; CIP 111338; CIP 111337; CIP 111336; CIP 111335; CIP 111334; CIP 111333; CIP 111332; CIP 111331; CRBIP7.96; CIPT 96,140080007; 140080006; 140080010; 140040001; MYC 4436; MYC 4429; MYC 4426; MYC 4423; MYC 4416; MYC 4404; MYC 4403; MYC 4401; 140020086; 140020085; 140020084; 140020022; 140020021; 140020019; 140020017; 140020016,Löwenstein-Jensen Medium; CIP Medium 72; CIP Medium 55; CIP Medium 750; CIP Medium 267,"Human; Food, Bovine milk; Human, Sputum; Animal, Cow, lymphatic node; Human, Meningitis"
taxon:471|organism:acinetobacter calcoaceticus,10,target_bacteria,taxon_organism,acinetobacter calcoaceticus,Acinetobacter calcoaceticus,bacdive_species_exact_name_match,validated_species_exact_name,not_candidate_row,2,0,36,18,18,50,True,1,True,11,11,True,17,20,True,15,9,True,5,8,True,"{""normalized_species_exact"": 18}",JCM 16095; JCM 16092; JCM 16091; JCM 16090; JCM 16087; DSM 106070; IMI 347320; CCUG 57816; LMG 10517; CCUG 14821; CIP 110439; NIPH 13; CCM 4665; CIP 66.32; ATCC 17902; CIP 110488; ANC 3680; CIP 103625; ATCC 49137; DSM 9319,"UHS000024, GK 2, GK2; Tr III-761; IH9; SW1; HO1-N",COLUMBIA BLOOD MEDIUM (DSMZ Medium 693); NUTRIENT AGAR (DSMZ Medium 1); Nutrient Agar (NA); MEDIUM 72- for trypto casein soja agar; CIP Medium 72,"Rhizosphere of pearl millet, <I>Pennisetum glaucum</I>, in the field No. 1; Rhizosphere of pearl millet, <I>Pennisetum glaucum</I> in the field No. 2; Rhizosphere of pearl millet, <I>Pennisetum glaucum</I> in Rajgurunagar; soil; Human wound"
taxon:59406|organism:aromatoleum evansii (azoarcus evansii),10,target_bacteria,taxon_organism,aromatoleum evansii,Aromatoleum evansii (Azoarcus evansii),bacdive_species_exact_name_match,validated_species_exact_name,not_candidate_row,2,0,4,2,2,3,True,2,True,2,5,True,1,1,True,1,1,True,0,0,False,"{""normalized_species_exact"": 2}",CIP 109473; DSM 6898; NBRC 107771,KB740; KB 740,CIP Medium 690; CIP Medium 6; THAUERA AROMATICA MEDIUM (DSMZ Medium 586); REACTIVATION WITH LIQUID MEDIUM 830 (DSMZ Medium 830c); MEDIUM 6 - Columbia agar with 10 % horse blood,creek sediment
taxon:210|organism:helicobacter pylori (campylobacter pylori),7,target_bacteria,taxon_organism,helicobacter pylori,Helicobacter pylori (Campylobacter pylori),bacdive_species_exact_name_match,validated_species_exact_name,not_candidate_row,2,0,140,70,70,117,True,1,True,24,7,True,63,48,True,66,9,True,4,12,True,"{""normalized_species_exact"": 70}",DSM 105471; DSM 105470; DSM 105400; ATCC 51932; DSM 105297; DSM 105296; DSM 105294; DSM 105293; DSM 105292; DSM 105261; DSM 105260; DSM 105200; DSM 105199; DSM 105198; DSM 105197; DSM 105196; DSM 105195; CCUG 64957; CCUG 48166; CCUG 41936,"85866; 85593; Tx30; Sydney strain, SS1; 2808; PMSS1; J166; G27; 83321; 86153; 85592; 85369; 86298; 87041; 85107; 82894; CGLO-1; 26695; N6; 85P",COLUMBIA BLOOD MEDIUM (DSMZ Medium 693); MEDIUM 45 - for Columbia agar with sheep blood; CIP Medium 45; Brucella broth; MEDIUM 6 - Columbia agar with 10 % horse blood,"patient, specimen; clinical isolate; clinical isolate, mouse adapted (Recovered from mice inoculated with PMSS1); Mouse-passed strain originating from a patient diagnosed with ulcer; wild-type rodent-adapted cag + H. pylori strain derived from the parental strain of the mouse Sydney strain (SS1)"
taxon:387|organism:rhizobium leguminosarum bv. viciae,6,target_bacteria,taxon_organism,rhizobium leguminosarum,Rhizobium leguminosarum bv. viciae,bacdive_species_exact_name_match,validated_species_exact_name,not_candidate_row,2,0,34,17,17,46,True,2,True,14,8,True,4,4,True,1,1,True,4,6,True,"{""normalized_species_exact"": 16, ""validated_bacdive_id_from_closure"": 1}",CIP 106959; ATCC 10004; IAM 12609; OUT 30008; IFO 14778; DSM 106839; LMG 14904; CIP 108029; AS 1.3045; CCBAU 71042; DSM 30143; DSM 60273; DSM 30141; ATCC 14480; JCM 20684; IAM 12613; NBRC 14784; DSM 30139; ATCC 14481; DSM 30138,"3Hoq18; 580; 3D1k22a; 3D1r1; 3D1k5; 3HOa1; 92A3; 175F1; NZ 29; 3D1q25a; 3D1K2; RCR 3622; LPR5035, pRtr5a::Tn5; ANU618, pBR1AN",Rhizobium medium (DSMZ Medium 1848); RHIZOBIUM MEDIUM (DSMZ Medium 98); R2A MEDIUM (DSMZ Medium 830); MEDIUM 296 - for Rhizobium; CIP Medium 296,Effective nodules of Pisum sativum; Indigofera amblyantha; <I>Vicia sativa</I>; <I>Cicer arietinum</I>
taxon:29292|organism:pyrococcus abyssi,1,target_archaea,taxon_organism,pyrococcus abyssi,Pyrococcus abyssi,bacdive_species_exact_name_match,validated_species_exact_name,not_candidate_row,2,0,4,2,2,3,True,1,True,1,1,True,2,2,True,1,1,True,1,1,True,"{""normalized_species_exact"": 2}",JCM 18155; DSM 25543; CNCM I-1302,GE5,STETTERIA MEDIUM (DSMZ Medium 795),"Hydrothermal vents in the North Fiji Basin at a depth of 2,000 m; hydrothermal vent fluid, 2000 m depth"
taxon:274|organism:thermus thermophilus,24,target_bacteria,taxon_organism,thermus thermophilus,Thermus thermophilus,bacdive_species_exact_name_match,validated_species_exact_name,not_candidate_row,2,0,22,11,11,20,True,1,True,7,3,True,9,10,True,9,3,True,7,9,True,"{""normalized_species_exact"": 11}",JCM 33999; JCM 33048; JCM 33047; JCM 10668; DSM 15284; DSM 46338; IMET 11323; DSM 9248; DSM 9247; DSM 7039; ATCC BAA-163; DSM 674; ATCC 33923; DSM 579; ATCC 27634; JCM 10941; CGMCC 1.6492; NBRC 101084; NCIMB 11244; CIP 110185,"SA1, SAMU; HB8-plmd; PRQ-15; RQ-1; HB27; AT-62; HB8",THERMUS 162 MEDIUM (DSMZ Medium 878); MEDIUM 72- for trypto casein soja agar; CIP Medium 72,"Mine Geyser on the Izu Peninsula in Japan; Nonvolcanic oceanic Arima Onsen in Kobe; Silica scale from the Otake geothermal power plant; water and mud; hot spring, beach"
proteome:UP000001986,107,target_bacteria,proteome,clostridium botulinum,Clostridium botulinum (strain Hall / ATCC 3502 / NCTC 13319 / Type A),bacdive_species_exact_name_match,validated_species_exact_name,not_candidate_row,6,0,30,15,15,22,True,1,True,0,0,False,8,6,True,8,4,True,6,16,True,"{""normalized_species_exact"": 15}",CIP 104310; ATCC 25763; CCUG 41389; CCUG 37546; CCUG 32123; CCUG 32122; CCUG 32121; CCUG 22775; CCUG 14228; CCUG 11910; CCUG 7974; NCTC 8266; CCUG 7971; NCTC 8265; CCUG 7970; NCTC 8264; CCUG 7969; NCTC 7273; CCUG 7968; ATCC 19397,,,"Industry; Human,sudden death; Peas; Cheese; Source not known"
taxon:474186|organism:enterococcus faecalis (strain atcc 47077 / og1rf),6,target_bacteria,taxon_organism,enterococcus faecalis,Enterococcus faecalis (strain ATCC 47077 / OG1RF),bacdive_species_exact_name_match,validated_species_exact_name,not_candidate_row,5,0,368,184,183,281,True,1,True,111,22,True,131,92,True,94,15,True,15,37,True,"{""normalized_species_exact"": 184}",CCUG 51207; CCUG 51203; CCUG 50764; CCUG 50322; CCUG 48513 B; CCUG 48513 A; CCUG 47777; CCUG 47776; CCUG 47775; CCUG 47594; CCUG 47186; CCUG 46790; CCUG 46401; CCUG 46386; CCUG 45730; CCUG 45101; CCUG 44415 B; CCUG 44206; CCUG 44164; CCUG 44142,"MES 91; AmMS 161; 228; 228bis; BM6217; BM4110; E-48; H69 D5; UW 700/95, V583; JH2-2; UV 202; D36; Elliot D15; D4; D45; JH2; A38; AmMS 260; AmMS 251; 1528",MEDIUM 29- Brain heart agar; CIP Medium 29; CIP Medium 72; MEDIUM 6 - Columbia agar with 10 % horse blood; CIP Medium 6,"Rat feces,diarrhoea; Human blood,76-yr-old woman,endocarditis; Human blood,74-yr-old man; Human wound,heel; Human blood,79-yr-old man"
proteome:UP000009100,149,target_bacteria,proteome,vibrio atlanticus,Vibrio atlanticus (strain LGP32) (Vibrio splendidus (strain Mel32)),bacdive_species_exact_name_match,validated_species_exact_name,not_candidate_row,5,0,6,3,3,5,True,1,True,3,3,True,3,2,True,1,1,True,2,3,True,"{""normalized_species_exact"": 2, ""validated_bacdive_id_from_closure"": 1}",CIP 107715; CIP 107716; DSM 26479; CECT 7223; LMG 24300,Vb 11.11,Marine agar (MA); CIP Medium 13; BACTO MARINE BROTH (DIFCO 2216) (DSMZ Medium 514),"Hollow oyster, Cassostrea gigas; cultured clams <i>Ruditapes philippinarum</i>"
taxon:386|organism:rhizobium leguminosarum bv. trifolii,5,target_bacteria,taxon_organism,rhizobium leguminosarum,Rhizobium leguminosarum bv. trifolii,bacdive_species_exact_name_match,validated_species_exact_name,not_candidate_row,2,0,34,17,17,46,True,2,True,14,8,True,4,4,True,1,1,True,4,6,True,"{""normalized_species_exact"": 16, ""validated_bacdive_id_from_closure"": 1}",CIP 106959; ATCC 10004; IAM 12609; OUT 30008; IFO 14778; DSM 106839; LMG 14904; CIP 108029; AS 1.3045; CCBAU 71042; DSM 30143; DSM 60273; DSM 30141; ATCC 14480; JCM 20684; IAM 12613; NBRC 14784; DSM 30139; ATCC 14481; DSM 30138,"3Hoq18; 580; 3D1k22a; 3D1r1; 3D1k5; 3HOa1; 92A3; 175F1; NZ 29; 3D1q25a; 3D1K2; RCR 3622; LPR5035, pRtr5a::Tn5; ANU618, pBR1AN",Rhizobium medium (DSMZ Medium 1848); RHIZOBIUM MEDIUM (DSMZ Medium 98); R2A MEDIUM (DSMZ Medium 830); MEDIUM 296 - for Rhizobium; CIP Medium 296,Effective nodules of Pisum sativum; Indigofera amblyantha; <I>Vicia sativa</I>; <I>Cicer arietinum</I>
taxon:1772|organism:mycolicibacterium smegmatis (mycobacterium smegmatis),16,target_bacteria,taxon_organism,mycolicibacterium smegmatis,Mycolicibacterium smegmatis (Mycobacterium smegmatis),bacdive_species_exact_name_match,validated_species_exact_name,not_candidate_row,2,0,70,35,33,96,True,1,True,21,13,True,7,8,True,2,2,True,3,4,True,"{""normalized_species_exact"": 8, ""validated_bacdive_id_from_closure"": 27}",ST033721; ST033720; ST033719; ST033718; CIP 56.6; CCTM La 690; JCM 31864; CCUG 28062; NCTC 3821; CCUG 27786; CCUG 21824; ATCC 23037; CCUG 21823; ATCC 23032; CCUG 21822; ATCC 23028; CCUG 21821; ATCC 19979; NCTC 333; CIP 73.26,"SG987 4a; SG1013; SG989; SG98; F21; SF002767; STI11112(IMET), B344; 987-M10; GA 735, Cornell 3, 14 133 0010; 7449; 114; 607; 169, Schering 275; 74C, Schering 250; 52-Q-1; 52-L-1; Minetti 41",MEDIUM 72- for trypto casein soja agar; CIP Medium 3; CIP Medium 72; MEDIUM 55 - for Mycobacterium; CIP Medium 55,Derived from <I>Mycobacterium smegmatis</I> strain Jucho; Guinea pig inoculated with butter; human; clinical material; Human
taxon:1092|organism:chlorobium limicola,2,target_bacteria,taxon_organism,chlorobium limicola,Chlorobium limicola,bacdive_species_exact_name_match,validated_species_exact_name,not_candidate_row,2,0,6,3,3,5,True,1,True,3,1,True,3,3,True,3,2,True,1,1,True,"{""normalized_species_exact"": 3}",DSM 258; Pfennig 9330; DSM 248; DSM 245; NBRC 103803,9330; 1830; 6330,"PFENNIG'S MEDIUM II (modified 1988, for green sulfur bacteria) (DSMZ Medium 29)",meromictic lake; polluted pond; hot spring
proteome:UP000006034,18,target_bacteria,proteome,bilophila wadsworthia,Bilophila wadsworthia (strain 3_1_6),bacdive_species_exact_name_match,validated_species_exact_name,not_candidate_row,4,0,14,7,7,8,True,1,True,2,4,True,7,5,True,7,4,True,1,1,True,"{""normalized_species_exact"": 7}",DSM 109342; CCUG 45045; CCUG 45035; CCUG 43686; CCUG 43589; CCUG 32349; ATCC 49260; DSM 11045,Cla-CZ-104; RZATAU,WILKINS-CHALGREN ANAEROBE BROTH (N2/CO2) (DSMZ Medium 339a); COLUMBIA BLOOD MEDIUM (DSMZ Medium 693); FASTIDIOUS ANAEROBE AGAR (DSMZ Medium 1203); ANAEROBIC FRESHWATER (FWM) MEDIUM (DSMZ Medium 503),"chicken caecal content, 21 days old; Human blood; Human blood,73-yr-old man; Human perforated appendiceal abscess; anaerobic mud, sewage plant"
taxon:35833|organism:bilophila wadsworthia,6,target_bacteria,taxon_organism,bilophila wadsworthia,Bilophila wadsworthia,bacdive_species_exact_name_match,validated_species_exact_name,not_candidate_row,2,0,14,7,7,8,True,1,True,2,4,True,7,5,True,7,4,True,1,1,True,"{""normalized_species_exact"": 7}",DSM 109342; CCUG 45045; CCUG 45035; CCUG 43686; CCUG 43589; CCUG 32349; ATCC 49260; DSM 11045,Cla-CZ-104; RZATAU,WILKINS-CHALGREN ANAEROBE BROTH (N2/CO2) (DSMZ Medium 339a); COLUMBIA BLOOD MEDIUM (DSMZ Medium 693); FASTIDIOUS ANAEROBE AGAR (DSMZ Medium 1203); ANAEROBIC FRESHWATER (FWM) MEDIUM (DSMZ Medium 503),"chicken caecal content, 21 days old; Human blood; Human blood,73-yr-old man; Human perforated appendiceal abscess; anaerobic mud, sewage plant"
proteome:UP000002361,75,target_bacteria,proteome,rhodobacter capsulatus,Rhodobacter capsulatus (strain ATCC BAA-309 / NBRC 16581 / SB1003),bacdive_species_exact_name_match,validated_species_exact_name,not_candidate_row,6,0,16,8,8,25,True,1,True,6,3,True,6,6,True,3,3,True,3,4,True,"{""normalized_species_exact"": 8}",CCUG 31483; ATCC 23782; LMG 2373; CCUG 2876; DSM 157; DSM 156; DSM 155; DSM 152; Pfennig 6950; DSM 1710; ATCC 11166; ATCC 17015; IAM 14232; JCM 21090; NCIB 8254; CCUG 31484; LMG 2962; CCTM 1913; ATH 2.3.1; CGMCC 1.8920,28 G; Dr 1 G; Kb 1; 6950; 37b4,RHODOSPIRILLACEAE MEDIUM (modified) (DSMZ Medium 27); MEDIUM 12 - for Alcaligenes latus and Rhodobacter capsulatus; CIP Medium 12,Soil; Muddy pond rich in decomposing organic matter; pond; ditch; sewage processing plant
taxon:1589|organism:lactiplantibacillus pentosus (lactobacillus pentosus),4,target_bacteria,taxon_organism,lactiplantibacillus pentosus,Lactiplantibacillus pentosus (Lactobacillus pentosus),bacdive_species_exact_name_match,validated_species_exact_name,not_candidate_row,2,0,32,16,16,48,True,1,True,4,6,True,13,11,True,3,2,True,1,4,True,"{""normalized_species_exact"": 14, ""validated_bacdive_id_from_closure"": 2}",CRBIP24.66; JCM 8340; TISTR 871; JCM 8339; NRIC 1833; JCM 8338; NRIC 1551; TISTR 870; JCM 8337; TISTR 867; JCM 8336; NRIC 1831; TISTR 857; JCM 8335; BCRC 80018; NRIC 1826; JCM 8334; BCRC 80017; TISTR 851; JCM 8333,"124-2, P26; B96","De Man, Rogosa and Sharpe Agar; Trypticase Soy Agar; CIP Medium 40; MRS MEDIUM (DSMZ Medium 11); MEDIUM 41- for Lactobacillus, Leuconostoc, Weissella, Pediococcus, Sporolactobacillus inulinus",Miang (fermented tea leaves); Phak-sian-dong (pickle); Sour durian (fermented durian); Naw-mai-dong (fermented bamboo shoot); Phak-gard-dong (pickled mustard)
taxon:555970|organism:bifidobacterium animalis subsp. lactis (strain dsm 10140 / ccug 37979 / jcm 10602 / lmg 18314 / nrrl b-41405 / ur1),2,target_bacteria,taxon_organism,bifidobacterium animalis,Bifidobacterium animalis subsp. lactis (strain DSM 10140 / CCUG 37979 / JCM 10602 / LMG 18314 / NRRL B-41405 / UR1),bacdive_species_exact_name_match,validated_species_exact_name,not_candidate_row,8,0,28,11,11,39,True,2,True,5,5,True,10,14,True,6,3,True,7,11,True,"{""base_binomial_match_or_subspecies"": 7, ""normalized_species_exact"": 4}",JCM 7124; ATCC 27672; JCM 7117; ATCC 27674; LMG 18906; JCM 11658; CGMCC 1.3003; CCUG 61907; CCUG 48185; CCUG 33397; DSM 26074; DSM 28736; DSM 20104; ATCC 25527; CIP 105419; JCM 1190; BCRC 14668; CCUG 24606; CGMCC 1.2268; KCTC 3125,"YL2; S-cc-6089-ARE-19, SJ-19, SJ19; R101-8; UR1; P23",COLUMBIA BLOOD MEDIUM (DSMZ Medium 693); BIFIDOBACTERIUM MEDIUM (DSMZ Medium 58); WILKINS-CHALGREN ANAEROBE BROTH (DSMZ Medium 339); MEDIUM 20 - for Anaerobic bacteria; CIP Medium 20,"Rat feces; Rabbit feces; Human blood; Human blood,78-yr-old man; Industry,lactic acid bacteria mixed culture"
taxon:1528|organism:eubacterium barkeri (clostridium barkeri),10,target_bacteria,taxon_organism,eubacterium barkeri,Eubacterium barkeri (Clostridium barkeri),bacdive_species_exact_name_match,validated_species_exact_name,not_candidate_row,2,0,2,1,1,10,True,1,True,1,2,True,1,2,True,1,1,True,1,1,True,"{""normalized_species_exact"": 1}",DSM 1223; ATCC 25849; NCIB 10623; VKM B-1775; VPI 5359; JCM 1389; BCRC 14473; BCRC 17243; CGMCC 1.5084; NCIMB 10623,,NICOTINIC ACID MEDIUM (DSMZ Medium 152); CHOPPED MEAT MEDIUM WITH CARBOHYDRATES (DSMZ Medium 110),mud; Mud
taxon:1061|organism:rhodobacter capsulatus (rhodopseudomonas capsulata),42,target_bacteria,taxon_organism,rhodobacter capsulatus,Rhodobacter capsulatus (Rhodopseudomonas capsulata),bacdive_species_exact_name_match,validated_species_exact_name,not_candidate_row,2,0,16,8,8,25,True,1,True,6,3,True,6,6,True,3,3,True,3,4,True,"{""normalized_species_exact"": 8}",CCUG 31483; ATCC 23782; LMG 2373; CCUG 2876; DSM 157; DSM 156; DSM 155; DSM 152; Pfennig 6950; DSM 1710; ATCC 11166; ATCC 17015; IAM 14232; JCM 21090; NCIB 8254; CCUG 31484; LMG 2962; CCTM 1913; ATH 2.3.1; CGMCC 1.8920,28 G; Dr 1 G; Kb 1; 6950; 37b4,RHODOSPIRILLACEAE MEDIUM (modified) (DSMZ Medium 27); MEDIUM 12 - for Alcaligenes latus and Rhodobacter capsulatus; CIP Medium 12,Soil; Muddy pond rich in decomposing organic matter; pond; ditch; sewage processing plant
taxon:1582|organism:lacticaseibacillus casei (lactobacillus casei),23,target_bacteria,taxon_organism,lacticaseibacillus casei,Lacticaseibacillus casei (Lactobacillus casei),bacdive_species_exact_name_match,validated_species_exact_name,not_candidate_row,2,0,42,21,21,50,True,1,True,10,5,True,15,11,True,5,3,True,2,4,True,"{""normalized_species_exact"": 11, ""validated_bacdive_id_from_closure"": 10}",JCM 8677; JCM 8648; JCM 8621; JCM 8615; JCM 8608; JCM 8129; BCRC 17487; NCDO 173; JCM 2120; ATCC 4913; JCM 20304; IAM 10062; JCM 20024; ATU L-29; IAM 1045; CCUG 31608; CCUG 29515; CIP 110100; CIP 71.37; CIP 103164,"35-77; 204-86; pLZ15; 302-74; 548-80; 03, 7, O3",MEDIUM 40- for Lactobacillus and Leuconostoc; CIP Medium 40; MEDIUM 6 - Columbia agar with 10 % horse blood; CIP Medium 6; MRS MEDIUM (DSMZ Medium 11),Adult; Fermented cane molasses; Milk products; Cheese; Milk starter culture
taxon:86029|organism:bacillus subtilis subsp. natto,13,target_bacteria,taxon_organism,bacillus subtilis,Bacillus subtilis subsp. natto,bacdive_species_exact_name_match,validated_species_exact_name,not_candidate_row,4,0,400,200,198,326,True,1,True,178,12,True,59,24,True,55,10,True,12,69,True,"{""base_binomial_match_or_subspecies"": 18, ""normalized_species_exact"": 182}",CIP 76.87; CIP 76.53; DSM 103758; DSM 103051; DSM 103047; DSM 103044; DSM 31033; DSM 100614; DSM 100613; DSM 100612; DSM 100605; DSM 28592; DSM 31010; DSM 31009; DSM 31008; DSM 31021; DSM 31020; SG 119; DSM 30942; DSM 30941,"AA 56; PM 15; D36_1; Stev18; Stev9; Stev2; T3_6; D13-1; D8-1; D6-1; FS3-1; Amp-T18; b9_6; b9_5; b9_4; G23; G20; STI10881; STI10299; STI10298(IMET), 168IX",MEDIUM 3 - Columbia agar; CIP Medium 3; CIP Medium 72; CASO AGAR (MERCK 105458) (DSMZ Medium 220); TRYPTICASE SOY YEAST EXTRACT MEDIUM (DSMZ Medium 92),"cleanroom facility, Airbus Defence and Space; cleanroom facility, TAS-I; cleanroom facility, TAS; caecal content; wildtype C57BL/6 mouse treated with ampicillin; cleanroom, wipe sample"
taxon:28172|organism:vibrio metschnikovii,2,target_bacteria,taxon_organism,vibrio metschnikovii,Vibrio metschnikovii,bacdive_species_exact_name_match,validated_species_exact_name,not_candidate_row,2,0,38,19,19,38,True,1,True,5,6,True,16,15,True,15,7,True,2,3,True,"{""normalized_species_exact"": 19}",JCM 20020; IAM 1039; CCUG 49718; CCUG 31368; CCUG 31367; ATCC 7708; CCUG 30412; CCUG 30410; CCUG 30409; CCUG 30408; CCUG 30407; CCUG 30406; CCUG 30405; CCUG 30404; CCUG 30403; CCUG 30276; CIP A267; CIP 104262; ICPB 4076; NCTC 11170,"MV 2484; M 34, M34",Marine agar (MA); CIP Medium 13; CIP Medium 72; MEDIUM 72- for trypto casein soja agar; BACTO MARINE BROTH (DIFCO 2216) (DSMZ Medium 514),"Anopheles gambiae arabiensis stomach; Water; Human stool,male; Sewage; Cheese curds"
taxon:321|organism:pseudomonas syringae pv. syringae,11,target_bacteria,taxon_organism,pseudomonas syringae,Pseudomonas syringae pv. syringae,bacdive_species_exact_name_match,validated_species_exact_name,not_candidate_row,2,0,164,82,81,164,True,2,True,68,17,True,59,57,True,50,19,True,14,15,True,"{""normalized_species_exact"": 82}",STI11189; SF002761; SF002744; JCM 14317; ATCC 11365; CFBP 1512; ICMP 3079; JCM 14314; ATCC 7389; ICMP 3881; ICMP 5036; NCPPB 1015; NRRL B-855; IMI 349393; IMI 349392; IMI 349204; IMI 349170; IMI 347733; IMI 347732; IMI 347448,"IMET 11189; 11190; FSU-2744; CRAPAV013, PsaveCRAPAV013; I 201; 685; J1; 221, 283; 44/2b; MP 65; MP50; 133, 281; N.A.3; 6; PC 17; 247; 248, 286; PA 13; 16.1; Ps268",Nutrient Agar (NA); Glucose-Peptone (GP) medium; TRYPTICASE SOY BROTH AGAR (DSMZ Medium 535); NUTRIENT AGAR (DSMZ Medium 1); GLUCOSE YEAST EXTRACT MEDIUM (DSMZ Medium 54),Jerusalem artichoke; Cynara scolymus; Citrus limon; Sorghum vulgar var. sudanense; Sorghum vulgare
taxon:1767|organism:mycobacterium intracellulare,5,target_bacteria,taxon_organism,mycobacterium intracellulare,Mycobacterium intracellulare,bacdive_species_exact_name_match,validated_species_exact_name,not_candidate_row,2,0,60,30,30,67,True,3,True,20,14,True,15,19,True,12,6,True,6,13,True,"{""base_binomial_match_or_subspecies"": 7, ""normalized_species_exact"": 22, ""validated_bacdive_id_from_closure"": 1}",CRBIP7.169; CIPT 169; TMC 1475; CRBIP7.168; CIPT 168; CRBIP7.162; CIPT 162; CRBIP7.159; CIPT 159; CRBIP7.158; CIPT 158; CRBIP7.156; CIPT 156; CRBIP7.155; CIPT 155; CRBIP7.154; CIPT 154; CRBIP7.153; CIPT 153; CRBIP7.152,"140310078; 140310097; 140310090, 9055; 140310086, 12646; 23393, 140310085; 140310083, AT545; 140310082, W552; 140310081, 4990; P-54, 140310080; 140310079; 140310077; 140310076; 140310075; MOTT64; ZUERICH-1; 05-1390; FI-01069; FI-01129; 2123; N100616",Löwenstein-Jensen Medium; Middlebrook 7H10 agar; MacConkey agar; 7H10 agar; 7H9 broth,"Environment, Water of shower; Sputum of a patient; Human sputum; Human sputum,70-yr-old man,COPD; Human sputum,disease associated"
taxon:2188|organism:methanococcus voltae,13,target_archaea,taxon_organism,methanococcus voltae,Methanococcus voltae,bacdive_species_exact_name_match,validated_species_exact_name,not_candidate_row,2,0,14,7,7,12,True,1,True,6,3,True,4,4,True,7,3,True,3,3,True,"{""normalized_species_exact"": 7}",JCM 16865; OCM 197; DSM 14649; OCM 745; DSM 7078; MCM B603; DSM 4311; DSM 4310; DSM 4254; DSM 1537; ATCC 33273; OCM 70,P2F9701a; PS-7; PS-6; PS-3; PS,METHANOCALCULUS MB MEDIUM (DSMZ Medium 924); METHANOGENIUM MEDIUM (H2/CO2) (DSMZ Medium 141); METHANOCOCCUS VOLTAE MEDIUM (DSMZ Medium 391),Intertidal sediment; water sample; sea sediment; mud
proteome:UP000000742,100,target_bacteria,proteome,anoxybacillus flavithermus,Anoxybacillus flavithermus (strain DSM 21510 / WK1),bacdive_species_exact_name_match,validated_species_exact_name,not_candidate_row,6,0,19,8,8,13,True,1,True,3,4,True,8,5,True,8,3,True,1,2,True,"{""base_binomial_match_or_subspecies"": 3, ""normalized_species_exact"": 5}",CCUG 55181; CCUG 55180; CCUG 55179; CCUG 55178; CCUG 55177; DSM 23293; DSM 21510; DSM 2641; BCRC 17265; LMG 18397; NBRC 15317; CCUG 56041; IFO 15317,"PGDY12; BF, WK1; d.y.",LB (Luria-Bertani) MEDIUM (DSMZ Medium 381); TY MEDIUM (DSMZ Medium 1143); CASO AGAR (MERCK 105458) (DSMZ Medium 220); NUTRIENT AGAR (DSMZ Medium 1),Water; geothermal spring; geothermal wastewater; hot spring; Hot spring
taxon:485|organism:neisseria gonorrhoeae,26,target_bacteria,taxon_organism,neisseria gonorrhoeae,Neisseria gonorrhoeae,bacdive_species_exact_name_match,validated_species_exact_name,not_candidate_row,2,0,188,94,94,121,True,1,True,25,4,True,57,16,True,54,17,True,2,6,True,"{""normalized_species_exact"": 94}",DSM 116748; NCCP 11948; DSM 116747; NCCP 11943; DSM 116745; NCCP 11384; DSM 116746; NCCP 11391; JCM 2885; CCUG 57602; CCUG 57601; CCUG 57600; CCUG 57599; CCUG 57598; CCUG 57597; CCUG 57596; CCUG 57595; CCUG 49680; CCUG 47325; CCUG 41813,"10; Te, LNP 5926; LNP 3441, E; D, LNP 3363; LNP 3366, B; A, LNP 3279; V; LNP 9429; MS11; 11; 8658; LNP 1337; LRA 011 06 86, 6-73389; LNP 3361, C; LNP 1745; 89-018314, F-18, P935; B5025, B 5025","COLUMBIA BLOOD MEDIUM (DSMZ Medium 693); MEDIUM 10 - Chocolate medium  for Actinobacillus pleuropneumoniae, Capnocytophaga cynodegmi, Haemophilus and Neisseria; CIP Medium 10; CHOCOLATE AGAR (DSMZ Medium 429b)","ascites (human); clinical specimen; clinical specimen (human); Human,urogenital; Human abscess,forearm,53-yr-old man"
taxon:319|organism:pseudomonas savastanoi pv. phaseolicola (pseudomonas syringae pv. phaseolicola),6,target_bacteria,taxon_organism,pseudomonas savastanoi,Pseudomonas savastanoi pv. phaseolicola (Pseudomonas syringae pv. phaseolicola),bacdive_species_exact_name_match,validated_species_exact_name,not_candidate_row,2,0,18,9,9,36,True,1,True,9,8,True,7,8,True,7,5,True,1,1,True,"{""normalized_species_exact"": 9}",IMI 379776; IMI 379775; CIP 59.13; DSM 50298; ATCC 13492; DSM 60228; NCPPB 64; CCUG 2171; LMG 5011; DSM 50287; DSM 60303; NCPPB 380; DSM 50286; DSM 60298; NCPPB 1373; DSM 50282; DSM 60282; NCPPB 1372; DSM 50267; ATCC 19508,"CDAO 682; 277, 64; PP 6; 2078-S22/2; 2076-31/2; PG2",Nutrient Agar (NA); MEDIUM 3 - Columbia agar; CIP Medium 3; NUTRIENT AGAR (DSMZ Medium 1); GLUCOSE YEAST EXTRACT MEDIUM (DSMZ Medium 54),"Glycine max (L.); <I>Olea europaea</I>; Olive (Olea europaea); <I>Phaseolus vulgaris</I>; <I>Phaseolus vulgaris</I> ""Red Kidney"""
taxon:1283|organism:staphylococcus haemolyticus,5,target_bacteria,taxon_organism,staphylococcus haemolyticus,Staphylococcus haemolyticus,bacdive_species_exact_name_match,validated_species_exact_name,not_candidate_row,2,0,104,52,52,75,True,1,True,29,10,True,51,41,True,48,8,True,2,6,True,"{""normalized_species_exact"": 52}",DSM 117905; DSM 112011; CIP 111689; CIP 111686; Epi 47.23; CRBIP21.55; CRBIP21.54; CRBIP21.53; CRBIP21.50; CRBIP21.49; CRBIP21.48; CRBIP21.47; CRBIP21.4; CRBIP21.22; DSM 110312; DSM 105514; CCUG 60680; CCUG 58045 A; CCUG 58043 B; CCUG 58042 B,507; SB-215c; 1934469426; 1833890431; BM9412; BM9399; BM9369; BM9428; BM9417; BM9368; BM9364; BM9803; BM12923; T_T1; T8b-T30; T1_13; HEGP 46063; 1017; K2-9; ES2-AirT1-1,TRYPTICASE SOY YEAST EXTRACT MEDIUM (DSMZ Medium 92); COLUMBIA BLOOD MEDIUM (DSMZ Medium 693); CIP Medium 6; Columbia Agar with 5% Horse Blood; CIP Medium 72,"Urine, human; milk kefir; Human, Cutaneous peripheral blood culture; Human, Blood; Human, Urine"
taxon:1901|organism:streptomyces clavuligerus,26,target_bacteria,taxon_organism,streptomyces clavuligerus,Streptomyces clavuligerus,bacdive_species_exact_name_match,validated_species_exact_name,not_candidate_row,2,0,6,3,3,23,True,1,True,3,5,True,2,3,True,2,2,True,1,12,True,"{""normalized_species_exact"": 3}",DSM 112468; DSM 41826; JCM 10034; DSM 738; ATCC 27064; DSM 41253; NRRL 3585; BCRC 11518; CBS 226.75; CCRC 11518; CECT 3125; CGMCC 4.1611; IFO 13307; IMET 43657; JCM 4710; KCTC 9095; NBRC 13307; NCIMB 12785; VKM Ac-602; DSM 40751,"Leon_Sclav_2005; 21, H6458",GYM STREPTOMYCES MEDIUM (DSMZ Medium 65); ROLLED OATS MINERAL MEDIUM (DSMZ Medium 84); STARCH - MINERAL SALT - AGAR (STMS) (DSMZ Medium 252); BENNETT'S AGAR (DSMZ Medium 548); NUTRIENT AGAR (DSMZ Medium 1),Laboratory isolate; soil; Soil
taxon:1490|organism:paraclostridium bifermentans (clostridium bifermentans),1,target_bacteria,taxon_organism,paraclostridium bifermentans,Paraclostridium bifermentans (Clostridium bifermentans),bacdive_species_exact_name_match,validated_species_exact_name,not_candidate_row,2,0,30,15,15,37,True,2,True,9,9,True,10,12,True,11,5,True,4,6,True,"{""base_binomial_match_or_subspecies"": 2, ""normalized_species_exact"": 12, ""validated_bacdive_id_from_closure"": 1}",NBRC 113386; CCUG 72489; CCUG 43592; CCUG 35556 A; CCUG 35297; CCUG 33082; CCUG 32113; CIP 60.56; CIP 110042; CIP 60.14; ATCC 19299; CCUG 9279; IAM 19224; JCM 7832; DSM 103419; CN 4781; WDCM 00079; NCTC 506; CIP 110068; CECT 550,"PAGU 1678; TM; CH18; Tissier; F1; G7K1R3-PYG-90; 76, 10028; TYR6; 701, Beerens",MEDIUM 20 - for Anaerobic bacteria; CIP Medium 20; CHOPPED MEAT MEDIUM WITH CARBOHYDRATES (DSMZ Medium 110); COLUMBIA BLOOD MEDIUM (DSMZ Medium 693); FASTIDIOUS ANAEROBE AGAR (DSMZ Medium 1203),"Fish; Food; Food industry; Food,pasteurized at 76°C; Human autopsy,lung,emphysema and bronchitis"
taxon:1542|organism:clostridium novyi,2,target_bacteria,taxon_organism,clostridium novyi,Clostridium novyi,bacdive_species_exact_name_match,validated_species_exact_name,not_candidate_row,2,0,10,5,5,12,True,1,True,2,5,True,3,3,True,3,3,True,1,1,True,"{""normalized_species_exact"": 5}",CCUG 70343; CCUG 63580; CIP 60.44; DSM 14992; ATCC 17861; JCM 1406; CCUG 57219; NCTC 13029; NCIMB 10661; DSM 5566; ATCC 27606; VPI 8099,chevaux; 151,MEDIUM 20 - for Anaerobic bacteria; CIP Medium 20; CHOPPED MEAT MEDIUM WITH CARBOHYDRATES (DSMZ Medium 110); FASTIDIOUS ANAEROBE BROTH (DSMZ Medium 1203a); COLUMBIA BLOOD MEDIUM (DSMZ Medium 693),"Human blood; Human blood,87-yr-old woman; Animal, Horse with gas gangrene"
taxon:1502|organism:clostridium perfringens,5,target_bacteria,taxon_organism,clostridium perfringens,Clostridium perfringens,bacdive_species_exact_name_match,validated_species_exact_name,not_candidate_row,4,0,210,105,105,178,True,1,True,62,10,True,91,64,True,84,9,True,16,22,True,"{""normalized_species_exact"": 105}",CCUG 59984; CCUG 57575; CCUG 55613; CCUG 47895; CCUG 47829; CCUG 45870; CCUG 43593; CCUG 43122; CCUG 42684; CCUG 42642; CCUG 42581 B; CCUG 42581 A; CCUG 41642; CCUG 39490; CCUG 39212; CCUG 39042; CCUG 38829; CCUG 37991; CCUG 37568; CCUG 37480,281/50; 4702000; 106; 146; 138; 124; 108; 101; 100; CWC238; 2001038; 2001036; 117; 72.2000; 4692000; 3162000; 170; 3222000; 169; 48899,MEDIUM 20 - for Anaerobic bacteria; CIP Medium 20; MEDIUM 6 - Columbia agar with 10 % horse blood; CIP Medium 6; FASTIDIOUS ANAEROBE BROTH (DSMZ Medium 1203a),"Human wound,98-yr-old woman; Human blood,93-yr-old man; Human blood,87-yr-old woman; Broiler gallbladder,healthy animal; Human,81-yr-old woman"
taxon:84025|organism:clostridium haemolyticum,1,target_bacteria,taxon_organism,clostridium haemolyticum,Clostridium haemolyticum,bacdive_species_exact_name_match,validated_species_exact_name,not_candidate_row,2,0,6,3,3,10,True,1,True,2,3,True,2,3,True,1,1,True,0,0,False,"{""normalized_species_exact"": 3}",CCUG 10775; NCTC 6687; CIP 60.15; DSM 5565; ATCC 9650; NCIB 10664; JCM 1402; BCRC 10643; NCIMB 10664; NCTC 13022,"A6D1; Mc Clung 2027, 2027, McClung, 29866 (Folsum), 2027, McClung",MEDIUM 20 - for Anaerobic bacteria; CIP Medium 20; CHOPPED MEAT MEDIUM WITH CARBOHYDRATES (DSMZ Medium 110),"Cattle,black disease; bovine; Bovine clinical specimen"
taxon:1505|organism:paraclostridium sordellii (clostridium sordellii),5,target_bacteria,taxon_organism,paraclostridium sordellii,Paraclostridium sordellii (Clostridium sordellii),bacdive_species_taxid_or_synonym_match,validated_species_taxid_or_synonym,not_candidate_row,2,0,20,10,10,20,True,1,True,4,8,True,6,5,True,6,2,True,2,6,True,"{""validated_bacdive_species_exact"": 10}",CCUG 63734; CCUG 59819; CCUG 43123; CCUG 36938; CCUG 33098; CCUG 6329; NCTC 8780; CIP 60.18; CIP 103710; JCM 11011; DSM 29974; DSM 2141; ATCC 9714; NCIB 10717; CCUG 9284; LMG 15708; CIP 103658; BCRC 10649; JCM 3814; NCIMB 10717,82; LRA 051 07 89; MJJO609-3-1; 211,MEDIUM 20 - for Anaerobic bacteria; CIP Medium 20; FASTIDIOUS ANAEROBE AGAR (DSMZ Medium 1203); WILKINS-CHALGREN ANAEROBE BROTH (DSMZ Medium 339); COLUMBIA BLOOD MEDIUM (DSMZ Medium 693),"Human; Human infection,37-yr-old woman; Human blood; wild mouse; Environment, Spore appendages"
taxon:405|organism:methylobacillus flagellatus,2,target_bacteria,taxon_organism,methylobacillus flagellatus,Methylobacillus flagellatus,bacdive_species_exact_name_match,validated_species_exact_name,not_candidate_row,2,0,2,1,1,4,True,1,True,1,1,True,0,0,False,0,0,False,0,0,False,"{""normalized_species_exact"": 1}",DSM 6875; BKM 1610; VKM B-1610; ATCC 51484,KT,NUTRIENT AGAR (DSMZ Medium 1),
taxon:1833|organism:rhodococcus erythropolis (arthrobacter picolinophilus),45,target_bacteria,taxon_organism,rhodococcus erythropolis,Rhodococcus erythropolis (Arthrobacter picolinophilus),bacdive_species_exact_name_match,validated_species_exact_name,not_candidate_row,2,0,152,76,76,209,True,3,True,51,25,True,63,47,True,51,12,True,15,23,True,"{""normalized_species_exact"": 68, ""validated_bacdive_id_from_closure"": 8}",STI07252; LMG 28633; CCM 4446; DSM 113666; JCM 9805; JCM 9804; JCM 9803; JCM 3011; CGMCC 4.1481; IFM 0020; JCM 20186; IAM 1503; JCM 20170; IAM 1452; JCM 20165; IAM 1440; JCM 20161; CIP 104648; IAM 1428; IFO 12540,"IMET 07252; RL1; CCMMB1294, GK12; Stevenage 150518_C15; BG43; ACN1; IFP 192 P; P-8-1; TA 57; Stev11; TUHH-12; NIO-1009; djl-6-2; djl-6; A1-22; 81 N Fr; DTB; MAWF; 404-97, H1aT1, PWD28; N60",TRYPTICASE SOY BROTH AGAR (DSMZ Medium 535); TRYPTICASE SOY YEAST EXTRACT MEDIUM (DSMZ Medium 92); BHI MEDIUM (DSMZ Medium 215); MEDIUM 3 - Columbia agar; CIP Medium 72,Eruca sativa leaf; Gut homogenate of the wood-feeding termite <I>Reticulitermes speratus</I>; Soil in petroleum zone; Soil in an experimental field of the Yayoi Campus of the Univ. of Tokyo; soil polluted with fuel and organic wastes
taxon:554|organism:pectobacterium carotovorum (erwinia carotovora),1,target_bacteria,taxon_organism,pectobacterium carotovorum,Pectobacterium carotovorum (Erwinia carotovora),bacdive_species_exact_name_match,validated_species_exact_name,not_candidate_row,2,0,76,38,36,57,True,1,True,32,8,True,35,32,True,28,17,True,3,6,True,"{""base_binomial_match_or_subspecies"": 3, ""normalized_species_exact"": 15, ""validated_bacdive_id_from_closure"": 20}",SF002860; JCM 20699; IAM 12633; IFO 3380; NBRC 3380; JCM 20506; ATCC 495; IAM 12350; ICPB EC208; JCM 20460; ATCC 12286; IAM 12301; DSM 108906; IMI 348308; IMI 347390; IMI 347389; IMI 347388; IMI 347387; IMI 347386; IMI 347384,"FSU-2860; BL19-1-37; AGES769/14-A2; A45; C3; A6.2; C364.2; C267; C150; SF005347; SF005605; BCBB 371, Ecbr 371; BPBB 213, Ecbr 213; BPBB 212, Ecbr 212; BPBB 8, Ecbr 8; 39-1/1; IX B; BS 1008, 904, type 32011",LB (Luria-Bertani) MEDIUM (DSMZ Medium 381); TRYPTICASE SOY BROTH AGAR (DSMZ Medium 535); Nutrient Agar (NA); CASO AGAR (MERCK 105458) (DSMZ Medium 220); TRYPTONE SOYA BROTH (TSB) (DSMZ Medium 545),Soft rot of carrot; Rotting tobacco leaves; Solanum tuberosum cultivar golden wonder with blackleg; Cyclamen; leaf; Amorphophallus; petioles
taxon:1512|organism:clostridium symbiosum (bacteroides symbiosus),2,target_bacteria,taxon_organism,clostridium symbiosum,Clostridium symbiosum (Bacteroides symbiosus),bacdive_species_exact_name_match,validated_species_exact_name,not_candidate_row,2,0,22,11,11,18,True,1,True,4,5,True,10,10,True,10,4,True,2,3,True,"{""normalized_species_exact"": 11}",DSM 108200; DSM 108250; CCUG 62167 Q; CCUG 56568; CCUG 50960; CCUG 50474; CCUG 49377; CCUG 45577 B; CCUG 41715; DSM 29356; DSM 934; ATCC 14940; LSU (M. Sebald); JCM 1297; BCRC 14487; CCM 6065; NCTC 13233; VTT E-981051,H4_29; LT0011; SRB539-5-G-R; 2,FASTIDIOUS ANAEROBE BROTH (DSMZ Medium 1203a); COLUMBIA BLOOD MEDIUM (DSMZ Medium 693); FASTIDIOUS ANAEROBE AGAR (DSMZ Medium 1203); CHOPPED MEAT MEDIUM WITH CARBOHYDRATES (DSMZ Medium 110); PYG MEDIUM (MODIFIED) (DSMZ Medium 104),"human faeces; fecal materials collected from healthy vegetarian humans; Human blood,68-yr-old man; Human blood,65-yr-old man; Human blood,80-yr-old woman"
taxon:33965|organism:leuconostoc mesenteroides subsp. cremoris,8,target_bacteria,taxon_organism,leuconostoc mesenteroides,Leuconostoc mesenteroides subsp. cremoris,bacdive_species_exact_name_match,validated_species_exact_name,not_candidate_row,2,0,88,44,44,139,True,4,True,26,9,True,22,24,True,18,7,True,5,9,True,"{""base_binomial_match_or_subspecies"": 13, ""normalized_species_exact"": 31}",DSM 112104; CRBIP24.196; CRBIP24.185; CRBIP24.173; CRBIP24.168; CRBIP24.163; CRBIP24.159; CRBIP24.149; JCM 9693; NRIC 1513; JCM 20317; IAM 10076; JCM 20044; ATU L-23; IAM 1087; NBRC 102479; JCM 20025; ATU L-13; IAM 1046; JCM 12649,"SB-230a; 9319; 512-7; 797; V16; 522; DRC1506; 719B; 388-86, KACI; 1025-A; 152-A; 158-B; B07; 154 A; Buttiaux; 860F; 37 Y, 37Y; P-60; 52; LF2","TRYPTICASE SOY YEAST EXTRACT MEDIUM (DSMZ Medium 92); COLUMBIA BLOOD MEDIUM (DSMZ Medium 693); De Man, Rogosa and Sharpe Agar; Trypticase Soy Agar; CIP Medium 40","milk kefir; Imported butter culture; Meat; Product,provisions; Industry,heat exchanger"
taxon:556|organism:dickeya chrysanthemi (pectobacterium chrysanthemi) (erwinia chrysanthemi),5,target_bacteria,taxon_organism,dickeya chrysanthemi,Dickeya chrysanthemi (Pectobacterium chrysanthemi) (Erwinia chrysanthemi),bacdive_species_exact_name_match,validated_species_exact_name,not_candidate_row,2,0,26,13,13,21,True,1,True,12,2,True,9,9,True,9,5,True,2,2,True,"{""normalized_species_exact"": 2, ""validated_bacdive_id_from_closure"": 11}",IMI 389157; IMI 347397; IMI 347405; IMI 379127; IMI 379126; IMI 376344; IMI 376343; IMI 347403; IMI 347400; IMI 347396; CCUG 47021; DSM 30177; ATCC 11662; CCUG 38766; LMG 2804; DSM 4610; ATCC 11663; CIP 82.99; DAR 35625; NCPPB 402,EC 16; EC17,Nutrient Agar (NA); REACTIVATION WITH LIQUID MEDIUM 1 (DSMZ Medium 1a),Musa; immature fruit; Brassica chinensis; Ananas comosus; fruit; Ananas comosus; diseased leaf; Ananas comosus; pineapple crown
taxon:471871|organism:clostridium sporogenes (strain atcc 15579),13,target_bacteria,taxon_organism,clostridium sporogenes,Clostridium sporogenes (strain ATCC 15579),bacdive_species_exact_name_match,validated_species_exact_name,not_candidate_row,3,0,52,26,26,80,True,1,True,13,12,True,16,18,True,15,6,True,6,17,True,"{""normalized_species_exact"": 26}",JCM 7849; IAM 19234; JCM 7841; IAM 19005; JCM 7836; IAM 19016; JCM 7835; IAM 19004; JCM 7831; ATCC 6015; IAM 19003; NCTC 6084; CCUG 67315; CCUG 52331; CCUG 48328; CCUG 48045; CCUG 47475; CCUG 45049; CCUG 12462; CCUG 1388,"51; AU298; GO 1; AU297; 2PG-426-CC-2; 15Rga; SR 5, SR5; McClung 2006, 2006; McClung 2004, 388; McClung 2003, 3679, Cameron's putrefactive anaerobe; H6j; W28delta",MEDIUM 20 - for Anaerobic bacteria; CIP Medium 20; MEDIUM 6 - Columbia agar with 10 % horse blood; CIP Medium 6; FASTIDIOUS ANAEROBE AGAR (DSMZ Medium 1203),"Soil; Product,industry; Human wound,25-yr-old woman,leg fracture; Industry; Human vaginal secretion,82-yr-old patient"
taxon:28037|organism:streptococcus mitis,1,target_bacteria,taxon_organism,streptococcus mitis,Streptococcus mitis,bacdive_species_exact_name_match,validated_species_exact_name,not_candidate_row,4,0,212,106,106,127,True,4,True,6,9,True,70,43,True,64,4,True,6,11,True,"{""normalized_species_exact"": 103, ""validated_bacdive_id_from_closure"": 3}",CCUG 69183 Q; CCUG 63687; CCUG 62665; CCUG 62644; CCUG 62643; CCUG 62642; CCUG 62641; CCUG 61082; CCUG 60635 A; CCUG 60546; CCUG 60505; CCUG 60194 A; CCUG 56850; CCUG 55622 B; CCUG 55087; CCUG 55086; CCUG 55085; CCUG 55084; CCUG 55083 B; CCUG 55083 A,"SS-1725; 10381; 9756; 456-86; NS 51, SK142, SK 142, NS51; IMAU 99125; IMAU 99199; TP1632",CIP Medium 6; MEDIUM 29- Brain heart agar; CIP Medium 29; MEDIUM 6 - Columbia agar with 10 % horse blood; MEDIUM 38 - for Streptococcus and Gemella Haemolysans,"Human mouth; Human blood; Human blood,15-yr-old Male; Human sputum,56-yr-old woman; Human blood,60-yr-old woman"
taxon:317|organism:pseudomonas syringae,2,target_bacteria,taxon_organism,pseudomonas syringae,Pseudomonas syringae,bacdive_species_exact_name_match,validated_species_exact_name,not_candidate_row,2,0,164,82,81,164,True,2,True,68,17,True,59,57,True,50,19,True,14,15,True,"{""normalized_species_exact"": 82}",STI11189; SF002761; SF002744; JCM 14317; ATCC 11365; CFBP 1512; ICMP 3079; JCM 14314; ATCC 7389; ICMP 3881; ICMP 5036; NCPPB 1015; NRRL B-855; IMI 349393; IMI 349392; IMI 349204; IMI 349170; IMI 347733; IMI 347732; IMI 347448,"IMET 11189; 11190; FSU-2744; CRAPAV013, PsaveCRAPAV013; I 201; 685; J1; 221, 283; 44/2b; MP 65; MP50; 133, 281; N.A.3; 6; PC 17; 247; 248, 286; PA 13; 16.1; Ps268",Nutrient Agar (NA); Glucose-Peptone (GP) medium; TRYPTICASE SOY BROTH AGAR (DSMZ Medium 535); NUTRIENT AGAR (DSMZ Medium 1); GLUCOSE YEAST EXTRACT MEDIUM (DSMZ Medium 54),Jerusalem artichoke; Cynara scolymus; Citrus limon; Sorghum vulgar var. sudanense; Sorghum vulgare
taxon:43759|organism:streptomyces wedmorensis,7,target_bacteria,taxon_organism,streptomyces wedmorensis,Streptomyces wedmorensis,bacdive_species_exact_name_match,validated_species_exact_name,not_candidate_row,2,0,2,1,1,13,True,1,True,1,10,True,1,2,True,1,1,True,1,1,True,"{""normalized_species_exact"": 1}",DSM 41676; ATCC 21239; IFO 14062; JCM 4937; KCC S-0937; NBRC 14062; NRRL 3426; BCRC 12667; CBS 642.71; CECT 3245; ICMP 12544; NBIMCC 1655; VKM Ac-1861,,GYM STREPTOMYCES MEDIUM (DSMZ Medium 65); ISP 2; ISP 3; ISP 4; ISP 5,soil; Soil
taxon:406|organism:methylobacillus glycogenes,7,target_bacteria,taxon_organism,methylobacillus glycogenes,Methylobacillus glycogenes,bacdive_species_exact_name_match,validated_species_exact_name,not_candidate_row,2,0,42,21,21,53,True,1,True,2,3,True,6,6,True,0,0,False,1,1,True,"{""normalized_species_exact"": 21}",JCM 2866; JCM 2865; JCM 2864; NCIMB 10596; JCM 2863; NCIMB 10594; JCM 2862; NCIMB 10592; JCM 2861; NCIMB 10512; JCM 2860; NCIMB 10510; JCM 2859; NCIMB 10508; JCM 2858; ATCC 21960; KCTC 2635; JCM 2857; ATCC 21704; KCTC 2634,Sanraku-Ocean Co. M8; T-11,NUTRIENT AGAR (DSMZ Medium 1); MEDIUM 125 WITH METHANOL (DSMZ Medium 569); COLBY AND ZATHMAN MEDIUM (DSMZ Medium 606),"Soil; Soil (sewage or mud); Fruit; soil, sewage and mud.; decaying tomato"
taxon:1781|organism:mycobacterium marinum,2,target_bacteria,taxon_organism,mycobacterium marinum,Mycobacterium marinum,bacdive_species_exact_name_match,validated_species_exact_name,not_candidate_row,2,0,24,12,12,34,True,1,True,7,9,True,4,6,True,3,3,True,3,7,True,"{""normalized_species_exact"": 12}",CCUG 47951; CCUG 32221; CCUG 32220; CCUG 32219; CCUG 533; CIP 64.23; DSM 44750; ATCC 11564; DSM 44345; ATCC 11567; NCIMB 1482; NCTC 10012; DSM 44344; ATCC 927; NCIMB 1297; NCMB 1303; NCTC 2275; TMC 1218; JCM 17638; CCUG 20998,V; 140120001; Lausanne 1848; Simon,MEDIUM 55 - for Mycobacterium; CIP Medium 55; MIDDLEBROOK MEDIUM (DSMZ Medium 645); BUG; BHI,"Human skin biopsy,58-yr-old man; human elbow lesion; swimming pool; dead fish in aquarium; Fish tuberculosis lesion"
taxon:1768|organism:mycobacterium kansasii,2,target_bacteria,taxon_organism,mycobacterium kansasii,Mycobacterium kansasii,bacdive_species_exact_name_match,validated_species_exact_name,not_candidate_row,2,0,74,37,37,75,True,1,True,16,12,True,10,9,True,18,4,True,2,3,True,"{""normalized_species_exact"": 37}",CRBIP7.98; CIPT 98; CRBIP7.97; CIPT 97; CRBIP7.42; CIPT 42; CRBIP7.41; CIPT 41; CRBIP7.38; CIPT 38; CRBIP7.37; CIPT 37; CRBIP7.36; CIPT 36; CRBIP7.117; CIPT 117; CRBIP7.102; CIPT 102; CRBIP7.101; CIPT 101,"140110006; 140110059; 140110041; 140110044, 95119; 140110045, 6362; 140110043, 9538; 95166, 140110046; 140110027; 37UV20, 140110027; 140110025; 140110024; 8875/99; G133 Bostrom, 14 011 0001; 1250 B II; 12508; Kansasii 10456 (white variant); 1672, Lille 1672; 8563; 8561 Lille (white variant); 9100",Löwenstein-Jensen Medium; CIP Medium 750; MEDIUM 55 - for Mycobacterium; CIP Medium 55; MIDDLEBROOK MEDIUM (DSMZ Medium 645),"Human, Sputum; Environment, Water; Bone; Human, Gastric lavage; Human, Bronchoalveolar lavage fluid"
proteome:UP000008004,2,target_bacteria,proteome,mycobacterium intracellulare,Mycobacterium intracellulare (strain ATCC 13950 / DSM 43223 / JCM 6384 / NCTC 13025 / 3600),bacdive_species_exact_name_match,validated_species_exact_name,not_candidate_row,9,0,66,30,30,67,True,3,True,20,14,True,15,19,True,12,6,True,6,13,True,"{""base_binomial_match_or_subspecies"": 7, ""normalized_species_exact"": 22, ""validated_bacdive_id_from_closure"": 1}",DSM 43223; ATCC 13950; ATCC 15985; JCM 6384; NCTC 10682; CCUG 28005; NCTC 13025; TMC 1406; CIP 104243; SN 424; KCTC 9514; CRBIP7.169; CIPT 169; TMC 1475; CRBIP7.168; CIPT 168; CRBIP7.162; CIPT 162; CRBIP7.159; CIPT 159,"3600, 140310001; 140310078; 140310097; 140310090, 9055; 140310086, 12646; 23393, 140310085; 140310083, AT545; 140310082, W552; 140310081, 4990; P-54, 140310080; 140310079; 140310077; 140310076; 140310075; MOTT64; ZUERICH-1; 05-1390; FI-01069; FI-01129; 2123",MIDDLEBROOK MEDIUM (DSMZ Medium 645); CIP Medium 267; Löwenstein-Jensen Medium; Middlebrook 7H10 agar; MacConkey agar,"Human lymph node; Environment, Water of shower; Sputum of a patient; Human sputum; Human sputum,70-yr-old man,COPD"
taxon:1783|organism:mycobacterium scrofulaceum,2,target_bacteria,taxon_organism,mycobacterium scrofulaceum,Mycobacterium scrofulaceum,bacdive_species_exact_name_match,validated_species_exact_name,not_candidate_row,2,0,24,12,12,29,True,1,True,5,7,True,3,6,True,2,2,True,1,2,True,"{""normalized_species_exact"": 12}",CRBIP7.163; CIPT 163; CCUG 29055; ATCC 15978; CCUG 29053; ATCC 15081; CCUG 29036; ATCC 23429; CCUG 29021; ATCC 23414; CCUG 29020; ATCC 23413; CCUG 28164; CCUG 28003; DSM 43992; ATCC 19981; JCM 6381; NCTC 10803; TMC 1323; CCUG 29045,"140220091, Cardiff 2729; 12238, 1356 TMC/1323, 14 022 0001, L2238, 1356",Löwenstein-Jensen Medium; MIDDLEBROOK MEDIUM (DSMZ Medium 645); LÖWENSTEIN-JENSEN MEDIUM (DSMZ Medium 354); MEDIUM 55 - for Mycobacterium; CIP Medium 55,Resected lung tissue; Human sputum; cervical lymph node (lymphadentitis of a child); Human cervical lymph node; Lymphadenitis of a 3-year-old child
taxon:1809|organism:mycobacterium ulcerans,2,target_bacteria,taxon_organism,mycobacterium ulcerans,Mycobacterium ulcerans,bacdive_species_exact_name_match,validated_species_exact_name,not_candidate_row,2,0,2,1,1,3,True,1,True,0,0,False,0,0,False,0,0,False,1,1,True,"{""normalized_species_exact"": 1}",NCTC 10417; ATCC 19423; DSM 44154,,,
taxon:1778|organism:mycobacterium gordonae,2,target_bacteria,taxon_organism,mycobacterium gordonae,Mycobacterium gordonae,bacdive_species_exact_name_match,validated_species_exact_name,not_candidate_row,2,0,62,31,31,52,True,1,True,8,6,True,7,7,True,4,3,True,1,2,True,"{""normalized_species_exact"": 31}",STI10668; STI10667; STI10666; STI10665; CCUG 47950; CCUG 47949; CCUG 29019; ATCC 23412; CCUG 29018; ATCC 23411; CCUG 29017; ATCC 23410; CCUG 29002; ATCC 23395; CCUG 21814; CCUG 21813; CCUG 21812; CCUG 21810; ATCC 19277; CCUG 21809,"IMET 10668; IMET 10667; IMET 10666; IMET 10665; Holas; FI-0194, FI-02038; W-1609, P-15, 14 021 0001; 7886/59; 4013; 5324/7612; 6140/3782; E-02",MEDIUM 55 - for Mycobacterium; CIP Medium 55; LÖWENSTEIN-JENSEN MEDIUM (DSMZ Medium 354); MIDDLEBROOK MEDIUM (DSMZ Medium 645); PEPTONE MEAT EXTRACT GLYCEROL AGAR (DSMZ Medium 250),"Human bronchial alveolar lavage,60-yr-old woman; Human bronchial alveolar lavage,50-yr-old man; Gastric washing sample; sputum; gastric lavage"
taxon:29345|organism:sedimentibacter hydroxybenzoicus (clostridium hydroxybenzoicum),3,target_bacteria,taxon_organism,sedimentibacter hydroxybenzoicus,Sedimentibacter hydroxybenzoicus (Clostridium hydroxybenzoicum),bacdive_species_exact_name_match,validated_species_exact_name,not_candidate_row,2,0,2,1,1,2,True,1,True,1,1,True,1,1,True,1,1,True,1,1,True,"{""normalized_species_exact"": 1}",DSM 7310; ATCC 51151,JW/Z-1,SEDIMENTIBACTER MEDIUM (DSMZ Medium 643),freshwater pond
taxon:2337|organism:thermotoga neapolitana,4,target_bacteria,taxon_organism,thermotoga neapolitana,Thermotoga neapolitana,bacdive_species_exact_name_match,validated_species_exact_name,not_candidate_row,2,0,4,2,2,4,True,1,True,2,2,True,2,2,True,2,2,True,1,2,True,"{""normalized_species_exact"": 2}",DSM 5068; DSM 4359; ATCC 49049; NBRC 107923,LA4; NS-E,THERMOTOGA NEAPOLITANA MEDIUM (DSMZ Medium 343); THERMOTOGA TF(C) MEDIUM (DSMZ Medium 613),continental solfataric spring; submarine hot spring
taxon:1828|organism:rhodococcoides fascians (rhodococcus fascians),9,target_bacteria,taxon_organism,rhodococcoides fascians,Rhodococcoides fascians (Rhodococcus fascians),bacdive_species_taxid_or_synonym_match,validated_species_taxid_or_synonym,not_candidate_row,2,0,54,27,23,81,True,1,True,18,14,True,18,16,True,12,6,True,2,4,True,"{""validated_bacdive_id_from_closure"": 3, ""validated_bacdive_species_exact"": 24}",JCM 6165; IMV 27; VKM Ac-1006; CCUG 54217; CCUG 48189; CCUG 46265; CCUG 45011; CIP 104671; LMG 3633; CIP 104670; LMG 3618; NCPPB 2553; CIP 104505; IMV 419; JCM 6164; VKM Ac-991; CIP 104504; IMV 187; JCM 6163; VKM Ac-986,"56/2a; C676; STI07151b; STI07170(IMET), P.Hirsch 54; STI07151a; STI07849; B2L3; VI; N 1062; N 1026; 81N-Sch; CF 19, CF 107(505); TBC 4351/91",MEDIUM 3 - Columbia agar; CIP Medium 3; ORGANIC MEDIUM 79 (DSMZ Medium 426); TRYPTICASE SOY YEAST EXTRACT MEDIUM (DSMZ Medium 92); TRYPTICASE SOY BROTH AGAR (DSMZ Medium 535),"Soil; Metal product,industry; Industry; Contaminant of laboratory reagent; Industry,health care product"
taxon:2208|organism:methanosarcina barkeri,12,target_archaea,taxon_organism,methanosarcina barkeri,Methanosarcina barkeri,bacdive_species_exact_name_match,validated_species_exact_name,not_candidate_row,4,0,10,5,5,15,True,1,True,5,2,True,5,5,True,5,2,True,3,4,True,"{""normalized_species_exact"": 5}",DSM 8687; OCM 89; DSM 2948; OCM 86; DSM 1538; ATCC 43241; OCM 35; DSM 1311; OCM 27; DSM 800; ATCC 43569; JCM 10043; OCM 38; NBRC 100474; VKM B-1635,Wiesmoor; 227; MS,METHANOSARCINA BARKERI MEDIUM (DSMZ Medium 120a); METHANOSARCINA MEDIUM (DSMZ Medium 120),"drainage creek, peat bog; sewage sludge digester; anaerobic sediment; anaerobic sewage digester; Anaerobic sewage-sludge digester"
taxon:391295|organism:streptococcus suis (strain 05zyh33),81,target_bacteria,taxon_organism,streptococcus suis,Streptococcus suis (strain 05ZYH33),bacdive_species_exact_name_match,validated_species_exact_name,not_candidate_row,2,0,52,26,26,42,True,2,True,17,7,True,25,19,True,13,5,True,3,8,True,"{""base_binomial_match_or_subspecies"": 1, ""normalized_species_exact"": 25}",CCUG 77434; GTC 18290; CCUG 42756; LMG 14896; CCUG 42755; LMG 14183; CCUG 42754; LMG 14887; LMG 14171; CCUG 33488; CCUG 28683; LMG 14101; CCUG 28676; CCUG 28673; CCUG 11673; CIP 105907; CIP 104090; CIP 105908; CIP 105909; CIP 105904,SP34; 324/92; SP 56; SP14; SP6; SP54; 178; 460; 925; 204/91; 219/92; SP47; SP27; EDCC 5220; T 639; Field 48; S735,MEDIUM 29- Brain heart agar; CIP Medium 29; MEDIUM 3 - Columbia agar; CIP Medium 3; COLUMBIA BLOOD MEDIUM (DSMZ Medium 693),Bovine tonsil; Pig; Goat tonsil; Swine liver and spleen; Pig vagina
taxon:2187|organism:methanococcus vannielii,14,target_archaea,taxon_organism,methanococcus vannielii,Methanococcus vannielii,bacdive_species_exact_name_match,validated_species_exact_name,not_candidate_row,2,0,2,1,1,4,True,1,True,1,2,True,1,2,True,1,1,True,1,1,True,"{""normalized_species_exact"": 1}",DSM 1224; ATCC 35089; JCM 13029; OCM 148,SB,METHANOGENIUM MEDIUM (H2/CO2) (DSMZ Medium 141); METHANOBACTERIUM MEDIUM (DSMZ Medium 119),marine mud; Black mud from the east shore of San Francisco Bay
proteome:UP000001803,52,target_bacteria,proteome,brachyspira hyodysenteriae,Brachyspira hyodysenteriae (strain ATCC 49526 / WA1),bacdive_species_exact_name_match,validated_species_exact_name,not_candidate_row,5,0,12,6,6,9,True,1,True,4,3,True,6,4,True,6,3,True,1,3,True,"{""normalized_species_exact"": 6}",DSM 118649; DSM 118648; DSM 110985; CCUG 47386; CCUG 47309; CCUG 46668; ATCC 27164; NCTC 13041; DSM 105803,"JR80; B204; 1922, BH24; B78",COLUMBIA BLOOD MEDIUM (DSMZ Medium 693); SERPULINA MURDOCHII MEDIUM (DSMZ Medium 840); FASTIDIOUS ANAEROBE BROTH (DSMZ Medium 1203a),porcine feces; Feces (swine); Swine dysentery; swine dysentery
taxon:28064|organism:heliobacterium mobile (heliobacillus mobilis),9,target_bacteria,taxon_organism,heliobacterium mobile,Heliobacterium mobile (Heliobacillus mobilis),bacdive_species_taxid_or_synonym_match,candidate_unvalidated,rescued_to_validated_species,2,0,2,1,1,2,True,1,True,1,1,True,1,1,True,0,0,False,1,1,True,"{""validated_bacdive_species_exact"": 1}",DSM 6151; ATCC 43427,Romero/Guest 6,HELIOBACTERIUM CHLORUM MEDIUM (DSMZ Medium 370),rice paddy soil
proteome:UP000008044,1,target_bacteria,proteome,pectobacterium parmentieri,Pectobacterium parmentieri,bacdive_species_exact_name_match,validated_species_exact_name,not_candidate_row,4,0,2,1,1,3,True,1,True,1,1,True,1,1,True,1,1,True,1,3,True,"{""normalized_species_exact"": 1}",RNS 08-42-1A; CFBP 8475; LMG 29774,,TY medium,potato plant (cv. Bintje) expressing blackleg symptoms
proteome:UP000006859,12,target_bacteria,proteome,dickeya dadantii,Dickeya dadantii (strain 3937) (Erwinia chrysanthemi (strain 3937)),bacdive_species_exact_name_match,validated_species_exact_name,not_candidate_row,4,0,6,3,3,14,True,2,True,3,6,True,3,4,True,2,2,True,2,4,True,"{""base_binomial_match_or_subspecies"": 1, ""normalized_species_exact"": 2}",DSM 18020; LMG 25991; NCPPB 898; CFBP 1269; CIP 109008; ICMP 1544; Hayward B374; DSM 18013; CFBP 2051; CIP 109104; ICPB ED102; NCPPB 2976; DSM 30179; DSM 60212,B374; 27 B1,REACTIVATION WITH LIQUID MEDIUM (DSMZ Medium 535b); MEDIUM 3 - Columbia agar; CIP Medium 3; CIP Medium 72; NUTRIENT AGAR (DSMZ Medium 1),"<I>Pelargonium capitatum</I>; Plant, Host plant, Pelargonium capitatum; <I>Dieffenbachia</I> sp.; <I>Sainpaulia ionantha</I>, soft rot of the whole plant"
taxon:1914|organism:streptomyces lavendulae,14,target_bacteria,taxon_organism,streptomyces lavendulae,Streptomyces lavendulae,bacdive_species_exact_name_match,validated_species_exact_name,not_candidate_row,2,0,86,43,43,167,True,2,True,32,6,True,14,7,True,5,2,True,4,5,True,"{""base_binomial_match_or_subspecies"": 39, ""normalized_species_exact"": 3, ""validated_bacdive_id_from_closure"": 1}",ST032182; ST006488; ST005360; ST005031; ST003725; ST003721; DSM 41482; JCM 4329; JCM 4328; JCM 4283; JCM 4263; IFO 3146; NBRC 3146; NRRL B-3080; VKM Ac-1177; DSM 40625; IMI 113143; IMI 39046; IMI 39045; DSM 41571,"IMET 43434; JA08009; JA05339; JA04474; JA02254; JA02250; unkn41279; A-9354; MD4-C1, FERM-P 3723; 248-4004-21, C-29; 7K1UV-9; 8c/2, Boots 749; F.D. 194; F.D. 191; 8; A-9355; 136 B; A-105; A-10; D-17",GYM STREPTOMYCES MEDIUM (DSMZ Medium 65); ISP2 MEDIUM (DSMZ Medium 987); Marine Agar (MA); ROLLED OATS MINERAL MEDIUM (DSMZ Medium 84); STARCH - MINERAL SALT - AGAR (STMS) (DSMZ Medium 252),Soil; soil; derived from Waksman's strain 14 (ATCC 14159); derived from Waksman's strain 8 (ATCC 14158); manure
taxon:2283|organism:acidianus ambivalens (desulfurolobus ambivalens),4,target_archaea,taxon_organism,acidianus ambivalens,Acidianus ambivalens (Desulfurolobus ambivalens),bacdive_species_exact_name_match,validated_species_exact_name,not_candidate_row,2,0,2,1,1,3,True,1,True,1,1,True,1,2,True,1,1,True,1,2,True,"{""normalized_species_exact"": 1}",DSM 3772; JCM 9191; LEI 10,,ACIDIANUS MEDIUM (ANAEROBIC) (DSMZ Medium 358a),solfataric mud; Solfataric waterhole at Leirhukur fissure
proteome:UP000006158,1,target_bacteria,proteome,mycolicibacterium smegmatis,Mycolicibacterium smegmatis (strain ATCC 700084 / mc(2)155) (Mycobacterium smegmatis),bacdive_species_exact_name_match,validated_species_exact_name,not_candidate_row,5,0,70,35,33,96,True,1,True,21,13,True,7,8,True,2,2,True,3,4,True,"{""normalized_species_exact"": 8, ""validated_bacdive_id_from_closure"": 27}",ST033721; ST033720; ST033719; ST033718; CIP 56.6; CCTM La 690; JCM 31864; CCUG 28062; NCTC 3821; CCUG 27786; CCUG 21824; ATCC 23037; CCUG 21823; ATCC 23032; CCUG 21822; ATCC 23028; CCUG 21821; ATCC 19979; NCTC 333; CIP 73.26,"SG987 4a; SG1013; SG989; SG98; F21; SF002767; STI11112(IMET), B344; 987-M10; GA 735, Cornell 3, 14 133 0010; 7449; 114; 607; 169, Schering 275; 74C, Schering 250; 52-Q-1; 52-L-1; Minetti 41",MEDIUM 72- for trypto casein soja agar; CIP Medium 3; CIP Medium 72; MEDIUM 55 - for Mycobacterium; CIP Medium 55,Derived from <I>Mycobacterium smegmatis</I> strain Jucho; Guinea pig inoculated with butter; human; clinical material; Human
taxon:36817|organism:streptomyces pseudogriseolus (streptomyces gancidicus) (streptomyces rubiginosus),1,target_bacteria,taxon_organism,streptomyces pseudogriseolus,Streptomyces pseudogriseolus (Streptomyces gancidicus) (Streptomyces rubiginosus),bacdive_species_exact_name_match,validated_species_exact_name,not_candidate_row,2,0,4,2,2,21,True,1,True,2,1,True,1,1,True,0,0,False,1,1,True,"{""normalized_species_exact"": 2}",DSM 40026; ATCC 12770; ATCC 23949; CBS 933.68; IFO 12902; ISP 5026; JCM 4071; JCM 4663; NBRC 12902; NCIB 9411; RIA 1106; BCRC 12132; CGMCC 4.1800; NCIMB 9411; NCIMB 9814; NRRL B-3288; VKM Ac-1859; VTT E-011968; DSM 921; NRRL 3985,H-16C,GYM STREPTOMYCES MEDIUM (DSMZ Medium 65),soil
taxon:1288|organism:staphylococcus xylosus,8,target_bacteria,taxon_organism,staphylococcus xylosus,Staphylococcus xylosus,bacdive_species_exact_name_match,validated_species_exact_name,not_candidate_row,2,0,20,10,10,33,True,1,True,6,8,True,9,10,True,6,3,True,3,7,True,"{""normalized_species_exact"": 10}",DSM 26538; CCUG 51763; CCUG 35374; CCUG 32025; CCUG 4314; NCTC 10517; CIP 104065; ATCC 49148; CCUG 51322; DSM 28566; DSM 20267; CCUG 7324; NCTC 11043; DSM 20266; ATCC 29971; CCM 2738; JCM 2418; BCRC 12930; CECT 237; CIP 81.66,"G2B1; AmMS 151; 33-ERD13C; SL 8; KL 162, KL62; LRA 1641 575, LRA 164 15 75",TRYPTICASE SOY YEAST EXTRACT MEDIUM (DSMZ Medium 92); MEDIUM 3 - Columbia agar; CIP Medium 3; CORYNEBACTERIUM AGAR (DSMZ Medium 53); COLUMBIA BLOOD MEDIUM (DSMZ Medium 693),"lung of mouse, born in MPI Plön; Industrial process; Bovine blood,contaminant; Mouse joint,spontaneous arthritis; Pig skin"
taxon:1580|organism:levilactobacillus brevis (lactobacillus brevis),5,target_bacteria,taxon_organism,levilactobacillus brevis,Levilactobacillus brevis (Lactobacillus brevis),bacdive_species_exact_name_match,validated_species_exact_name,not_candidate_row,2,0,74,37,37,107,True,1,True,20,6,True,29,32,True,13,5,True,4,6,True,"{""normalized_species_exact"": 23, ""validated_bacdive_id_from_closure"": 14}",DSM 115837; CRBIP24.93; Br 391; CRBIP24.92; Br 23; CRBIP24.71; CRBIP24.61; CRBIP24.156; JCM 7775; JCM 7758; JCM 7757; JCM 7753; JCM 7731; JCM 34252; JCM 17312; JCM 1066; NCTC 6107; JCM 1065; LMG 12022; CCUG 57950,"HUN084, AG48; 158-73; 63 AC; 370; FAL 25/53; V7; S8-38, P-4; S8-40, P-2; S8-64; S2-48, R50c; 96.87; 269Y; 14, Bb14, Bb 14; D 13; No. 2; 5 N","MRS MEDIUM (DSMZ Medium 11); De Man, Rogosa and Sharpe Agar; Trypticase Soy Agar; CIP Medium 40; MEDIUM 40- for Lactobacillus and Leuconostoc",Sheep rumen; Grain elevator; Child; Pig; Adult
taxon:549|organism:enterobacter agglomerans (erwinia herbicola) (pantoea agglomerans),23,target_bacteria,taxon_organism,enterobacter agglomerans,Enterobacter agglomerans (Erwinia herbicola) (Pantoea agglomerans),bacdive_species_exact_name_match,validated_species_exact_name,not_candidate_row,2,0,74,37,36,69,True,1,True,17,9,True,29,28,True,28,12,True,1,3,True,"{""normalized_species_exact"": 9, ""validated_bacdive_id_from_closure"": 28}",ST036368; ST036367; ST027512; JCM 7000; JCM 20143; ATCC 12287; IAM 1309; IMI 347423; IMI 347422; IMI 347420; IMI 347419; IMI 347417; IMI 347416; CCUG 67569; CCUG 61575; CCUG 58262; CCUG 56817; CCUG 44459; CCUG 43472; CCUG 38821,"Eh 1087 (NZ); C9-1 (ASW); 6Z7Tc-015; SF002742; 11-W-3-2; WS 10180; 7; 19, 4834; Graham Price, Brice, FDAARGOS 1447; A 111",Nutrient Agar (NA); MEDIUM 3 - Columbia agar; CIP Medium 3; CIP Medium 72; MEDIUM 72- for trypto casein soja agar,cave of bats; Plant; Mangifera indica; mango; Oryza sativa; necrotic leaf-sheath tissue; knee laceration
taxon:1639|organism:listeria monocytogenes,2,target_bacteria,taxon_organism,listeria monocytogenes,Listeria monocytogenes,bacdive_species_exact_name_match,validated_species_exact_name,not_candidate_row,4,0,400,200,199,368,True,1,True,116,10,True,175,91,True,154,13,True,13,34,True,"{""normalized_species_exact"": 200}",CRBIP13.30; CLIP 2698; CRBIP13.146; CLIP 92841; CRBIP13.145; CLIP 92808; CRBIP13.144; CLIP 92733; CRBIP13.143; CLIP 92470; CRBIP13.142; CLIP 92468; CRBIP13.141; CLIP 92456; CRBIP13.140; CLIP 92359; CRBIP13.139; CLIP 92331; CRBIP13.138; CLIP 92306,"87881; FFL 1; FFH; 14, strain 14; 1916; 21; F4N; Esnard; Etevé; V7; LL 347; 19H3; V 1715/51; 556.86; 661.85; 346-79, 23718; 10; L 471; Ki; L120",CIP Medium 72; TRYPTICASE SOY YEAST EXTRACT MEDIUM (DSMZ Medium 92); COLUMBIA BLOOD MEDIUM (DSMZ Medium 693); MEDIUM 72- for trypto casein soja agar; CIP Medium 3,"Human; Food, Milk or dairy product; Food, Meat or meat product; Food, Seafood product; Food, Vegetables"
taxon:964|organism:herbaspirillum seropedicae,1,target_bacteria,taxon_organism,herbaspirillum seropedicae,Herbaspirillum seropedicae,bacdive_species_exact_name_match,validated_species_exact_name,not_candidate_row,2,0,10,5,5,21,True,1,True,3,2,True,5,7,True,2,2,True,1,1,True,"{""normalized_species_exact"": 5}",CCUG 24563; LMG 6512; LMG 10656; LMG 11133; CCUG 17677; LMG 2284; DSM 6447; ATCC 35894; CCUG 24565; LMG 6514; LMG 7118; DSM 6446; ATCC 35893; DSM 6445; ATCC 35892; NCIB 12540; CCUG 24564; LMG 6513; JCM 21448; IAM 14977,Z 152; Z 78; Z 67,HETEROTROPHIC MEDIUM H3P (DSMZ Medium 428); HERBASPIRILLUM MEDIUM (DSMZ Medium 538),"Roots,Zea mays,surface sterilized roots; Saccharum officinarum; maize roots; sorghum roots; Roots"
taxon:29421|organism:nitrobacter vulgaris,4,target_bacteria,taxon_organism,nitrobacter vulgaris,Nitrobacter vulgaris,bacdive_species_exact_name_match,validated_species_exact_name,not_candidate_row,2,0,2,1,1,1,True,1,True,1,3,True,0,0,False,0,0,False,1,1,True,"{""normalized_species_exact"": 1}",DSM 10236,Z,AUTOTROPHIC NITROBACTER MEDIUM (DSMZ Medium 756c); 10% MIXOTROPHIC NITROBACTER MEDIUM (DSMZ Medium 756b); MIXOTROPHIC NITROBACTER MEDIUM (DSMZ Medium 756a),
taxon:297|organism:hydrogenophilus thermoluteolus (pseudomonas hydrogenothermophila),3,target_bacteria,taxon_organism,hydrogenophilus thermoluteolus,Hydrogenophilus thermoluteolus (Pseudomonas hydrogenothermophila),bacdive_species_exact_name_match,validated_species_exact_name,not_candidate_row,2,0,4,2,2,4,True,1,True,2,4,True,1,1,True,1,1,True,1,1,True,"{""normalized_species_exact"": 2}",CIP 106958; IFO 14978; DSM 6765; NBRC 14978,TH-1,MEDIUM 119 - for Azotobacter vinelandii; HETEROTROPHIC MEDIUM H3P (DSMZ Medium 428); MINERAL MEDIUM FOR CHEMOLITHOTROPHIC GROWTH (H-3) (DSMZ Medium 81); CIP Medium 1,"Environment, Soil around hot spring"
taxon:478434|organism:mycobacterium tuberculosis (strain kzn 1435 / mdr),7,target_bacteria,taxon_organism,mycobacterium tuberculosis,Mycobacterium tuberculosis (strain KZN 1435 / MDR),bacdive_species_exact_name_match,validated_species_exact_name,not_candidate_row,4,0,368,184,184,317,True,3,True,111,7,True,138,33,True,134,10,True,6,6,True,"{""normalized_species_exact"": 78, ""validated_bacdive_id_from_closure"": 106}",CRBIP7.113; CIPT 113; CRBIP7.112; CIPT 112; CRBIP7.108; CIPT 108; CIP 105050; ATCC 35734; CCUG 38152; TMC 1011; CIP 111338; CIP 111337; CIP 111336; CIP 111335; CIP 111334; CIP 111333; CIP 111332; CIP 111331; CRBIP7.96; CIPT 96,140080007; 140080006; 140080010; 140040001; MYC 4436; MYC 4429; MYC 4426; MYC 4423; MYC 4416; MYC 4404; MYC 4403; MYC 4401; 140020086; 140020085; 140020084; 140020022; 140020021; 140020019; 140020017; 140020016,Löwenstein-Jensen Medium; CIP Medium 72; CIP Medium 55; CIP Medium 750; CIP Medium 267,"Human; Food, Bovine milk; Human, Sputum; Animal, Cow, lymphatic node; Human, Meningitis"
taxon:333|organism:pseudomonas chlororaphis (pseudomonas aureofaciens),14,target_bacteria,taxon_organism,pseudomonas chlororaphis,Pseudomonas chlororaphis (Pseudomonas aureofaciens),bacdive_species_exact_name_match,validated_species_exact_name,not_candidate_row,2,0,32,16,16,84,True,4,True,13,11,True,13,18,True,10,7,True,6,26,True,"{""base_binomial_match_or_subspecies"": 12, ""normalized_species_exact"": 4}",CCUG 56932; CCUG 3377 B; CCUG 3377 A; CIP 76.23; CIP 75.23; DSM 29578; DSM 21509; NCIMB 14478; CIP 110232; DSM 50083; ATCC 9446; CCM 1975; ICPB 2392; IFO 3904; NBRC 3904; NCIB 9392; NRRL B-560; CCUG 552 B; LMG 6220; CCM 292,"PT02; JF3835; 292; EIII.9.25.1, L8; RW71; 305-STR-1-4",MEDIUM 3 - Columbia agar; CIP Medium 3; TRYPTICASE SOY BROTH AGAR (DSMZ Medium 535); MEDIUM 72- for trypto casein soja agar; CIP Medium 72,"Industry,environment; Grated carrot; Environment, Soil; topsoil of reaped corn field; distal intestine of a European perch (<i>Perca fluviatilis</i> L.)"
taxon:115981|organism:salmonella montevideo,2,target_bacteria,taxon_organism,salmonella enterica,Salmonella montevideo,bacdive_species_exact_name_match,validated_species_exact_name,not_candidate_row,4,0,400,200,200,376,True,6,True,199,18,True,57,42,True,70,21,True,28,83,True,"{""base_binomial_match_or_subspecies"": 46, ""normalized_species_exact"": 154}",CIP 55.38; NCTC 8386; CIP 107479; CCUG 46434; CIP 55.29; CIP 55.28; NCTC 7309; CIP 55.27; NCTC 7299; CIP 55.26; NCTC 7315; CIP 55.24; CIP 55.23; NCTC 7303; CIP 55.21; NCTC 7332; CIP 107125; CIP 54.143; CIP 54.140; CIP 54.139,"82K; 91K; 585K; 61; 19, M73; 13, M50; 69K; LT2; C52; S-6; Eastafrica; TA1538; 254; I137; M327, 71; 88, M453; 87, M452; M439, 86; M248, 58; M244, 57",MEDIUM 3 - Columbia agar; CIP Medium 3; MEDIUM 72- for trypto casein soja agar; CIP Medium 72; MEDIUM 29- Brain heart agar,"Human, Faeces; Poult, intestine; Gopher snake, lung; Dried egg powder; Turkey, conjunctivitis"
taxon:596|organism:salmonella muenchen,4,target_bacteria,taxon_organism,salmonella enterica,Salmonella muenchen,bacdive_species_exact_name_match,validated_species_exact_name,not_candidate_row,4,0,400,200,200,376,True,6,True,199,18,True,57,42,True,70,21,True,28,83,True,"{""base_binomial_match_or_subspecies"": 46, ""normalized_species_exact"": 154}",CIP 55.38; NCTC 8386; CIP 107479; CCUG 46434; CIP 55.29; CIP 55.28; NCTC 7309; CIP 55.27; NCTC 7299; CIP 55.26; NCTC 7315; CIP 55.24; CIP 55.23; NCTC 7303; CIP 55.21; NCTC 7332; CIP 107125; CIP 54.143; CIP 54.140; CIP 54.139,"82K; 91K; 585K; 61; 19, M73; 13, M50; 69K; LT2; C52; S-6; Eastafrica; TA1538; 254; I137; M327, 71; 88, M453; 87, M452; M439, 86; M248, 58; M244, 57",MEDIUM 3 - Columbia agar; CIP Medium 3; MEDIUM 72- for trypto casein soja agar; CIP Medium 72; MEDIUM 29- Brain heart agar,"Human, Faeces; Poult, intestine; Gopher snake, lung; Dried egg powder; Turkey, conjunctivitis"
taxon:2122|organism:mycoplasmoides pirum (mycoplasma pirum),6,target_bacteria,taxon_organism,mycoplasmoides pirum,Mycoplasmoides pirum (Mycoplasma pirum),bacdive_species_exact_name_match,validated_species_exact_name,not_candidate_row,2,0,2,1,1,2,True,1,True,0,0,False,0,0,False,0,0,False,1,1,True,"{""normalized_species_exact"": 1}",ATCC 25960; NCTC 11702,HRC 70-159,,
taxon:1473|organism:virgibacillus pantothenticus,3,target_bacteria,taxon_organism,virgibacillus pantothenticus,Virgibacillus pantothenticus,bacdive_species_exact_name_match,validated_species_exact_name,not_candidate_row,2,0,16,8,8,44,True,1,True,6,5,True,8,6,True,8,3,True,1,3,True,"{""normalized_species_exact"": 8}",JCM 31627; JCM 31625; CIP 102702; DSM 26; ATCC 14576; CCM 2049; LMG 7129; NCIB 8775; NCTC 8162; CCUG 7424; CIP 51.24; IAM 11061; CN 3028; NRS B21; JCM 20334; BCRC 14681; CCEB 635; CECT 42; NBRC 102447; NCAIM B.01092,"683-86; B 21, 3028",MEDIUM 3 - Columbia agar; CIP Medium 3; trypticase soy agar; NUTRIENT AGAR (DSMZ Medium 1); CIP Medium 72,"Deep subseafloor sediment off the Shimokita Peninsula (Drilling site C0020); Human, Human pus, earth discharge; soil; Soil,garden; Soil"
taxon:1892|organism:streptomyces anulatus (streptomyces chrysomallus),7,target_bacteria,taxon_organism,streptomyces anulatus,Streptomyces anulatus (Streptomyces chrysomallus),bacdive_species_exact_name_match,validated_species_exact_name,not_candidate_row,2,0,36,18,15,114,True,1,True,11,8,True,5,4,True,4,5,True,4,4,True,"{""normalized_species_exact"": 14, ""validated_bacdive_id_from_closure"": 4}",ST020681; ST006484; ST006477; DSM 41016; IMRU 3069; DSM 41621; IMET 41332; DSM 46465; IMET 41335; DSM 41018; IMRU 3307; DSM 40870; CGMCC AS 4.1397; HUT 6141; DSM 40685; DSM 40393; ATCC 25485; ATCC 3374; CBS 104.27; CBS 913.69,"UniBonn17; JA07996; JA07989; 13-A55; ST003705; ST006481(HKI), 1332; Schering 360; H 121; 20; FBUA 431, Schön. 192; Beijerinck",GYM STREPTOMYCES MEDIUM (DSMZ Medium 65); ROLLED OATS MINERAL MEDIUM (DSMZ Medium 84); STARCH - MINERAL SALT - AGAR (STMS) (DSMZ Medium 252); OAT FLAKES AGAR WITH YEAST EXTRACT (DSMZ Medium 248); ISP 2,"rose root (rhizoplane, <I>Rosa canina </I>""Inermis""); scab of potatoes; soil; Soil"
taxon:1474|organism:sporosarcina pasteurii (bacillus pasteurii),3,target_bacteria,taxon_organism,sporosarcina pasteurii,Sporosarcina pasteurii (Bacillus pasteurii),bacdive_species_exact_name_match,validated_species_exact_name,not_candidate_row,2,0,14,7,7,19,True,1,True,5,4,True,5,4,True,2,2,True,1,3,True,"{""normalized_species_exact"": 7}",CCUG 29456; NRRL NRS-675; CCUG 29455; NRRL NRS-674; CIP 54.15; NCDO 1168; CIP 54.16; DSM 33; ATCC 11859; CCM 2056; NCIB 8841; NCTC 4822; CCUG 7425; LMG 7130; CIP 66.21; NCDO 1776; NCIMB 8841; DSM 323; DSM 276,"2710; 2711; 22, Gibson 22; 3; 1",MEDIUM 19 - for Bacillus pasteurii; CIP Medium 19; CASO AGAR (MERCK 105458) (DSMZ Medium 220); BACILLUS PASTEURII MEDIUM (DSMZ Medium 2),"Environment, Soil; Environment, Soil Isolate; soil; garden soil"
taxon:1371|organism:marinococcus halophilus,3,target_bacteria,taxon_organism,marinococcus halophilus,Marinococcus halophilus,bacdive_species_exact_name_match,validated_species_exact_name,not_candidate_row,2,0,20,10,10,33,True,1,True,1,4,True,10,6,True,0,0,False,1,3,True,"{""normalized_species_exact"": 10}",JCM 2482; IAM 13414; JCM 2481; IAM 13413; JCM 2480; IAM 13412; JCM 2478; IAM 13411; JCM 2477; IAM 13410; JCM 2476; CCM 3521; IAM 13409; JCM 2475; CCM 3519; IAM 13408; JCM 2473; IAM 13406; JCM 2472; IAM 13405,HK 718,"BACTO MARINE BROTH (DIFCO 2216) (DSMZ Medium 514); MEDIUM 204 - for Halorubrum, Marinococcus and Natrialba; CIP Medium 204; CIP Medium 240",Solar saltern; Sea saltern; Sea soil; Sea sand; salted mackerel
taxon:470|organism:acinetobacter baumannii,9,target_bacteria,taxon_organism,acinetobacter baumannii,Acinetobacter baumannii,bacdive_species_exact_name_match,validated_species_exact_name,not_candidate_row,4,0,312,156,156,241,True,1,True,138,17,True,113,58,True,119,12,True,34,94,True,"{""normalized_species_exact"": 156}",CIP 111206; CIP 111205; CIP 111204; CIP 111174; CIP 111173; CIP 111172; CIP 111171; CIP 110968; CIP 200364; CRBIP17.4; DSM 111794; DSM 102935; SG 1351; DSM 102934; SG 1324; DSM 102933; SG 1306; DSM 102932; SG 1284; DSM 102931,"BM4426, A248; BM4425, A58; BM4424, V4, B4424; BM4423, A34; BM4422, M19; BM4421, A33; BM4420, A35; Blanc; CIMB4, CIMB 04-7017; UKK_0172; UKK-172; Phage host; G7; A640 II; R4; BM4701; 38 bis; 7788; AMA-1; Valentin",CIP Medium 72; CIP Medium 9; TRYPTICASE SOY YEAST EXTRACT MEDIUM (DSMZ Medium 92); COLUMBIA BLOOD MEDIUM (DSMZ Medium 693); NUTRIENT AGAR (DSMZ Medium 1),"Human; Human, Sputum; Human, Urine; tracheal secretion sample; strain isolated from 80 year old patient; wound swab"
taxon:29323|organism:thermoanaerobacter brockii (thermoanaerobium brockii),4,target_bacteria,taxon_organism,thermoanaerobacter brockii,Thermoanaerobacter brockii (Thermoanaerobium brockii),bacdive_species_exact_name_match,validated_species_exact_name,not_candidate_row,2,0,8,4,4,7,True,3,True,4,2,True,3,4,True,2,2,True,1,1,True,"{""base_binomial_match_or_subspecies"": 3, ""normalized_species_exact"": 1}",DSM 9801; JCM 16816; SEBR 5268; DSM 2599; DSM 1457; ATCC 33075; DSM 3389,HTRI; HTD4; AKo-1,RUMINOCLOSTRIDIUM CELLULOLYTICUM (CM3) MEDIUM (DSMZ Medium 520); THERMOANAEROBACTER BROCKII MEDIUM (DSMZ Medium 144),oil field at 2100 m depth; Geothermally heated oil field; spring sediment; lake sediment
taxon:1353|organism:enterococcus gallinarum,2,target_bacteria,taxon_organism,enterococcus gallinarum,Enterococcus gallinarum,bacdive_species_exact_name_match,validated_species_exact_name,not_candidate_row,2,0,106,53,53,82,True,1,True,16,11,True,48,37,True,42,6,True,7,10,True,"{""normalized_species_exact"": 53}",DSM 111134; DSM 106191; DSM 109011; DSM 104116; CCUG 59200; CCUG 59199; CCUG 59166; CCUG 57467; CCUG 54456; CCUG 52059; CCUG 51680; CCUG 50087; CCUG 49667; CCUG 49260; CCUG 48209; CCUG 47668; CCUG 47634; CCUG 47607; CCUG 47108; CCUG 46869,"Cla-AP-1; 0090-6-DD-A, S500; Cla-CZ-15; BL-249-WT-6; BM4174; PB18, LRA 086 10 84; 2628-95; UW 701/95, BA 4174; D 417; JJM0609-2-2; 30-31, A-C2-Ob; JM-20; F87/276, PB21; F87/279, PB24; F87/277, PB24 (oder PB22), PB24 (oder PB22?); F87/268, PB21",COLUMBIA BLOOD MEDIUM (DSMZ Medium 693); GAM Broth (Gifu Anaerobic Medium Broth) (DSMZ Medium 1713); WILKINS-CHALGREN ANAEROBE BROTH (DSMZ Medium 339); WILKINS-CHALGREN ANAEROBE BROTH (N2/CO2) (DSMZ Medium 339a); TRYPTICASE SOY YEAST EXTRACT MEDIUM (DSMZ Medium 92),"Neonate Mouse, SPF; Petshop mouse, f, ca. 6w, small intestine; chicken cecal content, 7 days old; feces; pig, 10 month old, wild type; Human blood,82-yr-old woman"
taxon:1245|organism:leuconostoc mesenteroides,5,target_bacteria,taxon_organism,leuconostoc mesenteroides,Leuconostoc mesenteroides,bacdive_species_exact_name_match,validated_species_exact_name,not_candidate_row,2,0,88,44,44,139,True,4,True,26,9,True,22,24,True,18,7,True,5,9,True,"{""base_binomial_match_or_subspecies"": 13, ""normalized_species_exact"": 31}",DSM 112104; CRBIP24.196; CRBIP24.185; CRBIP24.173; CRBIP24.168; CRBIP24.163; CRBIP24.159; CRBIP24.149; JCM 9693; NRIC 1513; JCM 20317; IAM 10076; JCM 20044; ATU L-23; IAM 1087; NBRC 102479; JCM 20025; ATU L-13; IAM 1046; JCM 12649,"SB-230a; 9319; 512-7; 797; V16; 522; DRC1506; 719B; 388-86, KACI; 1025-A; 152-A; 158-B; B07; 154 A; Buttiaux; 860F; 37 Y, 37Y; P-60; 52; LF2","TRYPTICASE SOY YEAST EXTRACT MEDIUM (DSMZ Medium 92); COLUMBIA BLOOD MEDIUM (DSMZ Medium 693); De Man, Rogosa and Sharpe Agar; Trypticase Soy Agar; CIP Medium 40","milk kefir; Imported butter culture; Meat; Product,provisions; Industry,heat exchanger"
taxon:1079|organism:blastochloris viridis (rhodopseudomonas viridis),3,target_bacteria,taxon_organism,blastochloris viridis,Blastochloris viridis (Rhodopseudomonas viridis),bacdive_species_exact_name_match,validated_species_exact_name,not_candidate_row,2,0,4,2,2,11,True,1,True,2,3,True,2,3,True,2,2,True,1,3,True,"{""normalized_species_exact"": 2}",DSM 134; Pfennig 2450; CIP 104407; NCIMB 10028; DSM 133; ATCC 19567; CCUG 30818; CCUG 7830; HAMBI 1089; LMG 4321; NBRC 102659,"2450; Drews F, F, Dreisam",RHODOSPIRILLACEAE MEDIUM (modified) (DSMZ Medium 27); MEDIUM 131 - for Blastochloris viridis; CIP Medium 131,"meromictic lake; Environment, Meromictic lake; water"
taxon:149539|organism:salmonella enteritidis,6,target_bacteria,taxon_organism,salmonella enterica,Salmonella enteritidis,bacdive_species_exact_name_match,validated_species_exact_name,not_candidate_row,4,0,400,200,200,376,True,6,True,199,18,True,57,42,True,70,21,True,28,83,True,"{""base_binomial_match_or_subspecies"": 46, ""normalized_species_exact"": 154}",CIP 55.38; NCTC 8386; CIP 107479; CCUG 46434; CIP 55.29; CIP 55.28; NCTC 7309; CIP 55.27; NCTC 7299; CIP 55.26; NCTC 7315; CIP 55.24; CIP 55.23; NCTC 7303; CIP 55.21; NCTC 7332; CIP 107125; CIP 54.143; CIP 54.140; CIP 54.139,"82K; 91K; 585K; 61; 19, M73; 13, M50; 69K; LT2; C52; S-6; Eastafrica; TA1538; 254; I137; M327, 71; 88, M453; 87, M452; M439, 86; M248, 58; M244, 57",MEDIUM 3 - Columbia agar; CIP Medium 3; MEDIUM 72- for trypto casein soja agar; CIP Medium 72; MEDIUM 29- Brain heart agar,"Human, Faeces; Poult, intestine; Gopher snake, lung; Dried egg powder; Turkey, conjunctivitis"
taxon:1098|organism:prosthecochloris vibrioformis (chlorobium vibrioforme),2,target_bacteria,taxon_organism,prosthecochloris vibrioformis,Prosthecochloris vibrioformis (Chlorobium vibrioforme),bacdive_species_exact_name_match,validated_species_exact_name,not_candidate_row,2,0,2,1,1,1,True,1,True,1,1,True,1,1,True,0,0,False,1,1,True,"{""normalized_species_exact"": 1}",DSM 260,6030,PFENNIG'S MEDIUM II WITH SALT (DSMZ Medium 40),rivermouth
taxon:382|organism:rhizobium meliloti (ensifer meliloti) (sinorhizobium meliloti),25,target_bacteria,taxon_organism,rhizobium meliloti,Rhizobium meliloti (Ensifer meliloti) (Sinorhizobium meliloti),bacdive_species_taxid_or_synonym_match,validated_species_taxid_or_synonym,not_candidate_row,2,0,26,13,13,38,True,2,True,10,6,True,6,4,True,6,5,True,4,6,True,"{""validated_bacdive_id_from_closure"": 1, ""validated_bacdive_species_exact"": 12}",JCM 20363; IAM 12035; CIP 108026; CCBAU 71714; AS 1.3046; DSM 23809; DSM 23808; DSM 23914; DSM 23913; DSM 30136; ATCC 10310; DSM 30135; ATCC 9930; CCUG 27879; LMG 6133; JCM 20682; CFBP 5561; HAMBI 2148; IAM 12611; ICMP 12623,"BO21CC; AK58; BL225C; AK83; 3D0d4; 3D0a2; 101 (USDA 477), 3DOa5, Fred 101; Alfalfa 100; 41AK631, pRme41a to pRme41c; MVII/1, pRme-MVII/1a to pRme-MVII/1g","MEDIUM 57 - for Streptomyces, Nocardioides, Lentzea albidocapillata and Streptoverticillium reticulum; CIP Medium 57; NUTRIENT AGAR (DSMZ Medium 1); RHIZOBIUM MEDIUM (DSMZ Medium 98); MEDIUM 296 - for Rhizobium",Kummerowia stipulacea; root nodules of <i>Medicago sativa</i>; root nodules of <i>Medicago falcata</i>; Medicago sativa
taxon:1625|organism:fructilactobacillus sanfranciscensis (lactobacillus sanfranciscensis),1,target_bacteria,taxon_organism,fructilactobacillus sanfranciscensis,Fructilactobacillus sanfranciscensis (Lactobacillus sanfranciscensis),bacdive_species_exact_name_match,validated_species_exact_name,not_candidate_row,2,0,48,24,24,41,True,1,True,2,5,True,23,6,True,1,1,True,1,4,True,"{""normalized_species_exact"": 24}",JCM 9502; ATCC 27653; NRIC 1550; JCM 12444; JCM 12443; JCM 12442; JCM 12441; JCM 12440; JCM 12439; JCM 12438; JCM 12437; JCM 12436; JCM 12435; JCM 12434; JCM 12433; JCM 12432; JCM 12431; JCM 12430; JCM 12429; JCM 12428,242-2; L-12,SOUR DOUGH MEDIUM (DSMZ Medium 225); MEDIUM 50 - for Lactobacillus sanfranciscensis; CIP Medium 41; MEDIUM 40- for Lactobacillus and Leuconostoc; CIP Medium 40,"Sourdough; sourdough; Food, Sour dough; San Francisco sourdough; San Francisco sour dough"
taxon:2209|organism:methanosarcina mazei (methanosarcina frisia),1,target_archaea,taxon_organism,methanosarcina mazei,Methanosarcina mazei (Methanosarcina frisia),bacdive_species_exact_name_match,validated_species_exact_name,not_candidate_row,2,0,28,14,14,32,True,1,True,13,7,True,14,16,True,12,8,True,6,8,True,"{""normalized_species_exact"": 14}",JCM 31898; VKM B-2370; DSM 27785; OCM 748; DSM 10132; DSM 9195; JCM 9314; NBRC 101201; DSM 7222; DSM 7058; OCM 61; DSM 6300; DSM 4556; ATCC 43573; OCM 34; DSM 3647; ATCC BAA-159; JCM 11833; OCM 88; DSM 3338,O1M9701; SarPi; TMA; Gö1; Equi; T18; G1; C16; MC3; Z-558; S-6,METHANOSARCINA MB MEDIUM (1 G/L NACL) (DSMZ Medium 924b); METHANOSARCINA MEDIUM (DSMZ Medium 120); METHANOBACTERIUM II MEDIUM (N2/CO2) (DSMZ Medium 825a); METHANOSARCINA MAZEI (GÖ1) MEDIUM (DSMZ Medium 120c); METHANOSARCINA BARKERI MEDIUM (DSMZ Medium 120a),Holocene permafrost in the Russian Arctic; sediment of estuarine environment; ricefield soil; paddy field soil; Paddy field soil in Chikugo
taxon:2210|organism:methanosarcina thermophila,7,target_archaea,taxon_organism,methanosarcina thermophila,Methanosarcina thermophila,bacdive_species_exact_name_match,validated_species_exact_name,not_candidate_row,2,0,10,5,5,13,True,1,True,5,3,True,5,5,True,5,4,True,2,2,True,"{""normalized_species_exact"": 5}",DSM 7081; MCM B705; DSM 2980; OCM 91; DSM 2906; ATCC 43170; OCM 90; DSM 2905; OCM 96; DSM 1825; ATCC 43570; OCM 12; VKM B-1830,MP; CHTI-55; MST-A1; TM-1,METHANOSARCINA MEDIUM (DSMZ Medium 120); METHANOSARCINA THERMOPHILA MEDIUM (DSMZ Medium 317); METHANOSARCINA THERMOPHILA (BCYT) MEDIUM (DSMZ Medium 318),cattle dung digester; digester fed with water hyacinths and inoculated with ground termites; digester sludge; digester slugde; thermophilic digester sludge
taxon:506591|organism:leisingera caerulea (phaeobacter caeruleus),4,target_bacteria,taxon_organism,leisingera caerulea,Leisingera caerulea (Phaeobacter caeruleus),bacdive_species_exact_name_match,validated_species_exact_name,not_candidate_row,2,0,2,1,1,3,True,1,True,1,1,True,1,2,True,1,1,True,1,1,True,"{""normalized_species_exact"": 1}",DSM 24564; CCUG 55859; LMG 24369,,BACTO MARINE BROTH (DIFCO 2216) (DSMZ Medium 514),marine biofilm on stainless steel electrode; Marine biofilm on stainless steel electrode
taxon:46429|organism:sphingobium chlorophenolicum,8,target_bacteria,taxon_organism,sphingobium chlorophenolicum,Sphingobium chlorophenolicum,bacdive_species_exact_name_match,validated_species_exact_name,not_candidate_row,2,0,6,3,3,14,True,1,True,3,9,True,2,5,True,3,2,True,1,2,True,"{""normalized_species_exact"": 3}",DSM 8671; DSM 7098; ATCC 33790; CIP 104885; IFO 16172; NBRC 16172; CCUG 56399; LMG 17937; KCTC 3325; JCM 10275; LMG 17771; DSM 6824; ATCC 39723; ATCC 53874,"ID 93-106, RA2",MINERAL MEDIUM WITH PCP (DSMZ Medium 465b); REACTIVATION WITH TRYPTONE SOYA BROTH (DSMZ Medium 220a); NUTRIENT AGAR (DSMZ Medium 1); CORYNEBACTERIUM AGAR (DSMZ Medium 53); MINERAL MEDIUM (BRUNNER) (DSMZ Medium 457),"soil; soil; pentachlorophenol contaminated; Soil,pentachlorophenol contaminated; Pentachlorophenol-contaminated soil; Environment, Pentachlorophenol contaminated soil"
taxon:1085|organism:rhodospirillum rubrum,14,target_bacteria,taxon_organism,rhodospirillum rubrum,Rhodospirillum rubrum,bacdive_species_exact_name_match,validated_species_exact_name,not_candidate_row,2,0,18,9,9,23,True,1,True,7,4,True,3,3,True,3,2,True,3,5,True,"{""normalized_species_exact"": 9}",CCUG 17917; ATCC 17032; LMG 2956; CCUG 17916; ATCC 9791; LMG 2955; DSM 50914; ATCC 27048; ICPB 2204; DSM 11222; DSM 11221; DSM 471; DSM 107; DSM 1068; DSM 468; DSM 467; ATCC 11170; NCIB 8255; CCUG 17859; CIP 70.61,"1761-1b; 1785-1; Ha; FR.1; G 9; S 1, S1",RHODOSPIRILLACEAE MEDIUM (modified) (DSMZ Medium 27); MEDIUM 3 - Columbia agar; CIP Medium 72; CIP Medium 3,mud from pasture land; brackish ditch; mud
taxon:266|organism:paracoccus denitrificans,30,target_bacteria,taxon_organism,paracoccus denitrificans,Paracoccus denitrificans,bacdive_species_exact_name_match,validated_species_exact_name,not_candidate_row,2,0,8,4,4,27,True,1,True,3,6,True,2,3,True,2,1,True,2,7,True,"{""normalized_species_exact"": 3, ""validated_bacdive_id_from_closure"": 1}",CCUG 30145; LMG 4218; DSM 104981; PD 1222; DSM 65; ATCC 17741; CIP 105417; ICPB 3979; NCIB 11627; Stanier 381; CCUG 30144; LMG 4049; LMG 4219; IFO 13301; DSM 413; ATCC 19367; CCM 982; LMD 22.21; NCIB 8944; JCM 21484,"381, Delft",LB (Luria-Bertani) MEDIUM (DSMZ Medium 381); MINERAL MEDIUM FOR CHEMOLITHOTROPHIC GROWTH (H-3) (DSMZ Medium 81); NUTRIENT AGAR (DSMZ Medium 1); MEDIUM 3 - Columbia agar; CIP Medium 3,"soil; Soil,garden; Garden soil, Delft"
taxon:1916|organism:streptomyces lividans,12,target_bacteria,taxon_organism,streptomyces lividans,Streptomyces lividans,bacdive_species_taxid_or_synonym_match,validated_species_taxid_or_synonym,not_candidate_row,4,0,2,1,1,13,True,0,False,1,2,True,1,1,True,0,0,False,0,0,False,"{""validated_bacdive_species_exact"": 1}",DSM 40434; ATCC 19844; CBS 686.72; IFO 13385; INMI 32-13; ISP 5434; NBRC 13385; RIA 1346; JCM 4783; CECT 3244; NCIMB 13425; NRRL B-12275; VKM Ac-1709,,GYM STREPTOMYCES MEDIUM (DSMZ Medium 65); ROLLED OATS MINERAL MEDIUM (DSMZ Medium 84),-
taxon:1665|organism:arthrobacter globiformis,10,target_bacteria,taxon_organism,arthrobacter globiformis,Arthrobacter globiformis,bacdive_species_exact_name_match,validated_species_exact_name,not_candidate_row,2,0,128,64,14,48,True,1,True,3,11,True,49,12,True,57,10,True,1,1,True,"{""normalized_species_exact"": 64}",ST028438; ST022325; DSM 25307; CCUG 51088; LMG 3813; CCUG 47305; CCUG 47304; CCUG 47296; CCUG 47295; CCUG 23887; LMG 3820; CCUG 23854; CCM 1651; ATCC 4336; CCUG 23853; CCM 1650; CCUG 23570; CIP 105365; DSM 20124; ATCC 8010,1362-036; 2188-053; CT402; N4; ST001861; ST002895; ST001841; ST002643; ST002627; ST002631; ST002648; ST002641; ST002652; ST002645; ST001969; ST002682; ST002681; ST002634; ST001959; ST001941,TRYPTICASE SOY YEAST EXTRACT MEDIUM (DSMZ Medium 92); MEDIUM 72- for trypto casein soja agar; CIP Medium 72; CIP Medium 3; ISP 2,"Cliff edge, rhizosphere; rhizosphere of organic olive grove; Sediment containing mine tailings; Sediment polluted with creosotes; Soil"
taxon:172045|organism:elizabethkingia miricola (chryseobacterium miricola),1,target_bacteria,taxon_organism,elizabethkingia miricola,Elizabethkingia miricola (Chryseobacterium miricola),bacdive_species_exact_name_match,validated_species_exact_name,not_candidate_row,2,0,24,12,12,18,True,1,True,11,7,True,12,14,True,12,5,True,2,3,True,"{""normalized_species_exact"": 12}",DSM 120181; DSM 115351; DSM 114280; DSM 113910; DSM 111608; DSM 105705; DSM 101869; CCUG 66552; CIP 111047; CIP 108653; CIP 111038; CCUG 58416; JCM 11413; DSM 14571; CIP 108250; GTC 862; KCTC 12492; BCRC 17371,Dres_ElzabMir_15; Dres_ElizSp_39; Dres_ElizMir_07; Dres_ElizMir_05; Dres_ElizMir_02; Dres_ElizMir_06; Dres_ElizMir_03; LDVH 337.01; W3-B1,TRYPTICASE SOY YEAST EXTRACT MEDIUM (DSMZ Medium 92); NUTRIENT AGAR (DSMZ Medium 1); MEDIUM 72- for trypto casein soja agar; CIP Medium 72; BHI MEDIUM (DSMZ Medium 215),"urine, human; swab, human; swab; bronchial secrete; bronchial secret"
taxon:293|organism:brevundimonas diminuta (pseudomonas diminuta),3,target_bacteria,taxon_organism,brevundimonas diminuta,Brevundimonas diminuta (Pseudomonas diminuta),bacdive_species_exact_name_match,validated_species_exact_name,not_candidate_row,2,0,98,49,49,120,True,1,True,5,9,True,36,29,True,33,7,True,2,5,True,"{""normalized_species_exact"": 49}",JCM 2794; JCM 2793; IAM 12417; JCM 2792; JCM 2791; JCM 2790; JCM 2789; JCM 20567; IAM 12418; JCM 20565; IAM 12416; JCM 20564; IAM 12415; JCM 20563; IAM 12414; JCM 20562; IAM 12413; CCUG 58204; CCUG 57463; CCUG 57248,Uro-30; Pickett K-248,MEDIUM 3 - Columbia agar; CIP Medium 3; MINERAL MEDIUM (BRUNNER) (DSMZ Medium 457); NUTRIENT AGAR (DSMZ Medium 1); NUTRIENT AGAR (OXOID CM3) WITH PHOSPHATE (DSMZ Medium 605a),"Activated sludge; Plastic product; Industry,aseptical surface; Industry,aseptical area; Industry,environment"
taxon:774|organism:bartonella bacilliformis,2,target_bacteria,taxon_organism,bartonella bacilliformis,Bartonella bacilliformis,bacdive_species_exact_name_match,validated_species_exact_name,not_candidate_row,2,0,10,5,5,6,True,1,True,4,4,True,4,3,True,4,1,True,1,1,True,"{""normalized_species_exact"": 5}",ATCC 35685; CIP 57.19; CIP 57.20; CIP 77.27; CCUG 45775; CIP 57.18,"Herrer 020/F12,63, KC583; 529; CPX; 267",MEDIUM 6 - Columbia agar with 10 % horse blood; CIP Medium 6; CIP Medium 250; MEDIUM 250 - for Bartonella bacilliformis and Helicobacter bizzozeronii,"Human; Human blood; Human, Blood"
taxon:2242|organism:halobacterium salinarum (halobacterium halobium),2,target_archaea,taxon_organism,halobacterium salinarum,Halobacterium salinarum (Halobacterium halobium),bacdive_species_exact_name_match,validated_species_exact_name,not_candidate_row,2,0,30,15,15,52,True,1,True,7,4,True,7,11,True,4,3,True,3,5,True,"{""normalized_species_exact"": 14, ""validated_bacdive_id_from_closure"": 1}",NCCB 33035; JCM 9121; CCM 2084; JCM 9120; CCM 2090; JCM 9119; CCM 2088; JCM 9118; CCM 2148; JCM 20370; IAM 12046; JCM 10927; BCC 24372; JCM 14661; PCU 302; DSM 21899; MUT mut326; MUT 326; DSM 22414; DSM 3754,"NCIB 8720; HPC1-2; GRB-mut326-P577; DS21, GRB; 91-R6; R1; 63-R2; 1",HALOBACTERIA MEDIUM (DSMZ Medium 372); HALOBACTERIUM MEDIUM (DSMZ Medium 97); CIP Medium 330; CIP Medium 204,Salted codfish; Oyon Mousa; salt fermented fish; Salt-fermented fish product (pla-ra) of Thailand; saltern crystallizer pond
taxon:49899|organism:thermococcus profundus,2,target_archaea,taxon_organism,thermococcus profundus,Thermococcus profundus,bacdive_species_exact_name_match,validated_species_exact_name,not_candidate_row,2,0,2,1,1,4,True,1,True,1,2,True,1,2,True,0,0,False,1,1,True,"{""normalized_species_exact"": 1}",DSM 9503; ATCC 51592; JCM 9378; CIP 105121,DT5432,MARINE THERMOCOCCUS MEDIUM (DSMZ Medium 760); THERMOCOCCUS PROFUNDUS MEDIUM (DSMZ Medium 673),"deep sea hydrothermal vent, depth 1.395 m in the Middle Okinawa Trench (27°33'N, 126°58'E); Hydrothermal vent at the Mid-Okinawa Trough"
taxon:53953|organism:pyrococcus horikoshii,2,target_archaea,taxon_organism,pyrococcus horikoshii,Pyrococcus horikoshii,bacdive_species_exact_name_match,validated_species_exact_name,not_candidate_row,2,0,4,2,2,5,True,1,True,2,1,True,2,2,True,2,1,True,1,1,True,"{""normalized_species_exact"": 2}",DSM 13347; JCM 9975; DSM 12428; JCM 9974; NBRC 100139,JA-1; OT-3,PYROCOCCUS MEDIUM (DSMZ Medium 377),marine hydrothermal vent at 1395 m depth; Hydrothermal vent at the Okinawa Trough
taxon:839|organism:xylanibacter ruminicola (prevotella ruminicola),2,target_bacteria,taxon_organism,xylanibacter ruminicola,Xylanibacter ruminicola (Prevotella ruminicola),bacdive_species_taxid_or_synonym_match,candidate_unvalidated,rescued_to_validated_species,2,0,2,1,1,2,True,1,True,0,0,False,1,1,True,0,0,False,1,1,True,"{""validated_bacdive_species_exact"": 1}",JCM 8958; ATCC 19189,,,Rumen
taxon:1360|organism:lactococcus lactis subsp. lactis (streptococcus lactis),6,target_bacteria,taxon_organism,lactococcus lactis,Lactococcus lactis subsp. lactis (Streptococcus lactis),bacdive_species_exact_name_match,validated_species_exact_name,not_candidate_row,2,0,106,53,53,122,True,2,True,24,11,True,33,35,True,26,8,True,8,27,True,"{""base_binomial_match_or_subspecies"": 10, ""normalized_species_exact"": 43}",DSM 117780; DSM 110082; JCM 20399; IAM 12092; JCM 20128; ATU L-17; IAM 1249; JCM 20101; ATU L-31; IAM 1198; JCM 18008; FERM AP-21288; JCM 12650; DSM 111870; DSM 111869; DSM 111868; DSM 111832; DSM 27303; CCUG 61221; CCUG 60423,"A537/21; CLA-AV-14; SB 261; SB 150; SB 352; SB 17; SV21; 129.86; J4 Alger; J4 conserves; H 214, N35; N34, RICE; E9; Berridge X 13; 2; OJ, N30; 5; 54296; 117; Lactose/Citrate plasmid, W932",LB (Luria-Bertani) MEDIUM (DSMZ Medium 381); COLUMBIA BLOOD MEDIUM (DSMZ Medium 693); BHI MEDIUM (DSMZ Medium 215); MRS MEDIUM (DSMZ Medium 11); TRYPTICASE SOY YEAST EXTRACT MEDIUM (DSMZ Medium 92),"milk; caecal content; female, wild mouse; Milk; kefir grains; Formaggella raw milk cheese"
taxon:38300|organism:streptomyces pristinaespiralis,8,target_bacteria,taxon_organism,streptomyces pristinaespiralis,Streptomyces pristinaespiralis,bacdive_species_taxid_or_synonym_match,validated_species_taxid_or_synonym,not_candidate_row,2,0,2,1,1,11,True,0,False,1,3,True,0,0,False,0,0,False,1,2,True,"{""validated_bacdive_species_exact"": 1}",DSM 40338; ATCC 25486; CBS 914.69; IFO 13074; ISP 5338; JCM 4507; NBRC 13074; NRRL 2958; RIA 1266; BCRC 12096; CGMCC 4.1352,5647,ROLLED OATS MINERAL MEDIUM (DSMZ Medium 84); STARCH - MINERAL SALT - AGAR (STMS) (DSMZ Medium 252); GYM STREPTOMYCES MEDIUM (DSMZ Medium 65),
taxon:521007|organism:borreliella burgdorferi (strain n40) (borrelia burgdorferi),1,target_bacteria,taxon_organism,borreliella burgdorferi,Borreliella burgdorferi (strain N40) (Borrelia burgdorferi),bacdive_species_exact_name_match,validated_species_exact_name,not_candidate_row,2,0,10,5,4,7,True,1,True,4,3,True,4,4,True,4,4,True,1,2,True,"{""normalized_species_exact"": 1, ""validated_bacdive_id_from_closure"": 4}",CIP 102531; CIP 109134; DSM 4681; ATCC 35211; DSM 4680; ATCC 35210; CIP 102532,IP-1; CA 8; IRS; B31,CIP Medium 83; MEDIUM 83 - for Borrelia; BSK-MEDIUM (DSMZ Medium 403),"Human, Spinal fluid; Other, Ixodes pacificus; tick (<I>Ixodes ricinus</I>); tick (<I>Ixodes dammini</I>)"
taxon:47834|organism:spiroplasma kunkelii,2,target_bacteria,taxon_organism,spiroplasma kunkelii,Spiroplasma kunkelii,bacdive_species_exact_name_match,validated_species_exact_name,not_candidate_row,2,0,2,1,1,2,True,1,True,1,1,True,1,1,True,1,1,True,0,0,False,"{""normalized_species_exact"": 1}",DSM 21866; ATCC 29320,"CSO E, E-275",SP4-Z MEDIUM (DSMZ Medium 1076b),infected corn with Rio Grande stunt disease
taxon:47715|organism:lacticaseibacillus rhamnosus (lactobacillus rhamnosus),1,target_bacteria,taxon_organism,lacticaseibacillus rhamnosus,Lacticaseibacillus rhamnosus (Lactobacillus rhamnosus),bacdive_species_exact_name_match,validated_species_exact_name,not_candidate_row,4,0,358,179,179,266,True,1,True,61,9,True,165,96,True,146,8,True,4,9,True,"{""normalized_species_exact"": 21, ""validated_bacdive_id_from_closure"": 158}",CCUG 34682; ATCC 11982; JCM 8135; NCFB 252; NCIMB 8103; CCUG 34627; CCUG 34509; CCUG 34440; CCUG 34333; CCUG 34291; ATCC 53103; LMG 18243; CCUG 34241; CCUG 33766; CCUG 33698; CCUG 33684; CCUG 33683; CCUG 33617; CCUG 33615; CCUG 33570,"707-87; 183-80; FEV; 342.82; 582.81; 743.86; 146-86; 784.81; 644.86; 431-86; 331-86; P64-P74, 93-86; 77-86; 217-86; 171-86; 973.85; 237.85; 599-86; 60F; 575.86",MEDIUM 40- for Lactobacillus and Leuconostoc; CIP Medium 40; COLUMBIA BLOOD MEDIUM (DSMZ Medium 693); MRS MEDIUM (DSMZ Medium 11); TRYPTICASE SOY YEAST EXTRACT MEDIUM (DSMZ Medium 92),"Milk products; Human blood; Human urine; Human feces; Human blood,32-yr-w.,morbus Behçet,multiple isol."
taxon:1697|organism:corynebacterium ammoniagenes (brevibacterium ammoniagenes),19,target_bacteria,taxon_organism,corynebacterium ammoniagenes,Corynebacterium ammoniagenes (Brevibacterium ammoniagenes),bacdive_species_exact_name_match,validated_species_exact_name,not_candidate_row,2,0,24,12,12,34,True,1,True,3,8,True,12,10,True,10,3,True,2,3,True,"{""normalized_species_exact"": 12}",DSM 104746; CCUG 50674; CCUG 50563; CCUG 50273; CCUG 48254; CCUG 48251; CCUG 48250; CCUG 43319; CCUG 43318; CCUG 27734; CIP 101873; DSM 20306; AJ 1443; ATCC 6871; NCIB 8143; NCTC 2398; CCUG 38796; CIP 101283; JCM 1305; BCRC 10367,BL-383-APC-2C; 747.85; 9.6,TRYPTICASE SOY BROTH AGAR (DSMZ Medium 535); TRYPTONE SOYA BROTH (TSB) (DSMZ Medium 545); MEDIUM 6 - Columbia agar with 10 % horse blood; CIP Medium 6; ISP 2,"feces; pig, 5 month old, genotype: APC1311/+ referring to the adenomatous-polyposis-coli (APC) protein; Tobacco; Tobacco,whole leaf; Industry,tobacco; Tobacco,industrial process"
taxon:555|organism:pectobacterium carotovorum subsp. carotovorum (erwinia carotovora subsp. carotovora),10,target_bacteria,taxon_organism,pectobacterium carotovorum,Pectobacterium carotovorum subsp. carotovorum (Erwinia carotovora subsp. carotovora),bacdive_species_exact_name_match,validated_species_exact_name,not_candidate_row,2,0,76,38,36,57,True,1,True,32,8,True,35,32,True,28,17,True,3,6,True,"{""base_binomial_match_or_subspecies"": 3, ""normalized_species_exact"": 15, ""validated_bacdive_id_from_closure"": 20}",SF002860; JCM 20699; IAM 12633; IFO 3380; NBRC 3380; JCM 20506; ATCC 495; IAM 12350; ICPB EC208; JCM 20460; ATCC 12286; IAM 12301; DSM 108906; IMI 348308; IMI 347390; IMI 347389; IMI 347388; IMI 347387; IMI 347386; IMI 347384,"FSU-2860; BL19-1-37; AGES769/14-A2; A45; C3; A6.2; C364.2; C267; C150; SF005347; SF005605; BCBB 371, Ecbr 371; BPBB 213, Ecbr 213; BPBB 212, Ecbr 212; BPBB 8, Ecbr 8; 39-1/1; IX B; BS 1008, 904, type 32011",LB (Luria-Bertani) MEDIUM (DSMZ Medium 381); TRYPTICASE SOY BROTH AGAR (DSMZ Medium 535); Nutrient Agar (NA); CASO AGAR (MERCK 105458) (DSMZ Medium 220); TRYPTONE SOYA BROTH (TSB) (DSMZ Medium 545),Soft rot of carrot; Rotting tobacco leaves; Solanum tuberosum cultivar golden wonder with blackleg; Cyclamen; leaf; Amorphophallus; petioles
taxon:294|organism:pseudomonas fluorescens,69,target_bacteria,taxon_organism,pseudomonas fluorescens,Pseudomonas fluorescens,bacdive_species_exact_name_match,validated_species_exact_name,not_candidate_row,2,0,200,100,99,216,True,1,True,53,20,True,80,63,True,65,12,True,8,15,True,"{""normalized_species_exact"": 100}",JCM 2779; AJ 2089; IAM 12405; JCM 20064; ATCC 31419; IAM 1126; JCM 20046; IAM 1092; IFO 12568; NBRC 12568; JCM 20032; ATCC 15917; IAM 1055; JCM 20030; IAM 1051; JCM 20007; ATCC 15916; IAM 1008; JCM 17186; FERM P-11027,"FW300-N2E3; GW456-L13; FW300-N2C3; FW300-N1B4; FW300-N2E2; B-1606; 52-1C; 215-86; 3749; PMW6; B10; BA3SM1; SF002755; PJ253; PWD34; PWD33; 92; ES1-129-5; 1291, LA; 15",NUTRIENT AGAR (DSMZ Medium 1); TRYPTICASE SOY BROTH AGAR (DSMZ Medium 535); Nutrient Agar (NA); Tryptic Soy Agar (TSA); MEDIUM 3 - Columbia agar,Cistern (water); Japan; Waste (creamery waste); ground water; Lactuca sativa
taxon:354|organism:azotobacter vinelandii,13,target_bacteria,taxon_organism,azotobacter vinelandii,Azotobacter vinelandii,bacdive_species_exact_name_match,validated_species_exact_name,not_candidate_row,2,0,36,18,18,52,True,1,True,16,5,True,7,7,True,3,4,True,2,3,True,"{""normalized_species_exact"": 18}",STI10436; JCM 20040; ATCC 9046; CECT 9203; IAM 1078; DSM 13529; DSM 87; ATCC 12837; NCIB 8789; CIP 104399; IFO 13581; NCIMB 8789; DSM 86; DSM 85; IMG 1484; DSM 2290; ATCC 7496; DSM 2289; ATCC 478; VKM B-1617,"IMET 10436; 93-541b; 3a, Johnstone 3a; 1484, Claus 1484T; 1484; VI; 16; 135; 5R; W2; 1610; Kg 2; OP; 73; 567","DIAZOTROPHIC MEDIUM (RBA) (DSMZ Medium 441); AZOTOBACTER MEDIUM (DSMZ Medium 3); MEDIUM 1 - for Acetobacter, Azotobacter, Gluconobacter, Gluconacetobacter, Mesorhizodium ciceri and Pseudomonas doudoroffii; CIP Medium 1; R2A MEDIUM (DSMZ Medium 830)","soil; field soil; Environment, Soil; derived from DSM 85; water"
proteome:UP000000792,42,target_archaea,proteome,nitrosopumilus maritimus,Nitrosopumilus maritimus (strain SCM1),bacdive_species_exact_name_match,validated_species_exact_name,not_candidate_row,4,0,3,1,1,3,True,1,True,0,0,False,1,1,True,1,1,True,1,1,True,"{""normalized_species_exact"": 1}",ATCC TSD-97; NCIMB 15022; SCM 1,,,a tropical marine fish tank at the Seattle Aquarium in Seattle
taxon:1408|organism:bacillus pumilus (bacillus mesentericus),3,target_bacteria,taxon_organism,bacillus pumilus,Bacillus pumilus (Bacillus mesentericus),bacdive_species_exact_name_match,validated_species_exact_name,not_candidate_row,2,0,146,73,73,142,True,1,True,53,10,True,62,34,True,59,10,True,5,10,True,"{""normalized_species_exact"": 73}",DSM 117807; CRBIP17.25; CRBIP17.23; CCUG 66887; CCUG 56623; CCUG 50373 A; CCUG 47302; CCUG 44940; CCUG 44877; CCUG 43804; CCUG 41443; CCUG 35011; CCUG 34244; CCUG 32666; CCUG 30686; CCUG 30128; CCUG 28267 B; CCUG 27263; CCUG 27243; CCUG 26531,"45.39; CIMB 05-0968; CIMB23, CIMB 05-1841; T3_14; H 634; 520.86; 7.87; C8_12; D35_1; Stev38; Stev13; W2; T4_3; T2_44; T2_3; b17_1; KO_PS 3; TS1/1; MW15/1; W20/5",NUTRIENT AGAR (DSMZ Medium 1); CIP Medium 72; CASO AGAR (MERCK 105458) (DSMZ Medium 220); MEDIUM 3 - Columbia agar; CIP Medium 3,"Arable soil; Human, Blood; Compost; Product/environment,industry; Contaminant of UTFSM P21"
proteome:UP000037084,41,target_bacteria,proteome,streptomyces virginiae,Streptomyces virginiae (Streptomyces cinnamonensis),bacdive_species_exact_name_match,validated_species_exact_name,not_candidate_row,5,0,14,7,7,57,True,2,True,5,9,True,5,2,True,4,2,True,2,5,True,"{""normalized_species_exact"": 5, ""validated_bacdive_id_from_closure"": 2}",ST006844; JCM 4093; IFO 3392; NBRC 3392; DSM 40669; IMRU 3652; DSM 40094; ATCC 19817; CBS 291.60; CBS 570.68; ETH 14322; IFO 12827; IFO 3729; IMRU 3651; ISP 5094; JCM 4425; NBRC 12827; NBRC 3729; NRRL B-1446; RIA 1097,"JA09768; NA 255-88 (M808); Ah-304; A 3823, BJ-613",GYM STREPTOMYCES MEDIUM (DSMZ Medium 65); ROLLED OATS MINERAL MEDIUM (DSMZ Medium 84); ISP 2; ISP 3; ISP 4,Soil; soil
taxon:571|organism:klebsiella oxytoca,17,target_bacteria,taxon_organism,klebsiella oxytoca,Klebsiella oxytoca,bacdive_species_exact_name_match,validated_species_exact_name,not_candidate_row,2,0,90,45,45,69,True,1,True,21,11,True,33,31,True,32,6,True,2,3,True,"{""normalized_species_exact"": 45}",ST033704; ST033703; ST033702; CIP 111713; CRBIP19.319; CRBIP19.318; CCUG 65544; CCUG 59935; CCUG 59412; CCUG 51683; CCUG 50735; CCUG 43602; CCUG 42935; CCUG 41957; CCUG 41654; CCUG 33222; CCUG 32516; CCUG 29683 A; CCUG 26858; CCUG 26509,Hoechst 1082E; Wiedemann IV3-23; Hoechst 1522E; U10; U12; SL 781; SL 7811; SL9111; SL911; AmMS 247; AmMS 101; U.910.295092; Belloni; Sobeaut; KER; 1028; BAS-10; Colworth2703; TauN1; M5a1,CIP Medium 72; Luria-Bertani Medium; CIP Medium 368; MEDIUM 3 - Columbia agar; CIP Medium 3,"Environment, Oesophageal bulbs of wild populations of Ceratitis capitata (Diptera Tephritidae) collected from prickly pear; Human urine,68-yr-old woman; Human tongue,50-yr-old woman; Human; Human blood,64-yr-old man"
taxon:2265|organism:thermococcus litoralis,2,target_archaea,taxon_organism,thermococcus litoralis,Thermococcus litoralis,bacdive_species_exact_name_match,validated_species_exact_name,not_candidate_row,2,0,4,2,2,4,True,1,True,2,2,True,2,2,True,2,1,True,1,1,True,"{""normalized_species_exact"": 2}",DSM 5474; DSM 5473; ATCC 51850; JCM 8560,A3; NS-C,MARINE THERMOCOCCUS MEDIUM (DSMZ Medium 760); THERMOCOCCUS LITORALIS MEDIUM (DSMZ Medium 623),shallow marine thermal spring; Shallow submarine hot spring near Lucrino
taxon:1613|organism:limosilactobacillus fermentum (lactobacillus fermentum),4,target_bacteria,taxon_organism,limosilactobacillus fermentum,Limosilactobacillus fermentum (Lactobacillus fermentum),bacdive_species_exact_name_match,validated_species_exact_name,not_candidate_row,2,0,134,67,67,119,True,1,True,25,8,True,51,41,True,25,4,True,2,6,True,"{""normalized_species_exact"": 24, ""validated_bacdive_id_from_closure"": 43}",CRBIP24.98; CRBIP24.96; CRBIP24.94; CRBIP24.83; CRBIP24.74; CRBIP24.57; CRBIP24.36; CRBIP24.34; SaC 1; CRBIP24.28; CRBIP24.23; CRBIP24.22; CRBIP24.21; CRBIP24.15; CNRZ 236; CRBIP24.11; CRBIP17.87; JCM 8644; JCM 8607; JCM 8606,"CZ 234; 63 Nb; 63 Z; 61 BN2; 61 AI; 64 A; 61 K; 70 A; CL2; CIMB 04-7992; 48-87; 36; 19 LC 3, L 872; 28, Bb28; 27","De Man, Rogosa and Sharpe Agar; Trypticase Soy Agar; CIP Medium 40; CIP Medium 6; MEDIUM 40- for Lactobacillus and Leuconostoc","Intestinal strain; Rhinopharyngitis; Lyophilisate; Student saliva; Human, Bronchus"
taxon:446|organism:legionella pneumophila,12,target_bacteria,taxon_organism,legionella pneumophila,Legionella pneumophila,bacdive_species_exact_name_match,validated_species_exact_name,not_candidate_row,2,0,144,72,72,165,True,3,True,40,5,True,56,57,True,54,10,True,23,50,True,"{""base_binomial_match_or_subspecies"": 35, ""normalized_species_exact"": 37}",DSM 110444; DSM 110443; DSM 110442; DSM 110441; CCUG 61603 Q; CCUG 60622; CCUG 60606; CCUG 60605; CCUG 60435; CCUG 58028; CCUG 45886; CCUG 43230; CCUG 30742 A; CCUG 30708; NCTC 12181; CCUG 30707; NCTC 12180; CCUG 30706; NCTC 12179; CCUG 30692,"W14-589; W11-321; L18-1031-1; Log-297-2; Lens HL0350-5056; 1169-MN-H; Lorraine, HL0435 5030; 82A3105; LP1; PARIS; W872; 77-091436, R65, Bellingham 1 SG1; Oxford 4032 E SG 1; R63, OLDA SG1, OLDA; Benidorm 030 E, R62, Benidorm SG1; R52, Bibb Chicago-8, Chicago 8 SG7, Chicago 8; R12; R11; R10; R9",BCYE-AGAR (DSMZ Medium 585); MEDIUM 23 - for Afipia and Legionella; CIP Medium 23; CIP Medium 748; CIP Medium 72,"water from cooling tower; drinking water; respiratory secretion; Human; Human trachea,80-yr-old man"
taxon:346|organism:xanthomonas citri (xanthomonas campestris pv. citri),1,target_bacteria,taxon_organism,xanthomonas citri,Xanthomonas citri (Xanthomonas campestris pv. citri),bacdive_species_exact_name_match,validated_species_exact_name,not_candidate_row,2,0,8,4,4,18,True,2,True,2,4,True,1,2,True,1,1,True,2,5,True,"{""base_binomial_match_or_subspecies"": 2, ""normalized_species_exact"": 1, ""validated_bacdive_id_from_closure"": 1}",ATCC 49118; LMG 9322; ICMP 15804; ICPB 10518; NCPPB 381; ICMP 239; ICPB 10520; ATCC 19315; LMG 826; DSM 3849; ATCC 9924; ICMP 217; ICPB 10528; JCM 20468; LMG 785; IAM 12309; LMG 11726; DSM 1220,"Gabriel 3213, 3213; XM13; R-10",REACTIVATION WITH LIQUID MEDIUM 54 (DSMZ Medium 54a); REACTIVATION WITH LIQUID MEDIUM 1 (DSMZ Medium 1a); NUTRIENT AGAR (DSMZ Medium 1); GLUCOSE YEAST EXTRACT MEDIUM (DSMZ Medium 54),plant (cotton); Cotton
proteome:UP000001006,9,target_bacteria,proteome,shigella flexneri,Shigella flexneri,bacdive_species_exact_name_match,validated_species_exact_name,not_candidate_row,4,0,96,48,48,69,True,1,True,35,7,True,17,13,True,22,12,True,2,3,True,"{""normalized_species_exact"": 48}",CCUG 56027; CCUG 43875; CCUG 39080; CCUG 38947; CCUG 37906; CCUG 37890; CCUG 29416; CCUG 29415; CCUG 29413; CCUG 29412; CCUG 21270; CCUG 21251; CCUG 9566; NCTC 1; CIP 107659; ATCC 700930; CIP 106236; CIP 106197; CIP 106193; CIP 106192,"2457T; 80; M181, 40; 36, M174; 92; M148, 30; 44, M190; 7, M32; Zaboli; 145-48; Boyd 102; Ledingham; 164; 26 D; Z Withington; 3591-52; Ratcliffe; 24 D; 935; 53125",MEDIUM 72- for trypto casein soja agar; CIP Medium 72; MEDIUM 3 - Columbia agar; CIP Medium 3; CIP Medium 29,"Human feces,35-yr-old man; Human feces,diarrhoea; Human feces,3-yr-old patient with diarrea for 48h; Human feces; Human feces,diarrhea"
taxon:17|organism:methylophilus methylotrophus (bacterium w3a1),5,target_bacteria,taxon_organism,methylophilus methylotrophus,Methylophilus methylotrophus (Bacterium W3A1),bacdive_species_exact_name_match,validated_species_exact_name,not_candidate_row,2,0,10,5,4,13,True,1,True,3,2,True,2,3,True,1,1,True,1,1,True,"{""normalized_species_exact"": 5}",STI10786; DSM 4945; DSM 5691; ATCC 53528; CCUG 58724; DSM 46235; NCIMB 10515; LMG 6787; BCRC 15784; KCTC 1759; AS 1; DSM 6330; ATCC 31226,IMET 10786; 009; FH-B-5460,NUTRIENT AGAR (DSMZ Medium 1); COLBY AND ZATHMAN MEDIUM (DSMZ Medium 606),activated sludge; Activated sludge; wet soil
taxon:1265868|organism:streptomyces rimosus subsp. rimosus (strain atcc 10970 / dsm 40260 / jcm 4667 / nrrl 2234),2,target_bacteria,taxon_organism,streptomyces rimosus,Streptomyces rimosus subsp. rimosus (strain ATCC 10970 / DSM 40260 / JCM 4667 / NRRL 2234),bacdive_species_exact_name_match,validated_species_exact_name,not_candidate_row,7,0,97,46,46,134,True,1,True,38,4,True,12,5,True,3,3,True,1,5,True,"{""base_binomial_match_or_subspecies"": 38, ""normalized_species_exact"": 8}",ST005175; ST005146; ST005137; ST005136; ST005135; ST005134; ST005133; ST005132; DSM 105900; DSM 43187; JCM 3222; KCC A-0222; NCIB 9378; KCTC 9426; NCIMB 9378; DSM 41439; CUB 125; NRRL B-3698; DSM 41238; IMRU 3930,JA04762; JA04696; JA04676; JA04675; JA04674; JA04673; JA04672; JA04671; M4018; A 5279; FD 22520; FD 22519; FD 22482; FD 18232; 99; 18234-2; BA 181008; 2727-298-7478; FD 22457; FD 22455,ROLLED OATS MINERAL MEDIUM (DSMZ Medium 84); GYM STREPTOMYCES MEDIUM (DSMZ Medium 65); CZAPEK PEPTONE AGAR (DSMZ Medium 83); STARCH - MINERAL SALT - AGAR (STMS) (DSMZ Medium 252),intestine of <I>Apis mellifera</I>; Intestine of bee (<I>Apis mellifero</I>); derived from Streptomyces rimosus FD 5614 as a single-spore isolate; soil; Soil
taxon:1927|organism:streptomyces rimosus,7,target_bacteria,taxon_organism,streptomyces rimosus,Streptomyces rimosus,bacdive_species_exact_name_match,validated_species_exact_name,not_candidate_row,2,0,92,46,46,134,True,1,True,38,4,True,12,5,True,3,3,True,1,5,True,"{""base_binomial_match_or_subspecies"": 38, ""normalized_species_exact"": 8}",ST005175; ST005146; ST005137; ST005136; ST005135; ST005134; ST005133; ST005132; DSM 105900; DSM 43187; JCM 3222; KCC A-0222; NCIB 9378; KCTC 9426; NCIMB 9378; DSM 41439; CUB 125; NRRL B-3698; DSM 41238; IMRU 3930,JA04762; JA04696; JA04676; JA04675; JA04674; JA04673; JA04672; JA04671; M4018; A 5279; FD 22520; FD 22519; FD 22482; FD 18232; 99; 18234-2; BA 181008; 2727-298-7478; FD 22457; FD 22455,ROLLED OATS MINERAL MEDIUM (DSMZ Medium 84); GYM STREPTOMYCES MEDIUM (DSMZ Medium 65); CZAPEK PEPTONE AGAR (DSMZ Medium 83); STARCH - MINERAL SALT - AGAR (STMS) (DSMZ Medium 252),intestine of <I>Apis mellifera</I>; Intestine of bee (<I>Apis mellifero</I>); derived from Streptomyces rimosus FD 5614 as a single-spore isolate; soil; Soil
taxon:1525|organism:neomoorella thermoacetica (clostridium thermoaceticum),6,target_bacteria,taxon_organism,neomoorella thermoacetica,Neomoorella thermoacetica (Clostridium thermoaceticum),bacdive_species_taxid_or_synonym_match,validated_species_taxid_or_synonym,not_candidate_row,2,0,18,9,9,21,True,3,True,8,6,True,8,9,True,5,5,True,9,13,True,"{""validated_bacdive_id_from_closure"": 1, ""validated_bacdive_species_exact"": 8}",JCM 9320; ATCC 39073; CIP 108447; DSM 1974; ATCC 33924; AIP 98-04; DSM 7417; DSM 12993; DSM 12797; DSM 11768; DSM 6867; ATCC 49707; DSM 2955; ATCC 35608; DSM 521; VPI 12954; JCM 9319; KCTC 5000; VPI 12984; CIP 108294,Inf1; PT-1; ET-5a; 6; G-20; Fontaine,MEDIUM 224 - for anaerobic bacteria TGV; CIP Medium 20; MOORELLA THERMOACETICA MEDIUM (DSMZ Medium 135c); SPOROMUSA ACIDOVORANS MEDIUM (DSMZ Medium 311c); MOORELLA MEDIUM (DSMZ Medium 60),"Environment, Mud and water from hot spring; pectin-limited, continuous culture of <I>Clostridium thermosaccharolyticum</I>; prairie soil; soil; utra heat-treated soup"
taxon:1677|organism:arthrobacter pascens,1,target_bacteria,taxon_organism,arthrobacter pascens,Arthrobacter pascens,bacdive_species_exact_name_match,validated_species_exact_name,not_candidate_row,2,0,2,1,1,20,True,1,True,1,10,True,1,2,True,0,0,False,1,2,True,"{""normalized_species_exact"": 1}",DSM 20545; ATCC 13346; CCM 1653; NCIB 8910; CCUG 23843; JCM 11606; BCRC 12112; CDA 858; CIP 102362; HAMBI 1862; IAM 12343; IFO 12139; KCTC 3445; LMG 16255; NBRC 12139; NCIMB 8910; NRRL B-1814; VKM Ac-1116; VKM Ac-1128; IMET 10355,B89,ISP 2; ISP 7; ISP 6; ISP 5; ISP 4,"Soil; Environment, Soil"
taxon:1282|organism:staphylococcus epidermidis,3,target_bacteria,taxon_organism,staphylococcus epidermidis,Staphylococcus epidermidis,bacdive_species_exact_name_match,validated_species_exact_name,not_candidate_row,4,0,238,119,119,172,True,1,True,64,14,True,107,69,True,101,12,True,6,20,True,"{""normalized_species_exact"": 119}",JCM 33475; DSM 24889; DSM 110990; DSM 110961; DSM 110314; DSM 109735; DSM 109734; DSM 106280; DSM 108968; DSM 103984; DSM 103968; DSM 103954; DSM 103953; CCUG 65538; CCUG 64929; CCUG 64928; CCUG 62646; CCUG 62645; CCUG 61325; CCUG 61199,SK1-1-2; TO-T3b; TO-T2; T_T3; Fh040319_T2; Fh040319_T1; McC-251-APC-2A; BV212; 8bTC_T9; 8aTB_T5; 6bT_T3; 6aTB_T2; C3_5; AmMS 242; 444; 5; RP12; M7; 98179; Am MS 205,TRYPTICASE SOY YEAST EXTRACT MEDIUM (DSMZ Medium 92); CASO AGAR (MERCK 105458) (DSMZ Medium 220); WILKINS-CHALGREN ANAEROBE BROTH (DSMZ Medium 339); R2A MEDIUM (DSMZ Medium 830); MEDIUM 72- for trypto casein soja agar,"Thai fish sauce fermentation process; change room tent; cleanroom, stay out zone; cleanroom facility; cleanroom facility, Airbus Defence and Space"
taxon:1452|organism:bacillus atrophaeus,6,target_bacteria,taxon_organism,bacillus atrophaeus,Bacillus atrophaeus,bacdive_species_exact_name_match,validated_species_exact_name,not_candidate_row,2,0,28,14,14,46,True,1,True,9,6,True,9,8,True,9,4,True,3,11,True,"{""normalized_species_exact"": 14}",CCUG 61211; CCUG 59659 B; CCUG 44944; CCUG 44943; CCUG 31558; CIP 52.79; CIP 77.17; DSM 30923; DSM 30662; DSM 30650; DSM 7264; ATCC 49337; NRRL NRS-213; CCUG 28524; JCM 9070; CIP 107159; IFO 15539; KCTC 3701; LMG 16797; NBRC 15539,"733; P4/15_1; ES2-AirT4-1; ES2-W11b1; 1221A, NRS-1221 A",MEDIUM 72- for trypto casein soja agar; CIP Medium 72; MEDIUM 3 - Columbia agar; CIP Medium 3; CASO AGAR (MERCK 105458) (DSMZ Medium 220),"Positive control,industry; Spore strip,industry; Industrial follow-up; parachute; spacecraft-associated clean room class ISO 8, Herschel Space Observatory"
taxon:1390|organism:bacillus amyloliquefaciens (bacillus velezensis),17,target_bacteria,taxon_organism,bacillus amyloliquefaciens,Bacillus amyloliquefaciens (Bacillus velezensis),bacdive_species_exact_name_match,validated_species_exact_name,not_candidate_row,2,0,44,22,22,48,True,1,True,11,5,True,15,12,True,11,3,True,1,2,True,"{""normalized_species_exact"": 22}",JCM 20196; IAM 1522; JCM 20195; IAM 1521; DSM 100597; CCUG 38022; CCUG 37700 A; CCUG 35441; CCUG 35269; CCUG 33754; CCUG 32745; CCUG 32744; CCUG 32562; CCUG 29690 B; CIP 104911; ATCC 9799; NCTC 6276; NCIMB 6276; DSM 7; ATCC 23350,"Bak15a SBUG 1718, SBUG 1837; F; 8426, S242; S219; S 204; S 202; K; KA 63",NUTRIENT AGAR (DSMZ Medium 1); MEDIUM 3 - Columbia agar; medium of Gordon et al.; CIP Medium 72; CIP Medium 3,activated sludge of a sewage treatment plant; Animal food; Buffer; Industry; Human feces
taxon:72360|organism:bacillus mojavensis,1,target_bacteria,taxon_organism,bacillus mojavensis,Bacillus mojavensis,bacdive_species_exact_name_match,validated_species_exact_name,not_candidate_row,2,0,26,13,13,28,True,1,True,13,6,True,13,6,True,13,7,True,1,4,True,"{""normalized_species_exact"": 13}",CIP 104098; NRRL B-14704; CIP 104097; NRRL B-14816; CIP 104096; NRRL B-14817; DSM 100545; DSM 100542; DSM 30877; DSM 30871; DSM 30861; DSM 30645; DSM 30632; DSM 30539; DSM 9206; NRRL B-14714; DSM 9205; ATCC 51516; NRRL B-14698; JCM 12230,IM-A-224; TU-A-7; T-G-2-42; T4_15; T4_5; E22; E16; E7; ES2-W8a2; ES2-W5c2; ES1-188-1; TU-A-8; RO-H-1,MEDIUM 3 - Columbia agar; CIP Medium 72; CIP Medium 3; TRYPTICASE SOY YEAST EXTRACT MEDIUM (DSMZ Medium 92); CASO AGAR (MERCK 105458) (DSMZ Medium 220),"Environment, Desert soil; cleanroom facility, TAS-I; SMART-1, spacecraft associated clean room; spacecraft-associated clean room class ISO 8, Herschel Space Observatory; soil"
taxon:2246|organism:haloferax volcanii (halobacterium volcanii),2,target_archaea,taxon_organism,haloferax volcanii,Haloferax volcanii (Halobacterium volcanii),bacdive_species_exact_name_match,validated_species_exact_name,not_candidate_row,2,0,4,2,2,13,True,1,True,2,2,True,1,2,True,0,0,False,1,2,True,"{""normalized_species_exact"": 2}",DSM 5716; DSM 3757; ATCC 29605; CCM 2852; NCIMB 2012; NCMB 2012; JCM 8879; CGMCC 1.2150; CGMCC 1.3715; IAM 13648; IFO 14742; NBRC 14742; VKM B-1768,"WFD II; DS 2, DS2",HALOBACTERIA MEDIUM (DSMZ Medium 372); HALOBACTERIUM MEDIUM (DSMZ Medium 97),"bottom sediment, 1 m below surface; Sediment from the Dead Sea"
taxon:358|organism:agrobacterium tumefaciens,13,target_bacteria,taxon_organism,agrobacterium tumefaciens,Agrobacterium tumefaciens,bacdive_species_exact_name_match,validated_species_exact_name,not_candidate_row,2,0,6,3,3,13,True,1,True,1,4,True,1,1,True,1,1,True,1,1,True,"{""normalized_species_exact"": 2, ""validated_bacdive_id_from_closure"": 1}",ST027079; SF010226; CCUG 3355; DSM 30150; ATCC 4720; CCM 1000; IAM 14141; IAM 1524; NCIB 8150; JCM 21034; CIP 104335; LMG 182; NCIMB 8150,CD13Eh-040; 30150; A 1,MEDIUM 3 - Columbia agar; NUTRIENT AGAR (DSMZ Medium 1); MacConkey medium; CIP Medium 3,Presumably subclone of T5 from black raspberry
taxon:398|organism:rhizobium tropici,8,target_bacteria,taxon_organism,rhizobium tropici,Rhizobium tropici,bacdive_species_exact_name_match,validated_species_exact_name,not_candidate_row,2,0,2,1,1,12,True,1,True,1,3,True,1,3,True,1,2,True,1,1,True,"{""normalized_species_exact"": 1}",DSM 11418; ATCC 49672; CIAT 899; HAMBI 1163; JCM 21072; IAM 14206; IFO 15247; LMG 9503; NBRC 15247; OUT 30011; CIP 107331; ORS 1163,,RHIZOBIUM MEDIUM (DSMZ Medium 98); MEDIUM 296 - for Rhizobium; CIP Medium 296,root nodule of <I>Phaseolus vulgaris</I>; <I>Phaseolus vulgaris</I>; Phaseolus vulgaris L.
taxon:214|organism:helicobacter felis,3,target_bacteria,taxon_organism,helicobacter felis,Helicobacter felis,bacdive_species_exact_name_match,validated_species_exact_name,not_candidate_row,2,0,4,2,2,7,True,1,True,2,4,True,2,1,True,2,1,True,1,1,True,"{""normalized_species_exact"": 2}",CIP 104084; ATCC 49179; CCUG 28539; NCTC 12482; CIP 104382; CIP 104083; ATCC 51211,CS1; CS6,MEDIUM 45 - for Columbia agar with sheep blood; CIP Medium 45; CIP Medium 6; CIP Medium 758,"Animal, Cat, gastric mucosa"
proteome:UP000001544,6,target_bacteria,proteome,alkalihalophilus pseudofirmus,Alkalihalophilus pseudofirmus (strain ATCC BAA-2126 / JCM 17055 / OF4) (Bacillus pseudofirmus),bacdive_species_exact_name_match,validated_species_exact_name,not_candidate_row,7,0,39,18,18,38,True,1,True,16,4,True,16,16,True,13,4,True,2,2,True,"{""normalized_species_exact"": 16, ""validated_bacdive_id_from_closure"": 2}",JCM 17055; CCUG 46856; DSM 9748; DSM 9747; NCIMB 10303; DSM 9746; NCIMB 10302; DSM 9744; NCIMB 10299; DSM 9724; NCIMB 10298; DSM 9723; NCIMB 10297; DSM 9722; NCIMB 10285; DSM 9721; NCIMB 10296; DSM 9719; NCIMB 10294; DSM 9718,"PN 27, RAB; PN 19, C 353; PN 18, C 352; PN 15, C 349; PN14, C 348; C 347, PN 13; PN12, C 326; PN11, C 346; PN 9, C 342; PN 7, C340; PN 6, C 338; PN77; C 350, PN 16; C 324, PN 3; PN 48, 124-1; PN 47, A-40-2",ALKALINE NUTRIENT AGAR (DSMZ Medium 31); MEDIUM 113 - for Bacillus; CIP Medium 72; CIP Medium 113,"Lime-treated garden soil; Industry rincing water; soil and leaves; ostrich manure, zoo; deer manure"
taxon:1421|organism:lysinibacillus sphaericus (bacillus sphaericus),13,target_bacteria,taxon_organism,lysinibacillus sphaericus,Lysinibacillus sphaericus (Bacillus sphaericus),bacdive_species_exact_name_match,validated_species_exact_name,not_candidate_row,4,0,400,200,200,283,True,1,True,27,8,True,117,69,True,184,31,True,7,13,True,"{""normalized_species_exact"": 39, ""validated_bacdive_id_from_closure"": 161}",CRBIP3.287; CRBIP3.286; CRBIP3.285; CRBIP3.284; CRBIP3.283; CRBIP3.282; CRBIP3.281; CRBIP3.280; CRBIP3.28; CRBIP3.269; CRBIP3.2670; CRBIP3.2669; CRBIP3.2664; CRBIP3.2641; CRBIP3.264; CRBIP3.259; CRBIP3.2585; CRBIP3.2576; CRBIP3.257; CRBIP3.2553,143.1313; 143.1310; 143.1123; 143.1122; 143.1120; 143.1115; 143.1110; 143.1108; 111; 1404; Du 3; Du 2; Du 1; Dor 1; 14.0420; 14; DAK 7.17; DAK 6.14; 13S3.2; D 2311,CIP Medium 72; MEDIUM 3 - Columbia agar; CIP Medium 3; MEDIUM 29- Brain heart agar; CIP Medium 29,"Animal, Culex pipiens molestus; Animal, Larvae C. pipiens quinquefasciatus; Beetle; Environment, Soil; Animal, Mosquito larvae"
taxon:1718|organism:corynebacterium glutamicum (brevibacterium saccharolyticum),10,target_bacteria,taxon_organism,corynebacterium glutamicum,Corynebacterium glutamicum (Brevibacterium saccharolyticum),bacdive_species_exact_name_match,validated_species_exact_name,not_candidate_row,2,0,48,24,22,103,True,1,True,19,14,True,10,10,True,7,4,True,5,14,True,"{""normalized_species_exact"": 24}",DSM 112147; JCM 18229; DSM 5426; ATCC 21668; KY 10407; DSM 5403; ATCC 21677; CCUG 27703; ATCC 13059; CCTM La 3704; CIP 78.11; CIP 102670; DSM 102071; DSM 102070; DSM 46307; IMET 11022; NCMB 2026; SN 130; DSM 44475; DSM 20598,"HER1229 LP-6; 66-26; 672-76; MB 001 (DE3); MB001; STI11014; STI11023; WT(delta)AB#8; 7; 2362; 2247; Y-11669; 534; T 103; pEthr1, LA201 (pEthr1); 2256",REACTIVATION WITH TRYPTONE SOYA BROTH (DSMZ Medium 220a); TRYPTICASE SOY BROTH AGAR (DSMZ Medium 535); MEDIUM 3 - Columbia agar; MEDIUM 72- for trypto casein soja agar; CIP Medium 72,"swine waste; Meadow soil; Human, Peritoneal dialysis fluid; seawater; genetically manipulated derivate of <I>Corynebacterium glutamicum</I> ATCC 13032=DSM 20300"
proteome:UP000002066,1,target_bacteria,proteome,streptomyces pratensis,Streptomyces pratensis (strain ATCC 33331 / IAF-45CD),bacdive_species_exact_name_match,validated_species_exact_name,not_candidate_row,6,0,5,2,2,5,True,1,True,2,3,True,2,2,True,1,1,True,1,1,True,"{""normalized_species_exact"": 1, ""validated_bacdive_id_from_closure"": 1}",DSM 40990; ATCC 33331; DSM 105114; CGMCC 4.6829; NRRL B-24916,I. A. F. 45 CD; ch24,GYM STREPTOMYCES MEDIUM (DSMZ Medium 65); STARCH - MINERAL SALT - AGAR (STMS) (DSMZ Medium 252); ROLLED OATS MINERAL MEDIUM (DSMZ Medium 84),fully composted sheep manure; grassy field soil
taxon:2024|organism:thermoactinomyces intermedius,2,target_bacteria,taxon_organism,thermoactinomyces intermedius,Thermoactinomyces intermedius,bacdive_species_exact_name_match,validated_species_exact_name,not_candidate_row,2,0,2,1,1,11,True,1,True,1,2,True,1,1,True,0,0,False,1,2,True,"{""normalized_species_exact"": 1}",DSM 43846; ATCC 33205; DSM 44011; IFO 14230; JCM 3312; KCC A-0312; NBRC 14230; KCTC 3665; KCTC 9646; NRRL B-16979; VKM Ac-1427,T-323,TRYPTICASE SOY BROTH AGAR (DSMZ Medium 535); GYM STREPTOMYCES MEDIUM (DSMZ Medium 65),air conditioner filter
taxon:1158653|organism:enterococcus faecalis (strain engen0310 / mmh594),4,target_bacteria,taxon_organism,enterococcus faecalis,Enterococcus faecalis (strain EnGen0310 / MMH594),bacdive_species_exact_name_match,validated_species_exact_name,not_candidate_row,4,0,368,184,183,281,True,1,True,111,22,True,131,92,True,94,15,True,15,37,True,"{""normalized_species_exact"": 184}",CCUG 51207; CCUG 51203; CCUG 50764; CCUG 50322; CCUG 48513 B; CCUG 48513 A; CCUG 47777; CCUG 47776; CCUG 47775; CCUG 47594; CCUG 47186; CCUG 46790; CCUG 46401; CCUG 46386; CCUG 45730; CCUG 45101; CCUG 44415 B; CCUG 44206; CCUG 44164; CCUG 44142,"MES 91; AmMS 161; 228; 228bis; BM6217; BM4110; E-48; H69 D5; UW 700/95, V583; JH2-2; UV 202; D36; Elliot D15; D4; D45; JH2; A38; AmMS 260; AmMS 251; 1528",MEDIUM 29- Brain heart agar; CIP Medium 29; CIP Medium 72; MEDIUM 6 - Columbia agar with 10 % horse blood; CIP Medium 6,"Rat feces,diarrhoea; Human blood,76-yr-old woman,endocarditis; Human blood,74-yr-old man; Human wound,heel; Human blood,79-yr-old man"
taxon:334542|organism:rhodococcus qingshengii,6,target_bacteria,taxon_organism,rhodococcus qingshengii,Rhodococcus qingshengii,bacdive_species_exact_name_match,validated_species_exact_name,not_candidate_row,2,0,152,76,76,209,True,3,True,51,25,True,63,47,True,51,12,True,15,23,True,"{""normalized_species_exact"": 5, ""validated_bacdive_id_from_closure"": 71}",STI07252; LMG 28633; CCM 4446; DSM 113666; JCM 9805; JCM 9804; JCM 9803; JCM 3011; CGMCC 4.1481; IFM 0020; JCM 20186; IAM 1503; JCM 20170; IAM 1452; JCM 20165; IAM 1440; JCM 20161; CIP 104648; IAM 1428; IFO 12540,"IMET 07252; RL1; CCMMB1294, GK12; Stevenage 150518_C15; BG43; ACN1; IFP 192 P; P-8-1; TA 57; Stev11; TUHH-12; NIO-1009; djl-6-2; djl-6; A1-22; 81 N Fr; DTB; MAWF; 404-97, H1aT1, PWD28; N60",TRYPTICASE SOY BROTH AGAR (DSMZ Medium 535); TRYPTICASE SOY YEAST EXTRACT MEDIUM (DSMZ Medium 92); BHI MEDIUM (DSMZ Medium 215); MEDIUM 3 - Columbia agar; CIP Medium 72,Eruca sativa leaf; Gut homogenate of the wood-feeding termite <I>Reticulitermes speratus</I>; Soil in petroleum zone; Soil in an experimental field of the Yayoi Campus of the Univ. of Tokyo; soil polluted with fuel and organic wastes
taxon:1078016|organism:rhodococcus erythropolis (strain xp),6,target_bacteria,taxon_organism,rhodococcus erythropolis,Rhodococcus erythropolis (strain XP),bacdive_species_exact_name_match,validated_species_exact_name,not_candidate_row,2,0,152,76,76,209,True,3,True,51,25,True,63,47,True,51,12,True,15,23,True,"{""normalized_species_exact"": 68, ""validated_bacdive_id_from_closure"": 8}",STI07252; LMG 28633; CCM 4446; DSM 113666; JCM 9805; JCM 9804; JCM 9803; JCM 3011; CGMCC 4.1481; IFM 0020; JCM 20186; IAM 1503; JCM 20170; IAM 1452; JCM 20165; IAM 1440; JCM 20161; CIP 104648; IAM 1428; IFO 12540,"IMET 07252; RL1; CCMMB1294, GK12; Stevenage 150518_C15; BG43; ACN1; IFP 192 P; P-8-1; TA 57; Stev11; TUHH-12; NIO-1009; djl-6-2; djl-6; A1-22; 81 N Fr; DTB; MAWF; 404-97, H1aT1, PWD28; N60",TRYPTICASE SOY BROTH AGAR (DSMZ Medium 535); TRYPTICASE SOY YEAST EXTRACT MEDIUM (DSMZ Medium 92); BHI MEDIUM (DSMZ Medium 215); MEDIUM 3 - Columbia agar; CIP Medium 72,Eruca sativa leaf; Gut homogenate of the wood-feeding termite <I>Reticulitermes speratus</I>; Soil in petroleum zone; Soil in an experimental field of the Yayoi Campus of the Univ. of Tokyo; soil polluted with fuel and organic wastes
taxon:715|organism:actinobacillus pleuropneumoniae (haemophilus pleuropneumoniae),21,target_bacteria,taxon_organism,actinobacillus pleuropneumoniae,Actinobacillus pleuropneumoniae (Haemophilus pleuropneumoniae),bacdive_species_exact_name_match,validated_species_exact_name,not_candidate_row,2,0,26,13,13,26,True,1,True,7,5,True,11,12,True,9,5,True,5,6,True,"{""normalized_species_exact"": 13}",DSM 112704; DSM 112701; DSM 112700; CCUG 47657; NCTC 10976; CCUG 47656; NCTC 11407; CCUG 26429; MCCM 00522; CCUG 24855; CCUG 24853; CCUG 9917; CCM 5870; ATCC 27089; CIP 104082; CCUG 41657; CIP 107724; ATCC 27090; CCM 5871; DSM 21511,"7213384-1; 7311555; 16287-1; CNPA75, 266/7656; HK 407; AP 76; 4074","HAEMOPHILUS MEDIUM (DSMZ Medium 804); MEDIUM 10 - Chocolate medium  for Actinobacillus pleuropneumoniae, Capnocytophaga cynodegmi, Haemophilus and Neisseria; CIP Medium 10; CIP Medium 72; BHI MEDIUM (DSMZ Medium 215)",pig lung; pig tonsil; Porcine pleuropneumonia; Porcine; Pig lung
taxon:630|organism:yersinia enterocolitica,8,target_bacteria,taxon_organism,yersinia enterocolitica,Yersinia enterocolitica,bacdive_species_exact_name_match,validated_species_exact_name,not_candidate_row,2,0,200,100,100,165,True,2,True,40,14,True,90,49,True,78,10,True,4,6,True,"{""base_binomial_match_or_subspecies"": 22, ""normalized_species_exact"": 78}",CIP 111978; IP 36813; CIP 111977; IP 35935; CIP 111973; IP 39779; CIP 111972; IP 05342; CIP 111970; IP 39890; CIP 111969; IP 42503; CIP 111971; IP 39285; CIP 111968; IP 39976; CIP 111967; IP 42251; CIP 111966; IP 43284,CARE_00022; CARE_00021; CARE_00017; CARE_00016; CARE_00014; CARE_00013; CARE_00015; CARE_00012; CARE_00011; CARE_00010; CARE_00009; CARE_00008; CARE_00007; CARE_00004; CARE_00003; CARE_00002; CARE_00001; Cla-JM-1; MASE-SM-10; MASE-SM-9,CIP Medium 72; WILKINS-CHALGREN ANAEROBE BROTH (DSMZ Medium 339); NUTRIENT AGAR (DSMZ Medium 1); MEDIUM 3 - Columbia agar; CIP Medium 3,"Human, Stools; Animal, Rabbit; Human, Abscess; Human, Articular liquid; gut content; wild mouse"
taxon:37919|organism:rhodococcus opacus (nocardia opaca),30,target_bacteria,taxon_organism,rhodococcus opacus,Rhodococcus opacus (Nocardia opaca),bacdive_species_exact_name_match,validated_species_exact_name,not_candidate_row,2,0,62,31,31,68,True,3,True,30,22,True,27,20,True,22,9,True,9,14,True,"{""normalized_species_exact"": 29, ""validated_bacdive_id_from_closure"": 2}",STI07029; CIP 110889; CCMM B1295; DSM 46757; VKM Ac-2638; CIP 107348; DSM 45091; CIP 109333; JCM 13270; MTCC 7085; NCIMB 14316; DSM 44240; CIP 104964; HAMBI 1752; LMAU R292; JCM 10087; DSM 46027; IMET 7365; NCIB 9702; DSM 44855,"IMET 07029; GK 3, GK3; 1CP; R7; RKJ 300; LMAU.R292, HAMBI, MBS 1; R1L6; ROL2; ROL1; ISO-5; 97-319, H3aT3, PWD19; 315-97, PWD15, S1aT1; 304-97, H1aT2, PWD4; Bie-17; GW-86a; 310-97, L1aT1, PWD10; 307-97, PWD7, S2aT5, S<SUB>2</SUB>aT5; 305-97, L2aT3, PWD5; Tue Acy 1; MoAcy1","CIP Medium 29; TRYPTICASE SOY BROTH AGAR (DSMZ Medium 535); MEDIUM 72- for trypto casein soja agar; CIP Medium 72; MEDIUM 116 - for Streptomyces, Nocardia, Streptosporangium and Mycobacterium chlorophenolicum","Environment, Polluted soil, fuel and organic waste; enrichment culture; Environment, Contaminated soil; pesticide-contaminated soil; Pesticide-contaminated soil"
taxon:28090|organism:acinetobacter lwoffii,6,target_bacteria,taxon_organism,acinetobacter lwoffii,Acinetobacter lwoffii,bacdive_species_exact_name_match,validated_species_exact_name,not_candidate_row,2,0,102,51,51,87,True,1,True,34,9,True,47,39,True,42,10,True,11,18,True,"{""normalized_species_exact"": 51}",CIP 110969; CIP 200013; CIP 110967; CIP 200119; CIP 70.17; ATCC 17925; LMG 1004; NCIMB 9020; JCM 31073; DSM 26953; DSM 110938; DSM 110883; CCUG 61917; CCUG 60534; CCUG 60343; CCUG 60151; CCUG 59975; CCUG 59881; CCUG 59661; CCUG 58423,GC2; S 58/4; S2/2 B; 11.976; 2; 705-86; Stev48; 2A; alk 4PO c); alk 3PO c); ES-12; ES2-W2a2; ES1-306b; ES1-230-1c; ES1-189-7; ES1-189-6; ES1-189-5; ES1-117-3,CIP Medium 72; CASO AGAR (MERCK 105458) (DSMZ Medium 220); TRYPTICASE SOY BROTH AGAR (DSMZ Medium 535); TRYPTICASE SOY YEAST EXTRACT MEDIUM (DSMZ Medium 92); MEDIUM 72- for trypto casein soja agar,"Human, Conjunctivitis (child); Yeast; Oil-contaminated soil in Bozku? 1 petroleum station in Diyarbakir in the southeast of Turkey; Bozkus 1 petroleum station; petroleum-contaminated soil"
taxon:727|organism:haemophilus influenzae,6,target_bacteria,taxon_organism,haemophilus influenzae,Haemophilus influenzae,bacdive_species_exact_name_match,validated_species_exact_name,not_candidate_row,4,0,400,200,200,263,True,1,True,83,13,True,154,104,True,160,10,True,10,12,True,"{""normalized_species_exact"": 200}",CCUG 41635; CCUG 39845; CCUG 39823; CCUG 39059; CCUG 38141; CCUG 38024; CCUG 37942; CCUG 37795; CCUG 37479; CCUG 37291; CCUG 36943; CCUG 36704; CCUG 36039; MCCM 02805; CCUG 36017; MCCM 02733; CCUG 35906; CCUG 35672; CCUG 35407; CCUG 35273,97393; 595; 118; 547.84; 447.84; 717.84; 125.87; CNRH 99024; 258-86; 86242; 153.87; 766.85; 511.85; 97371; CNRH 00763; CNRH 00498; 384-86; 243-86; 187-86; 186-86,"MEDIUM 10 - Chocolate medium  for Actinobacillus pleuropneumoniae, Capnocytophaga cynodegmi, Haemophilus and Neisseria; CIP Medium 10; CIP Medium 10_BIORAD; MEDIUM 6 - Columbia agar with 10 % horse blood; CIP Medium 6","Human cerebrospinal fluid,5-mnth-old girl; Human bronchus brush; Human nasopharynx; Human ethmoidal pus,sinuitis; Human blood"
taxon:323|organism:pseudomonas syringae pv. tomato,3,target_bacteria,taxon_organism,pseudomonas syringae,Pseudomonas syringae pv. tomato,bacdive_species_exact_name_match,validated_species_exact_name,not_candidate_row,2,0,164,82,81,164,True,2,True,68,17,True,59,57,True,50,19,True,14,15,True,"{""normalized_species_exact"": 82}",STI11189; SF002761; SF002744; JCM 14317; ATCC 11365; CFBP 1512; ICMP 3079; JCM 14314; ATCC 7389; ICMP 3881; ICMP 5036; NCPPB 1015; NRRL B-855; IMI 349393; IMI 349392; IMI 349204; IMI 349170; IMI 347733; IMI 347732; IMI 347448,"IMET 11189; 11190; FSU-2744; CRAPAV013, PsaveCRAPAV013; I 201; 685; J1; 221, 283; 44/2b; MP 65; MP50; 133, 281; N.A.3; 6; PC 17; 247; 248, 286; PA 13; 16.1; Ps268",Nutrient Agar (NA); Glucose-Peptone (GP) medium; TRYPTICASE SOY BROTH AGAR (DSMZ Medium 535); NUTRIENT AGAR (DSMZ Medium 1); GLUCOSE YEAST EXTRACT MEDIUM (DSMZ Medium 54),Jerusalem artichoke; Cynara scolymus; Citrus limon; Sorghum vulgar var. sudanense; Sorghum vulgare
taxon:1912|organism:streptomyces hygroscopicus,13,target_bacteria,taxon_organism,streptomyces hygroscopicus,Streptomyces hygroscopicus,bacdive_species_exact_name_match,validated_species_exact_name,not_candidate_row,2,0,52,26,25,114,True,2,True,15,22,True,9,5,True,8,4,True,7,8,True,"{""base_binomial_match_or_subspecies"": 12, ""normalized_species_exact"": 12, ""validated_bacdive_id_from_closure"": 2}",STH00016; ST032209; ST028383; ST028382; ST028334; ST007688; ST005119; JCM 4885; IFO 16556; NBRC 16556; JCM 4712; ATCC 21589; IFO 16555; NBRC 16555; JCM 4092; DSM 41599; IFO 16553; NBIMCC 1604; NBRC 16553; NRRL B-1477,"ATCC 53730; IMET 43606; IMET 43597; IMET 43596; IMET 43121; JA06599; JA04637; 325-15; ST004785(HKI), JA04029a, JA04029b; RGB A-777; J296-21; T-42082, FERM-P 2691; U-442; B-5050; BJ-311, Tresner BJ-311, K5-4; M5-13184; 9-20",MEDIUM 122 - for Streptomyces; CIP Medium 122; MEDIUM 72- for trypto casein soja agar; CIP Medium 72; MEDIUM 366 - for Actinoalloteichus cyanogriseus,"Soil; Peaty soil; Environment, Peart soil; Environment, Peaty soil; soil"
taxon:511|organism:alcaligenes faecalis,7,target_bacteria,taxon_organism,alcaligenes faecalis,Alcaligenes faecalis,bacdive_species_exact_name_match,validated_species_exact_name,not_candidate_row,2,0,124,62,62,151,True,3,True,28,15,True,42,44,True,41,13,True,4,11,True,"{""base_binomial_match_or_subspecies"": 9, ""normalized_species_exact"": 53}",SF002785; DSM 117146; DSM 110696; DSM 108185; DSM 108182; DSM 108181; DSM 108051; DSM 107046; DSM 107045; DSM 107044; JCM 20666; IAM 12589; JCM 20665; CIP R546; IAM 12588; LMG 3375; JCM 20640; IAM 12562; LMG 3372; NCIMB 10704,"840; Dres_AlcFaec_15; Dres_AlcFaec_14; Dres_AlcFaec_12; Dres_AlcFaec_11; Dres_AlcFaec_02; Dres_AlcFaec_08; Dres_AlcFaec_07; Ch.mt.2; 44-86, 3242; N46; N28; Krier 2; Lister; 439; J; G; 16 (R. Hugh 135), 135, 16; MT1; LRA 410282",TRYPTICASE SOY YEAST EXTRACT MEDIUM (DSMZ Medium 92); Tryptic Soy Agar (TSA); Nutrient Agar (NA); MEDIUM 3 - Columbia agar; CIP Medium 3,"Swab, human; swab; urine; swab wound; Human blood culture"
taxon:2064|organism:kitasatospora griseola (streptomyces griseolosporeus),7,target_bacteria,taxon_organism,kitasatospora griseola,Kitasatospora griseola (Streptomyces griseolosporeus),bacdive_species_exact_name_match,validated_species_exact_name,not_candidate_row,2,0,2,1,1,13,True,1,True,1,8,True,1,2,True,0,0,False,1,1,True,"{""normalized_species_exact"": 1}",DSM 43859; AS 4.1869; IFO 14371; JCM 3339; NBRC 14371; NRRL B-16229; BCRC 13377; CGMCC 4.1869; KACC 20228; KCTC 9745; KCTC 9791; MTCC 1524; VKM Ac-2002,AM-9660,GYM STREPTOMYCES MEDIUM (DSMZ Medium 65); ISP 2; ISP 3; ISP 4; ISP 5,soil; Soil
taxon:1829|organism:rhodococcus rhodochrous,11,target_bacteria,taxon_organism,rhodococcus rhodochrous,Rhodococcus rhodochrous,bacdive_species_exact_name_match,validated_species_exact_name,not_candidate_row,2,0,66,33,28,121,True,1,True,25,16,True,11,11,True,10,8,True,4,7,True,"{""normalized_species_exact"": 33}",DSM 111905; JCM 2157; ATCC 999; CIP 104495; IAM 12126; NCIMB 9948; VKM Ac-780; CCUG 29792; CCUG 23576; ATCC 25721; CIP 82.104; ATCC 184; NCTC 2682; NCTC 7510; CIP 104496; ATCC 4004; IAM 12127; JCM 2158; CIP 104638; PCM 2216,"G38GP; 1652; N454; RPK 1; PY11; STI07602(IMET), N110; STI07546(IMET), R.E.G.8139, GdfN66; STI07299(IMET), N110; STI07300(IMET), N112; STI07290(IMET), N55; STI07274(IMET), N61; 40019, Breed He-11, Gdf R10; Gdf N31, Gordon W21, N31, Overbeck; N27H; N 1030; N31 R312, W 21; 372, KMRh; OR; S5; An117",TRYPTICASE SOY BROTH AGAR (DSMZ Medium 535); CIP Medium 3; MEDIUM 3 - Columbia agar; CIP Medium 72; ORGANIC MEDIUM 79 (DSMZ Medium 426),"Gromphadorhina portentosa cockroach; Mississippi River water; Environment, Mississippi river water; Contact lens; Environment, Soil"
taxon:1848|organism:pseudonocardia thermophila,10,target_bacteria,taxon_organism,pseudonocardia thermophila,Pseudonocardia thermophila,bacdive_species_exact_name_match,validated_species_exact_name,not_candidate_row,2,0,4,2,2,25,True,1,True,2,8,True,2,4,True,1,1,True,1,1,True,"{""normalized_species_exact"": 2}",DSM 43832; ATCC 19285; CBS 277.66; IAM 14290; JCM 3095; NCIB 10079; BCRC 12539; CGMCC 4.1303; IFO 15559; KCTC 9151; NBRC 15559; NCIMB 10079; NRRL B-1978; VKM Ac-896; DSM 43027; CBS 350.63; IFO 12133; KCC A-0032; NBRC 12133; JCM 3032,,GYM STREPTOMYCES MEDIUM (DSMZ Medium 65); ISP 2; ISP 3; ISP 4; ISP 5,fresh horse manure; Fresh horse manure; mushroom compost; Mushroom compost
taxon:55209|organism:pantoea cypripedii (pectobacterium cypripedii) (erwinia cypripedii),3,target_bacteria,taxon_organism,pantoea cypripedii,Pantoea cypripedii (Pectobacterium cypripedii) (Erwinia cypripedii),bacdive_species_exact_name_match,validated_species_exact_name,not_candidate_row,2,0,16,8,8,19,True,1,True,8,7,True,8,6,True,6,4,True,1,1,True,"{""normalized_species_exact"": 3, ""validated_bacdive_id_from_closure"": 5}",IMI 348286; IMI 348285; IMI 348284; IMI 346332; IMI 346331; DSM 30183; DSM 60434; DSM 30182; DSM 60216; DSM 3873; ATCC 29267; LMG 2655; LMG 2657; PDDCC 1591-66; CIP 105195; NCPPB 3004; CFPB 3613; PDDCC 1591; ICPB EC 155,4778,Nutrient Agar (NA); NUTRIENT AGAR (DSMZ Medium 1); GLUCOSE YEAST EXTRACT MEDIUM (DSMZ Medium 54); REACTIVATION WITH LIQUID MEDIUM 1 (DSMZ Medium 1a); YPGA (DSMZ Medium 1015),"Sauropus androgynus; leaf of orchid; <I>Paphiopedilum</I> sp., brown soft rot of leaf; <I>Paphiopedilum philippinense</I>, soft rot of leaf; cypripedium orchid"
taxon:2098|organism:metamycoplasma hominis (mycoplasma hominis),4,target_bacteria,taxon_organism,metamycoplasma hominis,Metamycoplasma hominis (Mycoplasma hominis),bacdive_species_exact_name_match,validated_species_exact_name,not_candidate_row,2,0,10,5,5,10,True,1,True,2,2,True,5,6,True,4,2,True,1,2,True,"{""normalized_species_exact"": 2, ""validated_bacdive_id_from_closure"": 3}",CCUG 59102; CCUG 45655; CCUG 44483; DSM 25592; ATCC 23114; CIP 103715; IFO (now NBRC) 14850; NCTC 10111; CCUG 50616; DSM 19104,PG21; ZK-CU2,SP4-Z MEDIUM (DSMZ Medium 1076b); MEDIUM 89 - for Mycoplasma,"Human sinus,20-yr-old woman; Human amniotic membrane; Human ?; human rectal swab; Human rectal swab"
taxon:1553|organism:clostridium tetanomorphum,3,target_bacteria,taxon_organism,clostridium tetanomorphum,Clostridium tetanomorphum,bacdive_species_exact_name_match,validated_species_exact_name,not_candidate_row,2,0,8,4,4,8,True,1,True,4,4,True,4,3,True,2,1,True,2,2,True,"{""normalized_species_exact"": 4}",CIP 108179; DSM 4474; ATCC 49273; NCTC 543; DSM 665; NCTC 288; DSM 528; ATCC 15920,1772C; 259 E.III.; 297 VII; H1,MEDIUM 20 - for Anaerobic bacteria; CIP Medium 20; WILKINS-CHALGREN ANAEROBE BROTH (DSMZ Medium 339); CHOPPED MEAT MEDIUM WITH CARBOHYDRATES (DSMZ Medium 110),Mackerel piebald; septic wound; soil
taxon:85698|organism:alcaligenes xylosoxydans xylosoxydans (achromobacter xylosoxidans),3,target_bacteria,taxon_organism,alcaligenes xylosoxydans,Alcaligenes xylosoxydans xylosoxydans (Achromobacter xylosoxidans),bacdive_species_taxid_or_synonym_match,validated_species_taxid_or_synonym,not_candidate_row,2,0,148,74,74,109,True,0,False,35,7,True,67,57,True,64,11,True,2,3,True,"{""validated_bacdive_species_exact"": 74}",DSM 120632; DSM 120188; DSM 113276; DSM 113263; DSM 113262; JCM 9787; JCM 9656; ATCC 27063; JCM 20748; GIFU 1047; IAM 12689; JCM 20747; GIFU 1044; IAM 12688; JCM 20745; CDC B6949; GIFU 954; IAM 12686; LMG 3420; CCUG 72784,Dres_AchromXyl_07; Dres_AchromXyl_05; Dres_AchromXyl_10; Dres_AchromXyl_02; Dres_AchromXyl_01; 126-87; 1030-85; 21-87; 761-86; 618-86; 205-86; 28443; 111-86; 253-86; 76.80; N°2; 93.3; 762-85; 93.9; 1032-85,TRYPTICASE SOY YEAST EXTRACT MEDIUM (DSMZ Medium 92); MEDIUM 72- for trypto casein soja agar; CIP Medium 72; CIP Medium 3; MEDIUM 3 - Columbia agar,"urine, human; swab, human; swap; Sputum; Soil from the Arakawa River,by enrichment with biphenyl as the sole source of carbon and energy"
taxon:1494|organism:clostridium cochlearium,2,target_bacteria,taxon_organism,clostridium cochlearium,Clostridium cochlearium,bacdive_species_exact_name_match,validated_species_exact_name,not_candidate_row,2,0,18,9,9,24,True,1,True,8,8,True,8,9,True,5,3,True,5,5,True,"{""normalized_species_exact"": 9}",DSM 116330; DSM 107247; CCUG 45978; DSM 29358; DSM 3588; ATCC 19407; NCTC 2909; CCUG 4221; DSM 2153; ATCC 17794; NCIMB 10629; JCM 1384; BCRC 14549; NCTC 13028; DSM 1285; ATCC 17787; JCM 1396; NCIMB 10633; CCUG 31665; BCRC 14471,"NLAE-zl-C224; Med78_4-601-WT-1; G7K4R3-PYG-96; 446; 998; 1243, McClung, 1243, McClung, 10041; Zi7; H25alpha",PY + X MEDIUM (N2/CO2) (DSMZ Medium 104c); WILKINS-CHALGREN ANAEROBE BROTH (DSMZ Medium 339); FASTIDIOUS ANAEROBE AGAR (DSMZ Medium 1203); PYG MEDIUM (MODIFIED) (DSMZ Medium 104); CHOPPED MEAT MEDIUM WITH CARBOHYDRATES (DSMZ Medium 110),"cow faeces; feces; pig, 12 month old, wild type; Industry,processed cheese; caecal content; wildtype C57BL/6 mouse; saliva"
taxon:40214|organism:acinetobacter johnsonii,3,target_bacteria,taxon_organism,acinetobacter johnsonii,Acinetobacter johnsonii,bacdive_species_exact_name_match,validated_species_exact_name,not_candidate_row,2,0,58,29,29,55,True,2,True,18,7,True,25,27,True,21,8,True,6,9,True,"{""normalized_species_exact"": 28, ""validated_bacdive_id_from_closure"": 1}",DSM 108311; DSM 108309; DSM 108308; CIP 110972; CIP 200146; CRBIP17.7; CCUG 63064; CCUG 61200; CCUG 60882; CCUG 60467; CCUG 59570; CCUG 58982; CCUG 58937; CCUG 58904 Q; CCUG 57820; CCUG 31979; NCIMB 9871; CCUG 792; NCDC B1728; CIP 68.41,"Dres_AcJohn_03; Dres_AcJohn_02; Dres_AcJohn_01; CIMB 04-5291; B23; A3; FR2-89; ES2-W6b2; ES2-W2b2; 3865/60; 5BO2, 5B02",TRYPTICASE SOY YEAST EXTRACT MEDIUM (DSMZ Medium 92); CIP Medium 72; MEDIUM 72- for trypto casein soja agar; CASO AGAR (MERCK 105458) (DSMZ Medium 220); NUTRIENT AGAR (DSMZ Medium 1),"swab; urine; Thymus; Environment; Human blood,90-yr-old woman"
taxon:53406|organism:pseudomonas anguilliseptica,1,target_bacteria,taxon_organism,pseudomonas anguilliseptica,Pseudomonas anguilliseptica,bacdive_species_exact_name_match,validated_species_exact_name,not_candidate_row,2,0,4,2,2,7,True,1,True,1,4,True,2,4,True,2,2,True,1,1,True,"{""normalized_species_exact"": 2}",CCUG 42030 B; CCUG 35503; DSM 12111; ATCC 33660; NCIMB 1949; CIP 106711; CECT 899,S1,CASO AGAR (MERCK 105458) (DSMZ Medium 220); Marine agar (MA); CIP Medium 72; CIP Medium 13,"Water,municipal tap water; pond-cultured eels (<I>Anguilla japonica</I>); Eels,pond-cultured (Anguilla japonica); Pond-cultured anguilla japonica"
taxon:362|organism:agrobacterium radiobacter,5,target_bacteria,taxon_organism,agrobacterium radiobacter,Agrobacterium radiobacter,bacdive_species_exact_name_match,validated_species_exact_name,not_candidate_row,2,0,126,63,63,152,True,1,True,35,12,True,51,45,True,47,14,True,6,12,True,"{""normalized_species_exact"": 54, ""validated_bacdive_id_from_closure"": 9}",CRBIP17.18; CRBIP17.104; JCM 20991; IAM 13940; LMG 332; JCM 20988; IAM 13934; NCPPB 1641; JCM 20924; IAM 13575; LMG 225; NCPPB 925; JCM 20922; IAM 13573; NCPPB 2659; JCM 20198; ATCC 4452; IAM 1525; IFO 12667; LMG 181,"CIMB 05-1182; CIMB 04-5646; 572-85; 358-86; 81.83; 500; TT134, 6-1-2; B62; B6 Tr; GV3101(pMP90); H-100; 3/1; F/1; B 6, B6; M 2/1; pMP90RK, GV3101(pMP90RK); d3I; AK205; C58, pTi",CIP Medium 72; Nutrient Agar (NA); MEDIUM 3 - Columbia agar; CIP Medium 3; NUTRIENT AGAR (DSMZ Medium 1),"Environment, Water; Human, Eye; Walnut gall; Crown gall; Hairy root"
taxon:1859|organism:frankia alni,3,target_bacteria,taxon_organism,frankia alni,Frankia alni,bacdive_species_exact_name_match,validated_species_exact_name,not_candidate_row,4,0,2,1,1,2,True,1,True,1,4,True,1,1,True,1,1,True,1,1,True,"{""normalized_species_exact"": 1}",DSM 45986; CECT 9034,"ACN14a, ULQ010201401",BAP+ MEDIUM FOR FRANKIA (DSMZ Medium 1536); liquid BAP (basic propionate) medium; BAP (basic propionate) medium; MODIFIED BAP+ (PSA) MEDIUM FOR FRANKIA (DSMZ Medium 1660),root nodule of <i>Alnus viridis</i> ssp. <i>crispa</i>
taxon:1281|organism:staphylococcus carnosus,1,target_bacteria,taxon_organism,staphylococcus carnosus,Staphylococcus carnosus,bacdive_species_exact_name_match,validated_species_exact_name,not_candidate_row,2,0,30,15,15,28,True,2,True,3,4,True,9,7,True,2,1,True,4,7,True,"{""base_binomial_match_or_subspecies"": 6, ""normalized_species_exact"": 9}",JCM 6077; JCM 6070; JCM 6069; MTCC 6157; JCM 6068; JCM 6066; JCM 6064; DSM 11677; JCM 6065; CIP 105759; DSM 11676; JCM 6067; CCUG 39903; CIP 105758; NCIMB 13560; NCTC 13826; DSM 20501; ATCC 51365; CCUG 15605; CIP 103274,"SK 09; SK 11, SK 11T; 361; pLipP1, TM300 (plasmid pLipP1); pamy8, TM300; pTE15, TM300; pCT20, TM300 (plasmid pCT20); TM300 (plasmid pCA44); pNuc1, TM300 (plasmid pNuc1)",TRYPTICASE SOY YEAST EXTRACT MEDIUM (DSMZ Medium 92); MEDIUM 3 - Columbia agar; CIP Medium 3; COLUMBIA BLOOD MEDIUM (DSMZ Medium 693),"Kung-chom (fermented shrimp); Pla-chom (fermented small fish); fermented fish sauce (Pla-chom); Food, Fermenting fish and shrimp sauces; dry sausage"
taxon:1930|organism:streptomyces scabiei,1,target_bacteria,taxon_organism,streptomyces scabiei,Streptomyces scabiei,bacdive_species_exact_name_match,validated_species_exact_name,not_candidate_row,2,0,66,33,30,76,True,1,True,29,16,True,20,11,True,16,6,True,1,4,True,"{""normalized_species_exact"": 33}",DSM 41000; DSM 40999; IMI 349428; CIP 55.78; DSM 41992; DSM 41744; DSM 41667; DSM 41666; DSM 41665; DSM 41664; DSM 41663; DSM 41662; DSM 41661; DSM 41660; DSM 41659; DSM 41658; ATCC 49173; JCM 7914; CFBP 4517; CGMCC 4.1765,"Würzburg 1708; 1761; ST028348(HKI), D14; STI43347(IMET), Ka22; ST028317(HKI), Baldacci8; 208; 364; RL-232; RL-174; RL-151; RL-131; RL-102; RL-70; RL-43; RL-42; RL-39; RL-34; S 13; S 10; S 9",GYM STREPTOMYCES MEDIUM (DSMZ Medium 65); HICKEY-TRESNER-AGAR (DSMZ Medium 658); Potato Carrot Agar (DSMZ Medium 1765); Nutrient Agar (NA); MEDIUM 127 - for Streptomyces scabiei and Thiobacillus novellus,Solanum tuberosum; scab lesion on potato tuber; <I>Solanum tuberosum</I> cv. fambo (tuber); potato scab; Potato scab
taxon:492|organism:neisseria animalis,2,target_bacteria,taxon_organism,neisseria animalis,Neisseria animalis,bacdive_species_exact_name_match,validated_species_exact_name,not_candidate_row,2,0,8,4,4,10,True,1,True,1,4,True,1,3,True,1,1,True,1,3,True,"{""normalized_species_exact"": 4}",CCUG 27177; CCUG 27176; CCUG 809; DSM 23392; ATCC 49930; CCUG 808; CIP 72.15; NCTC 10212; CCUG 26879; ATCC 19573,"NA1, 1411",BHI MEDIUM (DSMZ Medium 215); COLUMBIA BLOOD MEDIUM (DSMZ Medium 693); MEDIUM 6 - Columbia agar with 10 % horse blood; CIP Medium 6,"guinea-pig; Guinea-pig; Animal, Guinea pig"
taxon:483|organism:neisseria cinerea,3,target_bacteria,taxon_organism,neisseria cinerea,Neisseria cinerea,bacdive_species_exact_name_match,validated_species_exact_name,not_candidate_row,2,0,14,7,7,12,True,1,True,1,3,True,6,6,True,5,2,True,5,8,True,"{""normalized_species_exact"": 7}",CCUG 53043 B; CCUG 28662; CCUG 27182; CCUG 27178 A; CCUG 25879; CCUG 5746; DSM 4630; ATCC 14685; NCTC 10294; CIP 73.16; CCUG 2156; LMG 8380,194,COLUMBIA BLOOD MEDIUM (DSMZ Medium 693); MEDIUM 6 - Columbia agar with 10 % horse blood; CIP Medium 6,"Human eye,newborn; Proctitis; Human urine,kidney malfunction,fever; Human eye,baby; Nasopharynx"
taxon:484|organism:neisseria flavescens,3,target_bacteria,taxon_organism,neisseria flavescens,Neisseria flavescens,bacdive_species_exact_name_match,validated_species_exact_name,not_candidate_row,2,0,6,3,3,11,True,1,True,2,4,True,3,5,True,2,2,True,1,2,True,"{""normalized_species_exact"": 3}",CCUG 807; ATCC 13119; CIP 52.181; ATCC 13118; CCUG 26476; DSM 17633; ATCC 13120; CCUG 345; CIP 73.15; LMG 5297; NCTC 8263,"N 157, 36A, 9746; N155, 34A, strain 34A","MEDIUM 10 - Chocolate medium  for Actinobacillus pleuropneumoniae, Capnocytophaga cynodegmi, Haemophilus and Neisseria; CIP Medium 10; BHI MEDIUM (DSMZ Medium 215); COLUMBIA BLOOD MEDIUM (DSMZ Medium 693)","Human spinal fluid; Human cerebrospinal fluid; Cerebrospinal fluid; human cerebrospinal fluid; fatal case of meningitis; Human, Cerebrospinal fluid, fatal case of meningitis"
taxon:486|organism:neisseria lactamica,5,target_bacteria,taxon_organism,neisseria lactamica,Neisseria lactamica,bacdive_species_exact_name_match,validated_species_exact_name,not_candidate_row,2,0,32,16,16,29,True,1,True,8,6,True,12,9,True,10,4,True,3,5,True,"{""normalized_species_exact"": 16}",CCUG 44970; CCUG 26481; CCUG 26480; CCUG 26479; CCUG 17628; CCM 4402; CCUG 17016; CCUG 7757; CCUG 796; ATCC 23972; NCTC 10616; CIP 76.123; CIP 102541; ATCC 23971; NCTC 10618; NCDC A5906; CIP 107855; CIP 73.28; CIP 73.27; CIP 103665,Tazir; 8064; LNP N 105; LNP N 104; AmMS 118; 9764,"MEDIUM 6 - Columbia agar with 10 % horse blood; CIP Medium 6; MEDIUM 10 - Chocolate medium  for Actinobacillus pleuropneumoniae, Capnocytophaga cynodegmi, Haemophilus and Neisseria; CIP Medium 10; COLUMBIA BLOOD MEDIUM (DSMZ Medium 693)","Human ?; Human nasopharynx,10-month-old male; Human nasopharynx,child; Human cerebrospinal fluid; Human, Throat"
taxon:489|organism:neisseria polysaccharea,3,target_bacteria,taxon_organism,neisseria polysaccharea,Neisseria polysaccharea,bacdive_species_exact_name_match,validated_species_exact_name,not_candidate_row,2,0,4,2,2,6,True,1,True,1,4,True,2,4,True,2,2,True,2,3,True,"{""normalized_species_exact"": 2}",CCUG 18031; DSM 22809; ATCC 43768; CCUG 18030; CIP 100113; NCTC 11858,LNP N 462,COLUMBIA BLOOD AGAR (DSMZ Medium 429); COLUMBIA BLOOD MEDIUM (DSMZ Medium 693); MEDIUM 6 - Columbia agar with 10 % horse blood; CIP Medium 6,"Human throat; healthy child, throat; Human throat,healthy child; Human, Throat, healthy child"
taxon:2189|organism:methanotorris igneus (methanococcus igneus),1,target_archaea,taxon_organism,methanotorris igneus,Methanotorris igneus (Methanococcus igneus),bacdive_species_exact_name_match,validated_species_exact_name,not_candidate_row,2,0,2,1,1,3,True,1,True,1,1,True,1,2,True,1,1,True,1,1,True,"{""normalized_species_exact"": 1}",DSM 5666; JCM 11834; Kol 5,,METHANOCALDOCOCCUS MEDIUM (DSMZ Medium 282),marine hydrothermal system; Shallow submarine hydrothermal system at the Kolbeinsey ridge
taxon:1270|organism:micrococcus luteus (micrococcus lysodeikticus),4,target_bacteria,taxon_organism,micrococcus luteus,Micrococcus luteus (Micrococcus lysodeikticus),bacdive_species_exact_name_match,validated_species_exact_name,not_candidate_row,4,0,348,174,172,327,True,3,True,134,19,True,153,62,True,143,16,True,6,14,True,"{""normalized_species_exact"": 171, ""validated_bacdive_id_from_closure"": 3}",ST033707; ST033706; DSM 113045; DSM 113923; DSM 113547; DSM 103966; JCM 3348; ATCC 15801; BCRC 13079; JCM 3347; ATCC 27141; JCM 21373; IAM 14879; NCIMB 13267; JCM 20435; ATCC 381; CCM 559; IAM 12144; JCM 20343; ATCC 540,139; SG125A; 113045; Turin7-W06; TURIN101221_C4; 8d_C46; SB-332; SB 200b; WS 7; S53/2 I yellow; S2/2 A; Fh040319-C17; K26-7; Fh040319_C9; Fh040319_C7; Fh040319_C6; MRS-249-WT-4A; I10A-01254; TURIN130318_C14; TURIN130318_C11,TRYPTICASE SOY YEAST EXTRACT MEDIUM (DSMZ Medium 92); COLUMBIA BLOOD MEDIUM (DSMZ Medium 693); CASO AGAR (MERCK 105458) (DSMZ Medium 220); PP-MEDIUM (DSMZ Medium 513); R2A MEDIUM (DSMZ Medium 830),"swab; Leg of landing platform, rover (ExoMars 2022); cleanroom facilities, ExoMars2022; cleanroom facility, Airbus Defence and Space; Nares"
proteome:UP000032707,2,target_bacteria,proteome,neisseria meningitidis,Neisseria meningitidis serogroup B / serotype 15 (strain H44/76),bacdive_species_exact_name_match,validated_species_exact_name,not_candidate_row,6,0,314,157,157,184,True,1,True,61,8,True,87,39,True,91,19,True,6,7,True,"{""normalized_species_exact"": 157}",CCUG 63283; CCUG 61453; CCUG 61452; CCUG 61451; CCUG 61450; CCUG 56352; CCUG 55614; CCUG 48617; CCUG 48110; CCUG 47928; CCUG 47926; CCUG 47925; CCUG 47924; CCUG 45715; CCUG 45087; CCUG 42381; CCUG 42380; CCUG 42379; CCUG 41483; CCUG 41447,"M2092; M 1628, LNP 1914; LNP 3971; LNP 1291, M 992; 1290, M 982, LNP 1520; LNP 1519, 1289, M 1080; 1288, M 981, LNP 1518; M 990, 1287, LNP 1517; LNP 3969; C109; 18/68, LNP 1915; Z2491; LNP 636, M 521; B32; C111, Conde; Nguyen, R 599; Charv; LNP 2401, S 3446-1; Leroy; 20/68, LNP 1917","MEDIUM 10 - Chocolate medium  for Actinobacillus pleuropneumoniae, Capnocytophaga cynodegmi, Haemophilus and Neisseria; CIP Medium 10; CIP Medium 10_BIORAD; MEDIUM 3 - Columbia agar; CIP Medium 3","Human blood; Human blood,18-yr-old man; Human blood,79-yr-old woman; Human blood,49-yr-old woman; Human blood,76-yr-old woman"
taxon:487|organism:neisseria meningitidis,2,target_bacteria,taxon_organism,neisseria meningitidis,Neisseria meningitidis,bacdive_species_exact_name_match,validated_species_exact_name,not_candidate_row,4,0,314,157,157,184,True,1,True,61,8,True,87,39,True,91,19,True,6,7,True,"{""normalized_species_exact"": 157}",CCUG 63283; CCUG 61453; CCUG 61452; CCUG 61451; CCUG 61450; CCUG 56352; CCUG 55614; CCUG 48617; CCUG 48110; CCUG 47928; CCUG 47926; CCUG 47925; CCUG 47924; CCUG 45715; CCUG 45087; CCUG 42381; CCUG 42380; CCUG 42379; CCUG 41483; CCUG 41447,"M2092; M 1628, LNP 1914; LNP 3971; LNP 1291, M 992; 1290, M 982, LNP 1520; LNP 1519, 1289, M 1080; 1288, M 981, LNP 1518; M 990, 1287, LNP 1517; LNP 3969; C109; 18/68, LNP 1915; Z2491; LNP 636, M 521; B32; C111, Conde; Nguyen, R 599; Charv; LNP 2401, S 3446-1; Leroy; 20/68, LNP 1917","MEDIUM 10 - Chocolate medium  for Actinobacillus pleuropneumoniae, Capnocytophaga cynodegmi, Haemophilus and Neisseria; CIP Medium 10; CIP Medium 10_BIORAD; MEDIUM 3 - Columbia agar; CIP Medium 3","Human blood; Human blood,18-yr-old man; Human blood,79-yr-old woman; Human blood,49-yr-old woman; Human blood,76-yr-old woman"
taxon:1359|organism:lactococcus lactis subsp. cremoris (streptococcus cremoris),16,target_bacteria,taxon_organism,lactococcus lactis,Lactococcus lactis subsp. cremoris (Streptococcus cremoris),bacdive_species_exact_name_match,validated_species_exact_name,not_candidate_row,2,0,106,53,53,122,True,2,True,24,11,True,33,35,True,26,8,True,8,27,True,"{""base_binomial_match_or_subspecies"": 10, ""normalized_species_exact"": 43}",DSM 117780; DSM 110082; JCM 20399; IAM 12092; JCM 20128; ATU L-17; IAM 1249; JCM 20101; ATU L-31; IAM 1198; JCM 18008; FERM AP-21288; JCM 12650; DSM 111870; DSM 111869; DSM 111868; DSM 111832; DSM 27303; CCUG 61221; CCUG 60423,"A537/21; CLA-AV-14; SB 261; SB 150; SB 352; SB 17; SV21; 129.86; J4 Alger; J4 conserves; H 214, N35; N34, RICE; E9; Berridge X 13; 2; OJ, N30; 5; 54296; 117; Lactose/Citrate plasmid, W932",LB (Luria-Bertani) MEDIUM (DSMZ Medium 381); COLUMBIA BLOOD MEDIUM (DSMZ Medium 693); BHI MEDIUM (DSMZ Medium 215); MRS MEDIUM (DSMZ Medium 11); TRYPTICASE SOY YEAST EXTRACT MEDIUM (DSMZ Medium 92),"milk; caecal content; female, wild mouse; Milk; kefir grains; Formaggella raw milk cheese"
taxon:488|organism:neisseria mucosa,3,target_bacteria,taxon_organism,neisseria mucosa,Neisseria mucosa,bacdive_species_exact_name_match,validated_species_exact_name,not_candidate_row,2,0,80,40,40,55,True,1,True,8,3,True,36,29,True,32,4,True,2,2,True,"{""normalized_species_exact"": 40}",CCUG 65884; CCUG 59115; CCUG 48804; CCUG 44849; CCUG 44774; CCUG 43177; CCUG 42307; CCUG 41480; CCUG 39006; CCUG 35064; CCUG 34798; CCUG 33613; CCUG 32663; CCUG 31685; CCUG 30321; CCUG 30166 B; CCUG 30166 A; CCUG 29748; CCUG 28979; CCUG 26783,AmMS 138; M3; Pat; X 71; X 68; X 34; N 16 1959,MEDIUM 6 - Columbia agar with 10 % horse blood; CIP Medium 6; COLUMBIA BLOOD MEDIUM (DSMZ Medium 693),"Human blood,2-yr-old boy; Human trachea,67-yr-old man; Human; Human sputum,cystic fibrosis; Human blood"
taxon:1459|organism:sporosarcina globispora (bacillus globisporus),1,target_bacteria,taxon_organism,sporosarcina globispora,Sporosarcina globispora (Bacillus globisporus),bacdive_species_exact_name_match,validated_species_exact_name,not_candidate_row,2,0,14,7,7,28,True,1,True,4,5,True,2,4,True,1,1,True,1,1,True,"{""normalized_species_exact"": 7}",CCUG 29462; NRRL NRS-1532; CCUG 29461; NRRL NRS-1527; CCUG 20664; DSM 6496; NRRL 1532; DSM 6495; NRRL 1521; DSM 4; ATCC 23301; CCM 2119; NCIMB 11434; CCUG 7419; CIP 103266; LMG 6928; JCM 10046; IFO 16082; CGMCC 1.3607; IAM 14760,"W17; T38B; W 25, W25; W8",CASO AGAR (MERCK 105458) (DSMZ Medium 220); MEDIUM 3 - Columbia agar; BACTO MARINE BROTH (DIFCO 2216) (DSMZ Medium 514); CIP Medium 3; CIP Medium 72,"Human; soil; Soil; Environment, Soil"
taxon:1304|organism:streptococcus salivarius,2,target_bacteria,taxon_organism,streptococcus salivarius,Streptococcus salivarius,bacdive_species_exact_name_match,validated_species_exact_name,not_candidate_row,2,0,136,68,68,90,True,1,True,6,8,True,64,35,True,62,3,True,1,5,True,"{""base_binomial_match_or_subspecies"": 1, ""normalized_species_exact"": 67}",CCUG 61241; CCUG 61154; CCUG 56879; CCUG 53708; CCUG 52257; CCUG 50179; CCUG 49569; CCUG 46205; CCUG 45995; CCUG 45830; CCUG 45826; CCUG 44964; CCUG 44362; CCUG 44334; CCUG 44027; CCUG 43514; CCUG 43367; CCUG 43224; CCUG 43220; CCUG 42824,"10871; S20B; C699, S30D; Sal1; 275; 21367, Kiel 21367",MEDIUM 29- Brain heart agar; CIP Medium 29; CIP Medium 72; COLUMBIA BLOOD MEDIUM (DSMZ Medium 693); TRYPTICASE SOY YEAST EXTRACT MEDIUM (DSMZ Medium 92),"Human blood,75-yr-old man; Human blood,newborn; Human blood,82-yr-old woman,suspected endocarditis; Human blood,newborn male; Human blood,77-yr-old woman"
proteome:UP000005933,4,target_bacteria,proteome,ralstonia solanacearum,Ralstonia solanacearum (strain UW551),bacdive_species_exact_name_match,validated_species_exact_name,not_candidate_row,4,0,66,33,33,54,True,1,True,29,6,True,26,27,True,27,14,True,2,8,True,"{""normalized_species_exact"": 33}",IMI 347662; IMI 347661; IMI 347590; IMI 347587; IMI 347656; IMI 347651; IMI 346334; IMI 347623; IMI 347834; IMI 347545; IMI 347541; IMI 346333; IMI 389100; IMI 389099; IMI 389098; IMI 389097; IMI 377847; IMI 370184; IMI 370183; IMI 370182,"IVIA-1602.1; 60-1, K60; B 1728, F74",Glucose-Peptone (GP) medium; Casamino acid-Peptone-Glucose (CPG) medium; Nutrient Agar (NA); R2A MEDIUM (DSMZ Medium 830); NUTRIENT AGAR (DSMZ Medium 1),Synedrella nodiflora; Arachis hypogaea; groundnut; Stylosanthes humilis; vascular tissue; Corchorus olitorius; Ageratum conyzoides
taxon:100|organism:ancylobacter aquaticus,1,target_bacteria,taxon_organism,ancylobacter aquaticus,Ancylobacter aquaticus,bacdive_species_exact_name_match,validated_species_exact_name,not_candidate_row,2,0,10,5,5,29,True,1,True,5,3,True,5,8,True,5,2,True,1,1,True,"{""normalized_species_exact"": 5}",DSM 2456; DSM 2455; DSM 101; ATCC 25396; CCM 1786; NCIB 9271; CCUG 30551; JCM 20518; JCM 6888; BUCSAV 410; CCUG 1820; IAM 12364; LMG 4052; NBRC 102453; NCIMB 9271; NCMB 1801; VKM B-1287; DSM 2454; ATCC 27069; JCM 20517,W; H; B; M,HETEROTROPHIC MEDIUM H3P (DSMZ Medium 428); MINERAL MEDIUM FOR CHEMOLITHOTROPHIC GROWTH (H-3) (DSMZ Medium 81); ANCYLOBACTER - SPIROSOMA MEDIUM (DSMZ Medium 7),pulpmill oxidation pond; Hall Lake; lake water; Lake water; bolin creek
taxon:813|organism:chlamydia trachomatis,1,target_bacteria,taxon_organism,chlamydia trachomatis,Chlamydia trachomatis,bacdive_species_exact_name_match,validated_species_exact_name,not_candidate_row,2,0,10,5,5,10,True,1,True,5,1,True,5,5,True,5,1,True,1,1,True,"{""normalized_species_exact"": 5}",DSM 19411; ATCC VR-885; DSM 19410; ATCC VR-346; DSM 19440; ATCC VR-571B; DSM 19131; ATCC VR-348B; DSM 19102; ATCC VR-902B,UW-3/Cx; IC-Cal-3; HAR-13; Bour; 434,CULTIVATION MEDIUM FOR CHLAMYDIAE (DSMZ Medium 1193),"human cervix, asymptomatic; eye of nine-day-old baby; human conjunctiva; human trachoma; human bubo; Lymphogranuloma venereum (LGV II)"
taxon:83554|organism:chlamydia psittaci (chlamydophila psittaci),1,target_bacteria,taxon_organism,chlamydia psittaci,Chlamydia psittaci (Chlamydophila psittaci),bacdive_species_exact_name_match,validated_species_exact_name,not_candidate_row,2,0,6,3,3,3,True,1,True,2,1,True,2,2,True,2,1,True,3,6,True,"{""normalized_species_exact"": 3}",ATCC VR-125; DSM 27008; DSM 27007,"6BC, Psittacosis strain 6 BC; 01DE0183, DC15, 02DC15; 07DE0014, DC60, 08DC60",CULTIVATION MEDIUM FOR CHLAMYDIAE (DSMZ Medium 1193),aborted calf fetus; bronchoalveolar lavage from psittacosis patient
taxon:544406|organism:helicobacter pylori (strain b128),1,target_bacteria,taxon_organism,helicobacter pylori,Helicobacter pylori (strain B128),bacdive_species_exact_name_match,validated_species_exact_name,not_candidate_row,2,0,140,70,70,117,True,1,True,24,7,True,63,48,True,66,9,True,4,12,True,"{""normalized_species_exact"": 70}",DSM 105471; DSM 105470; DSM 105400; ATCC 51932; DSM 105297; DSM 105296; DSM 105294; DSM 105293; DSM 105292; DSM 105261; DSM 105260; DSM 105200; DSM 105199; DSM 105198; DSM 105197; DSM 105196; DSM 105195; CCUG 64957; CCUG 48166; CCUG 41936,"85866; 85593; Tx30; Sydney strain, SS1; 2808; PMSS1; J166; G27; 83321; 86153; 85592; 85369; 86298; 87041; 85107; 82894; CGLO-1; 26695; N6; 85P",COLUMBIA BLOOD MEDIUM (DSMZ Medium 693); MEDIUM 45 - for Columbia agar with sheep blood; CIP Medium 45; Brucella broth; MEDIUM 6 - Columbia agar with 10 % horse blood,"patient, specimen; clinical isolate; clinical isolate, mouse adapted (Recovered from mice inoculated with PMSS1); Mouse-passed strain originating from a patient diagnosed with ulcer; wild-type rodent-adapted cag + H. pylori strain derived from the parental strain of the mouse Sydney strain (SS1)"
taxon:1598|organism:limosilactobacillus reuteri (lactobacillus reuteri),4,target_bacteria,taxon_organism,limosilactobacillus reuteri,Limosilactobacillus reuteri (Lactobacillus reuteri),bacdive_species_exact_name_match,validated_species_exact_name,not_candidate_row,2,0,80,40,40,71,True,6,True,23,11,True,28,34,True,21,8,True,11,17,True,"{""base_binomial_match_or_subspecies"": 5, ""normalized_species_exact"": 18, ""validated_bacdive_id_from_closure"": 17}",DSM 116333; CRBIP24.49; CRBIP24.42; CRBIP24.3; CRBIP24.2; CRBIP24.1; JCM 1084; JCM 1081; DSM 108983; DSM 110571; LMG 31635; DSM 110706; ATCC 53608; LMG 31752; DSM 110703; LMG 31724; DSM 110570; LMG 31634; DSM 108836; CCUG 59484,"LAD4; FF65; A23272; Cla-CZ-17; 3c6; 1063; AP3; lpuph1; WCA-386-APC-4I; I49; JJM0207-8; MI-2; M6220-5A; 65 A; F70, F 70; F 275; 15/7; 100-23; pAMß1, pAMßI (Linco); pAMß1, pAMßI","MRS MEDIUM (DSMZ Medium 11); De Man, Rogosa and Sharpe Agar; Trypticase Soy Agar; CIP Medium 40; WILKINS-CHALGREN ANAEROBE BROTH (DSMZ Medium 339)","Natural selection from strain DSM 20016; Food, Wine; Chicken intestine; chicken cecal content, adult; Porcine gastrointestinal tract"
proteome:UP000007843,2,target_bacteria,proteome,klebsiella michiganensis,Klebsiella michiganensis (strain ATCC 8724 / DSM 4798 / JCM 20051 / NBRC 3318 / NRRL B-199 / KCTC 1686 / BUCSAV 143 / CCM 1901),bacdive_species_exact_name_match,validated_species_exact_name,not_candidate_row,11,0,20,8,8,28,True,1,True,5,7,True,6,6,True,6,5,True,3,6,True,"{""normalized_species_exact"": 7, ""validated_bacdive_id_from_closure"": 1}",DSM 4798; ATCC 8724; BUCSAV 143; CCM 1901; NCDC 380-68; NCIB 8017; NCIB 8521; NRC 474; NRRL B-199; JCM 20051; CIP 110762; IAM 1102; IFO 3318; NBRC 3318; NCIMB 8017; NCIMB 8521; NCIMB 9901; DSM 117135; CCUG 66352; CCUG 63157 B,JN_Kp126; H1g; W14,COLUMBIA BLOOD MEDIUM (DSMZ Medium 693); TRYPTICASE SOY YEAST EXTRACT MEDIUM (DSMZ Medium 92); MEDIUM 3 - Columbia agar; CIP Medium 3; CIP Medium 72,"chinese cabbage; Human blood,71-yr-old male; Human urine; digestive fluid of carnivorous plant <I>Nepenthes</i>; tooth brush holder"
taxon:555311|organism:saccharolobus solfataricus (strain 98/2) (sulfolobus solfataricus),1,target_archaea,taxon_organism,saccharolobus solfataricus,Saccharolobus solfataricus (strain 98/2) (Sulfolobus solfataricus),bacdive_species_exact_name_match,validated_species_exact_name,not_candidate_row,2,0,10,5,5,13,True,1,True,4,2,True,4,3,True,4,1,True,3,3,True,"{""normalized_species_exact"": 5}",JCM 30930; DSM 5833; DSM 5354; DSM 1617; JCM 11322; ATCC 35092; DSM 1616; ATCC 35091; JCM 8930; IFO 15158; IFO 15331; NBRC 15158; NBRC 15331,"MT-4; P1, P1-G; P2; P1",SACCHAROLOBUS (MT-4) MEDIUM (DSMZ Medium 182a); SACCHAROLOBUS SOLFATARICUS MEDIUM (DSMZ Medium 182),solfatara; volcanic hot spring; Volcanic hot spring at Pisciarelli Solfatara
taxon:33964|organism:leuconostoc citreum,1,target_bacteria,taxon_organism,leuconostoc citreum,Leuconostoc citreum,bacdive_species_exact_name_match,validated_species_exact_name,not_candidate_row,2,0,30,15,15,49,True,1,True,7,5,True,11,13,True,7,3,True,4,5,True,"{""normalized_species_exact"": 15}",JCM 21183; IAM 14400; NBRC 102476; NRIC 1581; JCM 20062; ATU L-24; IAM 1122; JCM 12651; CCUG 51260; CCUG 39979; CCUG 39492; CCUG 34887; CCUG 30586; CIP 106146; ATCC 11449; NRRL B-1299; CIP 106143; ATCC 10882; CIP 103326; NCIB 3351,5; GL 87; B-742; B2399,"MEDIUM 40- for Lactobacillus and Leuconostoc; CIP Medium 40; MEDIUM 41- for Lactobacillus, Leuconostoc, Weissella, Pediococcus, Sporolactobacillus inulinus; CIP Medium 41; MRS MEDIUM (DSMZ Medium 11)","Manju-moto (dough of wheat flour with Koji); Cheese; Human blood,45-yr-old man; Carrots,ecological fermentation; Human blood"
taxon:29549|organism:rhodothermus marinus (rhodothermus obamensis),5,target_bacteria,taxon_organism,rhodothermus marinus,Rhodothermus marinus (Rhodothermus obamensis),bacdive_species_exact_name_match,validated_species_exact_name,not_candidate_row,2,0,12,6,6,10,True,1,True,4,2,True,6,5,True,4,2,True,4,4,True,"{""normalized_species_exact"": 6}",JCM 33046; JCM 33045; DSM 16675; PRI 493; DSM 12399; JCM 9785; CGMCC 1.3047; DSM 4253; DSM 4252; ATCC 43812,OKD7; R-18; R-10,MODIFIED THERMUS 162 MEDIUM (DSMZ Medium 630); BACTO MARINE BROTH (DIFCO 2216) (DSMZ Medium 514),"Nonvolcanic Arima Onsen (hot spring) in Japan; submarine hot spring, 2 m depth; Hydrothermal vent at a depth of 22 m; Hydrothermal vent at a depth of 22 m (120-125°C); submarine hot spring"
taxon:1638|organism:listeria ivanovii,3,target_bacteria,taxon_organism,listeria ivanovii,Listeria ivanovii,bacdive_species_exact_name_match,validated_species_exact_name,not_candidate_row,2,0,32,16,16,45,True,2,True,10,10,True,16,16,True,15,7,True,2,6,True,"{""base_binomial_match_or_subspecies"": 3, ""normalized_species_exact"": 13}",CRBIP13.29; CLIP 86784; CRBIP13.28; CLIP 1347; CRBIP13.27; CLIP 89863; CRBIP13.26; CLIP 88111; CRBIP13.25; CLIP 6645; CCUG 37344; CCUG 24944; CCUG 24943; CCUG 24942; CCUG 24941; CCUG 24940; CIP 103212; CIP 107777; CIP 103505; ATCC 49953,11202; PAM 55; CNL 89/5081; Li 1979,CIP Medium 72; MEDIUM 29- Brain heart agar; CIP Medium 29; CIP Medium 6; MEDIUM 3 - Columbia agar,"Food; Animal, Dormouse; Food, Meat or meat product; Food, Environment; Human,shepherd"
taxon:316|organism:stutzerimonas stutzeri (pseudomonas stutzeri),16,target_bacteria,taxon_organism,stutzerimonas stutzeri,Stutzerimonas stutzeri (Pseudomonas stutzeri),bacdive_species_taxid_or_synonym_match,candidate_unvalidated,rescued_to_validated_species,2,0,160,80,80,148,True,1,True,42,20,True,74,73,True,62,13,True,17,25,True,"{""validated_bacdive_species_exact"": 80}",SF002784; CRBIP17.138; JCM 9788; JCM 30558; JCM 21306; IAM 14761; JCM 20400; IAM 12097; IFO 13596; NBRC 13596; JCM 16566; JCM 10069; JCM 10067; IMI 358535; IMI 349022; CCUG 58289; CCUG 55800; CCUG 53952; CCUG 49723; CCUG 44951,1525; CIMB 05-0536; 811-85; 700.84; 270.83; X 78; X 66; X42; 247.B.67; Brochard; X 44; A1501; 698.84; ST27MN3; ST-9; MD 41.1; No. 3; 28a50; 28a39; 28a22,CIP Medium 72; Nutrient Agar (NA); Tryptic Soy Agar (TSA); MEDIUM 72- for trypto casein soja agar; MEDIUM 3 - Columbia agar,"Environment, Water; Soil from the Arakawa River; Hadopelagic water of the Japan Trench in the Northwest Pacific Ocean (36°03' N 142°43' E; at a depth of 7,000 m); Waste water of metal-plating plant; Activated sludge obtained from sewage disposal plants in Fukuoka"
taxon:2173|organism:methanobrevibacter smithii,5,target_archaea,taxon_organism,methanobrevibacter smithii,Methanobrevibacter smithii,bacdive_species_exact_name_match,validated_species_exact_name,not_candidate_row,2,0,8,4,4,7,True,1,True,4,2,True,4,4,True,4,1,True,4,5,True,"{""normalized_species_exact"": 4}",DSM 11975; DSM 2375; DSM 2374; DSM 861; ATCC 35061; JCM 30028; OCM 144,B181; ALI; F1; PS,MODIFIED METHANOBACTERIUM MEDIUM (DSMZ Medium 1523); METHANOBACTERIUM MEDIUM (DSMZ Medium 119),human faeces; human large intestine; primary sewage digester; Primary sewage digester
taxon:13690|organism:sphingobium yanoikuyae (sphingomonas yanoikuyae),4,target_bacteria,taxon_organism,sphingobium yanoikuyae,Sphingobium yanoikuyae (Sphingomonas yanoikuyae),bacdive_species_exact_name_match,validated_species_exact_name,not_candidate_row,2,0,28,14,14,48,True,1,True,6,9,True,14,16,True,11,7,True,3,4,True,"{""normalized_species_exact"": 14}",DSM 28039; CCUG 66940; CCUG 62751 Q; CCUG 60819 Q; CCUG 54832; CCUG 47565; CCUG 14336 A; LMG 9553; CCUG 14335; LMG 9552; CCUG 14204; LMG 11066; DSM 6432; DSM 7462; ATCC 51230; GIFU 9882; IAM 14269; JCM 7371; NCIMB 13746; CCM 4600,XLDN2-5; SS3; AB 1105; Pn45; Ac3S; B1,TRYPTICASE SOY BROTH AGAR (DSMZ Medium 535); MINERAL MEDIUM (BRUNNER) (DSMZ Medium 457); CASO AGAR (MERCK 105458) (DSMZ Medium 220); MINERAL MEDIUM PH 7.25 (DSMZ Medium 465); MEDIUM 309 - for Flexibacter japonensis,"petroleum polluted soil; Industry,drinking water; Industry cosmetic product; Water,industry; Buffer,industry"
taxon:1232575|organism:acidithiobacillus ferridurans,4,target_bacteria,taxon_organism,acidithiobacillus ferridurans,Acidithiobacillus ferridurans,bacdive_species_exact_name_match,validated_species_exact_name,not_candidate_row,2,0,2,1,1,3,True,1,True,1,1,True,1,2,True,1,1,True,1,2,True,"{""normalized_species_exact"": 1}",DSM 29468; ATCC 33020; JCM 18981,11Fe,LEPTOSPIRILLUM (HH) MEDIUM (DSMZ Medium 882),"ore, uranium mine; Ore from Ningyo-toge mine"
taxon:817|organism:bacteroides fragilis,6,target_bacteria,taxon_organism,bacteroides fragilis,Bacteroides fragilis,bacdive_species_exact_name_match,validated_species_exact_name,not_candidate_row,2,0,60,30,30,48,True,2,True,17,11,True,25,21,True,23,9,True,9,14,True,"{""normalized_species_exact"": 28, ""validated_bacdive_id_from_closure"": 2}",DSM 112683; JCM 35879; DSM 24895; KCTC 15964; CGMCC 1.31481; JCM 17587; JCM 17586; JCM 17585; DSM 103647; DSM 103646; DSM 103087; CCUG 54315; CCUG 49424; CCUG 37758; CCUG 36926; CCUG 36902; CCUG 35671; CCUG 35615; CCUG 34457; CCUG 34384,"H4-Clx-6, CLA-AA-H207; HM-216, 2/1/56; NSJ 2; BF8; 638R/pIP417(nimA); COR2-248-WT-1; 10010; 638R; HSP 40; mprl 1843; mprl 1842; mprl 1839, MPRL 1839/MH3; EN-2, Onslow",FASTIDIOUS ANAEROBE BROTH (DSMZ Medium 1203a); COLUMBIA BLOOD MEDIUM (DSMZ Medium 693); CHOPPED MEAT MEDIUM (DSMZ Medium 78); FASTIDIOUS ANAEROBE AGAR (DSMZ Medium 1203); WILKINS-CHALGREN ANAEROBE BROTH (DSMZ Medium 339),"Adult Human(Subject 4), Healthy, Female, Feces; human gut biopsy, clinical sample; Human feces; septicaemic blood; Introduction of plasmid pIP417 from <i>Bacteroides vulgatus</i> to <i>Bacteroides fragilis</i> by conjugational transfer"
taxon:84|organism:hyphomicrobium methylovorum,5,target_bacteria,taxon_organism,hyphomicrobium methylovorum,Hyphomicrobium methylovorum,bacdive_species_exact_name_match,validated_species_exact_name,not_candidate_row,2,0,2,1,1,6,True,1,True,1,1,True,1,2,True,1,1,True,0,0,False,"{""normalized_species_exact"": 1}",DSM 5458; ATCC 35216; IFO 14180; NBRC 14180; JCM 6890; BCRC 15013,KM 146,HYPHOMICROBIUM METHYLOVORUM MEDIUM (DSMZ Medium 619),soil samples; Soil
taxon:1907|organism:streptomyces glaucescens,7,target_bacteria,taxon_organism,streptomyces glaucescens,Streptomyces glaucescens,bacdive_species_exact_name_match,validated_species_exact_name,not_candidate_row,2,0,26,13,13,56,True,2,True,12,10,True,3,2,True,3,3,True,3,3,True,"{""normalized_species_exact"": 12, ""validated_bacdive_id_from_closure"": 1}",STI40153; DSM 41856; JCM 13860; NRRL B-24333; DSM 41510; INA 6548; ETH A3179; DSM 41509; INA 3815; ETH A3178; DSM 41508; INA 2831; ETH A3177; DSM 41507; INA 2747; ETH A3176; DSM 41506; INA 912; ETH A3175; DSM 41505,JA04825; CZA14; GLA 816; GLA 865; GLA O; Tü 49,GYM STREPTOMYCES MEDIUM (DSMZ Medium 65); ROLLED OATS MINERAL MEDIUM (DSMZ Medium 84); STARCH - MINERAL SALT - AGAR (STMS) (DSMZ Medium 252); CZAPEK PEPTONE AGAR (DSMZ Medium 83); ISP 2,soil; Soil
taxon:373|organism:agrobacterium vitis (rhizobium vitis),37,target_bacteria,taxon_organism,agrobacterium vitis,Agrobacterium vitis (Rhizobium vitis),bacdive_species_taxid_or_synonym_match,validated_species_taxid_or_synonym,not_candidate_row,2,0,8,4,4,15,True,1,True,4,6,True,3,3,True,3,3,True,1,1,True,"{""validated_bacdive_species_exact"": 4}",IMI 350519; CIP 105854; NCPPB 3271; CIP 105853; NCPPB 3554; ATCC 49767; ICMP 10752; HAMBI 1817; LMG 8750; DSM 6583; NCPPB 2562; JCM 21078; IAM 14220; LMG 258; CIP 105855,"AA34; K309; Ag 63, Ag63",Nutrient Agar (NA); MEDIUM 3 - Columbia agar; CIP Medium 3; MEDIUM 72- for trypto casein soja agar; CIP Medium 72,"Vitis vinifera; Grapevine, vitis vinifera; <I>Vitis vinifera</I>"
proteome:UP000194857,2,target_bacteria,proteome,pseudomonas aeruginosa,Pseudomonas aeruginosa,bacdive_species_exact_name_match,validated_species_exact_name,not_candidate_row,6,0,400,200,200,403,True,2,True,173,19,True,92,72,True,79,21,True,31,77,True,"{""normalized_species_exact"": 199, ""validated_bacdive_id_from_closure"": 1}",CIP 77.11; CIP 62.6; CIP 62.5; CIP 62.4; CIP 62.3; CIP 60.92; ATCC 33360; NCTC 11452; CIP 59.43; ATCC 33357; NCTC 11449; CIP 59.40; ATCC 33355; NCTC 11447; CIP 59.39; ATCC 33354; NCTC 11446; CIP 59.37; ATCC 33352; NCTC 11444,"190-76; 59 AH; 60 BL; 61 B; 60 BT; 140; U3433/1955-230; XI/S2/1955-228; A443/1955, 14947/1955; A 486/1955-225; 13335/1955-224; 13264/1952-223; EML534, 4821/1952-222; 958/1953-221; 14811/1955-229; Dowson; 50; 46; 112; 111",MEDIUM 3 - Columbia agar; CIP Medium 3; CIP Medium 72; MEDIUM 72- for trypto casein soja agar; LB (Luria-Bertani) MEDIUM (DSMZ Medium 381),"Swab after tracheotomy; Human, Urine; Cosmetic product; Human, Biliary drain; Human, Sputum"
taxon:1476|organism:sporosarcina psychrophila (bacillus psychrophilus),3,target_bacteria,taxon_organism,sporosarcina psychrophila,Sporosarcina psychrophila (Bacillus psychrophilus),bacdive_species_exact_name_match,validated_species_exact_name,not_candidate_row,2,0,10,5,5,28,True,1,True,5,4,True,1,1,True,0,0,False,1,1,True,"{""normalized_species_exact"": 5}",DSM 6498; NRRL 1528; DSM 6497; NRRL 1515; DSM 3; ATCC 23304; CCM 2117; NRRL NRS-1530; CCUG 28886; NRRL B-3397; CIP 103267; LMG 6929; BCRC 11738; JCM 9075; CGMCC 1.3605; IAM 12468; IFO 15381; KCTC 3446; LMG 17352; LMG 7131,W10A; T5A; W16A; W3; W5,CASO AGAR (MERCK 105458) (DSMZ Medium 220); NUTRIENT AGAR (DSMZ Medium 1); MEDIUM 3 - Columbia agar; CIP Medium 3,Soil and river water
taxon:272131|organism:nostoc punctiforme,2,target_bacteria,taxon_organism,nostoc punctiforme,Nostoc punctiforme,bacdive_species_exact_name_match,validated_species_exact_name,not_candidate_row,2,0,10,5,5,8,True,0,False,5,1,True,5,4,True,5,2,True,0,0,False,"{""normalized_species_exact"": 5}",DSM 114169; DSM 114167; DSM 101384; CCY 1412; DSM 101381; CCY 1409; DSM 101380; CCY 1408,Nostoc sp. 40.5; Nostoc sp. 73.1,CYANOBACTERIA MEDIUM BG11 - (DSMZ Medium 1592),Cycad corilline root of Macrozamia communis; Cycad corilline root of Macrozamia serpentina; sediment; microbial mat on sediment
proteome:UP000001917,6,target_bacteria,proteome,alicyclobacillus acidocaldarius,Alicyclobacillus acidocaldarius subsp. acidocaldarius (strain ATCC 27009 / DSM 446 / BCRC 14685 / JCM 5260 / KCTC 1825 / NBRC 15652 / NCIMB 11725 / NRRL B-14509 / 104-IA) (Bacillus acidocaldarius),bacdive_species_exact_name_match,validated_species_exact_name,not_candidate_row,13,0,28,9,9,26,True,2,True,9,3,True,8,7,True,3,2,True,1,1,True,"{""base_binomial_match_or_subspecies"": 9}",CCUG 28521; NRRL B-14509; DSM 446; ATCC 27009; CIP 106131; IFO 15652; JCM 5260; NBRC 15652; NCIB 11725; BCRC 14685; CECT 4328; KCTC 1825; NCIMB 11725; IMET 11356; DSM 455; DSM 454; DSM 453; JCM 5261; ATCC 43030; DSM 452,"104-IA, 104-1A; HT-4; HT-2; HT-1; 470-B; GD-3B; GD-IA; 115-8; MR1",ALICYCLOBACILLUS MEDIUM (DSMZ Medium 402); MEDIUM 317 - for Alicyclobacillus acidocaldarius; CIP Medium 317,"acid hot spring; Acid hot spring; Environment, Acid hot spring; soil from acid fumarole; Soil from acid fumarole"
proteome:UP000000499,2,target_bacteria,proteome,streptococcus equi,Streptococcus equi subsp. zooepidemicus (strain ATCC 35246 / C74-63),bacdive_species_exact_name_match,validated_species_exact_name,not_candidate_row,5,0,60,30,30,61,True,3,True,11,10,True,24,25,True,22,4,True,4,7,True,"{""base_binomial_match_or_subspecies"": 23, ""normalized_species_exact"": 7}",CIP A7; NBIMCC 2035; CCUG 58865; NCTC 6177; ATCC 700400; CCUG 54867; CCUG 49314; CCUG 49313; CCUG 49312; CCUG 49311; CCUG 49310; CCUG 49309; CCUG 47343; CCUG 44440; CCUG 43890; CCUG 27663; CCUG 27662; CCUG 27365; CG 1030/87; CCUG 27364,"NIRD 1956; 3682; 1026; 715/90; Mt 167; S 34, S34; C 15, C15",CIP Medium 6; MEDIUM 6 - Columbia agar with 10 % horse blood; COLUMBIA BLOOD MEDIUM (DSMZ Medium 693); TRYPTICASE SOY YEAST EXTRACT MEDIUM (DSMZ Medium 92); CIP Medium 45,"Animal, Hen; Human cerebrospinal fluid,67-yr-old woman; Goat milk,clinical mastitis; Sheep mastitic milk,subclinical mastitis; Human blood,50-yr-old patient"
taxon:1587|organism:lactobacillus helveticus (lactobacillus suntoryeus),3,target_bacteria,taxon_organism,lactobacillus helveticus,Lactobacillus helveticus (Lactobacillus suntoryeus),bacdive_species_exact_name_match,validated_species_exact_name,not_candidate_row,2,0,48,24,24,98,True,1,True,14,8,True,10,13,True,3,3,True,10,14,True,"{""normalized_species_exact"": 24}",CRBIP24.65; CRBIP24.55; CRBIP24.54; CRBIP24.47; JCM 20397; IAM 12090; JCM 20023; ATU L-21; IAM 1042; JCM 1103; LMG 18183; JCM 1062; BCRC 14035; LMG 18182; JCM 1008; ATCC 8018; CECT 414; LMG 11449; NCDO 262; NCIMB 8025,"64 AB; 60 B; 60 A; 61 BZ; B2; J5; H-80; 5; J2; H2; CBP1; 12, Lh12","De Man, Rogosa and Sharpe Agar; Trypticase Soy Agar; CIP Medium 40; MEDIUM 40- for Lactobacillus and Leuconostoc; MEDIUM 41- for Lactobacillus, Leuconostoc, Weissella, Pediococcus, Sporolactobacillus inulinus","Therapeutic strain; Food, Brie cheese; Milk; Dairy products; Swiss cheese starter"
taxon:67825|organism:citrobacter rodentium,1,target_bacteria,taxon_organism,citrobacter rodentium,Citrobacter rodentium,bacdive_species_exact_name_match,validated_species_exact_name,not_candidate_row,2,0,6,3,3,10,True,1,True,3,6,True,1,4,True,1,2,True,1,4,True,"{""normalized_species_exact"": 3}",CIP 105015; CIP 104934; DSM 16636; ATCC 51116; CDC 1843-73; CIP 104675; CCUG 30795; JCM 14073; CCM 7398; NBRC 105723,2643-76; 3311-75; DO 14784,MEDIUM 3 - Columbia agar; CIP Medium 3; MEDIUM 72- for trypto casein soja agar; CIP Medium 72; TRYPTICASE SOY YEAST EXTRACT MEDIUM (DSMZ Medium 92),"hamster; Mouse; Hamster; Animal, Hamster"
taxon:51173|organism:ureibacillus thermosphaericus,1,target_bacteria,taxon_organism,ureibacillus thermosphaericus,Ureibacillus thermosphaericus,bacdive_species_exact_name_match,validated_species_exact_name,not_candidate_row,2,0,10,5,5,8,True,1,True,2,6,True,5,7,True,5,3,True,1,2,True,"{""normalized_species_exact"": 5}",CCUG 64367; CCUG 49329; CCUG 24808; DSM 12655; DSM 10633; HAMBI 1900; CIP 104857; KCTC 13004,"29A; p-11, HAMBI:1900",BHI MEDIUM (DSMZ Medium 215); R2A MEDIUM (DSMZ Medium 830); CASO AGAR (MERCK 105458) (DSMZ Medium 220); TRYPTICASE SOY BROTH AGAR (DSMZ Medium 535); MEDIUM 3 - Columbia agar,"Industry product; Human cerebrospinal fluid,51-yr-old woman; Human blood,42-yr-old man; soil; landfill air"
taxon:1814|organism:amycolatopsis methanolica,7,target_bacteria,taxon_organism,amycolatopsis methanolica,Amycolatopsis methanolica,bacdive_species_exact_name_match,validated_species_exact_name,not_candidate_row,2,0,4,2,2,13,True,1,True,1,1,True,1,1,True,0,0,False,1,2,True,"{""normalized_species_exact"": 2}",STH00092; JCM 8087; DSM 44096; IFO 15065; IMSNU 20055; KCTC 9411; NBRC 15065; NCCB 80032; NCIMB 11946; NRRL B-24139; DSM 113301; LMD 80.32; NCIB 11946,(HKI 0092); 239,ISP2 MEDIUM (DSMZ Medium 987),soil
taxon:14|organism:dictyoglomus thermophilum,1,target_bacteria,taxon_organism,dictyoglomus thermophilum,Dictyoglomus thermophilum,bacdive_species_exact_name_match,validated_species_exact_name,not_candidate_row,2,0,2,1,1,2,True,1,True,1,1,True,1,2,True,1,1,True,1,1,True,"{""normalized_species_exact"": 1}",DSM 3960; ATCC 35947,H-6-12,DICTYOGLOMUS MEDIUM (DSMZ Medium 388),tsuetate Hot Spring; slightly alkaline hot springs (Tsuetate Hot Spring)
taxon:421|organism:methylomonas methanica,1,target_bacteria,taxon_organism,methylomonas methanica,Methylomonas methanica,bacdive_species_exact_name_match,validated_species_exact_name,not_candidate_row,2,0,4,2,2,5,True,1,True,1,1,True,1,1,True,1,1,True,2,2,True,"{""normalized_species_exact"": 2}",NCIMB 11130; ATCC 35067; VKM B-2110; UNIQEM 8; DSM 25384,NCIB 11130; MC09,MARINE AMMONIUM MINERAL SALTS (DSMZ Medium 1313),methane enrichment culture inoculated with seawater
taxon:837|organism:porphyromonas gingivalis (bacteroides gingivalis),1,target_bacteria,taxon_organism,porphyromonas gingivalis,Porphyromonas gingivalis (Bacteroides gingivalis),bacdive_species_exact_name_match,validated_species_exact_name,not_candidate_row,2,0,18,9,9,15,True,1,True,2,3,True,8,8,True,5,3,True,3,7,True,"{""normalized_species_exact"": 9}",JCM 8525; JCM 19600; CCUG 27724; CCUG 26712; CCUG 25839; CCUG 25226; CCUG 25211; DSM 28984; DSM 20709; ATCC 33277; CIP 103683; JCM 12257; CCUG 25893; CCUG 25928; NCTC 11834,HG66; 2561,COLUMBIA BLOOD MEDIUM (DSMZ Medium 693); CHOPPED MEAT MEDIUM WITH CARBOHYDRATES (DSMZ Medium 110); MEDIUM 20 - for Anaerobic bacteria,"Gingival crevice; Severe periodontal lesion; Human,fixture; Human periodontal pocket; Human periodontic 'abscess'"
proteome:UP000001296,2,target_bacteria,proteome,winmispira thermophila,Winmispira thermophila (strain ATCC 49972 / DSM 6192 / RI 19.B1) (Spirochaeta thermophila),bacdive_species_taxid_or_synonym_match,validated_species_taxid_or_synonym,not_candidate_row,7,0,8,2,2,4,True,1,True,2,2,True,2,2,True,2,2,True,2,2,True,"{""validated_bacdive_species_exact"": 2}",DSM 6192; ATCC 49972; DSM 6578; ATCC 700085,RI 19.B1; Z-1203,SPIROCHAETA RI 19.B1 MEDIUM (DSMZ Medium 509a); SPIROCHAETA THERMOPHILA MEDIUM (DSMZ Medium 509),water of thermal spring; marine hot spring
taxon:668|organism:aliivibrio fischeri (vibrio fischeri),7,target_bacteria,taxon_organism,aliivibrio fischeri,Aliivibrio fischeri (Vibrio fischeri),bacdive_species_exact_name_match,validated_species_exact_name,not_candidate_row,2,0,14,7,7,35,True,1,True,3,6,True,1,1,True,0,0,False,1,4,True,"{""normalized_species_exact"": 7}",CCUG 16314; CCUG 16313; CCUG 16312; CCUG 16309; ATCC 33983; DSM 7151; CIP 105356; NRRL B-11177; DSM 2168; ATCC 14546; CCM 216; NCMB 25; CIP 101047; CCUG 16311; LMG 4412; NCIMB 25; DSM 507; ATCC 7744; JCM 18803; NCMB 1281,395; 398,Marine agar (MA); CIP Medium 13; CIP Medium 72; SEA WATER AGAR (DSMZ Medium 246); BACTO MARINE BROTH (DIFCO 2216) (DSMZ Medium 514),Seawater
taxon:426|organism:methylosinus trichosporium,9,target_bacteria,taxon_organism,methylosinus trichosporium,Methylosinus trichosporium,bacdive_species_exact_name_match,validated_species_exact_name,not_candidate_row,2,0,2,1,1,5,True,1,True,0,0,False,0,0,False,0,0,False,1,2,True,"{""normalized_species_exact"": 1}",ACM 3311; VKM B-2117; ATCC 35070; UNIQEM 75; NCIMB 11131,OB3b,,
taxon:1579|organism:lactobacillus acidophilus,9,target_bacteria,taxon_organism,lactobacillus acidophilus,Lactobacillus acidophilus,bacdive_species_exact_name_match,validated_species_exact_name,not_candidate_row,2,0,72,36,36,107,True,1,True,18,6,True,31,29,True,19,5,True,3,10,True,"{""normalized_species_exact"": 36}",CRBIP24.142; CRBIP24.117; JCM 7711; JCM 1229; KCTC 3168; JCM 11047; JCM 1035; KCTC 3152; JCM 1034; KCTC 3151; JCM 1033; KCTC 3150; JCM 1028; KCTC 3145; LMG 18178; CCUG 37804; CCUG 34264; CCUG 33386 A; CCUG 30632; CCUG 30451,"A31; 61N; 219-86; 174-86; 184.85; 65 AC; Pak; A18; 43; 4B; R-1-1; L917, Scav; A 16","De Man, Rogosa and Sharpe Agar; Trypticase Soy Agar; CIP Medium 40; MEDIUM 40- for Lactobacillus and Leuconostoc; MRS MEDIUM (DSMZ Medium 11)",Intestinal strain; Child; Human intestine; Human feces; Swine intestine
proteome:UP000032522,1,target_bacteria,proteome,geobacillus kaustophilus,Geobacillus kaustophilus,bacdive_species_exact_name_match,validated_species_exact_name,not_candidate_row,4,0,10,5,5,16,True,1,True,1,3,True,5,5,True,0,0,False,2,3,True,"{""normalized_species_exact"": 5}",JCM 31153; JCM 31152; JCM 31151; JCM 12893; DSM 7263; ATCC 8005; NCIMB 8547; NRRL NRS-81; CCUG 28890; CIP 106929; LMG 9819; NCCB 30003; JCM 20319; BCRC 11223; IAM 11001; NBRC 102445,"BD 53, T 281, NRS-81",NUTRIENT AGAR (DSMZ Medium 1); MEDIUM 72- for trypto casein soja agar; CIP Medium 72,"Derived from <I>Geobacillus kaustophilus</I> HTA426 (=JCM 12893); Mud from the Challenger Deep in the Mariana Trench (10,897 m in depth); pasteurized milk; Pasteurized milk; Food, Pasteurized milk"
taxon:79880|organism:shouchella clausii (alkalihalobacillus clausii),4,target_bacteria,taxon_organism,shouchella clausii,Shouchella clausii (Alkalihalobacillus clausii),bacdive_species_exact_name_match,validated_species_exact_name,not_candidate_row,2,0,24,12,12,32,True,1,True,10,5,True,11,9,True,10,7,True,2,3,True,"{""normalized_species_exact"": 10, ""validated_bacdive_id_from_closure"": 2}",CCUG 55167; CCUG 47175; CIP 51.33; DSM 21911; NCCB 100267; DSM 30907; DSM 9785; DSM 9784; NCIMB 10319; DSM 9783; NCIMB 10317; DSM 8716; ATCC 700160; CIP 104718; NCIB 10309; CCUG 47262; NCIMB 10309; LMG 17945; DSM 2525; ATCC 31084,"SC-N012; K2-6; PN 76, Br-F; PN 35, C 374; PN 24, C 372; PN 23, C 360; M-29; PN 46, Y-76; PN 43, 221",MEDIUM 3 - Columbia agar; CIP Medium 72; CIP Medium 3; CASO AGAR (MERCK 105458) (DSMZ Medium 220); ALKALINE NUTRIENT AGAR (DSMZ Medium 31),"Industry; soil from the rhizosphere of sugar cane <i>Saccharum officinarum</i> L.; ROSETTA, spacecraft associated clean room; soil; clay from grass field"
proteome:UP000012672,1,target_archaea,proteome,methanomethylophilus alvi,Methanomethylophilus alvi (strain Mx1201),bacdive_species_exact_name_match,validated_species_exact_name,not_candidate_row,4,0,2,1,1,2,True,1,True,1,1,True,1,1,True,1,1,True,0,0,False,"{""normalized_species_exact"": 1}",DSM 104143; JCM 31474,Mx-05,METHANOMASSILIICOCCUS LUMINYENSIS MEDIUM (DSMZ Medium 1637),Human feces
taxon:29508|organism:leptospira meyeri,2,target_bacteria,taxon_organism,leptospira meyeri,Leptospira meyeri,bacdive_species_exact_name_match,validated_species_exact_name,not_candidate_row,2,0,18,9,9,17,True,1,True,9,2,True,8,7,True,9,5,True,1,1,True,"{""normalized_species_exact"": 9}",CRBIP6.1480; CRBIP6.1462; CRBIP6.1458; CRBIP.1479; CRBIP6.1344; Veldrat Semarang 173; CRBIP6.1441; CRBIP6.1418; CRBIP6.1348; CRBIP6.1312; DSM 21537; ATCC 43287; Iowa City Frog; CRBIP6.1223; DSM 21536; Veldrat S 173; Veldrat Semerang 173,"LEP 1480, Bandicoot 343; LEP1462, ICF; LEP1458; LEP 1441, Sofia 874; LEP1418, ICF; LEP 1348, Bandicoot 343; LEP 1312, Bandicoot 343; Rananum, LEP1223, ICF; semaranga",CIP Medium 189; LEPTOSPIRA-MEDIUM (DSMZ Medium 1113),"Animal, Frog; Animal, Rat; Human; Animal, Bandicoot; kidneys of a leopard frog (<i> Rana pipiens</i>)"
proteome:UP000008962,5,target_bacteria,proteome,salmonella enterica,Salmonella typhimurium (strain SL1344),bacdive_species_exact_name_match,validated_species_exact_name,not_candidate_row,7,0,402,200,200,376,True,6,True,199,18,True,57,42,True,70,21,True,28,83,True,"{""base_binomial_match_or_subspecies"": 46, ""normalized_species_exact"": 154}",CIP 55.38; NCTC 8386; CIP 107479; CCUG 46434; CIP 55.29; CIP 55.28; NCTC 7309; CIP 55.27; NCTC 7299; CIP 55.26; NCTC 7315; CIP 55.24; CIP 55.23; NCTC 7303; CIP 55.21; NCTC 7332; CIP 107125; CIP 54.143; CIP 54.140; CIP 54.139,"82K; 91K; 585K; 61; 19, M73; 13, M50; 69K; LT2; C52; S-6; Eastafrica; TA1538; 254; I137; M327, 71; 88, M453; 87, M452; M439, 86; M248, 58; M244, 57",MEDIUM 3 - Columbia agar; CIP Medium 3; MEDIUM 72- for trypto casein soja agar; CIP Medium 72; MEDIUM 29- Brain heart agar,"Human, Faeces; Poult, intestine; Gopher snake, lung; Dried egg powder; Turkey, conjunctivitis"
taxon:143495|organism:aneurinibacillus thermoaerophilus,9,target_bacteria,taxon_organism,aneurinibacillus thermoaerophilus,Aneurinibacillus thermoaerophilus,bacdive_species_exact_name_match,validated_species_exact_name,not_candidate_row,2,0,32,16,16,32,True,1,True,15,5,True,10,4,True,2,2,True,8,8,True,"{""normalized_species_exact"": 16}",CCUG 38138; DSM 10155; ATCC 12990; DSM 10154; CIP 104816; LMG 17165; DSM 6460; NRS 1401; DSM 6459; NRS 1435; DSM 6458; NRS 1382; DSM 6406; NRS 1381; DSM 6379; NRS 1436; DSM 6364; NRS 1380; DSM 6349; NRS 1403,"L 420-91, L420-91; 509-5; 1; 26-1; 25-5; 2; 25-4; 511-5; 26-2; 509-4; 513-3; 21; 20; 18",NUTRIENT AGAR (DSMZ Medium 1); MEDIUM 3 - Columbia agar; CIP Medium 3; CASO AGAR (MERCK 105458) (DSMZ Medium 220); STANDARD I MEDIUM (DSMZ Medium 453),Human blood; sugar beet extraction juice; Sugar beet extraction juice; hot spring
taxon:193462|organism:streptomyces niveus (streptomyces spheroides),9,target_bacteria,taxon_organism,streptomyces niveus,Streptomyces niveus (Streptomyces spheroides),bacdive_species_exact_name_match,validated_species_exact_name,not_candidate_row,2,0,12,6,5,57,True,1,True,5,5,True,5,5,True,5,2,True,2,3,True,"{""normalized_species_exact"": 6}",DSM 41788; AS 4.1832; JCM 12606; NBRC 100783; NCIMB 13928; NRRL B-24638; CGMCC 4.1832; CIP 108190; VTT E-052936; DSM 41787; DSM 41786; DSM 40292; ATCC 23965; CBS 491.62; CBS 948.68; CGMCC AS 4.1380; ETH 31568; IFO 12917; ISP 5292; JCM 4252,SF004039; C7654; C765; C7655; MA-319,"GYM STREPTOMYCES MEDIUM (DSMZ Medium 65); MEDIUM 57 - for Streptomyces, Nocardioides, Lentzea albidocapillata and Streptoverticillium reticulum; CIP Medium 57; ROLLED OATS MINERAL MEDIUM (DSMZ Medium 84); ISP 5 MEDIUM (DSMZ Medium 993)","soil from hay plots; Soil from meadow hay plots; Environment, Soil from hay plots; soil; Soil, an old sod pasture"
taxon:90371|organism:salmonella typhimurium,5,target_bacteria,taxon_organism,salmonella enterica,Salmonella typhimurium,bacdive_species_exact_name_match,validated_species_exact_name,not_candidate_row,4,0,400,200,200,376,True,6,True,199,18,True,57,42,True,70,21,True,28,83,True,"{""base_binomial_match_or_subspecies"": 46, ""normalized_species_exact"": 154}",CIP 55.38; NCTC 8386; CIP 107479; CCUG 46434; CIP 55.29; CIP 55.28; NCTC 7309; CIP 55.27; NCTC 7299; CIP 55.26; NCTC 7315; CIP 55.24; CIP 55.23; NCTC 7303; CIP 55.21; NCTC 7332; CIP 107125; CIP 54.143; CIP 54.140; CIP 54.139,"82K; 91K; 585K; 61; 19, M73; 13, M50; 69K; LT2; C52; S-6; Eastafrica; TA1538; 254; I137; M327, 71; 88, M453; 87, M452; M439, 86; M248, 58; M244, 57",MEDIUM 3 - Columbia agar; CIP Medium 3; MEDIUM 72- for trypto casein soja agar; CIP Medium 72; MEDIUM 29- Brain heart agar,"Human, Faeces; Poult, intestine; Gopher snake, lung; Dried egg powder; Turkey, conjunctivitis"
taxon:584|organism:proteus mirabilis,7,target_bacteria,taxon_organism,proteus mirabilis,Proteus mirabilis,bacdive_species_exact_name_match,validated_species_exact_name,not_candidate_row,2,0,106,53,53,89,True,1,True,25,10,True,24,19,True,26,6,True,3,4,True,"{""normalized_species_exact"": 53}",STI11109; STI10794; SF002753; DSM 115002; CRBIP17.135; CCUG 63961; CCUG 49244; CCUG 43605; CCUG 39506; ATCC 7002; CCUG 39049; CCUG 36839; CCUG 36728; CCUG 34294; NCDC 2059-70; ATCC 25933; CCUG 33828; CCUG 33773; ATCC 29245; CCUG 29299,IMET 11109; IMET 10794; 10762; 115002; CIMB 05-1153; 73.87; 74.87; AP 3; SS; CF 1709; PM1; B-0087; O; 89-Hb; CF 09; PG 400; PGVI; CD1-T1542; BL 47; WS 10039,TRYPTICASE SOY YEAST EXTRACT MEDIUM (DSMZ Medium 92); COLUMBIA BLOOD MEDIUM (DSMZ Medium 693); CIP Medium 72; MEDIUM 3 - Columbia agar; CIP Medium 3,"swab; Human, Urine; Human urine,5-yr-old boy; Human clinical sample; Human urine"
taxon:264691|organism:anabaena variabilis,2,target_bacteria,taxon_organism,anabaena variabilis,Anabaena variabilis,bacdive_species_exact_name_match,validated_species_exact_name,not_candidate_row,2,0,2,1,1,6,True,0,False,1,1,True,1,1,True,0,0,False,1,1,True,"{""normalized_species_exact"": 1}",DSM 107003; CCAP 1403/1B; PCC 6309; SAG 1403-4b; ATCC 29211; CCAP 1403/4B,Utrecht P40,CYANOBACTERIA MEDIUM BG11 - (DSMZ Medium 1592),isolated from freshwater before 1952
taxon:43770|organism:corynebacterium striatum,23,target_bacteria,taxon_organism,corynebacterium striatum,Corynebacterium striatum,bacdive_species_exact_name_match,validated_species_exact_name,not_candidate_row,2,0,128,64,64,77,True,1,True,23,18,True,60,46,True,61,4,True,4,7,True,"{""normalized_species_exact"": 64}",DSM 105505; CCUG 57400; CCUG 56501; CCUG 53500; CCUG 50522; CCUG 50427; CCUG 49389; CCUG 48343; CCUG 48336; CCUG 46760; CCUG 46146; CCUG 45929; CCUG 44706; CCUG 44705; CCUG 43532; CCUG 43481; CCUG 42933; CCUG 42384; CCUG 42375; CCUG 38806,T3a-T3; 565.86; 306-86; 81-86; 784.85; 470.84; 907.85; 723-86; 234-86; 933.85; 825.85; 453.83; 160.87; 78-87; 52.87; 757.86; Cs2; 147,CASO AGAR (MERCK 105458) (DSMZ Medium 220); MEDIUM 3 - Columbia agar; CIP Medium 3; CIP Medium 72; MEDIUM 72- for trypto casein soja agar,"cleanroom facility, TAS-I; Human wound,65-yr-old man,toe; Human PD-catheter; Human foot,72-yr-old woman; Human wound,76-yr-old man"
taxon:521|organism:bordetella avium,1,target_bacteria,taxon_organism,bordetella avium,Bordetella avium,bacdive_species_exact_name_match,validated_species_exact_name,not_candidate_row,2,0,10,5,5,13,True,1,True,3,11,True,4,6,True,4,2,True,1,2,True,"{""normalized_species_exact"": 5}",CRBIP4.108; BOR 108; CCUG 14271; CCUG 14270; LMG 1851; CIP 103004; DSM 11332; ATCC 35086; CCUG 13726; LMG 1852; Hinz 591-77; CIP 103348; NCTC 12033,BAV 7; Hervouet,CIP Medium 21; MEDIUM 3 - Columbia agar; CIP Medium 3; CIP Medium 72; COLUMBIA BLOOD MEDIUM (DSMZ Medium 693),"Human; Turkey respiratory tract,coryza; Animal, Chicken, trachea; turkey, air sac exudate; Turkey poults respiratory tract (Air sac exudate)"
taxon:75985|organism:mannheimia haemolytica (pasteurella haemolytica),5,target_bacteria,taxon_organism,mannheimia haemolytica,Mannheimia haemolytica (Pasteurella haemolytica),bacdive_species_exact_name_match,validated_species_exact_name,not_candidate_row,2,0,46,23,23,31,True,1,True,10,5,True,21,19,True,20,7,True,2,3,True,"{""normalized_species_exact"": 23}",CCUG 56195; CCUG 47531 A; CCUG 46802; CCUG 46532; CCUG 46284; CCUG 43453; CCUG 38464; CCUG 38454; CCUG 32527; CCUG 28148; CCM 5786; CCUG 27373; CCUG 18142; CCUG 17161; CIP 68.42; CIP 54.12; CIP 103289; NCTC 10643; CIP 108335; CIP 104773,"2; 54-12; G 1; S66; N 236; 8; 42-72; 3; 1266/56A&B, 1266 A & B; SVA 105","MEDIUM 118 - for Pasteurella, Actinobacillus and Psychrobacter frigidicola; CIP Medium 118-b; COLUMBIA BLOOD MEDIUM (DSMZ Medium 693); BHI MEDIUM (DSMZ Medium 215); CIP Medium 3","Mouse nose,healthy animal; Ovine lung,pneumonia; Ovine lung; Sheep lung,acute fibrinopurulent pleuropneumonia; Calf lung,violent pneumonia"
taxon:663|organism:vibrio alginolyticus,10,target_bacteria,taxon_organism,vibrio alginolyticus,Vibrio alginolyticus,bacdive_species_exact_name_match,validated_species_exact_name,not_candidate_row,2,0,150,75,75,85,True,1,True,12,6,True,73,42,True,67,10,True,2,5,True,"{""normalized_species_exact"": 75}",CIP 110008; JCM 32963; MCCC 1K03520; DSM 104621; CCUG 53968; CCUG 49700; CCUG 48198; CCUG 48197; CCUG 48196; CCUG 48195; CCUG 46970; CCUG 46967; CCUG 46835; CCUG 43223; CCUG 43041; CCUG 42671; CCUG 42670; CCUG 42566; CCUG 42565; CCUG 42555,"RA12; V2; 48806, 899-85; 711-85, 2405; 659.84; 31-77, Ifaty 1; 118, XII-53",CIP Medium 72; CIP Medium 13; Marine agar (MA); MEDIUM 72- for trypto casein soja agar; BACTO MARINE BROTH (DIFCO 2216) (DSMZ Medium 514),"Microbial material, mare a Kopara; Seawater from Lufeng; Juvenile common dentex, Dentex dentex suffering vibriosis; Human ear,otitis,9-yr-old girl,perforated timpany; Sea clam (blåskjell),entire,recently harvested"
taxon:28141|organism:cronobacter sakazakii (enterobacter sakazakii),4,target_bacteria,taxon_organism,cronobacter sakazakii,Cronobacter sakazakii (Enterobacter sakazakii),bacdive_species_exact_name_match,validated_species_exact_name,not_candidate_row,2,0,50,25,25,45,True,1,True,3,6,True,18,17,True,16,2,True,2,9,True,"{""base_binomial_match_or_subspecies"": 1, ""normalized_species_exact"": 24}",JCM 24136; JCM 24135; JCM 24133; JCM 2127; CCUG 64760; CCUG 29129; CCUG 28871; CCUG 28870; CCUG 28869; CCUG 28868; CCUG 28867; CCUG 28866; CCUG 28865; CCUG 28864; CCUG 28863; CCUG 28861; CCUG 28860; CCUG 28859; CCUG 28858; CCUG 28857,F37/50,MEDIUM 3 - Columbia agar; CIP Medium 72; CIP Medium 3; MEDIUM 72- for trypto casein soja agar; TRYPTICASE SOY YEAST EXTRACT MEDIUM (DSMZ Medium 92),"Environment,industry; Human cerebrospinal fluid,patient 6; Human sputum,colonization; Dish brush; Formula"
taxon:1126|organism:microcystis aeruginosa,6,target_bacteria,taxon_organism,microcystis aeruginosa,Microcystis aeruginosa,bacdive_species_exact_name_match,validated_species_exact_name,not_candidate_row,2,0,6,3,3,3,True,0,False,2,1,True,3,1,True,3,2,True,0,0,False,"{""normalized_species_exact"": 3}",DSM 110062; DSM 110047; DSM 110048,"EAWAG 127a, Bu 97.43; EAWAG 167, Bu 97.68; Bu 97.43, EAWAG 127a",Z MEDIUM FOR CYANOBACTERIA (DSMZ Medium 1732),Cyanobacterial bloom
taxon:380174|organism:cohnella laeviribosi,1,target_bacteria,taxon_organism,cohnella laeviribosi,Cohnella laeviribosi,bacdive_species_exact_name_match,validated_species_exact_name,not_candidate_row,2,0,2,1,1,4,True,1,True,1,2,True,1,3,True,1,2,True,1,1,True,"{""normalized_species_exact"": 1}",DSM 21336; CCUG 52217; KCCM 10653P; KCTC 3987,RI-39,CASO AGAR (MERCK 105458) (DSMZ Medium 220); PLATE COUNT AGAR (DSMZ Medium 464),"soil, volcanic area; Soil,volcanic area; From soil"
taxon:28151|organism:serratia proteamaculans,2,target_bacteria,taxon_organism,serratia proteamaculans,Serratia proteamaculans,bacdive_species_exact_name_match,validated_species_exact_name,not_candidate_row,2,0,12,6,6,12,True,1,True,3,7,True,4,4,True,5,3,True,1,1,True,"{""base_binomial_match_or_subspecies"": 4, ""normalized_species_exact"": 2}",DSM 117209; CCUG 51551; CCUG 22907; CCUG 5159; CIP 110939; DSM 4543; ATCC 19323; NCPPB 245; NCTC 394; CCUG 14510; CIP 103236; ICPB XP176,strain 92; MFPA44A14-05; 3630,TRYPTICASE SOY YEAST EXTRACT MEDIUM (DSMZ Medium 92); COLUMBIA BLOOD MEDIUM (DSMZ Medium 693); MEDIUM 29- Brain heart agar; CIP Medium 29; MEDIUM 3 - Columbia agar,"Cheese, washed rind; Human urine,46-yr-old man; Human wound,postoperative; Food, Organic beef carpaccio modified atmosphere packaging"
taxon:2021|organism:thermobifida fusca (thermomonospora fusca),2,target_bacteria,taxon_organism,thermobifida fusca,Thermobifida fusca (Thermomonospora fusca),bacdive_species_exact_name_match,validated_species_exact_name,not_candidate_row,2,0,10,5,5,23,True,1,True,5,13,True,4,4,True,3,2,True,1,2,True,"{""normalized_species_exact"": 5}",DSM 44342; DSM 44341; DSM 43793; DSM 43792; ATCC 27730; CUB 1000; IFO 14071; JCM 3263; NBRC 14071; NCIB 11185; BCRC 12532; CECT 3320; CIP 105594; HAMBI 1548; HAMBI 483; IMSNU 22189; KCTC 9052; MTCC 1754; NCIMB 11185; NRRL B-8184,"ID 3636, k7a-3; ID 3877, k13g; 190 Th, T-322, 190Th, A-0263; T-332","CZAPEK PEPTONE AGAR (DSMZ Medium 83); TRYPTICASE SOY BROTH AGAR (DSMZ Medium 535); GYM STREPTOMYCES MEDIUM (DSMZ Medium 65); CYC-MEDIUM (modified following Cross and Attwell,1973) (DSMZ Medium 550); ISP 2","compost from green waste; mushroom compost; soil; Environment, Soil"
taxon:2133|organism:spiroplasma citri,10,target_bacteria,taxon_organism,spiroplasma citri,Spiroplasma citri,bacdive_species_exact_name_match,validated_species_exact_name,not_candidate_row,2,0,2,1,1,3,True,1,True,1,1,True,1,1,True,1,1,True,1,1,True,"{""normalized_species_exact"": 1}",DSM 21846; ATCC 27556; NCPPB 2647,"Maroc, Morocco-R8-A2",SP4-Z MEDIUM (DSMZ Medium 1076b),stubborn disease-affected citrus plant
taxon:317013|organism:xanthomonas campestris pv. phaseoli,1,target_bacteria,taxon_organism,xanthomonas phaseoli,Xanthomonas campestris pv. phaseoli,bacdive_species_exact_name_match,validated_species_exact_name,not_candidate_row,2,0,2,1,1,2,True,0,False,0,0,False,0,0,False,0,0,False,0,0,False,"{""normalized_species_exact"": 1}",CCUG 1831; CCM 862,,,
taxon:66712|organism:propionibacterium freudenreichii subsp. freudenreichii,6,target_bacteria,taxon_organism,propionibacterium freudenreichii,Propionibacterium freudenreichii subsp. freudenreichii,bacdive_species_exact_name_match,validated_species_exact_name,not_candidate_row,2,0,16,8,8,32,True,1,True,4,4,True,6,8,True,3,2,True,2,22,True,"{""normalized_species_exact"": 8}",CCUG 48871; LMG 16423; CCUG 48870; LMG 16419; CCUG 43326; CCUG 18835; CCM 121; ATCC 4866; NCTC 5964; CIP 59.32; NCDO 1073; NCIMB 8896; DSM 20270; DSM 4902; ATCC 9614; NCDO 853; NCIB 8099; CCUG 36819; VPI 0405; CIP 103027,"3; E11.1; 53-W (Hitchner No. 33), 33",MEDIUM 20 - for Anaerobic bacteria; CIP Medium 20; PYG MEDIUM (MODIFIED) (DSMZ Medium 104); PROPIONIBACTERIUM AGAR (DSMZ Medium 91),"Sheep milk; Bread dough with beer yeast; Human brain abscess; Cheese,emmenthal; cheese"
taxon:1404|organism:priestia megaterium (bacillus megaterium),33,target_bacteria,taxon_organism,priestia megaterium,Priestia megaterium (Bacillus megaterium),bacdive_species_exact_name_match,validated_species_exact_name,not_candidate_row,2,0,134,67,64,125,True,1,True,58,11,True,40,28,True,32,14,True,13,26,True,"{""normalized_species_exact"": 45, ""validated_bacdive_id_from_closure"": 22}",DSM 117377; DSM 113930; DSM 113760; DSM 104036; JCM 20126; IAM 1245; JCM 20084; IAM 1166; NRRL B-939; JCM 20055; IAM 1111; DSM 110117; DSM 109492; IMI 361382; IMI 347328; CCUG 54440; CCUG 47516; CCUG 17080; CCM 2037; CIP 52.60,"CT11-28; Turin11- W18; J4; SOS1; FH4_2; K25-3; 234, 734; Mox; ML; 899; 526.86; Texas; 4R6259, Cornell 90; Mutilat W; R 889; Ma; 338; Leaf75; Root239; Root147",NUTRIENT AGAR (DSMZ Medium 1); CASO AGAR (MERCK 105458) (DSMZ Medium 220); Nutrient Agar (NA); MEDIUM 3 - Columbia agar; CIP Medium 3,Wheat root grown in field soil; Carrier module for rover - cover (ExoMars 2022); cave sediments; maple-leaf surface from a forest; Rice
taxon:2287|organism:saccharolobus solfataricus (sulfolobus solfataricus),8,target_archaea,taxon_organism,saccharolobus solfataricus,Saccharolobus solfataricus (Sulfolobus solfataricus),bacdive_species_exact_name_match,validated_species_exact_name,not_candidate_row,2,0,10,5,5,13,True,1,True,4,2,True,4,3,True,4,1,True,3,3,True,"{""normalized_species_exact"": 5}",JCM 30930; DSM 5833; DSM 5354; DSM 1617; JCM 11322; ATCC 35092; DSM 1616; ATCC 35091; JCM 8930; IFO 15158; IFO 15331; NBRC 15158; NBRC 15331,"MT-4; P1, P1-G; P2; P1",SACCHAROLOBUS (MT-4) MEDIUM (DSMZ Medium 182a); SACCHAROLOBUS SOLFATARICUS MEDIUM (DSMZ Medium 182),solfatara; volcanic hot spring; Volcanic hot spring at Pisciarelli Solfatara
taxon:1445|organism:alkalihalobacillus alcalophilus (bacillus alcalophilus),2,target_bacteria,taxon_organism,alkalihalobacillus alcalophilus,Alkalihalobacillus alcalophilus (Bacillus alcalophilus),bacdive_species_exact_name_match,validated_species_exact_name,not_candidate_row,2,0,10,5,5,28,True,1,True,5,3,True,2,3,True,0,0,False,1,2,True,"{""normalized_species_exact"": 5}",DSM 9709; DSM 9708; DSM 9707; DSM 2526; NCIB 10438; DSM 485; ATCC 27647; JCM 5262; NCIB 10436; NCIB 8772; NCTC 4553; CCUG 28516; NRRL B-14309; BCRC 15419; CECT 1; CGMCC 1.3604; CIP 103410; IAM 12461; IFO 15653; KCTC 1824,"PN 138, DP 469; PN 101, JA 16; PN 139, DP 486; 2; 1",ALKALINE NUTRIENT AGAR (DSMZ Medium 31); MEDIUM 113 - for Bacillus; CIP Medium 113,"human faeces; Human feces; Human, Faeces"
taxon:594|organism:salmonella gallinarum,4,target_bacteria,taxon_organism,salmonella enterica,Salmonella gallinarum,bacdive_species_exact_name_match,validated_species_exact_name,not_candidate_row,4,0,400,200,200,376,True,6,True,199,18,True,57,42,True,70,21,True,28,83,True,"{""base_binomial_match_or_subspecies"": 46, ""normalized_species_exact"": 154}",CIP 55.38; NCTC 8386; CIP 107479; CCUG 46434; CIP 55.29; CIP 55.28; NCTC 7309; CIP 55.27; NCTC 7299; CIP 55.26; NCTC 7315; CIP 55.24; CIP 55.23; NCTC 7303; CIP 55.21; NCTC 7332; CIP 107125; CIP 54.143; CIP 54.140; CIP 54.139,"82K; 91K; 585K; 61; 19, M73; 13, M50; 69K; LT2; C52; S-6; Eastafrica; TA1538; 254; I137; M327, 71; 88, M453; 87, M452; M439, 86; M248, 58; M244, 57",MEDIUM 3 - Columbia agar; CIP Medium 3; MEDIUM 72- for trypto casein soja agar; CIP Medium 72; MEDIUM 29- Brain heart agar,"Human, Faeces; Poult, intestine; Gopher snake, lung; Dried egg powder; Turkey, conjunctivitis"
taxon:1397|organism:niallia circulans (bacillus circulans),16,target_bacteria,taxon_organism,niallia circulans,Niallia circulans (Bacillus circulans),bacdive_species_exact_name_match,validated_species_exact_name,not_candidate_row,2,0,52,26,26,60,True,1,True,17,6,True,19,16,True,16,6,True,1,2,True,"{""normalized_species_exact"": 9, ""validated_bacdive_id_from_closure"": 17}",STI10836; DSM 104045; DSM 103998; DSM 103997; CCUG 56355; CCUG 49659; CCUG 46461; CCUG 35915 A; CCUG 34885; CCUG 34825; CCUG 28639; CCUG 21053; DSM 103922; CIP 52.76; ATCC 8384; CIP A49; CIP A36; CIP 102490; CIP 51.21; CIP 106423,"IMET 10836; 2bA_C23; 2a_C20; 2eB_C31; T6_16; NRS-760; Mousset; 491.86; ES2-8c1; Ford 26, 26, 726; C 302; 3Vf",CASO AGAR (MERCK 105458) (DSMZ Medium 220); BHI MEDIUM (DSMZ Medium 215); MEDIUM 3 - Columbia agar; CIP Medium 3; CIP Medium 72,"cleanroom facility, Airbus Defence and Space; Product/environment,industry; Human placenta,intrauterine foetus death; Industry water; Human pleura"
taxon:29438|organism:pseudomonas savastanoi (pseudomonas syringae pv. savastanoi),6,target_bacteria,taxon_organism,pseudomonas savastanoi,Pseudomonas savastanoi (Pseudomonas syringae pv. savastanoi),bacdive_species_exact_name_match,validated_species_exact_name,not_candidate_row,2,0,18,9,9,36,True,1,True,9,8,True,7,8,True,7,5,True,1,1,True,"{""normalized_species_exact"": 9}",IMI 379776; IMI 379775; CIP 59.13; DSM 50298; ATCC 13492; DSM 60228; NCPPB 64; CCUG 2171; LMG 5011; DSM 50287; DSM 60303; NCPPB 380; DSM 50286; DSM 60298; NCPPB 1373; DSM 50282; DSM 60282; NCPPB 1372; DSM 50267; ATCC 19508,"CDAO 682; 277, 64; PP 6; 2078-S22/2; 2076-31/2; PG2",Nutrient Agar (NA); MEDIUM 3 - Columbia agar; CIP Medium 3; NUTRIENT AGAR (DSMZ Medium 1); GLUCOSE YEAST EXTRACT MEDIUM (DSMZ Medium 54),"Glycine max (L.); <I>Olea europaea</I>; Olive (Olea europaea); <I>Phaseolus vulgaris</I>; <I>Phaseolus vulgaris</I> ""Red Kidney"""
taxon:98360|organism:salmonella dublin,4,target_bacteria,taxon_organism,salmonella enterica,Salmonella dublin,bacdive_species_exact_name_match,validated_species_exact_name,not_candidate_row,4,0,400,200,200,376,True,6,True,199,18,True,57,42,True,70,21,True,28,83,True,"{""base_binomial_match_or_subspecies"": 46, ""normalized_species_exact"": 154}",CIP 55.38; NCTC 8386; CIP 107479; CCUG 46434; CIP 55.29; CIP 55.28; NCTC 7309; CIP 55.27; NCTC 7299; CIP 55.26; NCTC 7315; CIP 55.24; CIP 55.23; NCTC 7303; CIP 55.21; NCTC 7332; CIP 107125; CIP 54.143; CIP 54.140; CIP 54.139,"82K; 91K; 585K; 61; 19, M73; 13, M50; 69K; LT2; C52; S-6; Eastafrica; TA1538; 254; I137; M327, 71; 88, M453; 87, M452; M439, 86; M248, 58; M244, 57",MEDIUM 3 - Columbia agar; CIP Medium 3; MEDIUM 72- for trypto casein soja agar; CIP Medium 72; MEDIUM 29- Brain heart agar,"Human, Faeces; Poult, intestine; Gopher snake, lung; Dried egg powder; Turkey, conjunctivitis"
taxon:33008|organism:rhodococcus globerulus,6,target_bacteria,taxon_organism,rhodococcus globerulus,Rhodococcus globerulus,bacdive_species_exact_name_match,validated_species_exact_name,not_candidate_row,2,0,24,12,11,41,True,2,True,9,11,True,5,2,True,2,1,True,3,3,True,"{""normalized_species_exact"": 9, ""validated_bacdive_id_from_closure"": 3}",CIP 104776; ATCC 21292; IFO 13510; DSM 44596; ATCC 19370; NCIB 9159; JCM 7475; CBS 611.67; CCM 279; NCIMB 9159; VKM Ac-859; IMET 7552; DSM 44310; DSM 44519; DSM 44521; DSM 44520; DSM 44306; DSM 43954; ATCC 25714; IFO 14531,"3909-92E; MDB 279; STI07552; STI07254(IMET), BU57.1; 97-406, PWD30; MAWA; MAWE; MAWB; 308-97, PWD8, SbaT1; 544, R 58, R58; R56; BU 57,1","MEDIUM 129 - for Pseudonocardia, Nocardia, Skermania and Streptomyces seoulensis, Streptomyces stramineus; CIP Medium 129; TRYPTICASE SOY BROTH AGAR (DSMZ Medium 535); GYM STREPTOMYCES MEDIUM (DSMZ Medium 65); ISP 2",soil with toluene as the sole C-source; soil
taxon:13689|organism:sphingomonas paucimobilis (pseudomonas paucimobilis),5,target_bacteria,taxon_organism,sphingomonas paucimobilis,Sphingomonas paucimobilis (Pseudomonas paucimobilis),bacdive_species_exact_name_match,validated_species_exact_name,not_candidate_row,2,0,82,41,41,69,True,1,True,3,6,True,38,21,True,36,3,True,1,3,True,"{""normalized_species_exact"": 41}",CRBIP17.142; JCM 7521; GIFU 11385; JCM 7519; GIFU 11386; JCM 7518; GIFU 2137; JCM 7515; CDC B3271; GIFU 2396; IAM 12577; IFO 13936; LMG 2239; NBRC 13936; NCTC 11031; JCM 7509; GIFU 2406; CCUG 58102; CCUG 43523; CCUG 42077 C,"CIMB142, CIMB 05-1135; CL 1/70",CIP Medium 72; MEDIUM 3 - Columbia agar; CIP Medium 3; COLUMBIA BLOOD MEDIUM (DSMZ Medium 693); MEDIUM 72- for trypto casein soja agar,"Human, Blood; Urine; Sputum; Vaginal swab; Spinal fluid"
taxon:1149133|organism:metapseudomonas furukawaii (pseudomonas furukawaii),6,target_bacteria,taxon_organism,metapseudomonas furukawaii,Metapseudomonas furukawaii (Pseudomonas furukawaii),bacdive_species_taxid_or_synonym_match,candidate_unvalidated,rescued_to_validated_species,2,0,2,1,1,2,True,1,True,1,3,True,1,2,True,1,1,True,1,2,True,"{""validated_bacdive_species_exact"": 1}",DSM 10086; NBRC 110670,KF707,REACTIVATION WITH LIQUID MEDIUM (DSMZ Medium 535b); MEDIUM WITH BIPHENYL (DSMZ Medium 457d); R2A MEDIUM (DSMZ Medium 830),soil near a biphenyl manufacturing plant; from biphenyl-contaminated sites in a biphenyl-manufacturing factory
taxon:1890|organism:streptomyces antibioticus,11,target_bacteria,taxon_organism,streptomyces antibioticus,Streptomyces antibioticus,bacdive_species_exact_name_match,validated_species_exact_name,not_candidate_row,2,0,26,13,11,69,True,1,True,9,2,True,4,3,True,1,1,True,2,4,True,"{""normalized_species_exact"": 13}",DSM 41955; DSM 46477; IMET 43440; INA 109/61; DSM 41569; ATCC 31771; LMC 1163; DSM 41567; ATCC 15848; RIA 607; DSM 41511; ETH A3030; DSM 41481; IMRU 3720; DSM 41239; IMRU 3931; NRRL 2838; DSM 40764; ATCC 10382; IFO 3126,"ST004846; ST032186(HKI), Gause8398/56; 45; Tü 99; Tü 94",GYM STREPTOMYCES MEDIUM (DSMZ Medium 65); ROLLED OATS MINERAL MEDIUM (DSMZ Medium 84),"soil; Bacteria enriched soil; Soil, Bourédo"
taxon:42881|organism:streptomyces chromofuscus,1,target_bacteria,taxon_organism,streptomyces chromofuscus,Streptomyces chromofuscus,bacdive_species_exact_name_match,validated_species_exact_name,not_candidate_row,2,0,6,3,3,17,True,1,True,1,6,True,1,2,True,1,1,True,1,2,True,"{""normalized_species_exact"": 3}",STI40171; ST008118; DSM 40273; ATCC 23896; CBS 682.68; IFO 12851; ISP 5273; NBRC 12851; RIA 1191; JCM 4354; BCRC 15125; CGMCC 4.1451; INA 13638/58; KCTC 19069; LMG 19317; NRRL B-12175; VKM Ac-974,JA04843; AM33402; 13638/58,GYM STREPTOMYCES MEDIUM (DSMZ Medium 65); ISP 2; ISP 3; ISP 4; ISP 5,soil; Soil
taxon:76857|organism:fusobacterium nucleatum subsp. polymorphum (fusobacterium polymorphum),2,target_bacteria,taxon_organism,fusobacterium nucleatum,Fusobacterium nucleatum subsp. polymorphum (Fusobacterium polymorphum),bacdive_species_exact_name_match,validated_species_exact_name,not_candidate_row,2,0,42,21,21,48,True,4,True,6,7,True,19,29,True,15,5,True,5,15,True,"{""base_binomial_match_or_subspecies"": 11, ""normalized_species_exact"": 9, ""validated_bacdive_id_from_closure"": 1}",JCM 6328; CCUG 61856; CCUG 60920; CCUG 57685; CCUG 57321; CCUG 53249; CCUG 52678; CCUG 51834; CCUG 51781; CCUG 45873; CCUG 44169; CCUG 37995; CCUG 15758; CCUG 15725; CCUG 14448; CIP 60.39; DSM 19507; ATCC 49256; CIP 104988; JCM 11023,"1789; EM48; 1612A; SOR, OR; LH 37; 555A",MEDIUM 20 - for Anaerobic bacteria; CIP Medium 20; CHOPPED MEAT MEDIUM (DSMZ Medium 78); COLUMBIA BLOOD MEDIUM (DSMZ Medium 693); PYG MEDIUM (MODIFIED) (DSMZ Medium 104),"Human gingival crevice; Human blood,68-yr-old man; Human throat,35-yr-old man; Human blood,56-yr-old man; Human blood,50-yr-old man"
taxon:447|organism:legionella bozemanae (fluoribacter bozemanae),1,target_bacteria,taxon_organism,legionella bozemanae,Legionella bozemanae (Fluoribacter bozemanae),bacdive_species_exact_name_match,validated_species_exact_name,not_candidate_row,2,0,12,6,6,14,True,1,True,3,3,True,5,8,True,6,4,True,1,4,True,"{""normalized_species_exact"": 6}",DSM 109129; CCUG 49017; CCUG 48836; CCUG 31569; DSM 25295; ATCC 35545; CCUG 16416; NCTC 11975; CIP 103873; DSM 16523; ATCC 33217; CCUG 11880; CIP 103872; NCTC 11368,"R54; Toronto-3; ALLO1, WIGA",BCYE-AGAR (DSMZ Medium 585); MEDIUM 23 - for Afipia and Legionella; CIP Medium 23,"Human sputum,81-yr-old woman; Human sputum,X-ray confirmed pneumonia; Human bronchial alveolar lavage,18-yr-old man; lung aspirate; Lung aspirate"
taxon:82367|organism:paracoccus pantotrophus (thiosphaera pantotropha),2,target_bacteria,taxon_organism,paracoccus pantotrophus,Paracoccus pantotrophus (Thiosphaera pantotropha),bacdive_species_exact_name_match,validated_species_exact_name,not_candidate_row,2,0,28,14,14,29,True,1,True,12,7,True,12,13,True,10,3,True,5,7,True,"{""normalized_species_exact"": 14}",JCM 6892; JCM 20620; IAM 12479; IFO 16712; NBRC 16712; DSM 11104; DSM 11073; DSM 11072; DSM 2944; DSM 3967; LMD 82.5; JCM 21485; ATCC 35512; CIP 106514; IAM 15022; NBRC 102493; NCCB 82005; DSM 15418; DSM 12449; DSM 6610,"KS2; KL 1; KS 1; GB 17; NKNIS; NKNCYSA; RHO 21; N7; N5; N4; N-1; 1628, Vogt 11",NUTRIENT AGAR (DSMZ Medium 1); MEDIUM 3 - Columbia agar; CIP Medium 3; MINERAL MEDIUM (BRUNNER) (DSMZ Medium 457); LB (Luria-Bertani) MEDIUM (DSMZ Medium 381),"Soil; soil associated with <I>Quercus lobator</I>; leaves of <I>Quercus lobator</I>; denitrifying, sulfide-oxidizing effluent-treatment plant; Waste treatment plant"
taxon:1906|organism:streptomyces fradiae (streptomyces roseoflavus),28,target_bacteria,taxon_organism,streptomyces fradiae,Streptomyces fradiae (Streptomyces roseoflavus),bacdive_species_exact_name_match,validated_species_exact_name,not_candidate_row,2,0,78,39,38,152,True,1,True,34,4,True,14,6,True,3,3,True,2,8,True,"{""normalized_species_exact"": 39}",JCM 4037; IMI 116271; LIA 23; NRRL 117; IMET 40217; DSM 46372; CCM 3174; ETH 13363; HMGB B 922; IFO 3439; IMET 40283; LBG A 3013; NBRC 3439; NCIB 8233; NRRL B-1195; HUT 6054; IAW 83; PSA 81; DSM 41757; ATCC 19609,"ST002896; ST008133; STI40217; FD 276, W-7-2; M48-E2724; T-1-21-8; 49, KY-631; MDB 261; MA-2912; MA-2911; MA-2898; B-131; W 3719; W 3594; MA 2898; Schering 371; BL-614; BL-619; M-4047; Tü 39",GYM STREPTOMYCES MEDIUM (DSMZ Medium 65); STARCH - MINERAL SALT - AGAR (STMS) (DSMZ Medium 252); ROLLED OATS MINERAL MEDIUM (DSMZ Medium 84); ISP2 MEDIUM (DSMZ Medium 987),"soil, soaked with petroleum; soil; derived from S. fradiae 3535x; single colony isolated from S. fradiae ATCC 21096; Soil"
taxon:550|organism:enterobacter cloacae,11,target_bacteria,taxon_organism,enterobacter cloacae,Enterobacter cloacae,bacdive_species_exact_name_match,validated_species_exact_name,not_candidate_row,2,0,128,64,64,113,True,2,True,23,12,True,49,36,True,46,13,True,5,13,True,"{""base_binomial_match_or_subspecies"": 2, ""normalized_species_exact"": 62}",STI10791; ST033633; ST033632; ST033631; ST033630; SF002772; CIP 111219; CRBIP17.69; JCM 20227; IAM 1624; JCM 20225; IAM 1615; JCM 20208; IAM 1562; DSM 109593; DSM 109592; DSM 106614; IMI 378896; IMI 347359; IMI 347358,"IMET 10791; Wiedemann IV3-26; Wiedemann IV3-25; P99; Hoechst 1321E; 1372; BM4439; CIMB 04-7032; ZW32; ZW9; NRZ36863; 1413B; EN-117; RIVM WR3; 20/78; AmMS 204; B0025752; WS 20940; W-4, 8122-86; D 12, D12",CIP Medium 72; COLUMBIA BLOOD MEDIUM (DSMZ Medium 693); TRYPTICASE SOY YEAST EXTRACT MEDIUM (DSMZ Medium 92); TRYPTICASE SOY BROTH AGAR (DSMZ Medium 535); Nutrient Agar (NA),"Human, Blood; Unhulled rice; rhizosphere soil; soil rizosphere; odour closure device in hospital"
taxon:1335|organism:streptococcus equinus (streptococcus bovis),2,target_bacteria,taxon_organism,streptococcus equinus,Streptococcus equinus (Streptococcus bovis),bacdive_species_exact_name_match,validated_species_exact_name,not_candidate_row,2,0,28,14,14,56,True,1,True,5,6,True,14,16,True,6,1,True,5,6,True,"{""normalized_species_exact"": 14}",JCM 7882; NCDO 2446; NCIMB 702128; CCUG 47736; CCUG 41793; CCUG 38009; CCUG 34833; NCTC 8140; JCM 7878; ACM 3540; NCDO 598; NCIMB 700598; CCUG 33096; CCUG 31964; CCUG 13552; CCUG 11666; NCTC 10389; CIP 82.5; NCDO 2491; NCTC 10386,"TR5; Hl2B, H12B; 1; Pearl 11",MEDIUM 6 - Columbia agar with 10 % horse blood; CIP Medium 6; CIP Medium 29; COLUMBIA BLOOD MEDIUM (DSMZ Medium 693); TRYPTICASE SOY YEAST EXTRACT MEDIUM (DSMZ Medium 92),"Equine abscess; Human blood,57-yr-old woman,liver transplanted; Human blood,pancreatitis,chills,high fever; Human blood,80-yr-old man; Cow dung Rosalie 20"
taxon:2271|organism:thermoproteus tenax,6,target_archaea,taxon_organism,thermoproteus tenax,Thermoproteus tenax,bacdive_species_exact_name_match,validated_species_exact_name,not_candidate_row,2,0,2,1,1,5,True,1,True,1,1,True,1,2,True,1,1,True,1,1,True,"{""normalized_species_exact"": 1}",DSM 2078; ATCC 35583; JCM 9277; Kra 1; NBRC 100435,,THERMOPROTEUS MEDIUM (DSMZ Medium 185),"mud hole, solfataric field; Acidic solfataric hot spring"
taxon:33898|organism:streptomyces galbus,4,target_bacteria,taxon_organism,streptomyces galbus,Streptomyces galbus,bacdive_species_exact_name_match,validated_species_exact_name,not_candidate_row,2,0,6,3,3,33,True,1,True,3,3,True,2,2,True,1,1,True,1,2,True,"{""normalized_species_exact"": 3}",DSM 41170; IMRU 3837; DSM 40480; ATCC 14077; CBS 700.72; IFO 13399; ISP 5480; JCM 4327; JCM 4756; KCC S-0327; KCC S-0756; NBRC 13399; NIHJ 363; RIA 1360; VKM Ac-160; DSM 40089; ATCC 23910; CBS 831.68; ETH 24322; IFO 12864,1616-Z3; Wind 731,GYM STREPTOMYCES MEDIUM (DSMZ Medium 65); ROLLED OATS MINERAL MEDIUM (DSMZ Medium 84); ISP 5 MEDIUM (DSMZ Medium 993),Garden soil; soil
taxon:28454|organism:sphingobacterium multivorum,2,target_bacteria,taxon_organism,sphingobacterium multivorum,Sphingobacterium multivorum,bacdive_species_exact_name_match,validated_species_exact_name,not_candidate_row,2,0,64,32,32,64,True,1,True,15,8,True,24,23,True,20,6,True,5,7,True,"{""normalized_species_exact"": 32}",JCM 7463; IFO 14987; NBRC 14987; JCM 20183; AJ 2458; IAM 1493; IFO 14983; NBRC 14983; CCUG 61848; CCUG 56454; CCUG 35137; CCUG 34359; CCUG 33047; CCUG 31767; CCUG 30469; CCUG 22177; CCUG 19332; CCUG 17893; CCUG 17445; CCUG 15483,"R 844; 601-86; 999-83; 64.80, A8895; R 857; 858-81; Verdier; R580; Kodana S-1, KS 0506; KS 0433; 65-80; B5533, 30-83; LRA 260776, LRA 026 07 76",MEDIUM 3 - Columbia agar; CIP Medium 72; CIP Medium 3; MEDIUM 72- for trypto casein soja agar; CIP Medium 566,"Oil brine; Human sputum,male patient,cystic fibrosis; Environment,industry; Human wound; Human sputum"
taxon:258|organism:sphingobacterium spiritivorum (flavobacterium spiritivorum),2,target_bacteria,taxon_organism,sphingobacterium spiritivorum,Sphingobacterium spiritivorum (Flavobacterium spiritivorum),bacdive_species_exact_name_match,validated_species_exact_name,not_candidate_row,2,0,30,15,15,46,True,1,True,9,6,True,12,14,True,8,5,True,3,5,True,"{""normalized_species_exact"": 15}",JCM 1733; ATCC 35003; NCTC 11387; JCM 1732; ATCC 35004; NCTC 11388; CCUG 64463 B; CCUG 22179; CCUG 16474; CCUG 15911; CCUG 15910; LMG 8348; CIP 103051; CIP 103044; CIP 109998; CIP 109996; CIP 103340; NCTC 12114; CCUG 26766; CIP 103100,"28-78; 732-82; Jacob; 362P; D7039; 649-77; D7529, F8081; E7288, 29-83",MEDIUM 3 - Columbia agar; CIP Medium 3; CIP Medium 72; MEDIUM 72- for trypto casein soja agar; CIP Medium 566,"Wound swab; Blood of an 11 year-old female; Industry,water; Human, Blood; Human, Pleural liquid"
taxon:960|organism:bacteriovorax stolpii (bdellovibrio stolpii),2,target_bacteria,taxon_organism,bacteriovorax stolpii,Bacteriovorax stolpii (Bdellovibrio stolpii),bacdive_species_exact_name_match,validated_species_exact_name,not_candidate_row,2,0,2,1,1,4,True,1,True,1,1,True,0,0,False,0,0,False,1,2,True,"{""normalized_species_exact"": 1}",DSM 12778; ATCC 27052; DSM 50722; ICPB 3291,UKi2,BDELLOVIBRIO BACTERIOVORUS MEDIUM (DSMZ Medium 844),
taxon:479436|organism:veillonella parvula (strain atcc 10790 / dsm 2008 / ccug 5123 / jcm 12972 / nctc 11810 / te3) (veillonella alcalescens),1,target_bacteria,taxon_organism,veillonella parvula,Veillonella parvula (strain ATCC 10790 / DSM 2008 / CCUG 5123 / JCM 12972 / NCTC 11810 / Te3) (Veillonella alcalescens),bacdive_species_exact_name_match,validated_species_exact_name,not_candidate_row,8,0,40,17,17,25,True,1,True,3,5,True,17,15,True,15,4,True,3,5,True,"{""base_binomial_match_or_subspecies"": 1, ""normalized_species_exact"": 16}",CCUG 59474; CCUG 53264; CCUG 51983; CCUG 48555; CCUG 47017; CCUG 46743; CCUG 45896; CCUG 44653; CCUG 44569; CCUG 39926; CCUG 38273; CCUG 35361; CCUG 34345; CCUG 27108; CIP 60.1; CCUG 5123; ATCC 17742; DSM 2008; ATCC 10790; JCM 12972,315A; Te3; 259,MEDIUM 20 - for Anaerobic bacteria; CIP Medium 20; PYG MEDIUM (MODIFIED) (DSMZ Medium 104); VEILLONELLA MEDIUM (DSMZ Medium 136); COLUMBIA BLOOD MEDIUM (DSMZ Medium 693),"Human vagina; Human blood,72-yr-old man; Human blood,67-yr-old man,endocarditis; Human dialysis fluid,25-yr-old woman; Human blood,45-yr-old man"
taxon:765874|organism:corynebacterium pseudotuberculosis (strain frc41),1,target_bacteria,taxon_organism,corynebacterium pseudotuberculosis,Corynebacterium pseudotuberculosis (strain FRC41),bacdive_species_exact_name_match,validated_species_exact_name,not_candidate_row,2,0,28,14,14,34,True,1,True,13,12,True,14,17,True,8,3,True,3,4,True,"{""normalized_species_exact"": 14}",CCUG 27541; NCTC 4655; CIP 52.103; CIP 52.104; CIP 52.97; CCUG 43567; CIP A94; CCUG 43566; CIP 59.46; CCUG 43568; CIP A95; CIP 58.3; CIP A93; DSM 20689; ATCC 19410; NCTC 3450; CCUG 2806; LMG 19054; CIP 102968; JCM 9389,"Fleming; PR; Krieger; Méd; Roi de Pique; E23; Brie; 169, Songer 169; 2808, Songer 2808; 2804, Songer 2804",MEDIUM 3 - Columbia agar; CIP Medium 3; CIP Medium 72; ISP 2; ISP 3,"Horse; Animal, Horse, lymphangitis; Horse lymphangitis; Horse abscess; Animal, Horse, abscess"
taxon:936156|organism:bacillus subtilis (strain bsn5),1,target_bacteria,taxon_organism,bacillus subtilis,Bacillus subtilis (strain BSn5),bacdive_species_exact_name_match,validated_species_exact_name,not_candidate_row,4,0,400,200,198,326,True,1,True,178,12,True,59,24,True,55,10,True,12,69,True,"{""base_binomial_match_or_subspecies"": 18, ""normalized_species_exact"": 182}",CIP 76.87; CIP 76.53; DSM 103758; DSM 103051; DSM 103047; DSM 103044; DSM 31033; DSM 100614; DSM 100613; DSM 100612; DSM 100605; DSM 28592; DSM 31010; DSM 31009; DSM 31008; DSM 31021; DSM 31020; SG 119; DSM 30942; DSM 30941,"AA 56; PM 15; D36_1; Stev18; Stev9; Stev2; T3_6; D13-1; D8-1; D6-1; FS3-1; Amp-T18; b9_6; b9_5; b9_4; G23; G20; STI10881; STI10299; STI10298(IMET), 168IX",MEDIUM 3 - Columbia agar; CIP Medium 3; CIP Medium 72; CASO AGAR (MERCK 105458) (DSMZ Medium 220); TRYPTICASE SOY YEAST EXTRACT MEDIUM (DSMZ Medium 92),"cleanroom facility, Airbus Defence and Space; cleanroom facility, TAS-I; cleanroom facility, TAS; caecal content; wildtype C57BL/6 mouse treated with ampicillin; cleanroom, wipe sample"
taxon:553199|organism:cutibacterium acnes (strain sk137) (propionibacterium acnes),1,target_bacteria,taxon_organism,cutibacterium acnes,Cutibacterium acnes (strain SK137) (Propionibacterium acnes),bacdive_species_exact_name_match,validated_species_exact_name,not_candidate_row,4,0,218,109,109,138,True,3,True,45,10,True,104,72,True,82,9,True,9,14,True,"{""base_binomial_match_or_subspecies"": 28, ""normalized_species_exact"": 81}",DSM 117854; DSM 117891; CIP 110528; CIP 110522; CIP 110508; CIP 110507; CRBIP17.133; JCM 6495; ATCC 11827; KCTC 5012; VPI 4979; JCM 33136; JCM 33135; JCM 33134; JCM 33133; JCM 18927; JCM 18926; JCM 18925; JCM 18924; JCM 18923,CA02; AP1; CIMB 05-1526; Z140; K2-18; FR2-MS23; FR1-165P,COLUMBIA BLOOD MEDIUM (DSMZ Medium 693); FASTIDIOUS ANAEROBE BROTH (DSMZ Medium 1203a); PYG MEDIUM (MODIFIED) (DSMZ Medium 104); CIP Medium 20; CIP Medium 6,"human clinical isolate; Fluid from rumen; Human, Skin abcess; Human, Shoulder articular puncture; Human, Blood culture"
taxon:29488|organism:photorhabdus luminescens (xenorhabdus luminescens),1,target_bacteria,taxon_organism,photorhabdus luminescens,Photorhabdus luminescens (Xenorhabdus luminescens),bacdive_species_exact_name_match,validated_species_exact_name,not_candidate_row,2,0,12,6,6,12,True,3,True,4,8,True,4,5,True,4,4,True,3,4,True,"{""base_binomial_match_or_subspecies"": 2, ""normalized_species_exact"": 4}",CCM 9235; CCOS 2021; CCOS 1199; LMG 30528; DSM 3368; ATCC 29999; CCM 7077; CIP 106429; NCIMB 12670; DSM 12205; DSM 12191; DSM 12189,"JAR; MEX47-22; Hb; HB 1-3; LN2; HSH1, W7.1",NUTRIENT AGAR (DSMZ Medium 1); Marine agar (MA); CIP Medium 13; TRYPTONE SOYA BROTH (TSB) (DSMZ Medium 545); R2A MEDIUM (DSMZ Medium 830),"Nematode <I>Heterorhabditis bacteriophora</I>; Animal, Nematode, Heterorhabditis bacteriophora; nematode <I>Heterorhabditis bacteriophora</I>; nematode <I>Heterorhabditis indica</I>; nematode <I>Heterorhabditis megidis</I>"
taxon:29397|organism:lactobacillus delbrueckii subsp. lactis,2,target_bacteria,taxon_organism,lactobacillus delbrueckii,Lactobacillus delbrueckii subsp. lactis,bacdive_species_exact_name_match,validated_species_exact_name,not_candidate_row,2,0,114,57,56,178,True,6,True,28,9,True,37,43,True,24,7,True,14,33,True,"{""base_binomial_match_or_subspecies"": 42, ""normalized_species_exact"": 15}",CRBIP24.64; JCM 8671; JCM 8669; JCM 8666; JCM 8661; JCM 20398; IAM 12091; JCM 20088; IAM 1174; JCM 20075; IAM 1149; IAM 12067; JCM 20381; JCM 1106; JCM 1063; BCRC 14033; JCM 1016; JCM 1014; NCDO 1744; JCM 1010,"64 Z; 103-76; 64 AE; MB 367; B10; B7; B6; 66 E; BBY; #22, EDCC 5492; STI10478; CHCC13979, ZN7a-9; 313, Ld 5, Ld5; 14-1, L 889; L 110; 730, Calvert, Calbert; 14, Lb.14; D","De Man, Rogosa and Sharpe Agar; Trypticase Soy Agar; CIP Medium 40; MEDIUM 40- for Lactobacillus and Leuconostoc; CIP Medium 72",Urine; Chicken; Pig; Adult; Sour milk
taxon:277|organism:meiothermus ruber,2,target_bacteria,taxon_organism,meiothermus ruber,Meiothermus ruber,bacdive_species_exact_name_match,validated_species_exact_name,not_candidate_row,2,0,2,1,1,4,True,1,True,1,1,True,1,1,True,1,1,True,1,2,True,"{""normalized_species_exact"": 1}",DSM 1279; ATCC 35948; BKM B-1258; VKM B-1258,21,THERMUS RUBER MEDIUM (DSMZ Medium 256),hot spring
taxon:69367|organism:microbacterium luteolum (aureobacterium luteolum),2,target_bacteria,taxon_organism,microbacterium luteolum,Microbacterium luteolum (Aureobacterium luteolum),bacdive_species_exact_name_match,validated_species_exact_name,not_candidate_row,2,0,4,2,2,14,True,1,True,1,9,True,1,3,True,0,0,False,1,1,True,"{""normalized_species_exact"": 2}",CCUG 43281; CCM 4365; DSM 20143; ATCC 51474; IFO 15074; NBRC 15074; NCIB 9568; NRRL B-24230; JCM 9174; CIP 102086; IAM 15204; LMG 16207; NCIMB 9568; VTT E-97042,69,CORYNEBACTERIUM AGAR (DSMZ Medium 53); ISP 2; ISP 3; ISP 4; ISP 5,"soil; Soil; Environment, Soil"
taxon:672|organism:vibrio vulnificus,6,target_bacteria,taxon_organism,vibrio vulnificus,Vibrio vulnificus,bacdive_species_exact_name_match,validated_species_exact_name,not_candidate_row,2,0,56,28,28,55,True,1,True,6,7,True,18,18,True,17,9,True,3,6,True,"{""normalized_species_exact"": 28}",JCM 3731; JCM 3730; JCM 3729; JCM 3728; JCM 3727; JCM 3726; CCUG 48492; CCUG 47321; CCUG 47319; CCUG 46877; CCUG 46876; CCUG 41928; CCUG 39349; CCUG 38521; CCUG 38431; CECT 4606; CCUG 38430; CECT 4601; CCUG 38429; CECT 897,YJ016; CMCP6; 693-80; H 1828/94; 324,Marine agar (MA); CIP Medium 13; MEDIUM 72- for trypto casein soja agar; CIP Medium 72; COLUMBIA BLOOD MEDIUM (DSMZ Medium 693),"Human softtissue injury,handling marine-animals; Human blood,necrotizing fasciitis; Human biopsy,necrotizing fascitis,69-yr-old woman; Human wound,hand,86-yr-old man,diseased; Human blood,86-yr-old man,diseased"
proteome:UP000008960,1,target_bacteria,proteome,anaerostipes hadrus,Anaerostipes hadrus,bacdive_species_exact_name_match,validated_species_exact_name,not_candidate_row,4,0,4,2,2,8,True,1,True,2,3,True,2,4,True,1,1,True,1,2,True,"{""normalized_species_exact"": 2}",DSM 23942; JCM 17764; DSM 3319; ATCC 29173; KCTC 15606; VPI 82-52; JCM 9980; KCTC 15009,SS 2/1; VP 82-52,YCFA-MEDIUM (MODIFIED) (DSMZ Medium 1611); FASTIDIOUS ANAEROBE AGAR (DSMZ Medium 1203); CHOPPED MEAT MEDIUM WITH CARBOHYDRATES (DSMZ Medium 110),human faecal sample; Feces of a healthy British female; human faeces; From human faeces
taxon:1471|organism:bacillus methanolicus,2,target_bacteria,taxon_organism,bacillus methanolicus,Bacillus methanolicus,bacdive_species_exact_name_match,validated_species_exact_name,not_candidate_row,2,0,2,1,1,4,True,1,True,1,2,True,1,1,True,0,0,False,1,1,True,"{""normalized_species_exact"": 1}",DSM 16454; ATCC 51375; LMG 24730; NCIMB 13113,PB1,MODIFIED BACTO MARINE BROTH (DSMZ Medium 514d); BM MEDIUM (DSMZ Medium 1192),Waste water treatment system
taxon:42198|organism:actinosynnema pretiosum subsp. auranticum,1,target_bacteria,taxon_organism,actinosynnema pretiosum,Actinosynnema pretiosum subsp. auranticum,bacdive_species_exact_name_match,validated_species_exact_name,not_candidate_row,2,0,6,3,2,28,True,2,True,2,7,True,2,2,True,2,1,True,2,4,True,"{""base_binomial_match_or_subspecies"": 2, ""normalized_species_exact"": 1}",DSM 44132; ATCC 31281; FERM P-3992; IFO 13726; JCM 7344; NBRC 13726; BCRC 13428; CGMCC 4.1703; IFO 15621; IMSNU 21346; KCTC 9499; NBRC 15621; NRRL B-16060; VKM Ac-1963; DSM 44131; ATCC 31309; FERM P-4130; IFO 13725; JCM 7343; NBRC 13725,SF001665,GYM STREPTOMYCES MEDIUM (DSMZ Medium 65); ISP 2; ISP 3; ISP 4; ISP 5,Surface of blade of <I>Carex</I> species; surface of blade of carex species
taxon:57040|organism:malonomonas rubra,1,target_bacteria,taxon_organism,malonomonas rubra,Malonomonas rubra,bacdive_species_exact_name_match,validated_species_exact_name,not_candidate_row,2,0,4,2,2,2,True,1,True,2,1,True,1,1,True,2,1,True,1,1,True,"{""normalized_species_exact"": 2}",DSM 9788; DSM 5091,GraMal2; GraMal1,DESULFOBACTERIUM MEDIUM (DSMZ Medium 383),marine mud
taxon:1249|organism:weissella paramesenteroides (leuconostoc paramesenteroides),1,target_bacteria,taxon_organism,weissella paramesenteroides,Weissella paramesenteroides (Leuconostoc paramesenteroides),bacdive_species_exact_name_match,validated_species_exact_name,not_candidate_row,2,0,26,13,13,36,True,1,True,6,3,True,12,5,True,1,1,True,1,2,True,"{""normalized_species_exact"": 13}",JCM 10365; JCM 10364; JCM 10363; JCM 10362; JCM 10361; JCM 10360; JCM 10359; CIP 106371; NCDO 955; CIP 106370; NCDO 872; CIP 101612; CIP 106374; NCDO 873; DSM 20288; ATCC 33313; NCDO 803; CCUG 30068; NRRL B-3471; JCM 9890,"C4/4/3; SL 48; 368-85; SL 50; R 80, R80; SL19",MEDIUM 40- for Lactobacillus and Leuconostoc; CIP Medium 40; MRS MEDIUM (DSMZ Medium 11),"Forage crops; Food, English hard cheese; Silage; Human, Blood; silage"
taxon:1258|organism:peptoniphilus asaccharolyticus (peptostreptococcus asaccharolyticus),3,target_bacteria,taxon_organism,peptoniphilus asaccharolyticus,Peptoniphilus asaccharolyticus (Peptostreptococcus asaccharolyticus),bacdive_species_exact_name_match,validated_species_exact_name,not_candidate_row,2,0,12,6,6,15,True,1,True,1,4,True,6,5,True,5,1,True,1,2,True,"{""normalized_species_exact"": 6}",CCUG 44107 A; CCUG 44041 A; CCUG 43533; CCUG 42643; CCUG 35131; DSM 20463; ATCC 14963; NCIB 10074; CCUG 9988; JCM 1765; CIP 74.17; KCTC 3321; NCIMB 10074; NCTC 11461; VTT E-981052,"BAI, UW 228",CHOPPED MEAT MEDIUM (DSMZ Medium 78); MEDIUM 20 - for Anaerobic bacteria; COLUMBIA BLOOD MEDIUM (DSMZ Medium 693); CIP Medium 20,"Human vagina,fornix,vaginosis; Human vagina,fornix,bacterial vaginosis; Human blood; Human fistel; Human clinical specimen"
taxon:34|organism:myxococcus xanthus,16,target_bacteria,taxon_organism,myxococcus xanthus,Myxococcus xanthus,bacdive_species_exact_name_match,validated_species_exact_name,not_candidate_row,4,0,318,159,114,121,True,1,True,151,19,True,142,48,True,138,26,True,1,1,True,"{""normalized_species_exact"": 159}",DSM 52571; DSM 52570; DSM 52569; DSM 52568; DSM 52471; DSM 52470; DSM 52469; DSM 52468; DSM 52467; DSM 52466; DSM 52465; DSM 52464; DSM 52463; DSM 52462; DSM 52461; DSM 52460; DSM 52459; DSM 52458; DSM 52457; DSM 52456,Mx x87; Mx x86; Mx x84; Mx x96; Mx x97; Mx x98; Mx x99; Mx x90; Mx x60; Mx x13; Mx x31; Mx x139; Mx x138; Mx x137; Mx x136; Mx x134; Mx x131; Mx x130; Mx x142; Mx x141,VY/2 AGAR; CY-AGAR; TOLI AGAR; COLE AGAR; AMP AGAR,faeces of goat; soil; soil with plant residues; rotting peel of cocoa bean with little soil; faeces of sheep with little soil and plant residues
taxon:58712|organism:salmonella anatum,3,target_bacteria,taxon_organism,salmonella enterica,Salmonella anatum,bacdive_species_exact_name_match,validated_species_exact_name,not_candidate_row,4,0,400,200,200,376,True,6,True,199,18,True,57,42,True,70,21,True,28,83,True,"{""base_binomial_match_or_subspecies"": 46, ""normalized_species_exact"": 154}",CIP 55.38; NCTC 8386; CIP 107479; CCUG 46434; CIP 55.29; CIP 55.28; NCTC 7309; CIP 55.27; NCTC 7299; CIP 55.26; NCTC 7315; CIP 55.24; CIP 55.23; NCTC 7303; CIP 55.21; NCTC 7332; CIP 107125; CIP 54.143; CIP 54.140; CIP 54.139,"82K; 91K; 585K; 61; 19, M73; 13, M50; 69K; LT2; C52; S-6; Eastafrica; TA1538; 254; I137; M327, 71; 88, M453; 87, M452; M439, 86; M248, 58; M244, 57",MEDIUM 3 - Columbia agar; CIP Medium 3; MEDIUM 72- for trypto casein soja agar; CIP Medium 72; MEDIUM 29- Brain heart agar,"Human, Faeces; Poult, intestine; Gopher snake, lung; Dried egg powder; Turkey, conjunctivitis"
taxon:2714|organism:aquifex pyrophilus,5,target_bacteria,taxon_organism,aquifex pyrophilus,Aquifex pyrophilus,bacdive_species_exact_name_match,validated_species_exact_name,not_candidate_row,2,0,2,1,1,2,True,1,True,1,1,True,1,2,True,1,1,True,0,0,False,"{""normalized_species_exact"": 1}",DSM 6858; JCM 9492,Kol5a,MODIFIED SME MEDIUM (DSMZ Medium 534),hot marine sediments; Submarine hot sandy sediment at a depth of 106 m at the Kolbeinsey Ridge north of Iceland
taxon:135720|organism:neisseria meningitidis serogroup c,3,target_bacteria,taxon_organism,neisseria meningitidis,Neisseria meningitidis serogroup C,bacdive_species_exact_name_match,validated_species_exact_name,not_candidate_row,4,0,314,157,157,184,True,1,True,61,8,True,87,39,True,91,19,True,6,7,True,"{""normalized_species_exact"": 157}",CCUG 63283; CCUG 61453; CCUG 61452; CCUG 61451; CCUG 61450; CCUG 56352; CCUG 55614; CCUG 48617; CCUG 48110; CCUG 47928; CCUG 47926; CCUG 47925; CCUG 47924; CCUG 45715; CCUG 45087; CCUG 42381; CCUG 42380; CCUG 42379; CCUG 41483; CCUG 41447,"M2092; M 1628, LNP 1914; LNP 3971; LNP 1291, M 992; 1290, M 982, LNP 1520; LNP 1519, 1289, M 1080; 1288, M 981, LNP 1518; M 990, 1287, LNP 1517; LNP 3969; C109; 18/68, LNP 1915; Z2491; LNP 636, M 521; B32; C111, Conde; Nguyen, R 599; Charv; LNP 2401, S 3446-1; Leroy; 20/68, LNP 1917","MEDIUM 10 - Chocolate medium  for Actinobacillus pleuropneumoniae, Capnocytophaga cynodegmi, Haemophilus and Neisseria; CIP Medium 10; CIP Medium 10_BIORAD; MEDIUM 3 - Columbia agar; CIP Medium 3","Human blood; Human blood,18-yr-old man; Human blood,79-yr-old woman; Human blood,49-yr-old woman; Human blood,76-yr-old woman"
taxon:48984|organism:pantoea agglomerans pv. gypsophilae (erwinia herbicola),2,target_bacteria,taxon_organism,enterobacter agglomerans,Pantoea agglomerans pv. gypsophilae (Erwinia herbicola),bacdive_species_exact_name_match,validated_species_exact_name,not_candidate_row,2,0,74,37,36,69,True,1,True,17,9,True,29,28,True,28,12,True,1,3,True,"{""normalized_species_exact"": 9, ""validated_bacdive_id_from_closure"": 28}",ST036368; ST036367; ST027512; JCM 7000; JCM 20143; ATCC 12287; IAM 1309; IMI 347423; IMI 347422; IMI 347420; IMI 347419; IMI 347417; IMI 347416; CCUG 67569; CCUG 61575; CCUG 58262; CCUG 56817; CCUG 44459; CCUG 43472; CCUG 38821,"Eh 1087 (NZ); C9-1 (ASW); 6Z7Tc-015; SF002742; 11-W-3-2; WS 10180; 7; 19, 4834; Graham Price, Brice, FDAARGOS 1447; A 111",Nutrient Agar (NA); MEDIUM 3 - Columbia agar; CIP Medium 3; CIP Medium 72; MEDIUM 72- for trypto casein soja agar,cave of bats; Plant; Mangifera indica; mango; Oryza sativa; necrotic leaf-sheath tissue; knee laceration
taxon:305|organism:ralstonia solanacearum (pseudomonas solanacearum),1,target_bacteria,taxon_organism,ralstonia solanacearum,Ralstonia solanacearum (Pseudomonas solanacearum),bacdive_species_exact_name_match,validated_species_exact_name,not_candidate_row,2,0,66,33,33,54,True,1,True,29,6,True,26,27,True,27,14,True,2,8,True,"{""normalized_species_exact"": 33}",IMI 347662; IMI 347661; IMI 347590; IMI 347587; IMI 347656; IMI 347651; IMI 346334; IMI 347623; IMI 347834; IMI 347545; IMI 347541; IMI 346333; IMI 389100; IMI 389099; IMI 389098; IMI 389097; IMI 377847; IMI 370184; IMI 370183; IMI 370182,"IVIA-1602.1; 60-1, K60; B 1728, F74",Glucose-Peptone (GP) medium; Casamino acid-Peptone-Glucose (CPG) medium; Nutrient Agar (NA); R2A MEDIUM (DSMZ Medium 830); NUTRIENT AGAR (DSMZ Medium 1),Synedrella nodiflora; Arachis hypogaea; groundnut; Stylosanthes humilis; vascular tissue; Corchorus olitorius; Ageratum conyzoides
taxon:359|organism:rhizobium rhizogenes (agrobacterium rhizogenes),6,target_bacteria,taxon_organism,rhizobium rhizogenes,Rhizobium rhizogenes (Agrobacterium rhizogenes),bacdive_species_exact_name_match,validated_species_exact_name,not_candidate_row,2,0,16,8,8,55,True,1,True,6,8,True,4,6,True,3,2,True,2,6,True,"{""normalized_species_exact"": 8}",JCM 21076; IAM 14218; ICPB TT133; LMG 341; NCPPB 2303; JCM 20923; IAM 13574; ICMP 3379; LMG 138; NCPPB 2407; IMI 350518; CIP 104330; ATCC 13333; JCM 20990; IAM 13938; ICPB TR104; IFO 13259; KCTC 2780; NBRC 13259; NCPPB 2409,"TR 104, 5; 38; TR 102, C0",Nutrient Agar (NA); MEDIUM 3 - Columbia agar; CIP Medium 3; RHIZOBIUM MEDIUM (DSMZ Medium 98); NUTRIENT AGAR (DSMZ Medium 1),"Crown gall of <I>Prunus amygdalus</I>; Soil round peach gall; <I>Prunus</I> sp., stem gall; Plum gall; Apple"
taxon:290398|organism:chromohalobacter israelensis (strain atcc baa-138 / dsm 3043 / cip 106854 / ncimb 13768 / 1h11) (chromohalobacter salexigens),4,target_bacteria,taxon_organism,chromohalobacter israelensis,Chromohalobacter israelensis (strain ATCC BAA-138 / DSM 3043 / CIP 106854 / NCIMB 13768 / 1H11) (Chromohalobacter salexigens),bacdive_species_exact_name_match,validated_species_exact_name,not_candidate_row,7,0,11,3,3,10,True,2,True,2,5,True,3,5,True,3,4,True,2,3,True,"{""normalized_species_exact"": 1, ""validated_bacdive_id_from_closure"": 2}",JCM 15323; DSM 3043; CIP 106854; CCM 4921; CECT 5384; ATCC BAA-138; NCIMB 13768; DSM 6768; ATCC 43985; CIP 105572,"1H11; Ba1, Ba<SUB>1</SUB>, 1-13-31",HALOMONAS MEDIUM (DSMZ Medium 276); Marine agar (MA); CIP Medium 13; MEDIUM 514 PLUS ADDITIONAL SALT (DSMZ Medium 514b); 10% MH MEDIUM (DSMZ Medium 593),"Fermented fish (<I>pla-ra</I>) from a market in Roi Et; solar salt facility; Saltern; Dead Sea; Environment, Water, Dead sea"
taxon:41|organism:stigmatella aurantiaca,18,target_bacteria,taxon_organism,stigmatella aurantiaca,Stigmatella aurantiaca,bacdive_species_exact_name_match,validated_species_exact_name,not_candidate_row,2,0,24,12,12,13,True,1,True,12,2,True,12,9,True,12,5,True,1,1,True,"{""normalized_species_exact"": 12}",DSM 53785; DSM 53795; DSM 53783; DSM 53782; DSM 53781; DSM 53780; DSM 53779; DSM 53778; DSM 53754; DSM 53751; DSM 17044; ATCC 25190; DSM 1035,Sg a32; Sg a27; Sg a31; Sg h30; Sg h33; Sg a18; Sg a17; Sg a16; Sh a23; Sg a21; M 15; HR 1,VY/2 AGAR (DSMZ Medium 9); CY-AGAR (DSMZ Medium 67),soil with plant residues; rotting plant material with rabbit faeces; Soil with lime pebbles and plant residues; bark and twig pieces beneath a willow; soil from a brookside
taxon:37929|organism:glutamicibacter nicotianae (arthrobacter nicotianae),1,target_bacteria,taxon_organism,glutamicibacter nicotianae,Glutamicibacter nicotianae (Arthrobacter nicotianae),bacdive_species_exact_name_match,validated_species_exact_name,not_candidate_row,2,0,8,4,4,46,True,2,True,3,11,True,3,5,True,2,2,True,3,6,True,"{""normalized_species_exact"": 3, ""validated_bacdive_id_from_closure"": 1}",JCM 1487; DSM 12798; ATCC 33408; NCIMB 10583; JCM 11565; CIP 102716; IAM 14869; KCTC 3381; LMG 16219; NBRC 103060; VTT E-072694; DSM 20579; ATCC 14929; NCIB 9545; CCUG 43493; CIP 104276; CIP 82.22; JCM 1970; BCRC 12148; KCTC 3129,"NANDA-189, A-189; 94",OXOID NUTRIENT BROTH (DSMZ Medium 948); ISP 2; ISP 7; ISP 6; ISP 5,"sewage; Sewage; Environment, Sewage; Air of tobacco warehouses; Environment, Air contaminant of tobacco warehouse"
proteome:UP000000594,9,target_bacteria,proteome,bacillus anthracis,Bacillus anthracis,bacdive_species_exact_name_match,validated_species_exact_name,not_candidate_row,4,0,2,1,1,3,True,1,True,0,0,False,0,0,False,0,0,False,1,2,True,"{""normalized_species_exact"": 1}",ATCC 14578; NCTC 10340; CIP 66.17,,,
taxon:631|organism:yersinia intermedia,1,target_bacteria,taxon_organism,yersinia intermedia,Yersinia intermedia,bacdive_species_exact_name_match,validated_species_exact_name,not_candidate_row,2,0,48,24,24,38,True,1,True,7,9,True,21,12,True,17,5,True,1,2,True,"{""normalized_species_exact"": 24}",DSM 102845; CCUG 46843 B; CCUG 46843 A; CCUG 39927; CCUG 26598; CCUG 26597; CCUG 26596; CCUG 26595; CCUG 26593; CCUG 26592; CCUG 26590; CCUG 26584; CCUG 26583; CCUG 8256; CCUG 8255; CCUG 8254; CCUG 8253; CCUG 8247; CIP 109105; IP 10209,MASE-LG-1; 46/81; 40/81.,NUTRIENT AGAR (DSMZ Medium 1); MEDIUM 72- for trypto casein soja agar; CIP Medium 72; MEDIUM 3 - Columbia agar; CIP Medium 3,water/sediment samples from Lake Graenavatn; Forced pork; Pork chops; Pork tonsil; Salmon
taxon:40216|organism:acinetobacter radioresistens,1,target_bacteria,taxon_organism,acinetobacter radioresistens,Acinetobacter radioresistens,bacdive_species_exact_name_match,validated_species_exact_name,not_candidate_row,2,0,70,35,34,48,True,1,True,24,9,True,35,20,True,31,5,True,17,20,True,"{""normalized_species_exact"": 35}",DSM 115092; DSM 110746; DSM 110647; DSM 113703; DSM 115027; CIP 111749; CIP 111668; DSM 112285; DSM 112286; DSM 109999; DSM 108820; DSM 108719; DSM 108349; DSM 108297; DSM 108296; DSM 108295; DSM 108294; DSM 108293; DSM 108292; DSM 108291,"115092; Dres_AcRes_19; Dres_AcRes_18; Dres_AcRes_20; 115027; CM38.1; CM38.2; 112285; 112286; 109999; 108820; 108719; 108349; 22290, 108297; 108296; 108295; 108294; 108293; 108292; 108291",TRYPTICASE SOY YEAST EXTRACT MEDIUM (DSMZ Medium 92); COLUMBIA BLOOD MEDIUM (DSMZ Medium 693); CIP Medium 72; MEDIUM 72- for trypto casein soja agar; CASO AGAR (MERCK 105458) (DSMZ Medium 220),"urine; swab; Animal, Mouse colon; Animal, Murine proximal colonic crypts from C57BL/6 mice.; aspirate"
taxon:553|organism:pantoea ananas (erwinia uredovora),11,target_bacteria,taxon_organism,pantoea ananas,Pantoea ananas (Erwinia uredovora),bacdive_species_taxid_or_synonym_match,validated_species_taxid_or_synonym,not_candidate_row,2,0,14,7,7,26,True,1,True,5,4,True,5,6,True,4,4,True,2,3,True,"{""validated_bacdive_species_exact"": 7}",JCM 15056; JCM 14682; CIP 105206; NCPPB 2519; ICMP 6772; CFBP 3615; DSM 30080; ATCC 19321; NCPPB 800; CIP 105208; ICMP 351; CFBP 3621; DSM 30071; ATCC 14536; IAM 1600; DSM 30070; ATCC 11530; DSM 17873; ATCC 33244; JCM 6986,"YJ2, 81782, XU 102; 4294; EB9",MEDIUM 3 - Columbia agar; CIP Medium 3; NUTRIENT AGAR (DSMZ Medium 1); TRYPTICASE SOY BROTH AGAR (DSMZ Medium 535),Shirakawa River in Kumamoto Pref.; Seed of wild rice (<I>Oryza alta</I>) W0017; Wisteria floribunda; Puccinia graminis; <I>Ananas comosus</I>
taxon:1509|organism:clostridium sporogenes,7,target_bacteria,taxon_organism,clostridium sporogenes,Clostridium sporogenes,bacdive_species_exact_name_match,validated_species_exact_name,not_candidate_row,2,0,52,26,26,80,True,1,True,13,12,True,16,18,True,15,6,True,6,17,True,"{""normalized_species_exact"": 26}",JCM 7849; IAM 19234; JCM 7841; IAM 19005; JCM 7836; IAM 19016; JCM 7835; IAM 19004; JCM 7831; ATCC 6015; IAM 19003; NCTC 6084; CCUG 67315; CCUG 52331; CCUG 48328; CCUG 48045; CCUG 47475; CCUG 45049; CCUG 12462; CCUG 1388,"51; AU298; GO 1; AU297; 2PG-426-CC-2; 15Rga; SR 5, SR5; McClung 2006, 2006; McClung 2004, 388; McClung 2003, 3679, Cameron's putrefactive anaerobe; H6j; W28delta",MEDIUM 20 - for Anaerobic bacteria; CIP Medium 20; MEDIUM 6 - Columbia agar with 10 % horse blood; CIP Medium 6; FASTIDIOUS ANAEROBE AGAR (DSMZ Medium 1203),"Soil; Product,industry; Human wound,25-yr-old woman,leg fracture; Industry; Human vaginal secretion,82-yr-old patient"
taxon:1643|organism:listeria welshimeri,1,target_bacteria,taxon_organism,listeria welshimeri,Listeria welshimeri,bacdive_species_exact_name_match,validated_species_exact_name,not_candidate_row,2,0,26,13,13,33,True,1,True,10,6,True,10,8,True,9,3,True,1,4,True,"{""normalized_species_exact"": 13}",CRBIP13.22; CLIP 71271; CRBIP13.21; CLIP 92185; CRBIP13.20; CLIP 90922; CRBIP13.19; CLIP 90806; CRBIP13.18; CLIP 90337; CRBIP13.17; CLIP 89798; CRBIP13.16; CLIP 87073; CCUG 24936; CCUG 24935; CCUG 24934; CIP 81.48; SLCC 3990; DSM 20650,V8; E427,CIP Medium 72; MEDIUM 3 - Columbia agar; CIP Medium 3; COLUMBIA BLOOD MEDIUM (DSMZ Medium 693); BHI MEDIUM (DSMZ Medium 215),"Food, Seafood product; Food, Meat or meat product; Cutting table; Dairy products; Enviroment"
taxon:1499|organism:ruminiclostridium josui (clostridium josui),5,target_bacteria,taxon_organism,ruminiclostridium josui,Ruminiclostridium josui (Clostridium josui),bacdive_species_exact_name_match,validated_species_exact_name,not_candidate_row,2,0,2,1,1,4,True,1,True,1,1,True,1,2,True,1,1,True,1,2,True,"{""normalized_species_exact"": 1}",DSM 25723; FERM P-9684; JCM 17888; KCTC 15379,,ACETIVIBRIO MEDIUM (DSMZ Medium 122),Thai compost; Compost
taxon:39152|organism:methanococcus maripaludis (methanococcus deltae),3,target_archaea,taxon_organism,methanococcus maripaludis,Methanococcus maripaludis (Methanococcus deltae),bacdive_species_exact_name_match,validated_species_exact_name,not_candidate_row,2,0,12,6,6,16,True,1,True,3,2,True,6,7,True,6,2,True,3,3,True,"{""normalized_species_exact"": 6}",JCM 10013; OCM 364; JCM 10012; OCM 363; JCM 10011; NBRC 102114; OCM 209; DSM 14266; JCM 13030; NBRC 101832; DSM 2771; ATCC 35294; DSM 2067; ATCC 43000; JCM 10722; NBRC 101831,"LL, S2; Delta RC; JJ",METHANOGENIUM MEDIUM (H2/CO2) (DSMZ Medium 141); METHANOCOCCUS MARIPALUDIS MEDIUM (DSMZ Medium 288),"Marsh sediment, Roger's Marsh; Marsh sediment, Airport Marsh; salt marsh and intertidal sediments; Sediment on the bank of the Latham River; mud"
taxon:47882|organism:pseudomonas straminea,6,target_bacteria,taxon_organism,pseudomonas straminea,Pseudomonas straminea,bacdive_species_exact_name_match,validated_species_exact_name,not_candidate_row,2,0,6,3,3,17,True,1,True,1,3,True,1,3,True,1,1,True,1,1,True,"{""normalized_species_exact"": 3}",JCM 11248; IAM 1542; JCM 11247; IAM 1530; DSM 17727; IAM 1598; JCM 2783; NRIC 0164; CCUG 12539; ATCC 33636; CIP 106745; CCM 7503; AJ 2124; CGMCC 1.1797; IFO 16665; LMG 21615; NBRC 16665,CB-7,TRYPTICASE SOY BROTH AGAR (DSMZ Medium 535); MEDIUM 72- for trypto casein soja agar; CIP Medium 72,"rice paddy; Japanese unhulled rice; Food, Japanese unhulled rice"
taxon:544404|organism:escherichia coli o157:h7 (strain tw14359 / ehec),7,target_bacteria,taxon_organism,escherichia coli,Escherichia coli O157:H7 (strain TW14359 / EHEC),bacdive_species_exact_name_match,validated_species_exact_name,not_candidate_row,4,0,400,200,200,423,True,0,False,83,19,True,10,13,True,4,3,True,18,53,True,"{""normalized_species_exact"": 200}",DSM 6215; ATCC 37371; DSM 6214; ATCC 39531; DSM 6213; ATCC 41036; DSM 6212; ATCC 37375; DSM 6202; ATCC 37032; DSM 6201; ATCC 35673; DSM 6197; ATCC 47019; DSM 6196; ATCC 47018; DSM 6189; ATCC 37064; CCRC 41300; DSM 6188,"pfdB2; K12 MC1000, MC1000; pHB-1; pfdA2; pSC101; K12 HB101 DB6507, DB6507, FD 27747, HB101 DB6507; K12 Q359, Q359; K12 Q358, Q358; YIP33; DP50; YEp24; YIp5; pSP65; K12 TG1, TG1; pBluescribe M13-, PC-V3046; PC-V3138, pYAC3; PC-V3058, pGEM-3Zf(-); PC-V3057, pGEM-3Zf(+); pBluescribe M13+, PC-V3045; pBGS8, PC-V3012",LB (Luria-Bertani) MEDIUM (DSMZ Medium 381); NUTRIENT AGAR (DSMZ Medium 1); Mineral medium M9 for E. coli JM strains (DSMZ Medium 382); MEDIUM 72- for trypto casein soja agar; CIP Medium 72,"Canine; Animal, Canine; food; freshwater (river, lake, pond); faeces"
taxon:573235|organism:escherichia coli o26:h11 (strain 11368 / ehec),8,target_bacteria,taxon_organism,escherichia coli,Escherichia coli O26:H11 (strain 11368 / EHEC),bacdive_species_exact_name_match,validated_species_exact_name,not_candidate_row,4,0,400,200,200,423,True,0,False,83,19,True,10,13,True,4,3,True,18,53,True,"{""normalized_species_exact"": 200}",DSM 6215; ATCC 37371; DSM 6214; ATCC 39531; DSM 6213; ATCC 41036; DSM 6212; ATCC 37375; DSM 6202; ATCC 37032; DSM 6201; ATCC 35673; DSM 6197; ATCC 47019; DSM 6196; ATCC 47018; DSM 6189; ATCC 37064; CCRC 41300; DSM 6188,"pfdB2; K12 MC1000, MC1000; pHB-1; pfdA2; pSC101; K12 HB101 DB6507, DB6507, FD 27747, HB101 DB6507; K12 Q359, Q359; K12 Q358, Q358; YIP33; DP50; YEp24; YIp5; pSP65; K12 TG1, TG1; pBluescribe M13-, PC-V3046; PC-V3138, pYAC3; PC-V3058, pGEM-3Zf(-); PC-V3057, pGEM-3Zf(+); pBluescribe M13+, PC-V3045; pBGS8, PC-V3012",LB (Luria-Bertani) MEDIUM (DSMZ Medium 381); NUTRIENT AGAR (DSMZ Medium 1); Mineral medium M9 for E. coli JM strains (DSMZ Medium 382); MEDIUM 72- for trypto casein soja agar; CIP Medium 72,"Canine; Animal, Canine; food; freshwater (river, lake, pond); faeces"
taxon:585395|organism:escherichia coli o103:h2 (strain 12009 / ehec),8,target_bacteria,taxon_organism,escherichia coli,Escherichia coli O103:H2 (strain 12009 / EHEC),bacdive_species_exact_name_match,validated_species_exact_name,not_candidate_row,4,0,400,200,200,423,True,0,False,83,19,True,10,13,True,4,3,True,18,53,True,"{""normalized_species_exact"": 200}",DSM 6215; ATCC 37371; DSM 6214; ATCC 39531; DSM 6213; ATCC 41036; DSM 6212; ATCC 37375; DSM 6202; ATCC 37032; DSM 6201; ATCC 35673; DSM 6197; ATCC 47019; DSM 6196; ATCC 47018; DSM 6189; ATCC 37064; CCRC 41300; DSM 6188,"pfdB2; K12 MC1000, MC1000; pHB-1; pfdA2; pSC101; K12 HB101 DB6507, DB6507, FD 27747, HB101 DB6507; K12 Q359, Q359; K12 Q358, Q358; YIP33; DP50; YEp24; YIp5; pSP65; K12 TG1, TG1; pBluescribe M13-, PC-V3046; PC-V3138, pYAC3; PC-V3058, pGEM-3Zf(-); PC-V3057, pGEM-3Zf(+); pBluescribe M13+, PC-V3045; pBGS8, PC-V3012",LB (Luria-Bertani) MEDIUM (DSMZ Medium 381); NUTRIENT AGAR (DSMZ Medium 1); Mineral medium M9 for E. coli JM strains (DSMZ Medium 382); MEDIUM 72- for trypto casein soja agar; CIP Medium 72,"Canine; Animal, Canine; food; freshwater (river, lake, pond); faeces"
taxon:585396|organism:escherichia coli o111:h- (strain 11128 / ehec),8,target_bacteria,taxon_organism,escherichia coli,Escherichia coli O111:H- (strain 11128 / EHEC),bacdive_species_exact_name_match,validated_species_exact_name,not_candidate_row,4,0,400,200,200,423,True,0,False,83,19,True,10,13,True,4,3,True,18,53,True,"{""normalized_species_exact"": 200}",DSM 6215; ATCC 37371; DSM 6214; ATCC 39531; DSM 6213; ATCC 41036; DSM 6212; ATCC 37375; DSM 6202; ATCC 37032; DSM 6201; ATCC 35673; DSM 6197; ATCC 47019; DSM 6196; ATCC 47018; DSM 6189; ATCC 37064; CCRC 41300; DSM 6188,"pfdB2; K12 MC1000, MC1000; pHB-1; pfdA2; pSC101; K12 HB101 DB6507, DB6507, FD 27747, HB101 DB6507; K12 Q359, Q359; K12 Q358, Q358; YIP33; DP50; YEp24; YIp5; pSP65; K12 TG1, TG1; pBluescribe M13-, PC-V3046; PC-V3138, pYAC3; PC-V3058, pGEM-3Zf(-); PC-V3057, pGEM-3Zf(+); pBluescribe M13+, PC-V3045; pBGS8, PC-V3012",LB (Luria-Bertani) MEDIUM (DSMZ Medium 381); NUTRIENT AGAR (DSMZ Medium 1); Mineral medium M9 for E. coli JM strains (DSMZ Medium 382); MEDIUM 72- for trypto casein soja agar; CIP Medium 72,"Canine; Animal, Canine; food; freshwater (river, lake, pond); faeces"
taxon:591020|organism:shigella flexneri serotype x (strain 2002017),8,target_bacteria,taxon_organism,shigella flexneri,Shigella flexneri serotype X (strain 2002017),bacdive_species_exact_name_match,validated_species_exact_name,not_candidate_row,2,0,96,48,48,69,True,1,True,35,7,True,17,13,True,22,12,True,2,3,True,"{""normalized_species_exact"": 48}",CCUG 56027; CCUG 43875; CCUG 39080; CCUG 38947; CCUG 37906; CCUG 37890; CCUG 29416; CCUG 29415; CCUG 29413; CCUG 29412; CCUG 21270; CCUG 21251; CCUG 9566; NCTC 1; CIP 107659; ATCC 700930; CIP 106236; CIP 106197; CIP 106193; CIP 106192,"2457T; 80; M181, 40; 36, M174; 92; M148, 30; 44, M190; 7, M32; Zaboli; 145-48; Boyd 102; Ledingham; 164; 26 D; Z Withington; 3591-52; Ratcliffe; 24 D; 935; 53125",MEDIUM 72- for trypto casein soja agar; CIP Medium 72; MEDIUM 3 - Columbia agar; CIP Medium 3; CIP Medium 29,"Human feces,35-yr-old man; Human feces,diarrhoea; Human feces,3-yr-old patient with diarrea for 48h; Human feces; Human feces,diarrhea"
taxon:431946|organism:escherichia coli o150:h5 (strain se15),8,target_bacteria,taxon_organism,escherichia coli,Escherichia coli O150:H5 (strain SE15),bacdive_species_exact_name_match,validated_species_exact_name,not_candidate_row,4,0,400,200,200,423,True,0,False,83,19,True,10,13,True,4,3,True,18,53,True,"{""normalized_species_exact"": 200}",DSM 6215; ATCC 37371; DSM 6214; ATCC 39531; DSM 6213; ATCC 41036; DSM 6212; ATCC 37375; DSM 6202; ATCC 37032; DSM 6201; ATCC 35673; DSM 6197; ATCC 47019; DSM 6196; ATCC 47018; DSM 6189; ATCC 37064; CCRC 41300; DSM 6188,"pfdB2; K12 MC1000, MC1000; pHB-1; pfdA2; pSC101; K12 HB101 DB6507, DB6507, FD 27747, HB101 DB6507; K12 Q359, Q359; K12 Q358, Q358; YIP33; DP50; YEp24; YIp5; pSP65; K12 TG1, TG1; pBluescribe M13-, PC-V3046; PC-V3138, pYAC3; PC-V3058, pGEM-3Zf(-); PC-V3057, pGEM-3Zf(+); pBluescribe M13+, PC-V3045; pBGS8, PC-V3012",LB (Luria-Bertani) MEDIUM (DSMZ Medium 381); NUTRIENT AGAR (DSMZ Medium 1); Mineral medium M9 for E. coli JM strains (DSMZ Medium 382); MEDIUM 72- for trypto casein soja agar; CIP Medium 72,"Canine; Animal, Canine; food; freshwater (river, lake, pond); faeces"
taxon:701177|organism:escherichia coli o55:h7 (strain cb9615 / epec),9,target_bacteria,taxon_organism,escherichia coli,Escherichia coli O55:H7 (strain CB9615 / EPEC),bacdive_species_exact_name_match,validated_species_exact_name,not_candidate_row,4,0,400,200,200,423,True,0,False,83,19,True,10,13,True,4,3,True,18,53,True,"{""normalized_species_exact"": 200}",DSM 6215; ATCC 37371; DSM 6214; ATCC 39531; DSM 6213; ATCC 41036; DSM 6212; ATCC 37375; DSM 6202; ATCC 37032; DSM 6201; ATCC 35673; DSM 6197; ATCC 47019; DSM 6196; ATCC 47018; DSM 6189; ATCC 37064; CCRC 41300; DSM 6188,"pfdB2; K12 MC1000, MC1000; pHB-1; pfdA2; pSC101; K12 HB101 DB6507, DB6507, FD 27747, HB101 DB6507; K12 Q359, Q359; K12 Q358, Q358; YIP33; DP50; YEp24; YIp5; pSP65; K12 TG1, TG1; pBluescribe M13-, PC-V3046; PC-V3138, pYAC3; PC-V3058, pGEM-3Zf(-); PC-V3057, pGEM-3Zf(+); pBluescribe M13+, PC-V3045; pBGS8, PC-V3012",LB (Luria-Bertani) MEDIUM (DSMZ Medium 381); NUTRIENT AGAR (DSMZ Medium 1); Mineral medium M9 for E. coli JM strains (DSMZ Medium 382); MEDIUM 72- for trypto casein soja agar; CIP Medium 72,"Canine; Animal, Canine; food; freshwater (river, lake, pond); faeces"
taxon:640131|organism:klebsiella variicola (strain at-22),10,target_bacteria,taxon_organism,klebsiella variicola,Klebsiella variicola (strain At-22),bacdive_species_exact_name_match,validated_species_exact_name,not_candidate_row,2,0,28,14,14,25,True,2,True,14,9,True,10,11,True,10,6,True,3,6,True,"{""base_binomial_match_or_subspecies"": 4, ""normalized_species_exact"": 10}",DSM 115091; CIP 111898; CIP 111870; CIP 111851; CIP 111840; CRBIP28.94; CRBIP17.85; CIP 111654; CECT 9831; CIP 53.26; CIP 53.24; BR 40; CIP 53.27; CIP 80.49; CIP 52.199; DSM 16265; JCM 12419; CCUG 57108; CIP 108642; LMG 23571,"115091; SB5544, 201283; 100814, SB5387; SB31; SB1, 01A065; CIMB 04-5641; SB5531, 1266 (also designated SB5531), 1266; 1756/51; Q067; LX3; F2R9",TRYPTICASE SOY YEAST EXTRACT MEDIUM (DSMZ Medium 92); CIP Medium 72; MEDIUM 3 - Columbia agar; CIP Medium 3; COLUMBIA BLOOD MEDIUM (DSMZ Medium 693),"Liquor; Human, Faeces; Human, Blood; Bark; soil"
proteome:UP000002363,11,target_bacteria,proteome,enterobacter cloacae,Enterobacter cloacae subsp. cloacae (strain ATCC 13047 / DSM 30054 / NBRC 13535 / NCTC 10005 / WDCM 00083 / NCDC 279-56),bacdive_species_exact_name_match,validated_species_exact_name,not_candidate_row,9,0,134,64,64,113,True,2,True,23,12,True,49,36,True,46,13,True,5,13,True,"{""base_binomial_match_or_subspecies"": 2, ""normalized_species_exact"": 62}",DSM 30054; ATCC 13047; CIP 60.85; IFO 13535; NBRC 13535; NCTC 10005; WDCM 00083; NCDC 279-56; JCM 1232; ACM 1975; BCRC 10401; CCUG 28448; CCUG 29301; CCUG 6323; CDC 442-68; CECT 194; HAMBI 1295; HAMBI 96; HUT 8108; IAM 12349,"IMET 10791; Wiedemann IV3-26; Wiedemann IV3-25; P99; Hoechst 1321E; 1372; BM4439; CIMB 04-7032; ZW32; ZW9; NRZ36863; 1413B; EN-117; RIVM WR3; 20/78; AmMS 204; B0025752; WS 20940; W-4, 8122-86; D 12, D12",NUTRIENT AGAR (DSMZ Medium 1); MEDIUM 72- for trypto casein soja agar; TRYPTICASE SOY YEAST EXTRACT MEDIUM (DSMZ Medium 92); COLUMBIA BLOOD MEDIUM (DSMZ Medium 693); CIP Medium 72,"spinal fluid; Spinal fluid; Human, Spinal fluid; Human, Blood; Unhulled rice"
taxon:714962|organism:escherichia coli o18:k1:h7 (strain ihe3034 / expec),8,target_bacteria,taxon_organism,escherichia coli,Escherichia coli O18:K1:H7 (strain IHE3034 / ExPEC),bacdive_species_exact_name_match,validated_species_exact_name,not_candidate_row,4,0,400,200,200,423,True,0,False,83,19,True,10,13,True,4,3,True,18,53,True,"{""normalized_species_exact"": 200}",DSM 6215; ATCC 37371; DSM 6214; ATCC 39531; DSM 6213; ATCC 41036; DSM 6212; ATCC 37375; DSM 6202; ATCC 37032; DSM 6201; ATCC 35673; DSM 6197; ATCC 47019; DSM 6196; ATCC 47018; DSM 6189; ATCC 37064; CCRC 41300; DSM 6188,"pfdB2; K12 MC1000, MC1000; pHB-1; pfdA2; pSC101; K12 HB101 DB6507, DB6507, FD 27747, HB101 DB6507; K12 Q359, Q359; K12 Q358, Q358; YIP33; DP50; YEp24; YIp5; pSP65; K12 TG1, TG1; pBluescribe M13-, PC-V3046; PC-V3138, pYAC3; PC-V3058, pGEM-3Zf(-); PC-V3057, pGEM-3Zf(+); pBluescribe M13+, PC-V3045; pBGS8, PC-V3012",LB (Luria-Bertani) MEDIUM (DSMZ Medium 381); NUTRIENT AGAR (DSMZ Medium 1); Mineral medium M9 for E. coli JM strains (DSMZ Medium 382); MEDIUM 72- for trypto casein soja agar; CIP Medium 72,"Canine; Animal, Canine; food; freshwater (river, lake, pond); faeces"
proteome:UP000001407,8,target_bacteria,proteome,escherichia coli,Escherichia coli O44:H18 (strain 042 / EAEC),bacdive_species_exact_name_match,validated_species_exact_name,not_candidate_row,6,0,400,200,200,423,True,0,False,83,19,True,10,13,True,4,3,True,18,53,True,"{""normalized_species_exact"": 200}",DSM 6215; ATCC 37371; DSM 6214; ATCC 39531; DSM 6213; ATCC 41036; DSM 6212; ATCC 37375; DSM 6202; ATCC 37032; DSM 6201; ATCC 35673; DSM 6197; ATCC 47019; DSM 6196; ATCC 47018; DSM 6189; ATCC 37064; CCRC 41300; DSM 6188,"pfdB2; K12 MC1000, MC1000; pHB-1; pfdA2; pSC101; K12 HB101 DB6507, DB6507, FD 27747, HB101 DB6507; K12 Q359, Q359; K12 Q358, Q358; YIP33; DP50; YEp24; YIp5; pSP65; K12 TG1, TG1; pBluescribe M13-, PC-V3046; PC-V3138, pYAC3; PC-V3058, pGEM-3Zf(-); PC-V3057, pGEM-3Zf(+); pBluescribe M13+, PC-V3045; pBGS8, PC-V3012",LB (Luria-Bertani) MEDIUM (DSMZ Medium 381); NUTRIENT AGAR (DSMZ Medium 1); Mineral medium M9 for E. coli JM strains (DSMZ Medium 382); MEDIUM 72- for trypto casein soja agar; CIP Medium 72,"Canine; Animal, Canine; food; freshwater (river, lake, pond); faeces"
taxon:55158|organism:streptomyces peucetius subsp. caesius,6,target_bacteria,taxon_organism,streptomyces peucetius,Streptomyces peucetius subsp. caesius,bacdive_species_exact_name_match,validated_species_exact_name,not_candidate_row,2,0,22,11,11,41,True,1,True,4,5,True,1,2,True,2,1,True,2,2,True,"{""base_binomial_match_or_subspecies"": 4, ""normalized_species_exact"": 7}",ST028398; ST028397; ST028396; ST008509; ST008115; JCM 10205; ATCC 43229; IFO 14662; NBRC 14662; NRRL B-16118; JCM 10037; IMI 136533; DSM 41231; ATCC 27952; IFO 14660; IMRU 3920; IPV 1946; NBRC 14660; JCM 10035; ATCC 43817,IMET 43633; IMET 43632; IMET 43631; ZIMET 43810; AM33392; 106FI; 1762/2; FH 1308,Marine Agar (MA); STARCH - MINERAL SALT - AGAR (STMS) (DSMZ Medium 252); GYM STREPTOMYCES MEDIUM (DSMZ Medium 65); ROLLED OATS MINERAL MEDIUM (DSMZ Medium 84); ISP2 MEDIUM (DSMZ Medium 987),soil; Soil
taxon:851|organism:fusobacterium nucleatum,1,target_bacteria,taxon_organism,fusobacterium nucleatum,Fusobacterium nucleatum,bacdive_species_exact_name_match,validated_species_exact_name,not_candidate_row,2,0,42,21,21,48,True,4,True,6,7,True,19,29,True,15,5,True,5,15,True,"{""base_binomial_match_or_subspecies"": 11, ""normalized_species_exact"": 9, ""validated_bacdive_id_from_closure"": 1}",JCM 6328; CCUG 61856; CCUG 60920; CCUG 57685; CCUG 57321; CCUG 53249; CCUG 52678; CCUG 51834; CCUG 51781; CCUG 45873; CCUG 44169; CCUG 37995; CCUG 15758; CCUG 15725; CCUG 14448; CIP 60.39; DSM 19507; ATCC 49256; CIP 104988; JCM 11023,"1789; EM48; 1612A; SOR, OR; LH 37; 555A",MEDIUM 20 - for Anaerobic bacteria; CIP Medium 20; CHOPPED MEAT MEDIUM (DSMZ Medium 78); COLUMBIA BLOOD MEDIUM (DSMZ Medium 693); PYG MEDIUM (MODIFIED) (DSMZ Medium 104),"Human gingival crevice; Human blood,68-yr-old man; Human throat,35-yr-old man; Human blood,56-yr-old man; Human blood,50-yr-old man"
taxon:920|organism:acidithiobacillus ferrooxidans (thiobacillus ferrooxidans),8,target_bacteria,taxon_organism,acidithiobacillus ferrooxidans,Acidithiobacillus ferrooxidans (Thiobacillus ferrooxidans),bacdive_species_exact_name_match,validated_species_exact_name,not_candidate_row,2,0,28,14,14,20,True,1,True,10,5,True,14,13,True,10,7,True,4,5,True,"{""normalized_species_exact"": 14}",JCM 7812; JCM 3865; JCM 3863; ATCC 19859; BCRC 13033; NCIMB 9490; JCM 17309; DSM 29444; DSM 24419; JCM 39165; DSM 14882; ATCC 23270; NCIMB 8455; DSM 11477; DSM 9465; DSM 9464; DSM 1927; DSM 585; DSM 584; DSM 583,R1; SP5/1; TM; Tf18; NFe-4; N-Fe3; F221,LEPTOSPIRILLUM (HH) MEDIUM (DSMZ Medium 882); ACIDIFERROBACTER (MS) MEDIUM (DSMZ Medium 670); ACIDITHIOBACILLUS (APH) MEDIUM (DSMZ Medium 271); ACIDITHIOBACILLUS THIOOXIDANS MEDIUM (DSMZ Medium 71); ACIDITHIOBACILLUS FERROOXIDANS MEDIUM (DSMZ Medium 70),"Acid mine water from Matsuo sulfur and iron sulfide mine on Hachimantai volcano; Acid mine water of a mine at Shimokawa; Mine water; Clonal isolate obtained from the JCM 7811 culture originating in the Matsuo sulfur and iron sulfide mine; rock samples, Ilba mine"
taxon:33|organism:myxococcus fulvus,2,target_bacteria,taxon_organism,myxococcus fulvus,Myxococcus fulvus,bacdive_species_exact_name_match,validated_species_exact_name,not_candidate_row,4,0,400,200,200,201,True,1,True,200,2,True,165,57,True,164,27,True,1,1,True,"{""normalized_species_exact"": 200}",DSM 52523; DSM 52522; DSM 52521; DSM 52520; DSM 52519; DSM 52518; DSM 52517; DSM 52516; DSM 52515; DSM 52514; DSM 52513; DSM 52512; DSM 52511; DSM 52510; DSM 52212; DSM 52149; DSM 52148; DSM 52147; DSM 52146; DSM 52145,Mx f96; Mx f95; Mx f94; Mx f93; Mx f92; Mx f91; Mx f90; Mx f89; Mx f88; Mx f87; Mx f86; Mx f84; Mx f83; Mx f82; Mx s87; Mx f572; Mx f570; Mx f569; Mx f568; Mx f567,VY/2 AGAR (DSMZ Medium 9); CY-AGAR (DSMZ Medium 67),"faeces of rabbit; soil with rotting wood and other plant residues; bark of <I>Ficus glomerata</I> with algae and lichens; sandy red soil; sand with leaves of <I>Zostera</I> and other plant material, collected at the beach"
taxon:52|organism:chondromyces crocatus,2,target_bacteria,taxon_organism,chondromyces crocatus,Chondromyces crocatus,bacdive_species_exact_name_match,validated_species_exact_name,not_candidate_row,2,0,4,2,2,3,True,1,True,2,2,True,2,2,True,2,2,True,1,1,True,"{""normalized_species_exact"": 2}",DSM 14714; JCM 12616; DSM 14606,Cm c5; Cm c2,CY-AGAR (DSMZ Medium 67); VY/2 AGAR (DSMZ Medium 9),soil; Soil
taxon:1908|organism:streptomyces globisporus,6,target_bacteria,taxon_organism,streptomyces globisporus,Streptomyces globisporus,bacdive_species_exact_name_match,validated_species_exact_name,not_candidate_row,2,0,44,22,19,103,True,1,True,17,12,True,4,3,True,2,2,True,3,3,True,"{""base_binomial_match_or_subspecies"": 16, ""normalized_species_exact"": 5, ""validated_bacdive_id_from_closure"": 1}",JCM 4317; CCM 244; IFO 12208; NBRC 12208; IMET 40287; China 140; DSM 46466; IMET 41336; DSM 41819; DSM 41647; ATCC 33021; CMI 134886; DSM 41058; IMI 134886; IMRU 3934; IPV 1952; JCM 5076; KCC S-1076; NCIMB 10969; BCRC 12035,"ST005099; ST006485(HKI), 1336; ST032189(HKI), Gause 9536/55; 4/AL; MS 1487; 117; B-1829; Schering 361; A 7, K-813; 214",ROLLED OATS MINERAL MEDIUM (DSMZ Medium 84); GYM STREPTOMYCES MEDIUM (DSMZ Medium 65); STARCH - MINERAL SALT - AGAR (STMS) (DSMZ Medium 252); N-Z-AMINE-MEDIUM (DSMZ Medium 554); ISP 2,building material; soil; Soil
taxon:40480|organism:mycoplasma capricolum subsp. capripneumoniae,4,target_bacteria,taxon_organism,mycoplasma capricolum,Mycoplasma capricolum subsp. capripneumoniae,bacdive_species_exact_name_match,validated_species_exact_name,not_candidate_row,2,0,4,2,2,5,True,2,True,1,2,True,1,1,True,0,0,False,2,2,True,"{""base_binomial_match_or_subspecies"": 1, ""normalized_species_exact"": 1}",NCTC 10192; CIP 104620; ATCC 27343; NCTC 10154; CCUG 32752,F38; Kid,MEDIUM 88 - for Mycoplasma and Acholeplasma; CIP Medium 88,Caprine
taxon:173|organism:leptospira interrogans,3,target_bacteria,taxon_organism,leptospira interrogans,Leptospira interrogans,bacdive_species_exact_name_match,validated_species_exact_name,not_candidate_row,2,0,200,100,100,103,True,1,True,100,1,True,95,13,True,94,24,True,1,2,True,"{""normalized_species_exact"": 100}",CRBIP6.1487; CRBIP6.1485; CRBIP6.1481; CRBIP6.1475; CRBIP6.1471; CRBIP6.1459; CRBIP6.1442; CRBIP6.1432; CRBIP6.1429; CRBIP6.1427; CRBIP6.1426; CRBIP6.1425; CRBIP6.1420; CRBIP6.1417; CRBIP6.1415; CRBIP6.1414; CRBIP6.1409; CRBIP6.1401; CRBIP6.1398; CRBIP6.1397,"LEP1487, LT 63-68; LEP 1485, HK6; LEP1481, Andaman; LEP1475, Gurung; LEP1471, yamamoto; LEP1459, LT 1026; LEP1442, R 740; LEP1432, LT 65-68; LEP1429, LT 64-67; LEP 1427, Valbuzzi; LEP1426, LT 398; LEP1425, Biggs; LEP 1420, Szwajizak; LEP 1417, Robinson; LEP1415, Abraham; LEP 1414, Zanoni; LEP1409, Wijinberg; LEP 1401, H2; LEP1398, Biggs; LEP 1397, Szwajizak",CIP Medium 189,"Animal, Bandicoot; Human; Animal, Cow; Animal, Dog; Animal, Rat"
taxon:174|organism:leptospira borgpetersenii,3,target_bacteria,taxon_organism,leptospira borgpetersenii,Leptospira borgpetersenii,bacdive_species_exact_name_match,validated_species_exact_name,not_candidate_row,2,0,106,53,53,56,True,1,True,52,1,True,50,17,True,51,20,True,1,1,True,"{""normalized_species_exact"": 53}",CRBIP6.1486; CRBIP6.1470; CRBIP6.1469; CRBIP6.1452; CRBIP6.1449; CRBIP6.1446; CRBIP6.1444; CRBIP6.1438; CRBIP6.1435; CRBIP6.1431; CRBIP6.1413; CRBIP6.1410; CRBIP6.1404; Veldrat Batavia 46 (43292); CRBIP6.1400; CRBIP6.1399; CRBIP6.1391; CRBIP6.1390; CRBIP6.1389; CRBIP6.1378,"LEP1486, 114-2; LEP1470, Poi; LEP1469, Poi; LEP 1452; LEP1449, Piyasena; LEP1446, Arborea; LEP1444, Sponselee; LEP1438, Julu; LEP1435, Nona; LEP1431, Kibos; LEP1413, 78-082387; LEP 1410, Sorex Jalna; LEP1404; LEP 1400, 1627 Burgas (T78); LEP1399, Kibos; LEP 1391, RP 29; LEP 1390, L 100; LEP 1389, L 100; LEP 1378, Jules; LEP 1373, Bratislava",CIP Medium 189,"Human; Animal, Wood mouse; Animal, Bovine; Shrew; Animal, Field rat"
taxon:42566|organism:halomonas eurihalina,1,target_bacteria,taxon_organism,halomonas eurihalina,Halomonas eurihalina,bacdive_species_exact_name_match,validated_species_exact_name,not_candidate_row,2,0,2,1,1,3,True,1,True,1,3,True,1,2,True,1,1,True,1,1,True,"{""normalized_species_exact"": 1}",DSM 5720; ATCC 49336; CIP 106091,F9-6,MH MEDIUM (DSMZ Medium 624); MEDIUM 318 - for Halomonas eurihalina; CIP Medium 318,"saline soil; Environment, Saline soil"
proteome:UP000007883,7,target_bacteria,proteome,rubrivivax gelatinosus,Rubrivivax gelatinosus (strain NBRC 100245 / IL144),bacdive_species_exact_name_match,validated_species_exact_name,not_candidate_row,5,0,8,4,4,21,True,1,True,4,4,True,4,5,True,1,1,True,2,3,True,"{""normalized_species_exact"": 4}",DSM 6859; DSM 151; CCUG 15842; DSM 149; Pfennig 2150; DSM 1709; ATCC 17011; NCIB 8290; JCM 21318; ATCC 11169; CCTM 1912; CCUG 15841; CCUG 21977; CCUG 21990; CIP 107072; IAM 14808; IFO 16663; LMG 4311; LMG 4438; NBRC 16663,O.U. 007; Dr 2; 2150,RHODOSPIRILLACEAE MEDIUM (modified) (DSMZ Medium 27); MEDIUM 328- for nutrient agar; CIP Medium 403; CIP Medium 328,fresh water pond; ditch; greenhouse basin; Acetate enrichment (pH 6.6); Acetate enrichment
taxon:172|organism:leptospira biflexa,4,target_bacteria,taxon_organism,leptospira biflexa,Leptospira biflexa,bacdive_species_exact_name_match,validated_species_exact_name,not_candidate_row,2,0,12,6,6,11,True,1,True,6,1,True,4,3,True,5,3,True,1,2,True,"{""normalized_species_exact"": 6}",CRBIP6.1403; Sao Paulo; CRBIP6.1379; CRBIP6.1281; CRBIP6.1251; CRBIP6.1250; CCUG 5912; ATCC 23582; CRBIP6.1342; CRBIP6.1176; Patoc 1,"LEP 1403; LEP1379, Bovedo; LEP1281, CH 11; LEP1251, CH11; LEP1250, CH11; LEP1342",CIP Medium 189,"Human; Stream water; Environment, Water"
taxon:31958|organism:amycolatopsis orientalis (nocardia orientalis),12,target_bacteria,taxon_organism,amycolatopsis orientalis,Amycolatopsis orientalis (Nocardia orientalis),bacdive_species_exact_name_match,validated_species_exact_name,not_candidate_row,2,0,20,10,10,45,True,1,True,3,12,True,2,4,True,1,1,True,3,3,True,"{""normalized_species_exact"": 10}",JCM 3128; NRRL B-3891; IMRU 1107; IMRU 1600; IMRU 1601; IMRU 1149; IMRU 1628; IMRU 1671; DSM 46075; ATCC 35164; IMET 7511; IMRU 1311; DSM 43388; CIP 109149; IMRU 1390; DSM 40040; ATCC 19795; CBS 547.68; CCM 2778; IAM 14281,"STI07677; STI07674; STI07673; STI07512; STI07672; STI07671; F 719, F7-19, Kunz F-719; N858, W-113/66; M 43-05865, Pittinger M43-05865, CCTMLa 2924",GYM STREPTOMYCES MEDIUM (DSMZ Medium 65); ORGANIC MEDIUM 79 (DSMZ Medium 426); GYM+S MEDIUM (DSMZ Medium 214); ISP 2; ISP 3,"clinical isolate; soil; Soil; Environment, Soil"
taxon:296|organism:pseudomonas fragi,1,target_bacteria,taxon_organism,pseudomonas fragi,Pseudomonas fragi,bacdive_species_exact_name_match,validated_species_exact_name,not_candidate_row,4,0,234,117,117,136,True,1,True,6,7,True,108,10,True,10,3,True,0,0,False,"{""normalized_species_exact"": 117}",JCM 5454; JCM 5453; JCM 5452; JCM 5451; JCM 5449; JCM 5448; JCM 5447; JCM 5446; JCM 5445; JCM 5444; JCM 5442; JCM 5441; JCM 5440; JCM 5438; JCM 5437; JCM 5436; JCM 5435; JCM 5434; JCM 5433; JCM 5432,S117; 20M; 16E; 1CH7; 1CH6,LB (Luria-Bertani) MEDIUM (DSMZ Medium 381); MEDIUM 3 - Columbia agar; CIP Medium 3; CIP Medium 72; CASO AGAR (MERCK 105458) (DSMZ Medium 220),"Chicken; Pork; Beef; Frozen hare meat; surface water (Schlosshofteich, Bielefeld)"
taxon:301|organism:ectopseudomonas oleovorans (pseudomonas oleovorans),4,target_bacteria,taxon_organism,ectopseudomonas oleovorans,Ectopseudomonas oleovorans (Pseudomonas oleovorans),bacdive_species_taxid_or_synonym_match,validated_species_taxid_or_synonym,not_candidate_row,2,0,54,27,27,78,True,1,True,10,11,True,23,23,True,11,3,True,3,6,True,"{""validated_bacdive_species_exact"": 27}",JCM 20560; ATCC 12815; IAM 12410; ICPB 4343; NCTC 9990; JCM 13983; JCM 13981; JCM 13980; JCM 13979; JCM 13978; JCM 13976; JCM 13975; JCM 13974; JCM 13973; IMI 349020; CCUG 61386; CCUG 54654; CCUG 48136; CCUG 18891; CCUG 15286,"TF4-1L; 230G; X-59, X 59, 63; 3822",Tryptic Soy Agar (TSA); MEDIUM 3 - Columbia agar; CIP Medium 3; MEDIUM 72- for trypto casein soja agar; CIP Medium 72,"Buccal cavity; Clinical, stool, adult with diarrhea; Clinical specimen from an adult patient with diarrhea; Clinical, blood; Industry product"
taxon:1468|organism:paenibacillus macquariensis (bacillus macquariensis),1,target_bacteria,taxon_organism,paenibacillus macquariensis,Paenibacillus macquariensis (Bacillus macquariensis),bacdive_species_exact_name_match,validated_species_exact_name,not_candidate_row,2,0,6,3,3,15,True,2,True,3,7,True,3,6,True,3,4,True,2,3,True,"{""base_binomial_match_or_subspecies"": 3}",DSM 23149; JCM 14954; NCIMB 14397; CIP 110021; DSM 2; ATCC 23464; CIP 103269; LMG 6935; NCTC 10419; CCUG 37394; NCIMB 9934; DSM 489; ATCC 23465; LMG 13290; NCTC 10420,M4-2,CASO AGAR (MERCK 105458) (DSMZ Medium 220); MEDIUM 72- for trypto casein soja agar; CIP Medium 72; MEDIUM 3 - Columbia agar; NUTRIENT AGAR (DSMZ Medium 1),"boreal soil; Boreal soil collected from the Koni Peninsula; Environment, Boreal soil; soil; Soil"
taxon:600|organism:salmonella thompson,1,target_bacteria,taxon_organism,salmonella enterica,Salmonella thompson,bacdive_species_exact_name_match,validated_species_exact_name,not_candidate_row,4,0,400,200,200,376,True,6,True,199,18,True,57,42,True,70,21,True,28,83,True,"{""base_binomial_match_or_subspecies"": 46, ""normalized_species_exact"": 154}",CIP 55.38; NCTC 8386; CIP 107479; CCUG 46434; CIP 55.29; CIP 55.28; NCTC 7309; CIP 55.27; NCTC 7299; CIP 55.26; NCTC 7315; CIP 55.24; CIP 55.23; NCTC 7303; CIP 55.21; NCTC 7332; CIP 107125; CIP 54.143; CIP 54.140; CIP 54.139,"82K; 91K; 585K; 61; 19, M73; 13, M50; 69K; LT2; C52; S-6; Eastafrica; TA1538; 254; I137; M327, 71; 88, M453; 87, M452; M439, 86; M248, 58; M244, 57",MEDIUM 3 - Columbia agar; CIP Medium 3; MEDIUM 72- for trypto casein soja agar; CIP Medium 72; MEDIUM 29- Brain heart agar,"Human, Faeces; Poult, intestine; Gopher snake, lung; Dried egg powder; Turkey, conjunctivitis"
taxon:1255|organism:pediococcus pentosaceus,1,target_bacteria,taxon_organism,pediococcus pentosaceus,Pediococcus pentosaceus,bacdive_species_exact_name_match,validated_species_exact_name,not_candidate_row,2,0,82,41,41,122,True,1,True,14,10,True,37,34,True,17,5,True,10,18,True,"{""normalized_species_exact"": 41}",CRBIP24.170; JCM 20459; IAM 12300; IFO 3892; NBRC 3892; NISL 7109; JCM 20458; IAM 12299; NISL 7108; JCM 20457; IAM 12298; NCDO 992; JCM 20453; IAM 12294; JCM 20452; IAM 12293; IFO 3893; NBRC 3893; NISL 7102; JCM 20314,"7837; 2001886; JM-6755-f-WT, JM-80; Coster R 3; P. lin; 247c; 260a; 243d; 32","De Man, Rogosa and Sharpe Agar; Trypticase Soy Agar; CIP Medium 40; MEDIUM 40- for Lactobacillus and Leuconostoc; CIP Medium 41",Fermenting vegetable; Beer; Sake mash; Som-fak (fish cake); Pla-som (fermented fish)
taxon:385|organism:rhizobium leguminosarum bv. phaseoli,4,target_bacteria,taxon_organism,rhizobium leguminosarum,Rhizobium leguminosarum bv. phaseoli,bacdive_species_exact_name_match,validated_species_exact_name,not_candidate_row,2,0,34,17,17,46,True,2,True,14,8,True,4,4,True,1,1,True,4,6,True,"{""normalized_species_exact"": 16, ""validated_bacdive_id_from_closure"": 1}",CIP 106959; ATCC 10004; IAM 12609; OUT 30008; IFO 14778; DSM 106839; LMG 14904; CIP 108029; AS 1.3045; CCBAU 71042; DSM 30143; DSM 60273; DSM 30141; ATCC 14480; JCM 20684; IAM 12613; NBRC 14784; DSM 30139; ATCC 14481; DSM 30138,"3Hoq18; 580; 3D1k22a; 3D1r1; 3D1k5; 3HOa1; 92A3; 175F1; NZ 29; 3D1q25a; 3D1K2; RCR 3622; LPR5035, pRtr5a::Tn5; ANU618, pBR1AN",Rhizobium medium (DSMZ Medium 1848); RHIZOBIUM MEDIUM (DSMZ Medium 98); R2A MEDIUM (DSMZ Medium 830); MEDIUM 296 - for Rhizobium; CIP Medium 296,Effective nodules of Pisum sativum; Indigofera amblyantha; <I>Vicia sativa</I>; <I>Cicer arietinum</I>
taxon:1938|organism:streptomyces viridochromogenes,2,target_bacteria,taxon_organism,streptomyces viridochromogenes,Streptomyces viridochromogenes,bacdive_species_exact_name_match,validated_species_exact_name,not_candidate_row,2,0,42,21,19,98,True,1,True,17,3,True,8,2,True,4,4,True,3,3,True,"{""normalized_species_exact"": 21}",JCM 4437; IFO 12337; NBRC 12337; DSM 40666; IMET 40381; ZIMET 43683; DSM 46446; ATCC 3356; BUCSAV 22; 4; CCM 3201; CUB 530; DSM 41027; DSM 41513; DSM 41588; ETH 11885; HMGB B 984; IMET 40382; IMRU 3356; INA 3356,"FAL H46; ST005145(HKI), China, 22; ST028313(HKI), 116/179; ST028376(HKI), 935-84; BU 22,8, FD 458; FERM-P 2288; gf8; SF-1087, FERM-P 603; MA-2916; MCRL 0368; B 32828, FD 23063; T-24146; Tü 494; Tü 57",GYM STREPTOMYCES MEDIUM (DSMZ Medium 65); ROLLED OATS MINERAL MEDIUM (DSMZ Medium 84); ISP2 MEDIUM (DSMZ Medium 987),soil; Soil
taxon:169679|organism:clostridium saccharobutylicum,1,target_bacteria,taxon_organism,clostridium saccharobutylicum,Clostridium saccharobutylicum,bacdive_species_exact_name_match,validated_species_exact_name,not_candidate_row,2,0,2,1,1,3,True,1,True,1,2,True,1,1,True,1,1,True,1,2,True,"{""normalized_species_exact"": 1}",DSM 13864; ATCC BAA-117; NCP 262,BAS/B3/CSC,CLOSTRIDIUM ACETOBUTYLICUM MEDIUM (DSMZ Medium 411); PY + X MEDIUM (DSMZ Medium 104b),soy beans
taxon:47884|organism:pseudomonas taetrolens,1,target_bacteria,taxon_organism,pseudomonas taetrolens,Pseudomonas taetrolens,bacdive_species_exact_name_match,validated_species_exact_name,not_candidate_row,2,0,6,3,3,24,True,1,True,1,5,True,3,4,True,2,1,True,1,4,True,"{""normalized_species_exact"": 3}",CCUG 69073; CCUG 43065 B; DSM 21104; ATCC 4683; CCM 1982; CIP 103299; JCM 20238; NCTC 10697; NRRL B-14; CCUG 560; LMG 2336; ATCC 17466; BCRC 11013; CCEB 381; CFBP 5592; IAM 1653; IFO 3460; KCTC 12501; NBRC 3460; NCIMB 9396,,TRYPTICASE SOY BROTH AGAR (DSMZ Medium 535); PSEUDOMONAS AGAR F (DSMZ Medium 907); Sucrose-Asparagine Medium (DSMZ Medium 1749); MEDIUM 3 - Columbia agar; CIP Medium 3,"Human tonsillitis,13-yr-old female; Cleaning solution; musty egg; Food, Cause of mustiness in eggs"
taxon:183417|organism:proteus hauseri,3,target_bacteria,taxon_organism,proteus hauseri,Proteus hauseri,bacdive_species_exact_name_match,validated_species_exact_name,not_candidate_row,2,0,6,3,3,27,True,1,True,2,6,True,2,3,True,3,4,True,2,2,True,"{""normalized_species_exact"": 3}",CCUG 55437; DSM 30118; ATCC 13315; IFO 3851; NBRC 3851; NCIB 4175; NCTC 4175; JCM 1668; BCRC 11039; CCUG 35383; CCUG 6327; CIP 58.60; IAM 12317; IAM 12542; JCM 20622; NBRC 105696; NCIMB 4175; OUT 8144; LMG 2096; CCM 7011,1732-80,COLUMBIA BLOOD MEDIUM (DSMZ Medium 693); NUTRIENT AGAR (DSMZ Medium 1); TRYPTICASE SOY YEAST EXTRACT MEDIUM (DSMZ Medium 92); MEDIUM 72- for trypto casein soja agar; CIP Medium 72,"Human urine,75-yr-old man; human; Human"
taxon:67294|organism:streptomyces filamentosus (streptomyces roseosporus),1,target_bacteria,taxon_organism,streptomyces filamentosus,Streptomyces filamentosus (Streptomyces roseosporus),bacdive_species_exact_name_match,validated_species_exact_name,not_candidate_row,2,0,4,2,2,33,True,1,True,2,9,True,2,2,True,1,1,True,2,3,True,"{""normalized_species_exact"": 2}",DSM 40122; CBS 941.68; ATCC 23958; IAUR 4192; IFO 12910; ISP 5122; JCM 4412; RIA 1125; NBRC 12910; BCRC 13771; CGMCC 4.1790; CGMCC 4.1871; CGMCC 4.2073; KCTC 9568; NCIMB 13008; NRRL B-5411; DSM 40022; ATCC 19753; CBS 492.68; IFO 12767,1-C-9,GYM STREPTOMYCES MEDIUM (DSMZ Medium 65); ISP2 MEDIUM (DSMZ Medium 987); ISP 2; ISP 3; ISP 4,soil; Soil
taxon:831|organism:butyrivibrio fibrisolvens,2,target_bacteria,taxon_organism,butyrivibrio fibrisolvens,Butyrivibrio fibrisolvens,bacdive_species_exact_name_match,validated_species_exact_name,not_candidate_row,2,0,2,1,1,5,True,1,True,1,1,True,1,3,True,0,0,False,1,2,True,"{""normalized_species_exact"": 1}",DSM 3071; ATCC 19171; CCUG 35459; JCM 6563; NCIMB 702221,D1,RUMEN BACTERIA MEDIUM (DSMZ Medium 330),bovine rumen; Bovine rumen; Rumen contents
taxon:669|organism:vibrio harveyi (beneckea harveyi),8,target_bacteria,taxon_organism,vibrio harveyi,Vibrio harveyi (Beneckea harveyi),bacdive_species_exact_name_match,validated_species_exact_name,not_candidate_row,2,0,20,10,10,28,True,1,True,6,11,True,7,11,True,7,7,True,2,6,True,"{""normalized_species_exact"": 10}",STI11272; CCUG 63236; CCUG 35340; CCUG 23159; CIP 105614; CIP 104774; JCM 9677; DSM 23069; ATCC 35084; CCUG 19116; LMG 7890; CIP 104172; DSM 19623; ATCC 14126; CCUG 28584; CECT 525; LMG 4044; NBRC 15634; NCMB 1280; JCM 33361,"IMET 11272; 120A; 1116b; 334, Ei2; M17-LP",Marine agar (MA); CIP Medium 13; CIP Medium 72; BACTO MARINE BROTH (DIFCO 2216) (DSMZ Medium 514); MARINE BROTH (ROTH CP73) (DSMZ Medium 514f),"Human wound,leg,77-yr-old man; Human fistula; Sea water; Japanese horse mackerel, Trachurus japanicus; kidney of brown shark <i>Carcharhinus plumbeus</i>"
taxon:37931|organism:paenarthrobacter ureafaciens,3,target_bacteria,taxon_organism,paenarthrobacter ureafaciens,Paenarthrobacter ureafaciens,bacdive_species_exact_name_match,validated_species_exact_name,not_candidate_row,2,0,4,2,2,23,True,1,True,2,10,True,2,3,True,0,0,False,1,1,True,"{""normalized_species_exact"": 2}",DSM 20126; ATCC 7562; CCM 1644; CIP 67.3; NCIB 7811; JCM 1337; BCRC 10368; CGMCC 1.1897; IAM 1658; IFO 12140; KCCM 40801; KCTC 3387; LMG 3812; MTCC 3454; NBRC 12140; NCIMB 7811; NCTC 7811; NRIC 0157; VKM Ac-1121; VKM Ac-1132,"NC, Murein A11.17; P-34",ISP 2; ISP 3; ISP 4; ISP 5; ISP 6,"Soil; Environment, Soil; soil"
proteome:UP000036338,2,target_bacteria,proteome,burkholderia cepacia,Burkholderia cepacia (Pseudomonas cepacia),bacdive_species_exact_name_match,validated_species_exact_name,not_candidate_row,6,0,220,110,110,158,True,1,True,21,13,True,76,62,True,74,13,True,3,9,True,"{""normalized_species_exact"": 110}",ST033781; ST033629; ST033628; ST033627; ST033626; ST033625; ST033624; ST033623; ST033622; ST033621; ST033620; ST033619; ST033618; ST033617; ST033616; ST033614; ST033613; ST033612; ST033611; ST033610,4A/90; BF19I8-11; BF14; BF19E8-11; BF18b; BF18; BF17; BF16; BF15; BF13; BF12; BF11; BF10; BF9; BF8; BF6; BF5; BF4; BF3; BF2,Nutrient Agar (NA); MEDIUM 3 - Columbia agar; CIP Medium 3; CIP Medium 72; MEDIUM 72- for trypto casein soja agar,"Clinical specimen; Allium cepa; rotting onion; Human sputum,29-yr-old woman,cystic fibrosis; Human ear,12-yr-old male; Human sputum,28-yr-old woman,cystic fibrosis"
taxon:350893|organism:flavobacterium daejeonense,1,target_bacteria,taxon_organism,flavobacterium daejeonense,Flavobacterium daejeonense,bacdive_species_exact_name_match,validated_species_exact_name,not_candidate_row,2,0,2,1,1,4,True,1,True,1,3,True,1,2,True,1,1,True,1,1,True,"{""normalized_species_exact"": 1}",DSM 17708; CIP 109900; KACC 11422; CIP 110192,GH1-10,R2A MEDIUM (DSMZ Medium 830); MEDIUM 566- Reasoner's 2A agar for Flavobacterium micromati; CIP Medium 566,"greenhouse soil; Environment, Greenhouse soil"
taxon:216816|organism:bifidobacterium longum,26,target_bacteria,taxon_organism,bifidobacterium longum,Bifidobacterium longum,bacdive_species_exact_name_match,validated_species_exact_name,not_candidate_row,2,0,114,57,57,137,True,5,True,10,5,True,54,36,True,27,7,True,22,37,True,"{""base_binomial_match_or_subspecies"": 43, ""normalized_species_exact"": 14}",LMG 32752; CCOS 2034; DSM 115839; JCM 7139; ATCC 27532; CGMCC 1.3011; KCTC 3429; LMG 18891; JCM 7060; CGMCC 1.3049; JCM 7056; JCM 7055; JCM 7053; CGMCC 1.3048; JCM 7052; CGMCC 1.3013; JCM 7050; LMG 18899; JCM 7011; JCM 7010,"NCC 5000; HUN014, AGR2137; WCA-178-WT-4B; S3; Su 851; SU859, SU 859; S76E; S12; E194b (Variant a), E194b; C10-45",BIFIDOBACTERIUM MEDIUM (DSMZ Medium 58); WILKINS-CHALGREN ANAEROBE BROTH (DSMZ Medium 339); MEDIUM 20 - for Anaerobic bacteria; CIP Medium 20; CIP Medium 72,Calf faeces; Pig feces; Calf feces; Infant feces; Human feces
taxon:1254|organism:pediococcus acidilactici,3,target_bacteria,taxon_organism,pediococcus acidilactici,Pediococcus acidilactici,bacdive_species_exact_name_match,validated_species_exact_name,not_candidate_row,2,0,60,30,30,76,True,1,True,10,9,True,25,24,True,17,6,True,4,11,True,"{""normalized_species_exact"": 30}",DSM 117464; DSM 114637; CRBIP24.174; JCM 20463; IAM 12304; JCM 20456; IAM 12297; NISL 7114; JCM 20454; IAM 12295; NCDO 991; JCM 20451; IAM 12292; JCM 20445; IAM 12283; IFO 3888; NBRC 3888; NCDO 1861; NISL 7140; JCM 2032,"AGR20; 114637; 7/4A, 7_4; 906-85; B213c, B213 c. Barley; P-60","MRS MEDIUM (DSMZ Medium 11); TRYPTICASE SOY YEAST EXTRACT MEDIUM (DSMZ Medium 92); COLUMBIA BLOOD MEDIUM (DSMZ Medium 693); De Man, Rogosa and Sharpe Agar; Trypticase Soy Agar",sheep rumen; swab; Fermenting vegetable; Silage; Sake mash
taxon:29430|organism:acinetobacter haemolyticus,1,target_bacteria,taxon_organism,acinetobacter haemolyticus,Acinetobacter haemolyticus,bacdive_species_exact_name_match,validated_species_exact_name,not_candidate_row,2,0,46,23,23,47,True,1,True,21,5,True,20,20,True,8,5,True,4,7,True,"{""normalized_species_exact"": 23}",DSM 114283; CIP 110883; CIP 200012; CIP 110881; CIP 200010; CIP 110865; CIP 200001; CRBIP17.6; CCUG 67703; CCUG 33; CIP 53.115; CIP 53.111; CIP 70.26; ATCC 19002; CIP 55.105; CIP 53.116; ATCC 17977; CIP 53.143; CIP 70.27; ATCC 19194,Dres_AcHaem_01; CIMB 04-5781; BM2685; 2446/60,TRYPTICASE SOY YEAST EXTRACT MEDIUM (DSMZ Medium 92); CIP Medium 72; CIP Medium 10; MEDIUM 72- for trypto casein soja agar; COLUMBIA BLOOD MEDIUM (DSMZ Medium 693),"swab; Human, Blood; Human blood; Respiratory tract; Human, Urine"
taxon:582|organism:morganella morganii (proteus morganii),4,target_bacteria,taxon_organism,morganella morganii,Morganella morganii (Proteus morganii),bacdive_species_exact_name_match,validated_species_exact_name,not_candidate_row,2,0,68,34,34,73,True,2,True,13,8,True,24,27,True,25,8,True,3,7,True,"{""base_binomial_match_or_subspecies"": 20, ""normalized_species_exact"": 14}",CCUG 58327; CCUG 44753; CCUG 44665; CCUG 44307; CCUG 43604; CCUG 43429; CCUG 43386; CCUG 41840; CCUG 38029; CCUG 36989; CCUG 35646; CCUG 35028; CCUG 34235; CCUG 34232; CCUG 30906; CCUG 30888; CCUG 30885; CCUG 30884; CCUG 30378; CCUG 29642,"44031/66; H1r; STI10763; AB 2048, 11812, 8103-85; M 11, 33 M; 21, 23; 6675, M4, LRA 049 08 75",MEDIUM 3 - Columbia agar; CIP Medium 3; MEDIUM 72- for trypto casein soja agar; CIP Medium 72; TRYPTICASE SOY BROTH AGAR (DSMZ Medium 535),"Human trachea,70-yr-old woman; Human feces; Human blood; Human abdominal fluid; Horse-meat"
taxon:40324|organism:stenotrophomonas maltophilia (pseudomonas maltophilia) (xanthomonas maltophilia),7,target_bacteria,taxon_organism,stenotrophomonas maltophilia,Stenotrophomonas maltophilia (Pseudomonas maltophilia) (Xanthomonas maltophilia),bacdive_species_exact_name_match,validated_species_exact_name,not_candidate_row,4,0,346,173,169,251,True,1,True,52,13,True,152,109,True,129,18,True,4,10,True,"{""normalized_species_exact"": 173}",ST033828; ST033827; ST033826; ST033825; ST033824; ST033823; ST033822; ST033821; ST033819; ST033811; DSM 116743; DSM 116742; DSM 116741; DSM 116739; DSM 116738; DSM 115937; DSM 114483; CRBIP17.146; JCM 9122; JCM 3807,"Va13595/1; Va13570/2; Va13522/2; Ur10353/2; Berg P69; MPL1; GN12873; 19580; Wiedemann IV4-16; 64A; Sm314; SKK53; SKK35; PC240; B5565; CT11-113; NiuAA1; CIMB 05-0906; Arbex 2037, R5_A9_IIIA; TURIN130318_T1",NZCYM-MEDIUM (DSMZ Medium 544); TRYPTICASE SOY YEAST EXTRACT MEDIUM (DSMZ Medium 92); COLUMBIA BLOOD MEDIUM (DSMZ Medium 693); CIP Medium 72; CASO AGAR (MERCK 105458) (DSMZ Medium 220),"patient strain, sputum; patient strain, respiratory tract; patient strain, human-non-invasive, wound; patient strain, human-non-invasive, perineum; Wheat root grown in field soil"
taxon:29447|organism:xanthomonas albilineans,1,target_bacteria,taxon_organism,xanthomonas albilineans,Xanthomonas albilineans,bacdive_species_exact_name_match,validated_species_exact_name,not_candidate_row,2,0,2,1,1,4,True,1,True,1,1,True,1,1,True,1,1,True,0,0,False,"{""normalized_species_exact"": 1}",DSM 3583; ATCC 33915; NCPPB 2969; PDDCC 196,ZA6,NUTRIENT AGAR (DSMZ Medium 1),leaf of sugarcane
taxon:300|organism:ectopseudomonas mendocina (pseudomonas mendocina),5,target_bacteria,taxon_organism,ectopseudomonas mendocina,Ectopseudomonas mendocina (Pseudomonas mendocina),bacdive_species_taxid_or_synonym_match,validated_species_taxid_or_synonym,not_candidate_row,2,0,28,14,14,36,True,1,True,6,4,True,13,15,True,9,3,True,3,4,True,"{""validated_bacdive_species_exact"": 14}",JCM 9794; JCM 9792; CCUG 39226; CCUG 34738; CCUG 32641; CCUG 30728; CCUG 30480; CCUG 11978; CIP 75.20; CIP 75.19; ATCC 25412; LMG 5941; NCTC 10898; NCIMB 10542; CIP 100027; CIP 75.22; DSM 102033; DSM 50017; ATCC 25411; CCUG 1781,"CH 35; CH 20; CH 67; S5.2; CH50, CH 50",MEDIUM 3 - Columbia agar; CIP Medium 3; CIP Medium 72; NUTRIENT AGAR (DSMZ Medium 1),"Soil from the Lake Kasumigaura; Water,paper mill process; Water,piping of drinking water; Industry,electrolyte (water); Industry"
taxon:53412|organism:metapseudomonas resinovorans (pseudomonas resinovorans),5,target_bacteria,taxon_organism,metapseudomonas resinovorans,Metapseudomonas resinovorans (Pseudomonas resinovorans),bacdive_species_taxid_or_synonym_match,validated_species_taxid_or_synonym,not_candidate_row,2,0,4,2,2,7,True,1,True,1,4,True,2,3,True,2,2,True,1,1,True,"{""validated_bacdive_species_exact"": 2}",JCM 16565; DSM 21078; ATCC 14235; CCUG 4439; CIP 61.9; LMG 2274; NCIMB 9280,,REACTIVATION WITH LIQUID MEDIUM (DSMZ Medium 535b); MEDIUM 3 - Columbia agar; CIP Medium 72; CIP Medium 3,"Activated sludge; Soil; Environment, Soil"
taxon:1283312|organism:rhizorhabdus wittichii (strain dc-6 / kacc 16600) (sphingomonas wittichii),4,target_bacteria,taxon_organism,rhizorhabdus wittichii,Rhizorhabdus wittichii (strain DC-6 / KACC 16600) (Sphingomonas wittichii),bacdive_species_exact_name_match,validated_species_exact_name,not_candidate_row,3,0,2,1,1,9,True,1,True,1,4,True,1,4,True,1,1,True,1,1,True,"{""normalized_species_exact"": 1}",DSM 6014; JCM 10273; JCM 15750; CCUG 31198; CIP 107293; KCTC 12908; MTCC 7933; NBRC 100425; NBRC 105917,RW1,NUTRIENT AGAR (DSMZ Medium 1); MINERAL MEDIUM (BRUNNER) (DSMZ Medium 457); MEDIUM 72- for trypto casein soja agar; CIP Medium 72,"water samples; Water,enrichment with dibenzo-p-dioxin; Water of the River Elbe; Environment, Water samples"
taxon:847|organism:oxalobacter formigenes,3,target_bacteria,taxon_organism,oxalobacter formigenes,Oxalobacter formigenes,bacdive_species_exact_name_match,validated_species_exact_name,not_candidate_row,2,0,6,3,3,5,True,1,True,2,3,True,1,1,True,1,1,True,1,1,True,"{""normalized_species_exact"": 3}",ATCC 35274; CIP 106513; CIP 105951; ATCC 43053; DSM 4420,OxB; Sox-4; BA-2,MEDIUM 412 - for Oxalobacter formigenes; CIP Medium 412; OXALOBACTER MEDIUM (DSMZ Medium 419),human faeces
taxon:399|organism:neorhizobium galegae (rhizobium galegae),1,target_bacteria,taxon_organism,neorhizobium galegae,Neorhizobium galegae (Rhizobium galegae),bacdive_species_exact_name_match,validated_species_exact_name,not_candidate_row,2,0,6,3,3,18,True,1,True,1,3,True,2,5,True,2,2,True,2,2,True,"{""normalized_species_exact"": 3}",JCM 21073; HAMBI 1183; IAM 14208; JCM 20974; HAMBI 490; IAM 13632; DSM 11542; ATCC 43677; CIP 105585; JCM 20973; LMG 6214; NBRC 14965; CCUG 27880; HAMBI 540; IAM 13631; IFO 14965; NZP 5563; OUT 30006,,"RHIZOBIUM MEDIUM (DSMZ Medium 98); MEDIUM 1 - for Acetobacter, Azotobacter, Gluconobacter, Gluconacetobacter, Mesorhizodium ciceri and Pseudomonas doudoroffii; CIP Medium 1","<I>Galega officinalis</I>; root nodules from <I>Galega orientalis</I>; Galega orientalis; <I>Galega orientalis</I>; Plant, Root nodule, Galega orientalis"
taxon:1108|organism:chloroflexus aurantiacus,9,target_bacteria,taxon_organism,chloroflexus aurantiacus,Chloroflexus aurantiacus,bacdive_species_exact_name_match,validated_species_exact_name,not_candidate_row,2,0,8,4,4,7,True,1,True,4,1,True,4,3,True,4,2,True,2,2,True,"{""normalized_species_exact"": 4}",DSM 638; ATCC 29362; DSM 637; ATCC 29364; DSM 636; DSM 635; ATCC 29366,244-3; Y-400-fl; OK-70-fl; J-10-fl,CHLOROFLEXUS MEDIUM (modified) (DSMZ Medium 87),alkaline hot spring; hot spring; hakone Hot Spring area
proteome:UP000006304,2,target_bacteria,proteome,nocardia brasiliensis,Nocardia brasiliensis (strain ATCC 700358 / HUJEG-1),bacdive_species_exact_name_match,validated_species_exact_name,not_candidate_row,5,0,70,35,35,79,True,1,True,14,16,True,10,10,True,8,5,True,1,2,True,"{""normalized_species_exact"": 35}",STI07332; STI07311; STI07155; CRBIP17.116; JCM 3318; IFM 0082; JCM 15872; IFM 0233; JCM 15854; IFM 0080; JCM 15853; IFM 0076; JCM 15852; IFM 0071; JCM 15851; IFM 0069; JCM 15850; IFM 0068; JCM 15849; IFM 0067,"IMET 07332; IMET 07311; IMET 07155; CIMB 05-2639; 1645, 345; 346, 2588; 357; 337; N 222, N222; 381, 631, GA 876, 0236, 845, Jr 381, 337; Tü 69; No 409; N 64, Ts 23105 (768)",CIP Medium 6; MEDIUM 3 - Columbia agar; CIP Medium 3; CIP Medium 72; GYM STREPTOMYCES MEDIUM (DSMZ Medium 65),"Human, Blood; Ear; Submandibular abscess; Human wound,thigh,45-yr-old woman; Human stye,below eye,74-yr-old man,flegmone"
taxon:651740|organism:pseudomonas cedrina,1,target_bacteria,taxon_organism,pseudomonas cedrina,Pseudomonas cedrina,bacdive_species_exact_name_match,validated_species_exact_name,not_candidate_row,2,0,4,2,2,5,True,2,True,2,5,True,2,3,True,2,2,True,2,2,True,"{""base_binomial_match_or_subspecies"": 1, ""normalized_species_exact"": 1}",DSM 14938; LMG 21467; DSM 17516; CIP 105541; CFML 96-198,P515/12,CASO AGAR (MERCK 105458) (DSMZ Medium 220); NUTRIENT AGAR (DSMZ Medium 1); REACTIVATION WITH LIQUID MEDIUM 1 (DSMZ Medium 1a); MEDIUM 3 - Columbia agar; CIP Medium 3,"phyllosphere of grasses; spring water; Environment, Spring water"
taxon:40933|organism:bartonella vinsonii subsp. berkhoffii,1,target_bacteria,taxon_organism,bartonella vinsonii,Bartonella vinsonii subsp. berkhoffii,bacdive_species_exact_name_match,validated_species_exact_name,not_candidate_row,2,0,6,3,3,12,True,3,True,3,5,True,3,8,True,3,3,True,3,4,True,"{""base_binomial_match_or_subspecies"": 2, ""normalized_species_exact"": 1}",CCUG 30453; ATCC VR-152; CIP 103738; ATCC 152-VR; DSM 28218; ATCC 700727; CCUG 50775; CIP 106848; DSM 28220; ATCC 51672; CCUG 45779; CIP 104960,"Baker; OK 94-513, 94-513; 93-CO1, 93-C01",MEDIUM 70 - columbia agar with horse blood and hemin for Bartonella; CIP Medium 70; COLUMBIA BLOOD AGAR (DSMZ Medium 429); MEDIUM 45 - for Columbia agar with sheep blood; CIP Medium 45,"Spleen of vole; Animal, Fly, spleen; human blood; Human blood,cattle rancher; Human, Blood"
taxon:33047|organism:bartonella vinsonii (rochalimaea vinsonii),1,target_bacteria,taxon_organism,bartonella vinsonii,Bartonella vinsonii (Rochalimaea vinsonii),bacdive_species_exact_name_match,validated_species_exact_name,not_candidate_row,2,0,6,3,3,12,True,3,True,3,5,True,3,8,True,3,3,True,3,4,True,"{""base_binomial_match_or_subspecies"": 2, ""normalized_species_exact"": 1}",CCUG 30453; ATCC VR-152; CIP 103738; ATCC 152-VR; DSM 28218; ATCC 700727; CCUG 50775; CIP 106848; DSM 28220; ATCC 51672; CCUG 45779; CIP 104960,"Baker; OK 94-513, 94-513; 93-CO1, 93-C01",MEDIUM 70 - columbia agar with horse blood and hemin for Bartonella; CIP Medium 70; COLUMBIA BLOOD AGAR (DSMZ Medium 429); MEDIUM 45 - for Columbia agar with sheep blood; CIP Medium 45,"Spleen of vole; Animal, Fly, spleen; human blood; Human blood,cattle rancher; Human, Blood"
taxon:33044|organism:bartonella doshiae,1,target_bacteria,taxon_organism,bartonella doshiae,Bartonella doshiae,bacdive_species_exact_name_match,validated_species_exact_name,not_candidate_row,2,0,2,1,1,5,True,1,True,1,3,True,1,3,True,1,1,True,1,5,True,"{""normalized_species_exact"": 1}",DSM 102055; NCTC 12862; CCUG 50770; CIP 107026; NCTC 12682,R18,COLUMBIA BLOOD AGAR (DSMZ Medium 429); MEDIUM 45 - for Columbia agar with sheep blood; CIP Medium 45,"blood of <i>Microtus agrestis</i>; Microtus agrestis blood; Microtus agrestis, blood"
taxon:807|organism:bartonella elizabethae (rochalimaea elizabethae),1,target_bacteria,taxon_organism,bartonella elizabethae,Bartonella elizabethae (Rochalimaea elizabethae),bacdive_species_exact_name_match,validated_species_exact_name,not_candidate_row,2,0,2,1,1,4,True,1,True,1,4,True,1,3,True,1,2,True,1,3,True,"{""normalized_species_exact"": 1}",DSM 28217; ATCC 49927; CCUG 30455; CIP 103761,"B91-002005, F9251",Columbia blood agar 10% (DSMZ Medium 429e); MEDIUM 70 - columbia agar with horse blood and hemin for Bartonella; CIP Medium 70; CIP Medium 45,"human blood, endocarditis; Human blood,endocarditis; Human, Blood"
taxon:33046|organism:bartonella taylorii,1,target_bacteria,taxon_organism,bartonella taylorii,Bartonella taylorii,bacdive_species_exact_name_match,validated_species_exact_name,not_candidate_row,2,0,2,1,1,3,True,1,True,1,2,True,1,1,True,1,1,True,1,1,True,"{""normalized_species_exact"": 1}",CIP 107028; NCTC 12861; CCUG 50774,M6,MEDIUM 6 - Columbia agar with 10 % horse blood; CIP Medium 6,Small woodland mammel
taxon:788|organism:rickettsia canadensis,1,target_bacteria,taxon_organism,rickettsia canadensis,Rickettsia canadensis,bacdive_species_exact_name_match,validated_species_exact_name,not_candidate_row,2,0,2,1,1,1,True,1,True,0,0,False,0,0,False,0,0,False,0,0,False,"{""normalized_species_exact"": 1}",ATCC VR-610,2678,,
taxon:140892|organism:rickettsia conorii subsp. caspia (strain a-167) (astrakhan rickettsia),1,target_bacteria,taxon_organism,rickettsia conorii,Rickettsia conorii subsp. caspia (strain A-167) (Astrakhan rickettsia),bacdive_species_exact_name_match,validated_species_exact_name,not_candidate_row,2,0,10,5,5,12,True,5,True,0,0,False,1,1,True,0,0,False,3,3,True,"{""base_binomial_match_or_subspecies"": 3, ""normalized_species_exact"": 1, ""validated_bacdive_id_from_closure"": 1}",ATCC VR-613; CRIRC RCO003; CSUR R41; CRIRC RCO001; CSUR R119; ATCC VR-597; CRIRC RCO005; CSUR R116; CSUR 054; ATCC VR-1524; CSUR R3; ATCC VR-1596,"Malish 7, NIAID Malish 7, Malish; CDC1, ISTT CDC1; Indian Tick Typhus rickettsia, Indian tick typhus; HLJ-054, 054; Khabarovsk",,ticks
taxon:35790|organism:rickettsia japonica,1,target_bacteria,taxon_organism,rickettsia japonica,Rickettsia japonica,bacdive_species_exact_name_match,validated_species_exact_name,not_candidate_row,2,0,2,1,1,1,True,1,True,0,0,False,0,0,False,0,0,False,1,2,True,"{""normalized_species_exact"": 1}",ATCC VR-1363,YH,,
taxon:35791|organism:rickettsia massiliae,1,target_bacteria,taxon_organism,rickettsia massiliae,Rickettsia massiliae,bacdive_species_exact_name_match,validated_species_exact_name,not_candidate_row,2,0,2,1,1,1,True,1,True,0,0,False,0,0,False,0,0,False,0,0,False,"{""normalized_species_exact"": 1}",ATCC VR-1376,Mtu1,,
taxon:435|organism:acetobacter aceti,3,target_bacteria,taxon_organism,acetobacter aceti,Acetobacter aceti,bacdive_species_exact_name_match,validated_species_exact_name,not_candidate_row,2,0,16,8,8,48,True,1,True,3,4,True,5,8,True,3,2,True,3,5,True,"{""normalized_species_exact"": 8}",JCM 25005; LMG 1535; JCM 25004; LMG 1496; JCM 25003; LMG 1506; LMG 5; JCM 21164; ATCC 12878; IAM 14350; LMG 1520; NCIMB 6656; NCTC 6656; JCM 20276; IAM 1814; LMG 1372; LMG 1695; CIP 102998; IAM 1802; IFO 3281,"58, A-34; L 40; B 4114","MEDIUM 1 - for Acetobacter, Azotobacter, Gluconobacter, Gluconacetobacter, Mesorhizodium ciceri and Pseudomonas doudoroffii; CIP Medium 1; GLUCONOBACTER OXYDANS MEDIUM (DSMZ Medium 105); YPM MEDIUM (DSMZ Medium 360)",Vinegar plant; Beer; Vinegar brews; Rice vinegar; alcohol turned to vinegar
taxon:1836|organism:saccharopolyspora erythraea (streptomyces erythraeus),2,target_bacteria,taxon_organism,saccharopolyspora erythraea,Saccharopolyspora erythraea (Streptomyces erythraeus),bacdive_species_exact_name_match,validated_species_exact_name,not_candidate_row,2,0,14,7,4,45,True,2,True,3,7,True,2,2,True,2,2,True,1,3,True,"{""normalized_species_exact"": 6, ""validated_bacdive_id_from_closure"": 1}",IMET 40002; DSM 44350; AS 4.198; JCM 10303; CGMCC 4.198; CPCC 202326; IFO 16190; KCTC 9939; NBRC 16190; DSM 41009; ATCC 11912; IMRU 3036; PSA 43; DSM 40517; AS 4.166; ATCC 11635; CBS 727.72; HUT 6087; IAM 0045; IFO 13426,"ST007798(HKI), 1406; ST007795; ST004854(HKI), JA04143-7/5, EA2, CSR; ST005094(HKI), China, 8954; M-5-12559",GYM STREPTOMYCES MEDIUM (DSMZ Medium 65); ISP 2; ISP 3; ISP 4; ISP 5,soil; Soil
taxon:34073|organism:variovorax paradoxus,7,target_bacteria,taxon_organism,variovorax paradoxus,Variovorax paradoxus,bacdive_species_exact_name_match,validated_species_exact_name,not_candidate_row,2,0,44,22,21,74,True,1,True,12,8,True,16,16,True,11,5,True,2,3,True,"{""normalized_species_exact"": 22}",DSM 113672; JCM 20911; ATCC 17718; IAM 13551; LMG 3576; JCM 20910; ATCC 17716; IAM 13550; LMG 3574; CCUG 66021; CCUG 65978; CCUG 64149; CCUG 63252; CCUG 52932; CCUG 22893; ATCC 17719; LMG 3577; JCM 20912; IAM 13552; DSM 9258,"IDSBO-4; SF004496; BF3; B4; 180, P2-106-S (3); 351, B13-0-1 D, B13-0-1D; R1L1; JMP116, pJP1; 444; 3-20-2, 360; 14-O-1, 353; 12-6-2, 350",R2A MEDIUM (DSMZ Medium 830); R3 A MEDIUM (DSMZ Medium 1153); MINERAL MEDIUM (BRUNNER) (DSMZ Medium 457); TRYPTICASE SOY BROTH AGAR (DSMZ Medium 535); NUTRIENT AGAR (DSMZ Medium 1),"As- and Sb-contaminated sediment; Soil; Industry; Industry water; Industry,water"
taxon:287|organism:pseudomonas aeruginosa,31,target_bacteria,taxon_organism,pseudomonas aeruginosa,Pseudomonas aeruginosa,bacdive_species_exact_name_match,validated_species_exact_name,not_candidate_row,4,0,400,200,200,403,True,2,True,173,19,True,92,72,True,79,21,True,31,77,True,"{""normalized_species_exact"": 199, ""validated_bacdive_id_from_closure"": 1}",CIP 77.11; CIP 62.6; CIP 62.5; CIP 62.4; CIP 62.3; CIP 60.92; ATCC 33360; NCTC 11452; CIP 59.43; ATCC 33357; NCTC 11449; CIP 59.40; ATCC 33355; NCTC 11447; CIP 59.39; ATCC 33354; NCTC 11446; CIP 59.37; ATCC 33352; NCTC 11444,"190-76; 59 AH; 60 BL; 61 B; 60 BT; 140; U3433/1955-230; XI/S2/1955-228; A443/1955, 14947/1955; A 486/1955-225; 13335/1955-224; 13264/1952-223; EML534, 4821/1952-222; 958/1953-221; 14811/1955-229; Dowson; 50; 46; 112; 111",MEDIUM 3 - Columbia agar; CIP Medium 3; CIP Medium 72; MEDIUM 72- for trypto casein soja agar; LB (Luria-Bertani) MEDIUM (DSMZ Medium 381),"Swab after tracheotomy; Human, Urine; Cosmetic product; Human, Biliary drain; Human, Sputum"
taxon:1423|organism:bacillus subtilis,4,target_bacteria,taxon_organism,bacillus subtilis,Bacillus subtilis,bacdive_species_exact_name_match,validated_species_exact_name,not_candidate_row,4,0,400,200,198,326,True,1,True,178,12,True,59,24,True,55,10,True,12,69,True,"{""base_binomial_match_or_subspecies"": 18, ""normalized_species_exact"": 182}",CIP 76.87; CIP 76.53; DSM 103758; DSM 103051; DSM 103047; DSM 103044; DSM 31033; DSM 100614; DSM 100613; DSM 100612; DSM 100605; DSM 28592; DSM 31010; DSM 31009; DSM 31008; DSM 31021; DSM 31020; SG 119; DSM 30942; DSM 30941,"AA 56; PM 15; D36_1; Stev18; Stev9; Stev2; T3_6; D13-1; D8-1; D6-1; FS3-1; Amp-T18; b9_6; b9_5; b9_4; G23; G20; STI10881; STI10299; STI10298(IMET), 168IX",MEDIUM 3 - Columbia agar; CIP Medium 3; CIP Medium 72; CASO AGAR (MERCK 105458) (DSMZ Medium 220); TRYPTICASE SOY YEAST EXTRACT MEDIUM (DSMZ Medium 92),"cleanroom facility, Airbus Defence and Space; cleanroom facility, TAS-I; cleanroom facility, TAS; caecal content; wildtype C57BL/6 mouse treated with ampicillin; cleanroom, wipe sample"
taxon:1133853|organism:escherichia coli o104:h4 (strain 2009el-2071),1,target_bacteria,taxon_organism,escherichia coli,Escherichia coli O104:H4 (strain 2009EL-2071),bacdive_species_exact_name_match,validated_species_exact_name,not_candidate_row,4,0,400,200,200,423,True,0,False,83,19,True,10,13,True,4,3,True,18,53,True,"{""normalized_species_exact"": 200}",DSM 6215; ATCC 37371; DSM 6214; ATCC 39531; DSM 6213; ATCC 41036; DSM 6212; ATCC 37375; DSM 6202; ATCC 37032; DSM 6201; ATCC 35673; DSM 6197; ATCC 47019; DSM 6196; ATCC 47018; DSM 6189; ATCC 37064; CCRC 41300; DSM 6188,"pfdB2; K12 MC1000, MC1000; pHB-1; pfdA2; pSC101; K12 HB101 DB6507, DB6507, FD 27747, HB101 DB6507; K12 Q359, Q359; K12 Q358, Q358; YIP33; DP50; YEp24; YIp5; pSP65; K12 TG1, TG1; pBluescribe M13-, PC-V3046; PC-V3138, pYAC3; PC-V3058, pGEM-3Zf(-); PC-V3057, pGEM-3Zf(+); pBluescribe M13+, PC-V3045; pBGS8, PC-V3012",LB (Luria-Bertani) MEDIUM (DSMZ Medium 381); NUTRIENT AGAR (DSMZ Medium 1); Mineral medium M9 for E. coli JM strains (DSMZ Medium 382); MEDIUM 72- for trypto casein soja agar; CIP Medium 72,"Canine; Animal, Canine; food; freshwater (river, lake, pond); faeces"
proteome:UP000007477,7,target_bacteria,proteome,acinetobacter pittii,Acinetobacter pittii (strain PHEA-2),bacdive_species_exact_name_match,validated_species_exact_name,not_candidate_row,4,0,90,45,45,67,True,1,True,24,8,True,43,37,True,44,7,True,8,11,True,"{""normalized_species_exact"": 45}",DSM 110287; DSM 101623; DSM 101622; DSM 101621; DSM 101620; CIP 111207; CIP 52.90; DSM 104460; CCUG 66170; CCUG 62275; CCUG 61836; CCUG 61553; CCUG 61123; CCUG 60254; CCUG 58661; CCUG 58633; CCUG 58581; CCUG 58522; CCUG 58506; CCUG 57818,ICU patient isolate; ApBS5; ApBS4; ApBS3; ApBS2; BM4427; IIF1SW-P1; Tr III-355; Tr III-636; Tr III-106,CASO AGAR (MERCK 105458) (DSMZ Medium 220); NUTRIENT AGAR (DSMZ Medium 1); CIP Medium 72; CIP Medium 9; TRYPTICASE SOY BROTH AGAR (DSMZ Medium 535),Patient; patient strain; patient material; Throat; International Space Station Environmental Surface
taxon:184077|organism:methylovorus mays,2,target_bacteria,taxon_organism,methylovorus mays,Methylovorus mays,bacdive_species_exact_name_match,validated_species_exact_name,not_candidate_row,2,0,2,1,1,3,True,1,True,1,1,True,1,1,True,1,1,True,1,1,True,"{""normalized_species_exact"": 1}",DSM 16018; NCIMB 13992; VKM B-2221,"BV, C, KUK",MEDIUM K (DSMZ Medium 1122),phyllosphere of <i>Zea mays</i> L.
proteome:UP000007722,5,target_archaea,proteome,methanococcus voltae,Methanococcus voltae (strain ATCC BAA-1334 / A3),bacdive_species_exact_name_match,validated_species_exact_name,not_candidate_row,5,0,14,7,7,12,True,1,True,6,3,True,4,4,True,7,3,True,3,3,True,"{""normalized_species_exact"": 7}",JCM 16865; OCM 197; DSM 14649; OCM 745; DSM 7078; MCM B603; DSM 4311; DSM 4310; DSM 4254; DSM 1537; ATCC 33273; OCM 70,P2F9701a; PS-7; PS-6; PS-3; PS,METHANOCALCULUS MB MEDIUM (DSMZ Medium 924); METHANOGENIUM MEDIUM (H2/CO2) (DSMZ Medium 141); METHANOCOCCUS VOLTAE MEDIUM (DSMZ Medium 391),Intertidal sediment; water sample; sea sediment; mud
taxon:39478|organism:streptomyces laurentii,1,target_bacteria,taxon_organism,streptomyces laurentii,Streptomyces laurentii,bacdive_species_exact_name_match,validated_species_exact_name,not_candidate_row,2,0,2,1,1,9,True,1,True,1,9,True,1,2,True,0,0,False,1,1,True,"{""normalized_species_exact"": 1}",DSM 41684; ATCC 31255; JCM 5063; KCC S-1063; PCM 2368; BCRC 16804; CGMCC 4.1919; IFO 15422; NBRC 15422,,GYM STREPTOMYCES MEDIUM (DSMZ Medium 65); ISP 2; ISP 3; ISP 4; ISP 5,soil; Soil
proteome:UP000001883,3,target_bacteria,proteome,rothia mucilaginosa,Rothia mucilaginosa (strain DY-18) (Stomatococcus mucilaginosus),bacdive_species_exact_name_match,validated_species_exact_name,not_candidate_row,4,0,134,67,67,92,True,1,True,8,6,True,67,44,True,66,7,True,1,1,True,"{""normalized_species_exact"": 67}",DSM 116788; CRBIP17.109; CRBIP17.108; CCUG 56385; CCUG 55400; CCUG 55378; CCUG 55182 A; CCUG 52952; CCUG 52532; CCUG 48997; CCUG 48402; CCUG 48398; CCUG 47492; CCUG 46756; CCUG 45837; CCUG 45514; CCUG 44966; CCUG 43722; CCUG 43707 B; CCUG 43297,116788; CIMB 04-7239; CIMB 04-9299; ES1-209-1; 5762/67; 2849/68; 421/68,TRYPTICASE SOY YEAST EXTRACT MEDIUM (DSMZ Medium 92); CIP Medium 6; MEDIUM 3 - Columbia agar; CIP Medium 3; CASO AGAR (MERCK 105458) (DSMZ Medium 220),"swab; Human, Blood; Human urine,13-yr-old boy; Human sputum,5-yr-old child,cystic fibrosis; Human sputum,7-yr-old boy"
taxon:1302|organism:streptococcus gordonii,4,target_bacteria,taxon_organism,streptococcus gordonii,Streptococcus gordonii,bacdive_species_exact_name_match,validated_species_exact_name,not_candidate_row,2,0,108,54,54,74,True,1,True,6,8,True,50,34,True,44,4,True,4,8,True,"{""normalized_species_exact"": 54}",CCUG 60144; CCUG 60137; CCUG 57864; CCUG 56319; CCUG 54513; CCUG 51552; CCUG 50919; CCUG 50640; CCUG 50583; CCUG 50099; CCUG 48709; CCUG 48204; CCUG 45984; CCUG 45239; CCUG 43322; CCUG 43252; CCUG 42257; CCUG 39576; CCUG 39571; CCUG 38808,"BM120; H11; GN72; Challis; SK 51; SK3, SK 3",MEDIUM 29- Brain heart agar; CIP Medium 29; MEDIUM 72- for trypto casein soja agar; CIP Medium 72; TRYPTICASE SOY YEAST EXTRACT MEDIUM (DSMZ Medium 92),"Human blood,23-yr-old woman; Human wound,64-yr-old woman; Human blood,65-yr-old woman; Human blood,41-yr-old man,suspected endocarditis; Human sputum,45-yr-old woman"
taxon:1961|organism:streptomyces virginiae (streptomyces cinnamonensis),6,target_bacteria,taxon_organism,streptomyces virginiae,Streptomyces virginiae (Streptomyces cinnamonensis),bacdive_species_exact_name_match,validated_species_exact_name,not_candidate_row,2,0,14,7,7,57,True,2,True,5,9,True,5,2,True,4,2,True,2,5,True,"{""normalized_species_exact"": 5, ""validated_bacdive_id_from_closure"": 2}",ST006844; JCM 4093; IFO 3392; NBRC 3392; DSM 40669; IMRU 3652; DSM 40094; ATCC 19817; CBS 291.60; CBS 570.68; ETH 14322; IFO 12827; IFO 3729; IMRU 3651; ISP 5094; JCM 4425; NBRC 12827; NBRC 3729; NRRL B-1446; RIA 1097,"JA09768; NA 255-88 (M808); Ah-304; A 3823, BJ-613",GYM STREPTOMYCES MEDIUM (DSMZ Medium 65); ROLLED OATS MINERAL MEDIUM (DSMZ Medium 84); ISP 2; ISP 3; ISP 4,Soil; soil
taxon:1307|organism:streptococcus suis,4,target_bacteria,taxon_organism,streptococcus suis,Streptococcus suis,bacdive_species_exact_name_match,validated_species_exact_name,not_candidate_row,2,0,52,26,26,42,True,2,True,17,7,True,25,19,True,13,5,True,3,8,True,"{""base_binomial_match_or_subspecies"": 1, ""normalized_species_exact"": 25}",CCUG 77434; GTC 18290; CCUG 42756; LMG 14896; CCUG 42755; LMG 14183; CCUG 42754; LMG 14887; LMG 14171; CCUG 33488; CCUG 28683; LMG 14101; CCUG 28676; CCUG 28673; CCUG 11673; CIP 105907; CIP 104090; CIP 105908; CIP 105909; CIP 105904,SP34; 324/92; SP 56; SP14; SP6; SP54; 178; 460; 925; 204/91; 219/92; SP47; SP27; EDCC 5220; T 639; Field 48; S735,MEDIUM 29- Brain heart agar; CIP Medium 29; MEDIUM 3 - Columbia agar; CIP Medium 3; COLUMBIA BLOOD MEDIUM (DSMZ Medium 693),Bovine tonsil; Pig; Goat tonsil; Swine liver and spleen; Pig vagina
taxon:257438|organism:gluconobacter thailandicus,2,target_bacteria,taxon_organism,gluconobacter thailandicus,Gluconobacter thailandicus,bacdive_species_exact_name_match,validated_species_exact_name,not_candidate_row,2,0,8,4,4,25,True,1,True,1,2,True,4,4,True,2,1,True,2,5,True,"{""normalized_species_exact"": 4}",JCM 20465; IAM 12306; IFO 3255; LMG 1487; NBRC 3255; JCM 20290; CCM 1792; IAM 1830; IFO 3254; KCTC 2778; LMG 1486; NBRC 3254; JCM 12311; BCC 14113; LMG 23138; NBRC 100601; PCU 222; TISTR 1534; CIP 108781; BCC 14116,F149-1,MEDIUM 314 - for Gluconacetobacter xylinus subsp. sucrofermentans; CIP Medium 314,Strawberry; Flower of glossy ixora (<I>Ixora lobbii</I>); Flower of Indian cork tree (<I>Millingtonia hortensis</I>) collected in Bangkok; Flowers
taxon:49283|organism:paenibacillus thiaminolyticus (bacillus thiaminolyticus),1,target_bacteria,taxon_organism,paenibacillus thiaminolyticus,Paenibacillus thiaminolyticus (Bacillus thiaminolyticus),bacdive_species_exact_name_match,validated_species_exact_name,not_candidate_row,2,0,14,7,7,33,True,1,True,6,4,True,2,2,True,0,0,False,5,7,True,"{""normalized_species_exact"": 7}",JCM 7538; NIAH 1025; NRRL B-14623; CIP 104429; IAM 1034; JCM 7540; CCM 3599; NRRL B-14625; DSM 7262; JCM 8360; NRRL B-4156; CCUG 28880; NCTC 12999; LMG 17412; CIP 104430; AHU 1393; AHU 1392; IFO 15656; KCTC 3764; LMG 17404,1393,MEDIUM 3 - Columbia agar; CIP Medium 3; NUTRIENT AGAR (OXOID CM3) (DSMZ Medium 605); NUTRIENT AGAR (DSMZ Medium 1),Cattle; human spinal fluid
taxon:29542|organism:syntrophotalea acetylenica (pelobacter acetylenicus),1,target_bacteria,taxon_organism,syntrophotalea acetylenica,Syntrophotalea acetylenica (Pelobacter acetylenicus),bacdive_species_exact_name_match,validated_species_exact_name,not_candidate_row,2,0,4,2,2,3,True,1,True,2,2,True,2,2,True,2,2,True,2,2,True,"{""normalized_species_exact"": 2}",DSM 3247; DSM 3246; NBRC 103808,GhAcy 1; WoAcy 1,PROPIONIGENIUM MODESTUM MEDIUM (MARINE) (DSMZ Medium 293); PELOBACTER PROPIONICUS MEDIUM (FRESHWATER) (DSMZ Medium 298),marine sediment; creek sediment
taxon:1517|organism:thermoanaerobacterium thermosaccharolyticum (clostridium thermosaccharolyticum),1,target_bacteria,taxon_organism,thermoanaerobacterium thermosaccharolyticum,Thermoanaerobacterium thermosaccharolyticum (Clostridium thermosaccharolyticum),bacdive_species_exact_name_match,validated_species_exact_name,not_candidate_row,2,0,10,5,5,12,True,1,True,5,2,True,3,2,True,1,1,True,1,1,True,"{""normalized_species_exact"": 5}",DSM 7416; DSM 869; ATCC 25773; VPI 26-13-1; DSM 573; DSM 572; ATCC 27384; DSM 571; ATCC 7956; NCA 3814; NCIMB 9385; WDCM 00135,"Haren; 1917, Prévot, 1917, Prévot; T9-3R; T9-1; McClung 2032, 2032",THERMOANAEROBACTERIUM MEDIUM (DSMZ Medium 211); THERMOANAEROBACTER MEDIUM (DSMZ Medium 61),pond sediment; tartrate infusion of grape residue
taxon:53419|organism:treponema socranskii,1,target_bacteria,taxon_organism,treponema socranskii,Treponema socranskii,bacdive_species_exact_name_match,validated_species_exact_name,not_candidate_row,2,0,8,4,4,11,True,4,True,1,1,True,3,2,True,1,1,True,4,5,True,"{""base_binomial_match_or_subspecies"": 3, ""normalized_species_exact"": 1}",JCM 8157; ATCC 35536; VPI DR56BR1116; JCM 8156; ATCC 35535; VPI D46CPE1; JCM 8155; ATCC 35534; VPI D2B8; CIP 108089; ATCC 700335,,MEDIUM 155 - for Treponema maltophilum,Human oral cavity; Subgingival crevice in a patient with moderate periodontal disease
proteome:UP000007490,2,target_archaea,proteome,methanobacterium lacus,Methanobacterium lacus (strain AL-21),bacdive_species_exact_name_match,validated_species_exact_name,not_candidate_row,4,0,4,2,2,3,True,1,True,2,2,True,2,3,True,2,2,True,0,0,False,"{""normalized_species_exact"": 2}",DSM 25616; DSM 24406; JCM 17760,AL21; 17A1,METHANOSPHAERULA (PEAT) MEDIUM (DSMZ Medium 1094); METHANOBACTERIUM II MEDIUM (DSMZ Medium 825),peat soil from an acidic poor fen; deep cold sediment of meromictic lake; Deep sediment of the meromictic Lake Pavin
taxon:971|organism:selenomonas ruminantium,5,target_bacteria,taxon_organism,selenomonas ruminantium,Selenomonas ruminantium,bacdive_species_exact_name_match,validated_species_exact_name,not_candidate_row,2,0,6,3,3,7,True,2,True,2,2,True,3,2,True,2,1,True,2,2,True,"{""base_binomial_match_or_subspecies"": 3}",JCM 7528; ATCC 27209; DSM 2150; ATCC 12561; DSM 2872; ATCC 19205; JCM 6582,GA-192; PC 18,TREPONEMA SACCHAROPHILUM MEDIUM (DSMZ Medium 323); TREPONEMA MEDIUM (DSMZ Medium 159),Bovine rumen; bovine rumen
taxon:1905|organism:streptomyces exfoliatus (streptomyces hydrogenans),6,target_bacteria,taxon_organism,streptomyces exfoliatus,Streptomyces exfoliatus (Streptomyces hydrogenans),bacdive_species_exact_name_match,validated_species_exact_name,not_candidate_row,2,0,8,4,4,27,True,1,True,4,6,True,3,4,True,2,1,True,2,3,True,"{""normalized_species_exact"": 4}",DSM 41632; DSM 41693; DSM 40735; DSM 40060; ATCC 12627; ATCC 19750; CBS 489.68; ETH 24304; IFO 13191; IMRU 3316; ISP 5060; NBRC 13191; NRRL B-1237; RIA 1031; CCUG 11113; CCM 3169; JCM 4366; BCRC 11469; CGMCC 4.1407; ICMP 1008,5-A36; K10; Tü 472,"GYM STREPTOMYCES MEDIUM (DSMZ Medium 65); ROLLED OATS MINERAL MEDIUM (DSMZ Medium 84); STARCH - MINERAL SALT - AGAR (STMS) (DSMZ Medium 252); OAT FLAKES AGAR WITH YEAST EXTRACT (DSMZ Medium 248); MEDIUM 57 - for Streptomyces, Nocardioides, Lentzea albidocapillata and Streptoverticillium reticulum","rose root (rhizoplane, <I>Rosa canina </I>""Inermis""); compost; soil; Environment, Soil"
taxon:256|organism:myroides odoratus (flavobacterium odoratum),1,target_bacteria,taxon_organism,myroides odoratus,Myroides odoratus (Flavobacterium odoratum),bacdive_species_exact_name_match,validated_species_exact_name,not_candidate_row,2,0,40,20,20,34,True,1,True,19,7,True,19,15,True,19,4,True,1,3,True,"{""normalized_species_exact"": 20}",CRBIP17.100; CCUG 41578; DSM 100919; DSM 100890; DSM 100862; DSM 100861; DSM 100860; DSM 100858; DSM 100857; DSM 100842; DSM 100839; DSM 100818; DSM 100681; DSM 100680; DSM 100678; DSM 100470; DSM 100817; DSM 100222; CIP 105168; CCUG 22182,CIMB 04-9449,CIP Medium 72; COLUMBIA BLOOD MEDIUM (DSMZ Medium 693); TRYPTICASE SOY YEAST EXTRACT MEDIUM (DSMZ Medium 92); MEDIUM 3 - Columbia agar; CIP Medium 3,"Human, Sputum; Human urine; swab (human), Erysipel; urine; swab (horse)"
taxon:1915|organism:streptomyces lincolnensis,2,target_bacteria,taxon_organism,streptomyces lincolnensis,Streptomyces lincolnensis,bacdive_species_exact_name_match,validated_species_exact_name,not_candidate_row,2,0,4,2,2,25,True,1,True,2,2,True,1,1,True,1,1,True,1,1,True,"{""normalized_species_exact"": 2}",DSM 40355; ATCC 25466; CBS 630.70; DSM 2013; IFO 13054; ISP 5355; JCM 4287; JCM 4488; KCC S-0287; NBRC 13054; NCIB 9413; NRRL 2936; RIA 1246; UC 2376; BCRC 11173; CBS 699.69; CCM 4150; KCTC 1868; KCTC 9088; KCTC 9089,BAB-3,GYM STREPTOMYCES MEDIUM (DSMZ Medium 65); ROLLED OATS MINERAL MEDIUM (DSMZ Medium 84),soil
proteome:UP000002519,1,target_bacteria,proteome,escherichia coli,Escherichia coli O157:H7,bacdive_species_exact_name_match,validated_species_exact_name,not_candidate_row,7,0,400,200,200,423,True,0,False,83,19,True,10,13,True,4,3,True,18,53,True,"{""normalized_species_exact"": 200}",DSM 6215; ATCC 37371; DSM 6214; ATCC 39531; DSM 6213; ATCC 41036; DSM 6212; ATCC 37375; DSM 6202; ATCC 37032; DSM 6201; ATCC 35673; DSM 6197; ATCC 47019; DSM 6196; ATCC 47018; DSM 6189; ATCC 37064; CCRC 41300; DSM 6188,"pfdB2; K12 MC1000, MC1000; pHB-1; pfdA2; pSC101; K12 HB101 DB6507, DB6507, FD 27747, HB101 DB6507; K12 Q359, Q359; K12 Q358, Q358; YIP33; DP50; YEp24; YIp5; pSP65; K12 TG1, TG1; pBluescribe M13-, PC-V3046; PC-V3138, pYAC3; PC-V3058, pGEM-3Zf(-); PC-V3057, pGEM-3Zf(+); pBluescribe M13+, PC-V3045; pBGS8, PC-V3012",LB (Luria-Bertani) MEDIUM (DSMZ Medium 381); NUTRIENT AGAR (DSMZ Medium 1); Mineral medium M9 for E. coli JM strains (DSMZ Medium 382); MEDIUM 72- for trypto casein soja agar; CIP Medium 72,"Canine; Animal, Canine; food; freshwater (river, lake, pond); faeces"
taxon:553611|organism:photobacterium leiognathi,5,target_bacteria,taxon_organism,photobacterium leiognathi,Photobacterium leiognathi,bacdive_species_exact_name_match,validated_species_exact_name,not_candidate_row,2,0,4,2,2,13,True,1,True,2,3,True,2,4,True,2,2,True,1,3,True,"{""normalized_species_exact"": 2}",CIP 69.42; ATCC 25587; NCIMB 1511; CIP 665; DSM 21260; ATCC 25521; CAIM 327; CCUG 16229; CIP 66.5; LMG 4228; NCIMB 2193; WDCM 00113; CECT 4191,L2; L1,Marine agar (MA); CIP Medium 13; BACTO MARINE BROTH (DIFCO 2216) (DSMZ Medium 514),"Teleostean fish, light organ; light organ of teleostean fish <i>Leiognathus equula</i>; Light organ of teleostean fish (Legionathidae); Animal, Teleostean fish, Leiognathus equula (light organ)"
taxon:43263|organism:aquipseudomonas alcaligenes (pseudomonas alcaligenes),8,target_bacteria,taxon_organism,aquipseudomonas alcaligenes,Aquipseudomonas alcaligenes (Pseudomonas alcaligenes),bacdive_species_taxid_or_synonym_match,validated_species_taxid_or_synonym,not_candidate_row,2,0,24,12,12,41,True,1,True,5,6,True,8,11,True,7,2,True,1,2,True,"{""validated_bacdive_species_exact"": 12}",CCUG 36648; CCUG 32134; CCUG 7819; CCUG 6697 B; CCUG 5004; CCUG 1868; CCUG 226; NCPPB 1959; ATCC 17665; NCTC 8769; CIP 104976; CCUG 13700; CCUG 13700 B; CIP 104974; CCUG 1315; LMG 6353; CIP 104975; CCUG 1316; LMG 6354; DSM 50342,"AB 864; D 160; 1577, 142; OT",MEDIUM 3 - Columbia agar; CIP Medium 3; REACTIVATION WITH LIQUID MEDIUM 1 (DSMZ Medium 1a); CIP Medium 72; NUTRIENT AGAR (DSMZ Medium 1),"Water,bore hole tank (C2BIS); Sludge enriched with pentachlorophenol; Sludge; Human,drain fluid,28-yr-old man; Water,swimming pool"
taxon:870|organism:dichelobacter nodosus (bacteroides nodosus),3,target_bacteria,taxon_organism,dichelobacter nodosus,Dichelobacter nodosus (Bacteroides nodosus),bacdive_species_exact_name_match,validated_species_exact_name,not_candidate_row,2,0,4,2,2,9,True,1,True,2,5,True,2,4,True,0,0,False,1,1,True,"{""normalized_species_exact"": 2}",DSM 23057; ATCC 25549; CCUG 27824; CIP 107042; VPI 2340; KCTC 15031; DSM 20708; ATCC 27521; VPI 5731-1,11342; 198A,COLUMBIA BLOOD MEDIUM (DSMZ Medium 693); CHOPPED MEAT MEDIUM (DSMZ Medium 78); MEDIUM 6 - Columbia agar with 10 % horse blood; CIP Medium 564; CIP Medium 6,"foot rot in sheep; Foot rot in sheep; Animal, Foot rot in sheep; animal"
proteome:UP000010087,4,target_bacteria,proteome,burkholderia pseudomallei,Burkholderia pseudomallei (strain 1026b),bacdive_species_exact_name_match,validated_species_exact_name,not_candidate_row,4,0,32,16,16,20,True,1,True,0,0,False,15,14,True,14,5,True,1,2,True,"{""normalized_species_exact"": 16}",NCTC 12939; ATCC 23343; CCUG 51313; CCUG 49628; CCUG 15660; CCUG 15655; CCUG 15654; CCUG 15653; CCUG 15652; CCUG 15651; CCUG 15649; CCUG 15648; CCUG 15647; CCUG 15646; CCUG 13791; RHMU 008; CCUG 13790; RHMU 002; CCUG 218; NCTC 8016,WRAIR 286,,"Human wound toe,50-yr-old man,tsunami victim; Human blood,56-yr-old man,lymphoma; Human blood,fatal case,vietnamese subject; Clay,wet,40cm deep on property of CCUG 15646; Ovine lung and spleen abscess"
taxon:1275|organism:kocuria rosea (deinococcus erythromyxa) (micrococcus rubens),1,target_bacteria,taxon_organism,kocuria rosea,Kocuria rosea (Deinococcus erythromyxa) (Micrococcus rubens),bacdive_species_exact_name_match,validated_species_exact_name,not_candidate_row,2,0,30,15,12,78,True,2,True,8,23,True,7,11,True,7,6,True,4,6,True,"{""base_binomial_match_or_subspecies"": 5, ""normalized_species_exact"": 10}",JCM 20438; ATCC 185; CCM 385; IAM 12148; NCIMB 9149; NCTC 7515; JCM 20437; ATCC 412; CCM 633; IAM 12147; NCDO 767; NCIMB 8175; NCTC 7517; JCM 20141; ATCC 9815; BCRC 11577; CCM 691; IAM 1295; IFO 3764; NBRC 3764,I10A-01275; ST019898; ST000679; ST028486,TRYPTICASE SOY YEAST EXTRACT MEDIUM (DSMZ Medium 92); MEDIUM 6 - Columbia agar with 10 % horse blood; CIP Medium 72; CIP Medium 6; MEDIUM 3 - Columbia agar,Feces; <i>Cerasus pseudocerasus</i>; Lime painting on interior wall of church; Soil from the sludge bed at the Zwätzen sewage treatment plant; cyanobacterial mat
proteome:UP000002735,2,target_bacteria,proteome,dickeya chrysanthemi,Dickeya chrysanthemi (strain Ech1591) (Dickeya zeae (strain Ech1591)),bacdive_species_exact_name_match,validated_species_exact_name,not_candidate_row,4,0,26,13,13,21,True,1,True,12,2,True,9,9,True,9,5,True,2,2,True,"{""normalized_species_exact"": 2, ""validated_bacdive_id_from_closure"": 11}",IMI 389157; IMI 347397; IMI 347405; IMI 379127; IMI 379126; IMI 376344; IMI 376343; IMI 347403; IMI 347400; IMI 347396; CCUG 47021; DSM 30177; ATCC 11662; CCUG 38766; LMG 2804; DSM 4610; ATCC 11663; CIP 82.99; DAR 35625; NCPPB 402,EC 16; EC17,Nutrient Agar (NA); REACTIVATION WITH LIQUID MEDIUM 1 (DSMZ Medium 1a),Musa; immature fruit; Brassica chinensis; Ananas comosus; fruit; Ananas comosus; diseased leaf; Ananas comosus; pineapple crown
taxon:37734|organism:enterococcus casseliflavus (enterococcus flavescens),2,target_bacteria,taxon_organism,enterococcus casseliflavus,Enterococcus casseliflavus (Enterococcus flavescens),bacdive_species_exact_name_match,validated_species_exact_name,not_candidate_row,2,0,72,36,36,70,True,1,True,13,9,True,34,36,True,28,10,True,5,11,True,"{""normalized_species_exact"": 36}",CIP 111947; UC 73; JCM 8716; JCM 5675; ATCC 25789; CCUG 61288; CCUG 60609; CCUG 56513; CCUG 53919; CCUG 50645; CCUG 50234; CCUG 48770; CCUG 44754; CCUG 43790; CCUG 43351; CCUG 42114; CCUG 38523; CCUG 38505; CCUG 37662; CCUG 37601,"237-94; 172.87; 1673-93; 20, W 99; 32488; CA 8; CA 3; CA 2; 491, H.3.1",CIP Medium 72; MEDIUM 29- Brain heart agar; CIP Medium 29; MEDIUM 6 - Columbia agar with 10 % horse blood; CIP Medium 6,"Human, Blood; Plants; Human blood,58-yr-old woman; Egg yolk; Drug substance,industry"
proteome:UP000005012,1,target_bacteria,proteome,providencia stuartii,Providencia stuartii (strain MRSN 2154),bacdive_species_exact_name_match,validated_species_exact_name,not_candidate_row,4,0,38,19,19,40,True,1,True,7,7,True,13,9,True,12,3,True,2,2,True,"{""normalized_species_exact"": 19}",JCM 1674; CDC 2986-68; CCUG 35191; CCUG 33384; CCUG 30679; CCUG 25235; CCUG 11042; CCUG 11015; CCUG 10030; CCUG 6326; NCTC 10318; CCUG 4158; CCUG 164; CCUG 9; CIP 65.26; CIP 104059; ATCC 49809; DSM 46263; CNCTC Pv 24/56; IMET 10827,"AmMS 256; 2357, Pv 24/56; 495; LRA 054 08 75; 2896-68; 63",MEDIUM 3 - Columbia agar; CIP Medium 3; CIP Medium 72; REACTIVATION WITH TRYPTONE SOYA BROTH (DSMZ Medium 220a); TRYPTICASE SOY YEAST EXTRACT MEDIUM (DSMZ Medium 92),"Human urine; Human urine,38-yr-old patient with urinary stones; Human urine,37-yr-old man; Human blood; Human"
taxon:195|organism:campylobacter coli,1,target_bacteria,taxon_organism,campylobacter coli,Campylobacter coli,bacdive_species_exact_name_match,validated_species_exact_name,not_candidate_row,4,0,208,104,104,139,True,1,True,39,6,True,94,44,True,69,13,True,11,14,True,"{""normalized_species_exact"": 104}",DSM 118019; DSM 118029; DSM 118028; DSM 118025; DSM 118022; DSM 118016; DSM 118015; DSM 118014; DSM 104627; DSM 104626; DSM 101856; CCUG 53138; CCUG 52607; CCUG 50506; CCUG 48470; CCUG 45147; CCUG 39075; CCUG 36995; CCUG 36994; CCUG 36993,"CCS 17344/23, CCS 1744/23; CCS 551; CCS 554; CCS 289 08/401; CCS 265 07/14005; CCS 07/803; CCS 17343/22; CCS 24982/43; meC0467; meC0281; meC0280; LRA 069 05 89; P9; P3; P2; P875; P6; CCS 24907/13784, CCS 249 07/13784; CCS 1377; CCS17341/20, CCS 17341/20",COLUMBIA BLOOD MEDIUM (DSMZ Medium 693); BHI MEDIUM (DSMZ Medium 215); MEDIUM 6 - Columbia agar with 10 % horse blood; CIP Medium 45; CIP Medium 6,"environmental water; turkey meat; Human feces,25-yr-old man; Human feces,63-yr-old man; Human feces,37-yr-old woman"
taxon:1285|organism:staphylococcus intermedius,1,target_bacteria,taxon_organism,staphylococcus intermedius,Staphylococcus intermedius,bacdive_species_exact_name_match,validated_species_exact_name,not_candidate_row,2,0,8,4,4,21,True,1,True,2,4,True,3,6,True,1,2,True,1,3,True,"{""normalized_species_exact"": 4}",CCUG 50816; CCUG 50814; CCM 5738; CIP 81.77; CCUG 50781; DSM 20373; ATCC 29663; CCM 5739; NCTC 11048; JCM 2422; BCRC 12157; CCUG 27191; CCUG 6520; CECT 7205; CIP 81.60; CNCTC M16/75; KCTC 3344; LMG 13351; MTCC 6152; NRRL B-14754,"H11, H11/68",MEDIUM 72- for trypto casein soja agar; CIP Medium 72; COLUMBIA BLOOD MEDIUM (DSMZ Medium 693); TRYPTICASE SOY YEAST EXTRACT MEDIUM (DSMZ Medium 92),"Pigeon; Dog; Animal, Dog; pigeon nares; Pigeon nares"
taxon:55601|organism:vibrio anguillarum (listonella anguillarum),1,target_bacteria,taxon_organism,vibrio anguillarum,Vibrio anguillarum (Listonella anguillarum),bacdive_species_taxid_or_synonym_match,validated_species_taxid_or_synonym,not_candidate_row,2,0,14,7,7,25,True,1,True,5,9,True,5,7,True,6,5,True,2,3,True,"{""validated_bacdive_species_exact"": 7}",DSM 107285; CCUG 21571; CCUG 13446; ATCC 14181; CIP 64.14; NCIMB 407; DSM 12900; DSM 21597; ATCC 19264; CAIM 696; CCTM 2283; CCUG 47265; CECT 522; CIP 63.36; IFO 13266; LMG 4410; LMG 4437; NBRC 13266; NCCB 72050; NCIMB 6,IC18_D7; CH 1356; 151/82,BACTO MARINE BROTH (DIFCO 2216) (DSMZ Medium 514); COLUMBIA BLOOD MEDIUM (DSMZ Medium 693); Marine agar (MA); CIP Medium 13; VIBRIO NATRIEGENS MEDIUM (DSMZ Medium 115),"Ascophyllum nodosum; Fish; Ulcerous lesion in plaice, Pleuronectes platessa; aborted fotus of cattle; Ulcerated cod (<i>Gadus morhua</i>)"
proteome:UP000000541,1,target_bacteria,proteome,salmonella enterica,Salmonella typhi,bacdive_species_exact_name_match,validated_species_exact_name,not_candidate_row,6,0,400,200,200,376,True,6,True,199,18,True,57,42,True,70,21,True,28,83,True,"{""base_binomial_match_or_subspecies"": 46, ""normalized_species_exact"": 154}",CIP 55.38; NCTC 8386; CIP 107479; CCUG 46434; CIP 55.29; CIP 55.28; NCTC 7309; CIP 55.27; NCTC 7299; CIP 55.26; NCTC 7315; CIP 55.24; CIP 55.23; NCTC 7303; CIP 55.21; NCTC 7332; CIP 107125; CIP 54.143; CIP 54.140; CIP 54.139,"82K; 91K; 585K; 61; 19, M73; 13, M50; 69K; LT2; C52; S-6; Eastafrica; TA1538; 254; I137; M327, 71; 88, M453; 87, M452; M439, 86; M248, 58; M244, 57",MEDIUM 3 - Columbia agar; CIP Medium 3; MEDIUM 72- for trypto casein soja agar; CIP Medium 72; MEDIUM 29- Brain heart agar,"Human, Faeces; Poult, intestine; Gopher snake, lung; Dried egg powder; Turkey, conjunctivitis"
taxon:1492|organism:clostridium butyricum,1,target_bacteria,taxon_organism,clostridium butyricum,Clostridium butyricum,bacdive_species_exact_name_match,validated_species_exact_name,not_candidate_row,2,0,20,10,10,32,True,1,True,7,9,True,8,9,True,7,5,True,1,4,True,"{""normalized_species_exact"": 9, ""validated_bacdive_id_from_closure"": 1}",DSM 107392; JCM 7834; IAM 19001; CCUG 47601; CCUG 34471; DSM 25047; DSM 10702; ATCC 19398; IAM 14194; IFO 13949; JCM 1391; NBRC 13949; NCIMB 7423; NCTC 7423; VPI 3266; BCRC 11665; CCUG 4217; CECT 361; CIP 103309; CIP 109397,"Cla-TS-114, S114, M9-Schm-H4-B; AKR102a; Rowett; DP1; 4P1",WILKINS-CHALGREN ANAEROBE BROTH (DSMZ Medium 339); COLUMBIA BLOOD MEDIUM (DSMZ Medium 693); PY + X MEDIUM (DSMZ Medium 104b); CHOPPED MEAT MEDIUM WITH CARBOHYDRATES (DSMZ Medium 110); MEDIUM 20 - for Anaerobic bacteria,"small intestine content; male, wild mouse; Human blood,72-yr-old man; Human tissue,tibia; soil from palm-oil refinery; intestine of pig"
taxon:66821|organism:sulfurospirillum multivorans (dehalospirillum multivorans),3,target_bacteria,taxon_organism,sulfurospirillum multivorans,Sulfurospirillum multivorans (Dehalospirillum multivorans),bacdive_species_exact_name_match,validated_species_exact_name,not_candidate_row,2,0,4,2,2,4,True,1,True,2,1,True,2,2,True,2,1,True,2,2,True,"{""normalized_species_exact"": 2}",DSM 15119; DSM 12446; JCM 15788; NBRC 109480,N,DEHALOSPIRILLUM MEDIUM (DSMZ Medium 833),activated sludge; Activated sludge
taxon:659|organism:photobacterium phosphoreum,6,target_bacteria,taxon_organism,photobacterium phosphoreum,Photobacterium phosphoreum,bacdive_species_exact_name_match,validated_species_exact_name,not_candidate_row,2,0,8,4,4,18,True,1,True,2,4,True,3,3,True,1,1,True,1,3,True,"{""normalized_species_exact"": 4}",JCM 20393; IAM 12085; CCUG 16288; ATCC 35081; CIP 105612; DSM 15556; ATCC 11040; NCIMB 1282; JCM 21184; BCRC 13804; CECT 4192; CIP 102511; HAMBI 1726; IAM 14401; KCTC 12377; LMG 4233; NBRC 103031; CIP 75.9,NZ11D,Marine agar (MA); CIP Medium 13; SEA WATER AGAR (DSMZ Medium 246); MARINE BROTH (ROTH CP73) (DSMZ Medium 514f),"Sea fish (<I>Coelorhynchus japonicus</I>); Etelis marshi; Animal, Fish spoilage"
taxon:2128|organism:mesomycoplasma flocculare (mycoplasma flocculare),1,target_bacteria,taxon_organism,mesomycoplasma flocculare,Mesomycoplasma flocculare (Mycoplasma flocculare),bacdive_species_exact_name_match,validated_species_exact_name,not_candidate_row,2,0,2,1,1,2,True,1,True,0,0,False,0,0,False,0,0,False,1,1,True,"{""normalized_species_exact"": 1}",ATCC 27399; NCTC 10143,,,
taxon:2100|organism:mesomycoplasma hyorhinis (mycoplasma hyorhinis),1,target_bacteria,taxon_organism,mesomycoplasma hyorhinis,Mesomycoplasma hyorhinis (Mycoplasma hyorhinis),bacdive_species_exact_name_match,validated_species_exact_name,not_candidate_row,2,0,6,3,3,8,True,1,True,3,2,True,2,2,True,2,2,True,1,3,True,"{""normalized_species_exact"": 3}",DSM 116320; DSM 25591; ATCC 17981; CIP 104968; IFO (now NBRC) 14858; NCTC 10130; BTS 7; DSM 19103,GDL; PG42; ZK-CU1,SP4-Z MEDIUM (DSMZ Medium 1076b); FRIIS MEDIUM (DSMZ Medium 1078),nasal cavity of pig; human pancreas adenocarcinoma cell line KCI-MOH1
taxon:90736|organism:moritella marina (vibrio marinus),6,target_bacteria,taxon_organism,moritella marina,Moritella marina (Vibrio marinus),bacdive_species_exact_name_match,validated_species_exact_name,not_candidate_row,2,0,2,1,1,6,True,1,True,1,3,True,1,2,True,0,0,False,1,3,True,"{""normalized_species_exact"": 1}",DSM 104096; ATCC 15381; CCUG 20304; CIP 102861; LMG 10934; NCIMB 1144,MP-1,BACTO MARINE BROTH (DIFCO 2216) (DSMZ Medium 514); Marine agar (MA); CIP Medium 13,"sea water; Environment, Seawater"
taxon:13335|organism:anaerobiospirillum succiniciproducens,1,target_bacteria,taxon_organism,anaerobiospirillum succiniciproducens,Anaerobiospirillum succiniciproducens,bacdive_species_exact_name_match,validated_species_exact_name,not_candidate_row,2,0,4,2,2,3,True,1,True,1,3,True,2,2,True,1,1,True,1,1,True,"{""normalized_species_exact"": 2}",CCUG 37578; DSM 6400; ATCC 29305,S411,WILKINS-CHALGREN ANAEROBE BROTH (DSMZ Medium 339); CHOPPED MEAT MEDIUM WITH CARBOHYDRATES (DSMZ Medium 110); PYG MEDIUM (MODIFIED) (DSMZ Medium 104),"Human blood,AIDS patient; throat of dog"
taxon:878|organism:solidesulfovibrio fructosivorans (desulfovibrio fructosivorans),4,target_bacteria,taxon_organism,solidesulfovibrio fructosivorans,Solidesulfovibrio fructosivorans (Desulfovibrio fructosivorans),bacdive_species_exact_name_match,validated_species_exact_name,not_candidate_row,2,0,2,1,1,3,True,1,True,1,1,True,1,1,True,0,0,False,0,0,False,"{""normalized_species_exact"": 1}",DSM 3604; ATCC 49200; VKM B-1801,JJ,DESULFOVIBRIO (POSTGATE) MEDIUM (DSMZ Medium 63),estuarine sediment
taxon:1774|organism:mycobacteroides chelonae (mycobacterium chelonae),1,target_bacteria,taxon_organism,mycobacteroides chelonae,Mycobacteroides chelonae (Mycobacterium chelonae),bacdive_species_taxid_or_synonym_match,validated_species_taxid_or_synonym,not_candidate_row,2,0,34,17,17,50,True,1,True,12,8,True,13,10,True,4,3,True,1,6,True,"{""validated_bacdive_species_exact"": 17}",CCUG 37827; CCUG 35585; CCUG 34239; CCUG 28057; CCUG 27980; TMC 1524; DSM 46627; IMET 10611; DSM 43804; ATCC 35752; CCUG 47445; IMET 10609; JCM 6388; NCTC 946; TMC 1544; CIP 104535; KCTC 9505; NCIMB 1474; DSM 43490; SN 289,"788; RAMC, Friedman, 14 042 0003, 1544; Magnussen 921, Schering 237, 380, 30; 10546",RICH MEDIUM (DSMZ Medium 736); LÖWENSTEIN-JENSEN MEDIUM (DSMZ Medium 354); MYCOBACTERIUM MEDIUM (DSMZ Medium 219); MIDDLEBROOK MEDIUM (DSMZ Medium 645); MEDIUM 55 - for Mycobacterium,"Human wound,amputated toe; Human blood (lungmalignitet/infektiösa infiltrat); Human expectorate,persistent pneumonia; tortoise tubercle; Tortoise tubercle"
taxon:1771|organism:mycolicibacterium phlei (mycobacterium phlei),1,target_bacteria,taxon_organism,mycolicibacterium phlei,Mycolicibacterium phlei (Mycobacterium phlei),bacdive_species_exact_name_match,validated_species_exact_name,not_candidate_row,2,0,46,23,23,64,True,1,True,12,11,True,0,0,False,1,1,True,5,8,True,"{""normalized_species_exact"": 9, ""validated_bacdive_id_from_closure"": 14}",ST033717; ST033716; ST033715; ST033714; ST033713; ST033712; ST033711; ST033710; JCM 2155; IAM 12064; NBRC 103068; CCUG 32161; TMC 1523; CCUG 28060; NCTC 8156; CIP 64.29; DSM 43500; SN 540; DSM 43473; SN 106,"SG346; SG1033; SG1026; SG999; SG986; SG382; SG345; SG99; 1671; Lausanne 188; 354, Gordon 354; 35, 6020, frateur 16, Gdf C27, Gordon 35, Kazda 7204; Timoteo, 14 130 0001; 74A; 581; X39",MEDIUM 55 - for Mycobacterium; CIP Medium 55; MIDDLEBROOK MEDIUM (DSMZ Medium 645); GYM STREPTOMYCES MEDIUM (DSMZ Medium 65); LÖWENSTEIN-JENSEN MEDIUM (DSMZ Medium 354),
taxon:1766|organism:mycolicibacterium fortuitum (mycobacterium fortuitum),4,target_bacteria,taxon_organism,mycolicibacterium fortuitum,Mycolicibacterium fortuitum (Mycobacterium fortuitum),bacdive_species_exact_name_match,validated_species_exact_name,not_candidate_row,2,0,28,14,14,20,True,0,False,5,6,True,9,9,True,6,3,True,0,0,False,"{""normalized_species_exact"": 2, ""validated_bacdive_id_from_closure"": 12}",CRBIP17.99; CCUG 46694; CCUG 35378; CCUG 31556; CCUG 29551; CCUG 29072; ATCC 25037; CCUG 28058; ATCC 9821; NCTC 2291; CCUG 27781; CCUG 25387; CIP 104596; CIP 104595; NCTC 2006; DSM 43220; IMET 10652; SN 201; DSM 43077; IMRU 981,CIMB 05-1074; 140410003; 140410002; STI10610; Aquis Ko 923; P.H.S. 383,CIP Medium 6; MEDIUM 55 - for Mycobacterium; CIP Medium 55; LÖWENSTEIN-JENSEN MEDIUM (DSMZ Medium 354); BHI MEDIUM WITH ADDITIONAL GLUCOSE (DSMZ Medium 215b),"Human, Pus; Human blood; Human abscess,nail,femur; Human abscess,child; Human abscess,28-yr-old woman"
taxon:1795|organism:mycolicibacterium neoaurum (mycobacterium neoaurum),1,target_bacteria,taxon_organism,mycolicibacterium neoaurum,Mycolicibacterium neoaurum (Mycobacterium neoaurum),bacdive_species_taxid_or_synonym_match,validated_species_taxid_or_synonym,not_candidate_row,2,0,16,8,8,24,True,1,True,5,8,True,5,8,True,3,2,True,4,6,True,"{""validated_bacdive_species_exact"": 8}",CCUG 53478; CCUG 47071; CCUG 39117; DSM 44074; ATCC 25795; JCM 6365; NCTC 10818; CCUG 37665; CIP 105387; LMG 19258; KCTC 19096; BCRC 17230; HAMBI 2273; DSM 43993; ATCC 23069; NCTC 10428; DSM 43536; ATCC 23072; ATCC 25790; NCTC 10440,"3503, 14 125 0001; SJ-7, Tomida; 309; MCI-0617",MIDDLEBROOK MEDIUM (DSMZ Medium 645); MB7H10; MB7H11; 5006; MEDIUM 55 - for Mycobacterium,"Human sputum,81-yr-old man; Human sputum,76-yr-old woman; Human larynx; soil; Soil"
taxon:42471|organism:desulfofundulus thermocisternus (desulfotomaculum thermocisternum),1,target_bacteria,taxon_organism,desulfofundulus thermocisternus,Desulfofundulus thermocisternus (Desulfotomaculum thermocisternum),bacdive_species_exact_name_match,validated_species_exact_name,not_candidate_row,2,0,2,1,1,2,True,1,True,1,1,True,1,1,True,1,1,True,1,1,True,"{""normalized_species_exact"": 1}",DSM 10259; NBRC 112757,ST90,DESULFOBACTER SP. MEDIUM (LACTATE) (DSMZ Medium 195c),"formation water, oil reservoir"
taxon:106649|organism:acinetobacter guillouiae (acinetobacter genomosp. 11),2,target_bacteria,taxon_organism,acinetobacter guillouiae,Acinetobacter guillouiae (Acinetobacter genomosp. 11),bacdive_species_exact_name_match,validated_species_exact_name,not_candidate_row,2,0,26,13,13,22,True,1,True,5,6,True,12,14,True,11,4,True,2,3,True,"{""normalized_species_exact"": 13}",DSM 114289; CIP 110835; CIP 200106; CCUG 60587; CCUG 59914; CCUG 57018; CCUG 56021; CCUG 47756; CCUG 38809; CCUG 28269; CCUG 26387; CIP 110465; NIPH 991; DSM 590; ATCC 11171; CCUG 2491; CIP 63.46; LMG 988; NCIB 8250; NCIMB 8250,114289; O1; A23,TRYPTICASE SOY YEAST EXTRACT MEDIUM (DSMZ Medium 92); CIP Medium 72; MEDIUM 72- for trypto casein soja agar; NUTRIENT AGAR (DSMZ Medium 1); CASO AGAR (MERCK 105458) (DSMZ Medium 220),"urine; Human sputum,60-yr-old man,cystic fibrosis; Human infection,21-yr-old woman; Human urine,66-yr-old woman; Human dialysis fluid,22-yr-old man"
taxon:29442|organism:pseudomonas tolaasii,2,target_bacteria,taxon_organism,pseudomonas tolaasii,Pseudomonas tolaasii,bacdive_species_exact_name_match,validated_species_exact_name,not_candidate_row,2,0,10,5,3,20,True,1,True,2,5,True,2,2,True,2,2,True,1,4,True,"{""normalized_species_exact"": 5}",ST035827; IMI 349398; CCUG 23369; CCUG 32782; DSM 19342; ATCC 33618; CFBP 2068; ICMP 2290; LMG 2342; NCPPB 2192; JCM 21583; BCRC 13200; CECT 4472; CIP 106735; IAM 15125; ICMP 12833; ICMP 12843; NBRC 103163; ICMP 12883; PDDCC 2290,NCPPB1311; SF002099; SF004458; B26,Nutrient Agar (NA); REACTIVATION WITH LIQUID MEDIUM 1 (DSMZ Medium 1a); MEDIUM 29- Brain heart agar; CIP Medium 72; CIP Medium 29,Agaricus bisporus; <I>Agaricus bisporus</I>
taxon:39775|organism:methylomicrobium album (methylobacter albus),1,target_bacteria,taxon_organism,methylomicrobium album,Methylomicrobium album (Methylobacter albus),bacdive_species_exact_name_match,validated_species_exact_name,not_candidate_row,2,0,2,1,1,4,True,1,True,0,0,False,0,0,False,0,0,False,1,1,True,"{""normalized_species_exact"": 1}",ATCC 33003; VKM BG-8; NCIMB 11123; ACM 3314,"BG8, NCIB 11123",,
taxon:410|organism:methylobacterium organophilum,1,target_bacteria,taxon_organism,methylobacterium organophilum,Methylobacterium organophilum,bacdive_species_exact_name_match,validated_species_exact_name,not_candidate_row,2,0,10,5,5,11,True,1,True,4,5,True,5,5,True,5,4,True,1,2,True,"{""normalized_species_exact"": 5}",CCUG 37468; CIP 102545; CIP 102028; DSM 18172; ATCC 27886; CIP 101049; IFO 15689; JCM 2833; NCIMB 11278; LMG 6083; DSM 760,535-86; 998-85; XX,MEDIUM 54 - for Methylobacterium organophilum and M. rhodinum; CIP Medium 54; METHYLOBACTERIUM MEDIUM (DSMZ Medium 125); NUTRIENT AGAR (DSMZ Medium 1); CIP Medium 72,"Industry,water; Human, Spinal fluid; sediment; Environment, Sediment; Lake Mendota"
taxon:280|organism:xanthobacter autotrophicus,3,target_bacteria,taxon_organism,xanthobacter autotrophicus,Xanthobacter autotrophicus,bacdive_species_exact_name_match,validated_species_exact_name,not_candidate_row,2,0,18,9,9,25,True,1,True,8,5,True,8,12,True,9,4,True,3,3,True,"{""normalized_species_exact"": 9}",DSM 117702; CCUG 44692; DSM 3874; DSM 2267; DSM 2009; DSM 1618; IFO 14758; NBRC 14758; DSM 1393; DSM 685; JCM 1203; CIP 105433; DSM 432; ATCC 35674; JCM 1202; BCRC 12235; CIP 105431; IAM 12579; IAM 12636; LMG 7043,V0C-4; GJ10; 7C SF; 19/-/X; JW 33; GZ29; 23A; 7C,NUTRIENT AGAR (DSMZ Medium 1); HETEROTROPHIC MEDIUM H3P (DSMZ Medium 428); MINERAL MEDIUM FOR CHEMOLITHOTROPHIC GROWTH (H-3) (DSMZ Medium 81); MEDIUM 3 - Columbia agar; CIP Medium 3,"Nitrogen-fixing, hydrogen-oxidizing chemolithoautotrophic community enrichment from a soil sample from Boston, Massachusetts, USA.; Industrial hygiene control,Rodac medium; soil and activated sludge; rape clamp; ditch mud"
taxon:1550|organism:clostridium subterminale,1,target_bacteria,taxon_organism,clostridium subterminale,Clostridium subterminale,bacdive_species_exact_name_match,validated_species_exact_name,not_candidate_row,2,0,6,3,3,12,True,1,True,3,4,True,0,0,False,0,0,False,1,1,True,"{""normalized_species_exact"": 3}",DSM 6970; ATCC 25774; CDC KA152; CCUG 21841; VPI 2023; JCM 1417; BCRC 14486; NCIMB 10746; DSM 2636; ATCC 29748; DSM 758; NCIB 9384,"SB4; Christensen 517, 2778",CHOPPED MEAT MEDIUM (DSMZ Medium 78); FASTIDIOUS ANAEROBE BROTH (DSMZ Medium 1203a); COLUMBIA BLOOD MEDIUM (DSMZ Medium 693); CHOPPED MEAT MEDIUM WITH CARBOHYDRATES (DSMZ Medium 110),
taxon:1498|organism:hathewaya histolytica (clostridium histolyticum),1,target_bacteria,taxon_organism,hathewaya histolytica,Hathewaya histolytica (Clostridium histolyticum),bacdive_species_exact_name_match,validated_species_exact_name,not_candidate_row,2,0,12,6,6,18,True,1,True,5,5,True,5,8,True,3,2,True,1,1,True,"{""normalized_species_exact"": 6}",CCUG 1390; CIP 60.34; JCM 11013; CIP 60.16; JCM 11014; DSM 2158; ATCC 19401; BCRC 10644; CCUG 4854; CIP 103713; CN 1693; JCM 1403; NCIMB 503; NCTC 503; CECT 4109; KCTC 5010; DSM 1126; DSM 627,"chevaux; 114 C; Weinberg, LRA 050 07 85",MEDIUM 20 - for Anaerobic bacteria; CIP Medium 20; CHOPPED MEAT MEDIUM (DSMZ Medium 78); Blood agar plates; HATHEWAYA MEDIUM (DSMZ Medium 139),"No information; Animal, Horse; Human, Appendix; gas gangrene; Soil, war wounds, gas gangrene in humans and horses, human intestinal contents; gingival plaque of institutionalized and primitive populations"
taxon:53336|organism:tatumella citrea (pantoea citrea),1,target_bacteria,taxon_organism,tatumella citrea,Tatumella citrea (Pantoea citrea),bacdive_species_exact_name_match,validated_species_exact_name,not_candidate_row,2,0,2,1,1,12,True,1,True,1,4,True,1,2,True,1,1,True,1,1,True,"{""normalized_species_exact"": 1}",DSM 13699; ATCC 31623; CCUG 30156; CIP 105599; FERM P-5449; JCM 8882; LMG 22049; SHS 2003; CCM 4319; KCTC 12451; KCTC 2805; NCPPB 3826,"BD 875, FERM-P 5449",REACTIVATION WITH LIQUID MEDIUM 1 (DSMZ Medium 1a); MEDIUM 3 - Columbia agar; CIP Medium 72; CIP Medium 3,mandarin orange; Mandarin orange
proteome:UP000002219,5,target_bacteria,proteome,nocardiopsis dassonvillei,Nocardiopsis dassonvillei (strain ATCC 23218 / DSM 43111 / CIP 107115 / JCM 7437 / KCTC 9190 / NBRC 14626 / NCTC 10488 / NRRL B-5397 / IMRU 509) (Actinomadura dassonvillei),bacdive_species_exact_name_match,validated_species_exact_name,not_candidate_row,13,0,42,16,15,67,True,1,True,13,12,True,11,10,True,6,4,True,1,3,True,"{""base_binomial_match_or_subspecies"": 3, ""normalized_species_exact"": 13}",DSM 43111; ATCC 23218; IAM 14287; IMET 9605; IMRU 509; JCM 7437; NCTC 10488; BCRC 16260; CCM 2713; CGMCC 4.1231; CGMCC 4.2088; CIP 107115; IFM 0212; IFO 14626; IMSNU 20106; IMSNU 21331; KACC 20027; KCTC 9190; MTCC 1411; NBRC 14626,"STI09583; STI09649(IMET), Kv13; WS 65; 64/93; 704; 305; 25-145; 828-53; A151, CW87; A 27","GYM STREPTOMYCES MEDIUM (DSMZ Medium 65); MEDIUM 57 - for Streptomyces, Nocardioides, Lentzea albidocapillata and Streptoverticillium reticulum; TRYPTICASE SOY YEAST EXTRACT MEDIUM (DSMZ Medium 92); CIP Medium 57; HORIKOSHI ALKALINE (DSMZ Medium 940)","Environment, Soil; Industrial product/environment; soil; indoor dust of a water damaged school; Indoor dust of a water-damaged school"
taxon:68170|organism:lentzea aerocolonigenes (lechevalieria aerocolonigenes) (saccharothrix aerocolonigenes),7,target_bacteria,taxon_organism,lentzea aerocolonigenes,Lentzea aerocolonigenes (Lechevalieria aerocolonigenes) (Saccharothrix aerocolonigenes),bacdive_species_exact_name_match,validated_species_exact_name,not_candidate_row,2,0,12,6,6,34,True,1,True,5,5,True,5,3,True,2,2,True,1,3,True,"{""normalized_species_exact"": 5, ""validated_bacdive_id_from_closure"": 1}",STH00051; DSM 46077; IMET 7514; IMRU 1663; DSM 46076; IMET 7513; IMRU 983; DSM 44217; ATCC 39243; DSM 43385; IMRU 1106; DSM 40034; ATCC 23870; CBS 609.68; CIP 107109; IFO 13195; IFO 3837; ISP 5034; NBRC 13195; NBRC 3837,ATCC 53856; C-38383-RK2; N835; 701,"ORGANIC MEDIUM 79 (DSMZ Medium 426); GYM STREPTOMYCES MEDIUM (DSMZ Medium 65); BHI MEDIUM (DSMZ Medium 215); MEDIUM 57 - for Streptomyces, Nocardioides, Lentzea albidocapillata and Streptoverticillium reticulum; CIP Medium 57","soil; Soil; Environment, Soil"
taxon:648|organism:aeromonas caviae (aeromonas punctata),2,target_bacteria,taxon_organism,aeromonas caviae,Aeromonas caviae (Aeromonas punctata),bacdive_species_exact_name_match,validated_species_exact_name,not_candidate_row,2,0,82,41,41,79,True,1,True,7,8,True,27,29,True,27,10,True,2,4,True,"{""normalized_species_exact"": 40, ""validated_bacdive_id_from_closure"": 1}",JCM 5082; JCM 5081; JCM 4000; JCM 3993; JCM 3979; ATCC 13137; CDC 2071-58; ICPB 4302; NCIMB 9235; NCTC 10852; JCM 3965; JCM 2364; JCM 2363; JCM 2362; JCM 2361; CCUG 65067; CCUG 61686; CCUG 60365; CCUG 59790; CCUG 57693,"Coallier; AecaKS148, KS148; WS 41333; B-968; 256, 544",MEDIUM 3 - Columbia agar; CIP Medium 3; CIP Medium 72; TRYPTICASE SOY YEAST EXTRACT MEDIUM (DSMZ Medium 92); COLUMBIA BLOOD MEDIUM (DSMZ Medium 693),"Human blood,80-yr-old woman; Human blood,85-yr-old man; NaCl in solution; Human trachea,32-yr-old woman; Human feces,75-yr-old man"
taxon:34026|organism:neisseria flava,1,target_bacteria,taxon_organism,neisseria flava,Neisseria flava,bacdive_species_exact_name_match,validated_species_exact_name,not_candidate_row,4,0,2,1,1,1,True,1,True,0,0,False,0,0,False,0,0,False,0,0,False,"{""normalized_species_exact"": 1}",CCUG 24961,,,
taxon:33053|organism:neisseria perflava,1,target_bacteria,taxon_organism,neisseria perflava,Neisseria perflava,bacdive_species_exact_name_match,validated_species_exact_name,not_candidate_row,2,0,44,22,22,30,True,1,True,2,5,True,12,11,True,11,1,True,1,2,True,"{""normalized_species_exact"": 22}",CCUG 70931; CCUG 69059 Q; CCUG 66328 Q; CCUG 65708; CCUG 62709; CCUG 55817; CCUG 32036; CCUG 29761; CCUG 27184; NRL JS 59; CCUG 27183; NRL JS 37; CCUG 26467; CIP 684; CCUG 24844; CCUG 24843; CCUG 24841; CCUG 15083; CCUG 12059; CCUG 7826,,MEDIUM 6 - Columbia agar with 10 % horse blood; CIP Medium 6; BHI MEDIUM (DSMZ Medium 215); TRYPTICASE SOY BROTH AGAR (DSMZ Medium 535); COLUMBIA BLOOD AGAR (DSMZ Medium 429),"Transport fluid,60-yr-old male; Human wound,75-yr-old Female; Human blood,23-yr-old male; Human sputum,69-yr-old man; Human sputum,57-yr-old male"
taxon:490|organism:neisseria sicca,1,target_bacteria,taxon_organism,neisseria sicca,Neisseria sicca,bacdive_species_exact_name_match,validated_species_exact_name,not_candidate_row,2,0,86,43,43,65,True,1,True,4,3,True,33,28,True,31,4,True,3,5,True,"{""normalized_species_exact"": 43}",CCUG 65218; CCUG 64048; CCUG 59668; CCUG 55515; CCUG 53293; CCUG 53069; CCUG 48805; CCUG 46900; CCUG 43437; CCUG 38259; CCUG 37564; CCUG 35129; CCUG 34456; CCUG 33562; CCUG 33217; CCUG 33211; CCUG 32653; CCUG 31469; CCUG 30505; CCUG 28444,"1485; Berger 6b, 30.016, Q19",MEDIUM 6 - Columbia agar with 10 % horse blood; CIP Medium 6; COLUMBIA BLOOD MEDIUM (DSMZ Medium 693),"Human ,54-yr-old woman; Human sputum,30-yr-old woman; Human urine,7-yr-old boy; Environment,industry; Human bronchus,55-yr-old woman"
taxon:28449|organism:neisseria subflava,2,target_bacteria,taxon_organism,neisseria subflava,Neisseria subflava,bacdive_species_exact_name_match,validated_species_exact_name,not_candidate_row,2,0,34,17,17,29,True,1,True,7,3,True,9,11,True,8,3,True,5,7,True,"{""normalized_species_exact"": 17}",CCUG 32186; CCUG 30607; CCUG 30214; CCUG 25198; CCUG 24960; ATCC 49277; CCUG 24850; CCUG 24849; CCUG 24842; CCUG 4788; CCUG 800; CIP 52.184; CIP 67.22; CIP 68.4; CIP 73.13; ATCC 14221; CIP 73.12; ATCC 19243; CCUG 26468; CIP 7312,637H; N 15; 37,MEDIUM 6 - Columbia agar with 10 % horse blood; CIP Medium 6; COLUMBIA BLOOD MEDIUM (DSMZ Medium 693),"Human wound,toe; Human urine,58-yr-old woman; Human wound; Human oral mucosa,pathological changes of mucosa; Human drain,ventricle tumour,hydrocephalus"
taxon:495|organism:neisseria elongata,1,target_bacteria,taxon_organism,neisseria elongata,Neisseria elongata,bacdive_species_exact_name_match,validated_species_exact_name,not_candidate_row,2,0,98,49,49,65,True,3,True,15,14,True,46,43,True,44,7,True,2,5,True,"{""base_binomial_match_or_subspecies"": 28, ""normalized_species_exact"": 21}",CRBIP17.102; CRBIP17.101; CCUG 64607; CCUG 62851; CCUG 55536; CCUG 54228; CCUG 53239; CCUG 52979; CCUG 52149; CCUG 49666; CCUG 49664; CCUG 44978; CCUG 44762; CCUG 44684; CCUG 43608; CCUG 42827; CCUG 41407; CCUG 39669; CCUG 38653; CCUG 38500,"CIMB 04-8046; CIMB 05-1752; 30.87; G 1018; 81-2332, F 714; AB 2896; E 9329, B429; B 8575, M1193; 6171/75; B1019","CIP Medium 72; MEDIUM 10 - Chocolate medium  for Actinobacillus pleuropneumoniae, Capnocytophaga cynodegmi, Haemophilus and Neisseria; CIP Medium 6; CIP Medium 10; MEDIUM 6 - Columbia agar with 10 % horse blood","Human, Articular; Human, Pus; Human blood,63-yr-old woman; Human hand,44-yr-old male; Human trachea,82-yr-old man"
taxon:103796|organism:pseudomonas syringae pv. actinidiae,1,target_bacteria,taxon_organism,pseudomonas syringae,Pseudomonas syringae pv. actinidiae,bacdive_species_exact_name_match,validated_species_exact_name,not_candidate_row,2,0,164,82,81,164,True,2,True,68,17,True,59,57,True,50,19,True,14,15,True,"{""normalized_species_exact"": 82}",STI11189; SF002761; SF002744; JCM 14317; ATCC 11365; CFBP 1512; ICMP 3079; JCM 14314; ATCC 7389; ICMP 3881; ICMP 5036; NCPPB 1015; NRRL B-855; IMI 349393; IMI 349392; IMI 349204; IMI 349170; IMI 347733; IMI 347732; IMI 347448,"IMET 11189; 11190; FSU-2744; CRAPAV013, PsaveCRAPAV013; I 201; 685; J1; 221, 283; 44/2b; MP 65; MP50; 133, 281; N.A.3; 6; PC 17; 247; 248, 286; PA 13; 16.1; Ps268",Nutrient Agar (NA); Glucose-Peptone (GP) medium; TRYPTICASE SOY BROTH AGAR (DSMZ Medium 535); NUTRIENT AGAR (DSMZ Medium 1); GLUCOSE YEAST EXTRACT MEDIUM (DSMZ Medium 54),Jerusalem artichoke; Cynara scolymus; Citrus limon; Sorghum vulgar var. sudanense; Sorghum vulgare
taxon:29518|organism:borreliella afzelii (borrelia afzelii),2,target_bacteria,taxon_organism,borreliella afzelii,Borreliella afzelii (Borrelia afzelii),bacdive_species_taxid_or_synonym_match,candidate_unvalidated,rescued_to_validated_species,2,0,4,2,2,4,True,1,True,2,1,True,2,2,True,2,2,True,1,1,True,"{""validated_bacdive_species_exact"": 2}",DSM 16073; DSM 10508; ATCC 51567; CIP 103469,P-Ko/1984; VS 461,BSK-MEDIUM (DSMZ Medium 403),skin biopsy; <I>Ixodes ricinus</I>
taxon:728|organism:avibacterium paragallinarum (haemophilus gallinarum),3,target_bacteria,taxon_organism,avibacterium paragallinarum,Avibacterium paragallinarum (Haemophilus gallinarum),bacdive_species_exact_name_match,validated_species_exact_name,not_candidate_row,2,0,14,7,7,20,True,1,True,1,4,True,7,8,True,7,3,True,1,2,True,"{""normalized_species_exact"": 7}",CCUG 50856; MCCM 01303; CCUG 50855; MCCM 01272; CCUG 50854; MCCM 01271; CCUG 50852; MCCM 01290; CCUG 36042; MCCM 01270; CCUG 36041; MCCM 01288; DSM 18554; CCM 6075; CCUG 12835; CIP 103453; HIM 668-7; ATCC 29545; NCTC 11296; IPDH 2403,,"CHOCOLATE AGAR (DSMZ Medium 429b); MEDIUM 10 - Chocolate medium  for Actinobacillus pleuropneumoniae, Capnocytophaga cynodegmi, Haemophilus and Neisseria; CIP Medium 10; HAEMOPHILUS MEDIUM (DSMZ Medium 804)","Chicken sinus exudate; Chicken respiratory tract; Chicken; Chicken eye; Chicken,sinus exudatem"
taxon:1341|organism:streptococcus ratti,2,target_bacteria,taxon_organism,streptococcus ratti,Streptococcus ratti,bacdive_species_exact_name_match,validated_species_exact_name,not_candidate_row,2,0,4,2,2,11,True,1,True,2,4,True,1,2,True,0,0,False,1,2,True,"{""normalized_species_exact"": 2}",CIP 74.15; CCUG 27641; LMG 14651; DSM 20564; ATCC 19645; CIP 102509; CCM 6068; CCUG 27642; IMET 3280; NCDO 2723; NCTC 10920,"FA1, FA-1",MEDIUM 29- Brain heart agar; CIP Medium 29; TRYPTICASE SOY YEAST EXTRACT MEDIUM (DSMZ Medium 92); CIP Medium 72,"caries lesion in rat; Animal, Rat, caries lesion"
taxon:34003|organism:paracoccus aminophilus,2,target_bacteria,taxon_organism,paracoccus aminophilus,Paracoccus aminophilus,bacdive_species_exact_name_match,validated_species_exact_name,not_candidate_row,2,0,2,1,1,9,True,1,True,1,3,True,1,3,True,1,1,True,1,1,True,"{""normalized_species_exact"": 1}",DSM 8538; ATCC 49673; IAM 14245; JCM 7686; CIP 106077; IFO 16710; LMG 23830; NBRC 16710; VKM B-2141,DM-15,MEDIUM FOR PARACOCCUS AMINOPHILUS AND P. AMINOVORANS (DSMZ Medium 774); MEDIUM 199 - for Clavibacter michiganense subsp. insidiosum; CIP Medium 364,"soil Niigata Factory of Mitsubishi Gas Chemical Company; Soil; Environment, Soil"
taxon:585|organism:proteus vulgaris,5,target_bacteria,taxon_organism,proteus vulgaris,Proteus vulgaris,bacdive_species_exact_name_match,validated_species_exact_name,not_candidate_row,2,0,78,39,39,84,True,1,True,16,11,True,19,15,True,14,6,True,6,6,True,"{""normalized_species_exact"": 39}",SF002752; SF002745; JCM 20339; IAM 12003; RIMD 1643005; JCM 20013; IAM 1025; CCUG 41652; CCUG 37793; CCUG 35385; ATCC 51470; CIP 106870; CCUG 35384; ATCC 51469; CIP 106869; CCUG 35381; ATCC 51471; CIP 106871; CCUG 31523; CCUG 19036,"SG 659; FSU-2745; HSCT 3586 T1, 1404-81; 8385-93, 111B; 87B, 8390-93; OXL; X19 Syrie; 122-86; OX2; OX19; 65490/2016; Ox 19; PR 1; KS",CIP Medium 72; MEDIUM 72- for trypto casein soja agar; MEDIUM 3 - Columbia agar; CIP Medium 3; COLUMBIA BLOOD MEDIUM (DSMZ Medium 693),"Urine; Human urine; Human, Urine; Human ear; Faeces"
taxon:2094|organism:mycoplasmopsis arginini (mycoplasma arginini),1,target_bacteria,taxon_organism,mycoplasmopsis arginini,Mycoplasmopsis arginini (Mycoplasma arginini),bacdive_species_exact_name_match,validated_species_exact_name,not_candidate_row,2,0,4,2,2,5,True,1,True,2,3,True,2,2,True,1,1,True,1,3,True,"{""normalized_species_exact"": 1, ""validated_bacdive_id_from_closure"": 1}",CIP 71.23; ATCC 23838; NCTC 10129; NBRC 111899; DSM 19201,G 230; ZK-CU5,MEDIUM 89 - for Mycoplasma; CIP Medium 89; SP4-Z MEDIUM (DSMZ Medium 1076b),"Animal, Mouse, brain infected with Scrapie agent; human T cell leukemia cell line CTV-1"
taxon:57174|organism:caldococcus noboribetus,1,target_archaea,taxon_organism,caldococcus noboribetus,Caldococcus noboribetus,bacdive_species_exact_name_match,validated_species_exact_name,not_candidate_row,4,0,2,1,1,1,True,1,True,0,0,False,1,1,True,1,1,True,0,0,False,"{""normalized_species_exact"": 1}",JCM 13516,,,Noboribetsu hot spring
taxon:1053|organism:halorhodospira halophila (ectothiorhodospira halophila),1,target_bacteria,taxon_organism,halorhodospira halophila,Halorhodospira halophila (Ectothiorhodospira halophila),bacdive_species_exact_name_match,validated_species_exact_name,not_candidate_row,2,0,2,1,1,1,True,1,True,1,1,True,1,1,True,0,0,False,0,0,False,"{""normalized_species_exact"": 1}",DSM 244,SL 1,MEDIUM FOR ECTOTHIORHODOSPIRA (DSMZ Medium 253),salt lake mud
taxon:1223|organism:prochlorothrix hollandica,4,target_bacteria,taxon_organism,prochlorothrix hollandica,Prochlorothrix hollandica,bacdive_species_exact_name_match,validated_species_exact_name,not_candidate_row,2,0,2,1,1,2,True,1,True,0,0,False,0,0,False,0,0,False,0,0,False,"{""normalized_species_exact"": 1}",SAG 10.89; CCAP 1490/1,,,
taxon:1292|organism:staphylococcus warneri,2,target_bacteria,taxon_organism,staphylococcus warneri,Staphylococcus warneri,bacdive_species_exact_name_match,validated_species_exact_name,not_candidate_row,2,0,140,70,70,97,True,1,True,39,9,True,61,41,True,56,10,True,3,6,True,"{""normalized_species_exact"": 70}",CRBIP21.57; CRBIP21.56; CRBIP21.52; CRBIP21.51; CRBIP21.5; JCM 11005; JCM 11004; MTCC 6158; DSM 111872; DSM 24886; DSM 110958; DSM 110957; DSM 110956; DSM 108816; DSM 108815; DSM 107794; DSM 107243; DSM 105511; DSM 105507; DSM 105506,BM9418; BM9372; BM9414; BM9408; BM9804; SB 323; SK25; CA-T4; CA-T3; CA-T1; TURIN241018-T2; TURIN241018_T1; Stevenage150518_C12; TURIN130318_T3; T7b-T24; T5b-T11; T5b-T10; SP-2; S11-1-2; S11-1-1,Columbia Agar with 5% Horse Blood; CIP Medium 72; TRYPTICASE SOY YEAST EXTRACT MEDIUM (DSMZ Medium 92); CASO AGAR (MERCK 105458) (DSMZ Medium 220); MEDIUM 3 - Columbia agar,"Human, Bone; Human, Unknown; Human, Prosthetic valve; Human, Blood; Nukadoko"
taxon:783|organism:rickettsia rickettsii,4,target_bacteria,taxon_organism,rickettsia rickettsii,Rickettsia rickettsii,bacdive_species_exact_name_match,validated_species_exact_name,not_candidate_row,2,0,2,1,1,1,True,1,True,0,0,False,0,0,False,0,0,False,0,0,False,"{""normalized_species_exact"": 1}",ATCC VR-149,"Iowa, Smith",,
taxon:35793|organism:rickettsia sibirica,2,target_bacteria,taxon_organism,rickettsia sibirica,Rickettsia sibirica,bacdive_species_exact_name_match,validated_species_exact_name,not_candidate_row,2,0,2,1,1,2,True,1,True,0,0,False,0,0,False,0,0,False,0,0,False,"{""normalized_species_exact"": 1}",ATCC VR-541; ATCC VR-151,2-4-6,,
taxon:24|organism:shewanella putrefaciens (pseudomonas putrefaciens),3,target_bacteria,taxon_organism,shewanella putrefaciens,Shewanella putrefaciens (Pseudomonas putrefaciens),bacdive_species_exact_name_match,validated_species_exact_name,not_candidate_row,2,0,120,60,60,136,True,1,True,11,10,True,31,25,True,23,3,True,4,7,True,"{""normalized_species_exact"": 60}",JCM 20964; IAM 13619; JCM 20963; IAM 13618; JCM 20961; IAM 13616; LMG 2267; NCTC 10763; JCM 20960; IAM 13615; NCTC 10762; JCM 20958; IAM 13613; JCM 20957; IAM 13612; JCM 20956; IAM 13611; JCM 20955; IAM 13610; JCM 20954,"II 1 Ax; 180, 3353; 95",Tryptic Soy Agar (TSA); MEDIUM 3 - Columbia agar; CIP Medium 3; MEDIUM 72- for trypto casein soja agar; CIP Medium 72,"Bottled blood; Pus; Cuttlefish; Water,bore hole KR0015; Water"
taxon:33991|organism:rickettsia montanensis,5,target_bacteria,taxon_organism,rickettsia montanensis,Rickettsia montanensis,bacdive_species_exact_name_match,validated_species_exact_name,not_candidate_row,2,0,2,1,1,1,True,1,True,0,0,False,0,0,False,0,0,False,0,0,False,"{""normalized_species_exact"": 1}",ATCC VR-611,Tick,,
taxon:979|organism:cellulophaga lytica (cytophaga lytica),3,target_bacteria,taxon_organism,cellulophaga lytica,Cellulophaga lytica (Cytophaga lytica),bacdive_species_exact_name_match,validated_species_exact_name,not_candidate_row,2,0,6,3,3,25,True,1,True,3,9,True,3,6,True,3,3,True,1,1,True,"{""normalized_species_exact"": 3}",DSM 7489; ATCC 23178; IAM 14306; Cy l20; JCM 8516; CECT 5014; CIP 103822; IFO 14961; KCTC 2913; KCTC 2914; LMG 1344; LMG 8371; NBRC 14961; NCIMB 1423; VKM B-1433; DSM 2039; LMG 14961; DSM 2040; ATCC 23169; IFO 15986,"LIM -21, LIM 21; WFB -21",BACTO MARINE BROTH (DIFCO 2216) (DSMZ Medium 514); Nutrient agar (NA); Nutrient agar + 8% NaCL; CYT agar; Marine agar (MA),"beach mud; coastal sand and mud, tidal pools and macroalgal samples; Mud; Environment, Beach mud from limon; sea-water aquarium outflow"
taxon:249|organism:terrimonas ferruginea (flavobacterium ferrugineum),2,target_bacteria,taxon_organism,terrimonas ferruginea,Terrimonas ferruginea (Flavobacterium ferrugineum),bacdive_species_exact_name_match,validated_species_exact_name,not_candidate_row,2,0,2,1,1,12,True,1,True,1,3,True,1,2,True,1,1,True,1,1,True,"{""normalized_species_exact"": 1}",DSM 30193; ATCC 13524; IAM 15098; LMG 4021; NBRC 14992; CCUG 33443; JCM 21559; BCRC 17944; IFO 14992; LMG 10403; NCIMB 11299; CIP 109225,3576,NUTRIENT AGAR (DSMZ Medium 1); MEDIUM 328- for nutrient agar; CIP Medium 328,"Soil; Environment, Soil sample"
taxon:2352|organism:flexistipes sinusarabici,2,target_bacteria,taxon_organism,flexistipes sinusarabici,Flexistipes sinusarabici,bacdive_species_exact_name_match,validated_species_exact_name,not_candidate_row,2,0,2,1,1,2,True,1,True,1,1,True,1,1,True,1,1,True,1,1,True,"{""normalized_species_exact"": 1}",DSM 4947; MAS 10,,FLEXISTIPES MEDIUM (DSMZ Medium 524),"brine water, 2000 m depth"
taxon:364030|organism:thiomonas delicata (thiomonas cuprina),2,target_bacteria,taxon_organism,thiomonas delicata,Thiomonas delicata (Thiomonas cuprina),bacdive_species_exact_name_match,validated_species_exact_name,not_candidate_row,2,0,4,2,2,9,True,1,True,2,2,True,2,2,True,2,2,True,0,0,False,"{""normalized_species_exact"": 2}",DSM 17897; IAM 12624; IFO 14566; KCTC 2851; NBRC 14566; THI 091; DSM 5495; NBRC 102094; NBRC 102145,TuT-1; Hö5,THIOMONAS DELICATA MEDIUM (DSMZ Medium 1037); THIOMONAS (HÖ5) MEDIUM (DSMZ Medium 493),mine water; uranium mine
taxon:1703|organism:brevibacterium linens,3,target_bacteria,taxon_organism,brevibacterium linens,Brevibacterium linens,bacdive_species_exact_name_match,validated_species_exact_name,not_candidate_row,2,0,16,8,8,50,True,1,True,3,6,True,3,6,True,2,2,True,2,3,True,"{""normalized_species_exact"": 8}",STI11015; JCM 1328; ATCC 8377; BCRC 11884; IAM 12436; IFO 12141; NBRC 12141; NCIMB 11437; VKM Ac-2113; CCUG 23896; LMG 3915; CCUG 23846; CCM 2782; CCUG 12168; CIP 102069; DSM 20425; ATCC 9172; NCIB 9909; CCUG 47677; CIP 101125,"IMET 11015; 1045-85; 56b, 56-B",MEDIUM 3 - Columbia agar; CIP Medium 72; CIP Medium 3; CORYNEBACTERIUM AGAR (DSMZ Medium 53); MEDIUM 72- for trypto casein soja agar,"Manufacture of Brie cheese; Poultry litter; harzer cheese; Cheese,Harzerkäse; Dairy product"
taxon:35762|organism:planobispora rosea,2,target_bacteria,taxon_organism,planobispora rosea,Planobispora rosea,bacdive_species_exact_name_match,validated_species_exact_name,not_candidate_row,2,0,2,1,1,11,True,1,True,1,8,True,1,2,True,1,1,True,1,2,True,"{""normalized_species_exact"": 1}",DSM 43051; ATCC 23866; JCM 3166; KCC A-0166; BCRC 13421; IFO 15558; IMSNU 21363; KCTC 9406; NBRC 15558; NRRL B-8121; VKM Ac-1318,Pb-1435,GYM STREPTOMYCES MEDIUM (DSMZ Medium 65); ROLLED OATS MINERAL MEDIUM (DSMZ Medium 84); ISP 2; ISP 3; ISP 4,soil; Soil
taxon:53446|organism:streptomyces cinnamoneus (streptoverticillium cinnamoneum),2,target_bacteria,taxon_organism,streptomyces cinnamoneus,Streptomyces cinnamoneus (Streptoverticillium cinnamoneum),bacdive_species_exact_name_match,validated_species_exact_name,not_candidate_row,2,0,16,8,8,99,True,1,True,6,4,True,7,2,True,5,1,True,3,4,True,"{""base_binomial_match_or_subspecies"": 6, ""normalized_species_exact"": 2}",ST032183; DSM 41675; ATCC 21532; DSM 41493; IFO 13823; JCM 4934; KCC S-0934; LMG 20324; NBRC 13823; DSM 41501; JCM 5074; KCC S-1074; NRRL B-3482; NRRL 3482; DSM 40897; ATCC 25186; IPV 2066; JCM 4968; CGMCC 4.1579; IFO 15927,IMET 43436; B-386; HA-145; 722; H-2609; A-725,GYM STREPTOMYCES MEDIUM (DSMZ Medium 65); ROLLED OATS MINERAL MEDIUM (DSMZ Medium 84); MEDIUM 56 - for Micromonospora purpurea; CIP Medium 56,soil; Soil
taxon:42684|organism:streptomyces collinus,9,target_bacteria,taxon_organism,streptomyces collinus,Streptomyces collinus,bacdive_species_exact_name_match,validated_species_exact_name,not_candidate_row,2,0,10,5,5,21,True,1,True,4,9,True,4,2,True,4,1,True,1,3,True,"{""normalized_species_exact"": 5}",DSM 118475; DSM 116601; DSM 116495; KCTC 59409; DSM 40726; ETH 31903; DSM 40129; ATCC 19743; CBS 482.68; DSM 2012; ETH 24318; IFO 12759; ISP 5129; JCM 4361; RIA 1024; BCRC 11465; CGMCC 4.1623; KCTC 9713; NBRC 12759; NRRL B-5412,OG 1.35hell; OG1.35 braun; OG2.8; Tü 105; Ist 301,GYM STREPTOMYCES MEDIUM (DSMZ Medium 65); STARCH - MINERAL SALT - AGAR (STMS) (DSMZ Medium 252); ROLLED OATS MINERAL MEDIUM (DSMZ Medium 84); ISP 2; ISP 3,soil; Soil
taxon:1303|organism:streptococcus oralis,2,target_bacteria,taxon_organism,streptococcus oralis,Streptococcus oralis,bacdive_species_exact_name_match,validated_species_exact_name,not_candidate_row,2,0,138,69,69,103,True,4,True,10,6,True,66,47,True,60,7,True,11,18,True,"{""base_binomial_match_or_subspecies"": 7, ""normalized_species_exact"": 61, ""validated_bacdive_id_from_closure"": 1}",CCUG 73139; CECT 9732; CCUG 64631; CCUG 62650; CCUG 62649; CCUG 62648; CCUG 62639; CCUG 59155; CCUG 59154; CCUG 57697; CCUG 57592; CCUG 57285; CCUG 57066; CCUG 56479; CCUG 56428; CCUG 56349; CCUG 55540; CCUG 55311; CCUG 55092; CCUG 55091,"OR7; OR8; OR4; SK2; 7746, Str. 7746; 7747, Str. 7747; AZ_3a; LVG/l, PB182, PB 182; 43364; 25826",MEDIUM 6 - Columbia agar with 10 % horse blood; CIP Medium 6; COLUMBIA BLOOD MEDIUM (DSMZ Medium 693); TRYPTICASE SOY YEAST EXTRACT MEDIUM (DSMZ Medium 92); MEDIUM 72- for trypto casein soja agar,"Human synovia,83-yr-old woman; Human oral cavity; Human pharynx,atopic child; Human dental plaque; Human blood,endocarditis,72-yr-old man"
taxon:2423|organism:fervidobacterium islandicum,3,target_bacteria,taxon_organism,fervidobacterium islandicum,Fervidobacterium islandicum,bacdive_species_exact_name_match,validated_species_exact_name,not_candidate_row,2,0,2,1,1,2,True,1,True,1,1,True,1,1,True,1,1,True,0,0,False,"{""normalized_species_exact"": 1}",DSM 5733; ATCC 49647,H21,FERVIDOBACTERIUM ISLANDICUM MEDIUM (DSMZ Medium 501),hot spring
taxon:159|organism:brachyspira hyodysenteriae (treponema hyodysenteriae),2,target_bacteria,taxon_organism,brachyspira hyodysenteriae,Brachyspira hyodysenteriae (Treponema hyodysenteriae),bacdive_species_exact_name_match,validated_species_exact_name,not_candidate_row,2,0,12,6,6,9,True,1,True,4,3,True,6,4,True,6,3,True,1,3,True,"{""normalized_species_exact"": 6}",DSM 118649; DSM 118648; DSM 110985; CCUG 47386; CCUG 47309; CCUG 46668; ATCC 27164; NCTC 13041; DSM 105803,"JR80; B204; 1922, BH24; B78",COLUMBIA BLOOD MEDIUM (DSMZ Medium 693); SERPULINA MURDOCHII MEDIUM (DSMZ Medium 840); FASTIDIOUS ANAEROBE BROTH (DSMZ Medium 1203a),porcine feces; Feces (swine); Swine dysentery; swine dysentery
taxon:2264|organism:thermococcus celer,2,target_archaea,taxon_organism,thermococcus celer,Thermococcus celer,bacdive_species_exact_name_match,validated_species_exact_name,not_candidate_row,2,0,2,1,1,3,True,1,True,1,2,True,1,2,True,1,1,True,1,2,True,"{""normalized_species_exact"": 1}",DSM 2476; JCM 8558; ATCC 35543,Vu 13,MARINE THERMOCOCCUS MEDIUM (DSMZ Medium 760); THERMOCOCCUS CELER MEDIUM (DSMZ Medium 266),solfataric marine water hole; Solfataric marine water hole on a beach of Vulcano
taxon:2275|organism:desulfurococcus mucosus (desulfurococcus mobilis),2,target_archaea,taxon_organism,desulfurococcus mucosus,Desulfurococcus mucosus (Desulfurococcus mobilis),bacdive_species_exact_name_match,validated_species_exact_name,not_candidate_row,2,0,4,2,2,6,True,1,True,2,1,True,2,4,True,2,1,True,2,2,True,"{""normalized_species_exact"": 2}",DSM 2162; ATCC 35584; JCM 9187; DSM 2161; ATCC 35582; JCM 9186,O7/1; Hvv 3/9,SULFOLOBUS MEDIUM (ANAEROBIC) (DSMZ Medium 88a),hot solfataric spring; Acidic hot spring in Askja; acidic water from solfataric field; Acidic hot spring in Hveravellir
taxon:2102|organism:mycoplasma mycoides,1,target_bacteria,taxon_organism,mycoplasma mycoides,Mycoplasma mycoides,bacdive_species_exact_name_match,validated_species_exact_name,not_candidate_row,2,0,8,4,4,8,True,2,True,3,2,True,2,3,True,1,1,True,1,3,True,"{""base_binomial_match_or_subspecies"": 1, ""normalized_species_exact"": 3}",CCUG 32753; NCTC 10114; CIP A178; CIP 71.28; DSM 22061; CCUG 23387; CIP 71.25; NCTC 10137,Oru; B17; PG3,MEDIUM 88 - for Mycoplasma and Acholeplasma; CIP Medium 88,"Animal, Zebu; goat, pleuropneumonia; Animal, Goat, pleuropneumonia"
taxon:1430|organism:bacillus thuringiensis subsp. israelensis,1,target_bacteria,taxon_organism,bacillus thuringiensis,Bacillus thuringiensis subsp. israelensis,bacdive_species_exact_name_match,validated_species_exact_name,not_candidate_row,2,0,182,91,91,189,True,1,True,84,7,True,37,34,True,39,11,True,2,5,True,"{""normalized_species_exact"": 91}",CRBIP3.2344; BTS 02618A; CIP 110666; CIP 200206; CRBIP3.705; CRBIP3.6147; CRBIP3.2721; JCM 28844; JCM 28784; JCM 20387; ATCC 13366; IAM 12078; JCM 20331; IAM 11056; DSM 26055; IMI 348918; CCUG 22499; IAM 11064; ATCC 13367; JCM 20337,"367; 1884; EA 12392; BnBt; Bt 18247, MYBT18247; NRS-1124, 58.1.1; Bt GOE7; Bt GOE6; Bt GOE5; Bt GOE4; Bt GOE3; Bt GOE2; Bt GOE1; Bt 131, 4A8; NB221; NB 75; NB 31; NRS-996; 1564",CIP Medium 72; CASO AGAR (MERCK 105458) (DSMZ Medium 220); Nutrient Agar (NA); NUTRIENT AGAR (DSMZ Medium 1); MEDIUM 3 - Columbia agar,"Environment, Soil; Soil (Hanchiku) in the southeast area of the burial mound of the Takamatsuzuka Tumulus; Viscous gels below the paintings of the group of women on the east wall in the stone chamber of the Takamatsuzuka Tumulus; Indian-meal moth (<I>Plodia interpunctella</I>); insect (Balaninus nucum)"
proteome:UP000217768,18,target_bacteria,proteome,mycobacterium avium,Mycobacterium avium,bacdive_species_exact_name_match,validated_species_exact_name,not_candidate_row,4,0,98,49,49,88,True,3,True,27,14,True,34,31,True,22,8,True,6,9,True,"{""base_binomial_match_or_subspecies"": 15, ""normalized_species_exact"": 34}",CRBIP7.166; CIPT 166; CRBIP7.148; CIPT 148; CRBIP7.147; CIPT 147; CRBIP7.146; CIPT 146; CRBIP7.144; CIPT 144; CRBIP7.143; CIPT 143; CRBIP7.140; CIPT 140; CRBIP7.138; CIPT 138; DSM 108962; JCM 34074; JCM 34073; JCM 34072,"140310094; 1602-1965, 140310073; Nutson 1784-286, 14310072; STB 42, 140310071; 34540, 14310069; 14310068, 25546-759; 140310065, 6194; 140310064, 11907-300; JIII-386; 140310067; 4138; 68257; 27497; TB795/95; 1001; JC31; 4355387; 6409; 1351; chicken AHT 1",Löwenstein-Jensen Medium; MIDDLEBROOK MEDIUM (DSMZ Medium 645); MEDIUM 96 - for Mycobacterium avium subsp. paratuberculosis; CIP Medium 96; MEDIUM 93 - for Mycobacterium avium subsp. sylvaticum,"ileal mucosa, sheep from migrating sheep herd; Sputum of a patient; Sputum of a patient with pulmonary <I>Mycobacterium avium</I> complex (MAC) disease; Bathroom of a patient with pulmonary <I>Mycobacterium avium</I> complex (MAC) disease; Sparrow liver"
taxon:38314|organism:streptomyces nogalater,2,target_bacteria,taxon_organism,streptomyces nogalater,Streptomyces nogalater,bacdive_species_exact_name_match,validated_species_exact_name,not_candidate_row,2,0,6,3,3,23,True,1,True,1,2,True,0,0,False,0,0,False,1,3,True,"{""normalized_species_exact"": 3}",ST008114; ST008113; DSM 40546; ATCC 27451; CBS 746.72; IFO 13445; ISP 5546; JCM 4553; NBRC 13445; NRRL 3035; RIA 1406; BCRC 12316; CBS 238.69; CGMCC 4.1442; CGMCC 4.2114; HAMBI 951; IMET 43360; JCM 4799; LMG 19338; LMG 5981,AM33381; AM33380,GYM STREPTOMYCES MEDIUM (DSMZ Medium 65); ROLLED OATS MINERAL MEDIUM (DSMZ Medium 84),
taxon:1520|organism:clostridium beijerinckii (clostridium mp),2,target_bacteria,taxon_organism,clostridium beijerinckii,Clostridium beijerinckii (Clostridium MP),bacdive_species_exact_name_match,validated_species_exact_name,not_candidate_row,2,0,60,30,30,94,True,1,True,11,11,True,19,7,True,4,3,True,7,13,True,"{""normalized_species_exact"": 30}",JCM 8034; IAM 19098; JCM 8033; IAM 19095; JCM 8032; IAM 19094; JCM 8031; IAM 19106; JCM 8030; IAM 19091; JCM 8028; IAM 19105; JCM 8027; IAM 19093; JCM 8026; IAM 19008; NRRL B592; JCM 8025; IAM 19007; NRRL B-591,"WB01-NA02; 88-273, SH1; C8; KT-1P; A-21; A-39; 34, Ng 34; 2287, McClung, A-14, 2287, McClung; N.O. Sjolander and McCoy, 67, 7, N.O. Sjolander and McCoy, 67; E. McCoy A-67, L.S. McClung 1671, 10026",WILKINS-CHALGREN ANAEROBE BROTH (DSMZ Medium 339); COLUMBIA BLOOD MEDIUM (DSMZ Medium 693); PY + X MEDIUM (DSMZ Medium 104b); MEDIUM 20 - for Anaerobic bacteria; CIP Medium 20,Soil; wild boar; decaying straw; Decaying straw; retting Ramie (<i>Boehmeria nivea</i>)
taxon:38294|organism:photobacterium damsela subsp. piscicida (pasteurella piscicida),7,target_bacteria,taxon_organism,photobacterium damselae,Photobacterium damsela subsp. piscicida (Pasteurella piscicida),bacdive_species_exact_name_match,validated_species_exact_name,not_candidate_row,2,0,6,3,3,15,True,1,True,3,4,True,3,6,True,3,3,True,0,0,False,"{""base_binomial_match_or_subspecies"": 2, ""normalized_species_exact"": 1}",CIP 103910; ATCC 17911; CIP 104414; JCM 8968; ATCC 51805; CECT 4996; CGMCC 1.3753; NCIMB 13351; DSM 22834; ATCC 51736; CIP 104404; KCTC 12268; LMG 21869; NCIMB 2058; CCUG 35502,315; C-8; K-1,Marine agar (MA); CIP Medium 13; BACTO MARINE BROTH (DIFCO 2216) (DSMZ Medium 514); BHI MEDIUM (DSMZ Medium 215),"White perch; Skin of a labracoglossid fish (<I>Labracoglassa argentiventris</I>); Labracoglossid fish, skin; yellowtail (<i>Seriola queradiata</i>) with pseudotuberculosis; Yellowtail,Seriola queradiata,w/pseudotuberculosis"
taxon:145261|organism:methanothermobacter wolfeii (methanobacterium wolfei),2,target_archaea,taxon_organism,methanothermobacter wolfeii,Methanothermobacter wolfeii (Methanobacterium wolfei),bacdive_species_taxid_or_synonym_match,candidate_unvalidated,rescued_to_validated_species,2,0,2,1,1,6,True,1,True,1,1,True,1,2,True,1,1,True,1,1,True,"{""validated_bacdive_species_exact"": 1}",DSM 2970; ATCC 43096; NBRC 100332; VKM B-1829; JCM 14652; OCM 154,,METHANOBACTERIUM MEDIUM (DSMZ Medium 119),mixture of sewage sludge and river sediment; Mixture of sewage sludge and river sediment
taxon:28448|organism:komagataeibacter xylinus (gluconacetobacter xylinus),4,target_bacteria,taxon_organism,komagataeibacter xylinus,Komagataeibacter xylinus (Gluconacetobacter xylinus),bacdive_species_exact_name_match,validated_species_exact_name,not_candidate_row,2,0,18,9,9,63,True,1,True,8,8,True,3,5,True,0,0,False,4,6,True,"{""normalized_species_exact"": 9}",JCM 7664; IFO 13693; NBRC 13693; DSM 46603; ATCC 10821; CCM 1796; IMET 10314; LMD 22.3; NCIB 1375; NCTC 1375; RIA 812; Delft 183; DSM 46591; IMET 10142; DSM 46590; IMET 10141; DSM 46605; ATCC 14851; IMET 10316; NCIB 8132,"BU 134; East Africa; Blackley strain G2, BU 335; B 4168",YPM MEDIUM (DSMZ Medium 360); GLUCONOBACTER OXYDANS MEDIUM (DSMZ Medium 105); NY-AGAR (DSMZ Medium 306); MEDIUM 314 - for Gluconacetobacter xylinus subsp. sucrofermentans; CIP Medium 314,"vinegar brew; mountains ash berries; Mountain ash berries; Plant, Mountain ash berries; Mixed culture NCTC 6716 from a vinegar brew"
taxon:1313|organism:streptococcus pneumoniae,3,target_bacteria,taxon_organism,streptococcus pneumoniae,Streptococcus pneumoniae,bacdive_species_exact_name_match,validated_species_exact_name,not_candidate_row,4,0,400,200,200,233,True,1,True,129,8,True,70,54,True,155,13,True,12,17,True,"{""normalized_species_exact"": 200}",CCUG 10364; CCUG 10175; CCUG 10068; CCUG 9739; CCUG 8623; CCUG 8594; CCUG 8476; CCUG 8475; CCUG 8474; CCUG 8473; CCUG 8472; CCUG 8471; CCUG 8470; CCUG 8469; CCUG 8468; CCUG 8467; CCUG 8466; CCUG 8464; CCUG 8458; CCUG 8457,SSISP 6B/3; CNRP 6254; SSISP 20/2; SSISP 44/3; SSISP 47 A/1; SSISP 47 F/1; SSISP 46/2; SSISP 45/2; SSISP 43/3; SSISP 42/2; SSISP 41 A/2; SSISP 41 F/2; SSISP 35 C/2; SSISP 35 B/2; SSISP 35 A/3; SSISP 35 F/2; SSISP 34/2; SSISP 33 D/2; SSISP 33 C/2; SSISP 33 A/3,MEDIUM 6 - Columbia agar with 10 % horse blood; CIP Medium 6; CIP Medium 6-Boites-Biorad; CIP Medium 566; CIP Medium 10,"Human; Human nasopharynx,healthy 1?-yr-old child; Human nasopharynx; Human nasopharynx,2-yr-old girl; Human sputum,bronchitis"
taxon:587|organism:providencia rettgeri,1,target_bacteria,taxon_organism,providencia rettgeri,Providencia rettgeri,bacdive_species_exact_name_match,validated_species_exact_name,not_candidate_row,2,0,46,23,23,38,True,1,True,12,8,True,14,13,True,12,4,True,3,5,True,"{""normalized_species_exact"": 22, ""validated_bacdive_id_from_closure"": 1}",STI10209; STI10191; CRBIP17.136; CCUG 57382; CCUG 52439; CCUG 50627; CCUG 46898; CCUG 33987; NCTC 7475; CCUG 23362; CCUG 1649; CCM 5618; CCUG 237 A; CCUG 166; CIP 53.181; CIP 53.180; CIP 69.26; CIP 69.24; CIP 53.182; CIP 69.25,IMET 10209; IMET 10191; CIMB 04-4495; 1202/48; 1.65; 1.69; 30829/50; 4.68; B-0043; R6; 1163; KB 772,CIP Medium 72; MEDIUM 3 - Columbia agar; CIP Medium 3; MEDIUM 72- for trypto casein soja agar; TRYPTICASE SOY YEAST EXTRACT MEDIUM (DSMZ Medium 92),"Human, Urine; Water from antibiotic production mixed with sewage; Human urine,67-yr-old woman,heart-transplanted; Human sputum,66-yr-old woman; Human sputum"
taxon:1279365|organism:bacillus thuringiensis serovar kurstaki (strain atcc 35866 / nrrl b-4488 / hd73),6,target_bacteria,taxon_organism,bacillus thuringiensis,Bacillus thuringiensis serovar kurstaki (strain ATCC 35866 / NRRL B-4488 / HD73),bacdive_species_exact_name_match,validated_species_exact_name,not_candidate_row,4,0,182,91,91,189,True,1,True,84,7,True,37,34,True,39,11,True,2,5,True,"{""normalized_species_exact"": 91}",CRBIP3.2344; BTS 02618A; CIP 110666; CIP 200206; CRBIP3.705; CRBIP3.6147; CRBIP3.2721; JCM 28844; JCM 28784; JCM 20387; ATCC 13366; IAM 12078; JCM 20331; IAM 11056; DSM 26055; IMI 348918; CCUG 22499; IAM 11064; ATCC 13367; JCM 20337,"367; 1884; EA 12392; BnBt; Bt 18247, MYBT18247; NRS-1124, 58.1.1; Bt GOE7; Bt GOE6; Bt GOE5; Bt GOE4; Bt GOE3; Bt GOE2; Bt GOE1; Bt 131, 4A8; NB221; NB 75; NB 31; NRS-996; 1564",CIP Medium 72; CASO AGAR (MERCK 105458) (DSMZ Medium 220); Nutrient Agar (NA); NUTRIENT AGAR (DSMZ Medium 1); MEDIUM 3 - Columbia agar,"Environment, Soil; Soil (Hanchiku) in the southeast area of the burial mound of the Takamatsuzuka Tumulus; Viscous gels below the paintings of the group of women on the east wall in the stone chamber of the Takamatsuzuka Tumulus; Indian-meal moth (<I>Plodia interpunctella</I>); insect (Balaninus nucum)"
taxon:28039|organism:lactobacillus leichmannii,2,target_bacteria,taxon_organism,lactobacillus leichmannii,Lactobacillus leichmannii,bacdive_species_taxid_or_synonym_match,validated_species_taxid_or_synonym,not_candidate_row,2,0,2,1,1,24,True,0,False,1,3,True,0,0,False,0,0,False,1,3,True,"{""validated_bacdive_id_from_closure"": 1}",DSM 20076; ATCC 4797; CCM 2344; NCDO 299; NCIB 7854; CCUG 21454; ATCC 7831; JCM 1148; BCRC 10699; CECT 287; CIP 54.3; IAM 1196; IFO 3073; LMG 13136; LMG 6891; NBRC 3073; NCCB 49006; NCFB 299; NCFB 301; NCIMB 7854,"326, F 59",MRS MEDIUM (DSMZ Medium 11); MEDIUM 40- for Lactobacillus and Leuconostoc; CIP Medium 40,
taxon:145262|organism:methanothermobacter thermautotrophicus (methanobacterium thermoformicicum),1,target_archaea,taxon_organism,methanothermobacter thermautotrophicus,Methanothermobacter thermautotrophicus (Methanobacterium thermoformicicum),bacdive_species_taxid_or_synonym_match,candidate_unvalidated,rescued_to_validated_species,2,0,2,1,1,2,True,0,False,1,1,True,1,1,True,1,1,True,0,0,False,"{""validated_bacdive_species_exact"": 1}",DSM 3267; ATCC 43169,AC60,METHANOBACTERIUM MEDIUM (DSMZ Medium 119),biogas plant
proteome:UP000003042,1,target_bacteria,proteome,escherichia albertii,Escherichia albertii (strain TW07627),bacdive_species_exact_name_match,validated_species_exact_name,not_candidate_row,4,0,2,1,1,8,True,1,True,1,6,True,1,4,True,1,1,True,1,2,True,"{""normalized_species_exact"": 1}",DSM 17582; CCUG 46494; CIP 107988; LMG 20976; CCM 7160; JCM 17328; CIP 107-988; NBRC 107761,19982,TRYPTICASE SOY BROTH AGAR (DSMZ Medium 535); MEDIUM 3 - Columbia agar; TRYPTICASE SOY YEAST EXTRACT MEDIUM (DSMZ Medium 92); COLUMBIA BLOOD MEDIUM (DSMZ Medium 693); CIP Medium 72,"stool from diarrhoeal child; Human feces,diarrheic child; Stool specimen of a diarrhoeal child in Bangladesh; Human, Feces"
taxon:749527|organism:escherichia coli (strain ms 21-1),1,target_bacteria,taxon_organism,escherichia coli,Escherichia coli (strain MS 21-1),bacdive_species_exact_name_match,validated_species_exact_name,not_candidate_row,4,0,400,200,200,423,True,0,False,83,19,True,10,13,True,4,3,True,18,53,True,"{""normalized_species_exact"": 200}",DSM 6215; ATCC 37371; DSM 6214; ATCC 39531; DSM 6213; ATCC 41036; DSM 6212; ATCC 37375; DSM 6202; ATCC 37032; DSM 6201; ATCC 35673; DSM 6197; ATCC 47019; DSM 6196; ATCC 47018; DSM 6189; ATCC 37064; CCRC 41300; DSM 6188,"pfdB2; K12 MC1000, MC1000; pHB-1; pfdA2; pSC101; K12 HB101 DB6507, DB6507, FD 27747, HB101 DB6507; K12 Q359, Q359; K12 Q358, Q358; YIP33; DP50; YEp24; YIp5; pSP65; K12 TG1, TG1; pBluescribe M13-, PC-V3046; PC-V3138, pYAC3; PC-V3058, pGEM-3Zf(-); PC-V3057, pGEM-3Zf(+); pBluescribe M13+, PC-V3045; pBGS8, PC-V3012",LB (Luria-Bertani) MEDIUM (DSMZ Medium 381); NUTRIENT AGAR (DSMZ Medium 1); Mineral medium M9 for E. coli JM strains (DSMZ Medium 382); MEDIUM 72- for trypto casein soja agar; CIP Medium 72,"Canine; Animal, Canine; food; freshwater (river, lake, pond); faeces"
proteome:UP000008851,1,target_bacteria,proteome,xanthomonas oryzae,Xanthomonas oryzae pv. oryzicola (strain BLS256),bacdive_species_exact_name_match,validated_species_exact_name,not_candidate_row,4,0,2,1,1,4,True,1,True,0,0,False,0,0,False,0,0,False,1,2,True,"{""normalized_species_exact"": 1}",ATCC 35933; CFBP 2532; ICMP 3125; LMG 5047,"Rao X08, NCCPPB 3002, PDDCC 3125, Dye YK9",,
taxon:54076|organism:thermococcus zilligii,1,target_archaea,taxon_organism,thermococcus zilligii,Thermococcus zilligii,bacdive_species_exact_name_match,validated_species_exact_name,not_candidate_row,2,0,2,1,1,3,True,1,True,1,1,True,1,2,True,1,1,True,1,1,True,"{""normalized_species_exact"": 1}",DSM 2770; JCM 10554; ATCC 700529,AN1,AN1 MEDIUM (DSMZ Medium 376),anaerobic mud from alkaline hot spring; Thermal pool at Kuirau Park
taxon:712898|organism:pantoea vagans (strain c9-1) (pantoea agglomerans (strain c9-1)),5,target_bacteria,taxon_organism,pantoea vagans,Pantoea vagans (strain C9-1) (Pantoea agglomerans (strain C9-1)),bacdive_species_exact_name_match,validated_species_exact_name,not_candidate_row,2,0,2,1,1,3,True,1,True,1,1,True,1,1,True,1,1,True,1,1,True,"{""normalized_species_exact"": 1}",DSM 23078; BCC 105; LMG 24199,"BD 765, R-21566",NUTRIENT AGAR (DSMZ Medium 1),<i>Eucalyptus</i> sp.
taxon:561231|organism:pectobacterium parmentieri (strain wpp163) (pectobacterium wasabiae (strain wpp163)),1,target_bacteria,taxon_organism,pectobacterium parmentieri,Pectobacterium parmentieri (strain WPP163) (Pectobacterium wasabiae (strain WPP163)),bacdive_species_exact_name_match,validated_species_exact_name,not_candidate_row,2,0,2,1,1,3,True,1,True,1,1,True,1,1,True,1,1,True,1,3,True,"{""normalized_species_exact"": 1}",RNS 08-42-1A; CFBP 8475; LMG 29774,,TY medium,potato plant (cv. Bintje) expressing blackleg symptoms
proteome:UP000002484,1,target_bacteria,proteome,pseudofrankia inefficax,Pseudofrankia inefficax (strain DSM 45817 / CECT 9037 / DDB 130130 / EuI1c) (Frankia inefficax),bacdive_species_taxid_or_synonym_match,candidate_unvalidated,rescued_to_validated_species,6,0,5,1,1,2,True,1,True,1,2,True,1,1,True,1,1,True,1,1,True,"{""validated_bacdive_species_exact"": 1}",DSM 45817; CECT 9037,"DDB 130130, EuI1c",DPM MEDIUM (DSMZ Medium 737); BAP+ MEDIUM FOR FRANKIA (DSMZ Medium 1536),root nodule of <i>Elaeagnus umbellata</i> Thumb.
taxon:1556|organism:clostridium acidurici (gottschalkia acidurici),1,target_bacteria,taxon_organism,clostridium acidurici,Clostridium acidurici (Gottschalkia acidurici),bacdive_species_taxid_or_synonym_match,candidate_unvalidated,rescued_to_validated_species,2,0,12,6,6,9,True,1,True,6,2,True,6,2,True,6,2,True,1,1,True,"{""validated_bacdive_species_exact"": 6}",DSM 10163; DSM 10157; DSM 10161; DSM 10159; DSM 10158; DSM 604; ATCC 7906; IMG 1642; KCTC 5404,NOA-1; AAM-2; MJ-2; AC-3; AC-1; 9a,GOTTSCHALKIA MEDIUM (DSMZ Medium 76); Enrichment medium containing uric acid,soil; Garden soil in California
taxon:1495|organism:clostridium cylindrosporum,1,target_bacteria,taxon_organism,clostridium cylindrosporum,Clostridium cylindrosporum,bacdive_species_exact_name_match,validated_species_exact_name,not_candidate_row,2,0,8,4,4,6,True,1,True,4,1,True,4,1,True,4,2,True,1,1,True,"{""normalized_species_exact"": 4}",DSM 10164; DSM 10162; DSM 605; ATCC 7905; IMG 1641; DSM 10160,NOA-2; MJ-6; HC-1; MBJ-2,GOTTSCHALKIA MEDIUM (DSMZ Medium 76),soil
taxon:1731|organism:peptoclostridium acidaminophilum (eubacterium acidaminophilum),5,target_bacteria,taxon_organism,peptoclostridium acidaminophilum,Peptoclostridium acidaminophilum (Eubacterium acidaminophilum),bacdive_species_exact_name_match,validated_species_exact_name,not_candidate_row,2,0,2,1,1,2,True,1,True,1,1,True,1,2,True,1,1,True,1,1,True,"{""normalized_species_exact"": 1}",DSM 3953; ATCC 49065,al-2,EBA MEDIUM (DSMZ Medium 454),waste water ditch; anaerobic black mud from a waste water ditch
taxon:565042|organism:bifidobacterium longum subsp. longum (strain atcc 15707 / dsm 20219 / jcm 1217 / nctc 11818 / e194b),5,target_bacteria,taxon_organism,bifidobacterium longum,Bifidobacterium longum subsp. longum (strain ATCC 15707 / DSM 20219 / JCM 1217 / NCTC 11818 / E194b),bacdive_species_exact_name_match,validated_species_exact_name,not_candidate_row,7,0,119,57,57,137,True,5,True,10,5,True,54,36,True,27,7,True,22,37,True,"{""base_binomial_match_or_subspecies"": 43, ""normalized_species_exact"": 14}",DSM 20219; ATCC 15707; NCTC 11818; CCUG 28903; LMG 13197; JCM 1217; LMG 10497; BCRC 11847; CECT 4503; CIP 64.62; KCTC 3128; KCTC 3215; NCFB 2259; VTT E-96664; NCDO 2259; WDCM 00225; LMG 32752; CCOS 2034; DSM 115839; JCM 7139,"E194b (Variant a), E194b; NCC 5000; HUN014, AGR2137; WCA-178-WT-4B; S3; Su 851; SU859, SU 859; S76E; S12; C10-45",MEDIUM 20 - for Anaerobic bacteria; BIFIDOBACTERIUM MEDIUM (DSMZ Medium 58); CIP Medium 20; WILKINS-CHALGREN ANAEROBE BROTH (DSMZ Medium 339); CIP Medium 72,"intestine of adult; Human intestine,adult; Intestine of adult; Human, Intestine (adult); Calf faeces"
taxon:49338|organism:desulfitobacterium hafniense (desulfitobacterium frappieri),8,target_bacteria,taxon_organism,desulfitobacterium hafniense,Desulfitobacterium hafniense (Desulfitobacterium frappieri),bacdive_species_exact_name_match,validated_species_exact_name,not_candidate_row,2,0,12,6,6,7,True,1,True,6,5,True,6,7,True,6,5,True,4,4,True,"{""normalized_species_exact"": 6}",DSM 16228; DSM 13557; DSM 13498; DSM 12420; ATCC 700357; DSM 10664; DSM 14645,G2; TCP-A; DP7; PCP-1; DCB-2; PCE-S,GEOANAEROBACTER MEDIUM (DSMZ Medium 838); DESULFITOBACTERIUM PCP-1 MEDIUM (DSMZ Medium 836); DESULFITOBACTERIUM HAFNIENSE MEDIUM (DSMZ Medium 720); BA Medium; DESULFITOBACTERIUM (PCE II) MEDIUM (DSMZ Medium 1062),subsurface clay bedding; freshwater sediment; human feces of 28 year old female; methanogenic consortium from mixture of anaerobic sewage sludge and soil; sewage sludge
taxon:850|organism:fusobacterium mortiferum,1,target_bacteria,taxon_organism,fusobacterium mortiferum,Fusobacterium mortiferum,bacdive_species_exact_name_match,validated_species_exact_name,not_candidate_row,2,0,6,3,3,12,True,1,True,3,4,True,2,3,True,1,1,True,1,1,True,"{""normalized_species_exact"": 3}",DSM 108838; DSM 19809; ATCC 25557; CCUG 14475; VPI 4123A; DSM 1295; ATCC 25751; NCIB 10651; VPI 2488; JCM 1412; BCRC 14525; NCIMB 10651,FSA-380-WT-2B; 350A,WILKINS-CHALGREN ANAEROBE BROTH (DSMZ Medium 339); COLUMBIA BLOOD MEDIUM (DSMZ Medium 693); PYG MEDIUM (MODIFIED) (DSMZ Medium 104); CHOPPED MEAT MEDIUM WITH CARBOHYDRATES (DSMZ Medium 110),"feces; pig, 5 month old, wild type; human maxillary abscess; Human maxillary abscess"
taxon:1960|organism:streptomyces vinaceus,3,target_bacteria,taxon_organism,streptomyces vinaceus,Streptomyces vinaceus,bacdive_species_exact_name_match,validated_species_exact_name,not_candidate_row,2,0,6,3,3,58,True,1,True,3,2,True,1,2,True,1,1,True,3,5,True,"{""normalized_species_exact"": 3}",DSM 40515; ATCC 27476; CBS 726.72; ETH 28394; IFO 13425; ISP 5515; NBRC 13425; NRRL 2382; RIA 1386; JCM 4090; BCRC 11865; HUT 6082; JCM 4849; KCTC 9771; PCM 2366; RIA 805; DSM 40257; ATCC 11861; ATCC 25510; CBS 307.55,Jones 8542-1,GYM STREPTOMYCES MEDIUM (DSMZ Medium 65); ROLLED OATS MINERAL MEDIUM (DSMZ Medium 84),soil; Soil
taxon:518|organism:bordetella bronchiseptica (alcaligenes bronchisepticus),1,target_bacteria,taxon_organism,bordetella bronchiseptica,Bordetella bronchiseptica (Alcaligenes bronchisepticus),bacdive_species_exact_name_match,validated_species_exact_name,not_candidate_row,2,0,118,59,59,81,True,1,True,20,10,True,45,31,True,42,4,True,2,3,True,"{""normalized_species_exact"": 59}",CRBIP4.202; BOR 202; CRBIP4.201; BOR 201; CRBIP4.200; BOR 200; CRBIP4.199; BOR 199; CCUG 60853; CCUG 56928; CCUG 55529; CCUG 54609; CCUG 53629; CCUG 49062; CCUG 47614; CCUG 47609; CCUG 47499; CCUG 47271; CCUG 47159; CCUG 47033,"CB 44; CB 43; FR3025; ECL; VI; III; I; 10970, R978; 10668, R976; R975, 10476; R974, 10302; R973, 10111; 277-86; 10868, R977; 10035, R972; 10111, R971; R970, 9950; B-140",CIP Medium 21; MEDIUM 3 - Columbia agar; CIP Medium 3; MEDIUM 72- for trypto casein soja agar; CIP Medium 72,"Animal, Dog, nasal aspirate; Human, Lung; Animal, Horse; Human sputum,37-yr-old woman,cystic fibrosis; Human sputum,35-yr-old woman,cystic fibrosis"
taxon:29485|organism:yersinia rohdei,1,target_bacteria,taxon_organism,yersinia rohdei,Yersinia rohdei,bacdive_species_exact_name_match,validated_species_exact_name,not_candidate_row,2,0,8,4,4,12,True,1,True,1,4,True,4,4,True,4,1,True,1,1,True,"{""normalized_species_exact"": 4}",CCUG 26545; CCUG 26544; CCUG 26543; ATCC 43872; DSM 18270; ATCC 43380; CCUG 38833; CDC 3022-85; CIP 103163; LMG 8454; JCM 7376; NBRC 105715,"H 271-36/78, H271-36/78, 3022-85",TRYPTICASE SOY BROTH AGAR (DSMZ Medium 535); MEDIUM 72- for trypto casein soja agar; CIP Medium 3; CIP Medium 72,"Human feces; Dog feces; dog faeces; Animal, Dog, feces"
taxon:33060|organism:yersinia mollaretii,1,target_bacteria,taxon_organism,yersinia mollaretii,Yersinia mollaretii,bacdive_species_exact_name_match,validated_species_exact_name,not_candidate_row,2,0,8,4,4,11,True,1,True,3,5,True,4,6,True,4,4,True,1,2,True,"{""normalized_species_exact"": 4}",CCUG 26536; CIP 103328; CNY 19795; CIP 104888; CNY 24084; DSM 18520; ATCC 43969; CCUG 26331; CDC 2465-87; CIP 103324; CNY 7263,,MEDIUM 3 - Columbia agar; CIP Medium 3; BHI MEDIUM (DSMZ Medium 215); TRYPTICASE SOY BROTH AGAR (DSMZ Medium 535); CIP Medium 72,"Human feces; Human, Faeces; Animal, Cow, feces; soil; Soil"
taxon:29484|organism:yersinia frederiksenii,1,target_bacteria,taxon_organism,yersinia frederiksenii,Yersinia frederiksenii,bacdive_species_exact_name_match,validated_species_exact_name,not_candidate_row,2,0,16,8,8,16,True,1,True,3,6,True,8,9,True,7,4,True,1,3,True,"{""normalized_species_exact"": 8}",CCUG 30114; CCUG 26949; CCUG 26594; CCUG 26586; CCUG 8246; CIP 104895; CNY 24886; CIP 104894; CNY 25148; DSM 18490; ATCC 33641; CCUG 11293; CIP 80.29; NCTC 11470; CIP 8029; CNY 6175,,MEDIUM 3 - Columbia agar; CIP Medium 3; MEDIUM 72- for trypto casein soja agar; CIP Medium 72; TRYPTICASE SOY YEAST EXTRACT MEDIUM (DSMZ Medium 92),"Human feces,visiting Canary Islands in February; Human feces; Forced pork; Forced meat; Human"
taxon:634|organism:yersinia bercovieri,1,target_bacteria,taxon_organism,yersinia bercovieri,Yersinia bercovieri,bacdive_species_exact_name_match,validated_species_exact_name,not_candidate_row,2,0,12,6,6,13,True,1,True,3,4,True,6,6,True,3,1,True,1,2,True,"{""normalized_species_exact"": 6}",CCUG 26539; CCUG 26538; CCUG 26537; CIP 103327; CCUG 26330; CNY 19985; CIP 104889; CNY 24595; DSM 18528; ATCC 43970; CCUG 26329; CIP 103323; CNY 7506,,MEDIUM 3 - Columbia agar; CIP Medium 3; TRYPTICASE SOY BROTH AGAR (DSMZ Medium 535); CIP Medium 72,Feces; Food; Celery; human stool; Human feces
taxon:29483|organism:yersinia aldovae,1,target_bacteria,taxon_organism,yersinia aldovae,Yersinia aldovae,bacdive_species_exact_name_match,validated_species_exact_name,not_candidate_row,2,0,16,8,8,20,True,1,True,5,4,True,8,9,True,7,4,True,2,2,True,"{""normalized_species_exact"": 8}",CCUG 26915; CCUG 26532; CCUG 18771; ATCC 35237; CIP 104233; CNY 8616; CIP 104236; CNY 7330; CIP 104235; CNY 7096; CIP 104234; CNY 7618; DSM 18303; ATCC 35236; CCUG 18770; CDC 669-83; CNY 6005; JCM 5892; CECT 4314; CIP 103162,,MEDIUM 3 - Columbia agar; CIP Medium 3; CIP Medium 72; TRYPTICASE SOY BROTH AGAR (DSMZ Medium 535),"Human stool; Feces; Fish; Environment, Drinking water; Environment, Water, swimming pool"
taxon:670|organism:vibrio parahaemolyticus,1,target_bacteria,taxon_organism,vibrio parahaemolyticus,Vibrio parahaemolyticus,bacdive_species_exact_name_match,validated_species_exact_name,not_candidate_row,2,0,110,55,55,98,True,1,True,18,11,True,38,37,True,32,12,True,3,9,True,"{""normalized_species_exact"": 49, ""validated_bacdive_id_from_closure"": 6}",STI10858; STI10832; STI10831; STI10830; STI10829; STI10828; STI10795; DSM 107522; CCUG 51447; CCUG 47109; CCUG 47004; CCUG 47003; CCUG 45701; CCUG 45391; CCUG 45389; CCUG 43365; CCUG 43364; CCUG 43363; CCUG 43362; CCUG 42817,"IMET 10858; IMET 10832; IMET 10831; IMET 10830; IMET 10829; IMET 10828; IMET 10795; TS-8-11-4; R622, Fofama; 64 S; 64 T; R777; BB22; 1192-70; AH25712; 1132-70; Truro 69/61527; VL 1225; VL 2074; P-5",BACTO MARINE BROTH (DIFCO 2216) (DSMZ Medium 514); COLUMBIA BLOOD MEDIUM (DSMZ Medium 693); Marine agar (MA); CIP Medium 13; MEDIUM 72- for trypto casein soja agar,"sediment (salt marsh estuary); Human leg,46-yr-old man,fascitis,fatal infection; Water or sludge; Industry; Food"
taxon:1655|organism:actinomyces naeslundii,1,target_bacteria,taxon_organism,actinomyces naeslundii,Actinomyces naeslundii,bacdive_species_exact_name_match,validated_species_exact_name,not_candidate_row,2,0,162,81,81,99,True,1,True,11,4,True,76,51,True,77,6,True,3,7,True,"{""normalized_species_exact"": 81}",CCUG 66423; CCUG 64199; CCUG 61684; CCUG 59618; CCUG 57217; CCUG 56934 B; CCUG 55048; CCUG 51890; CCUG 51873; CCUG 50100; CCUG 48600; CCUG 47269; CCUG 47191; CCUG 43520 D; CCUG 43520 A; CCUG 41882; CCUG 41524; CCUG 37599; CCUG 35999; CCUG 35425,"716-84; 480-85; 403-82; 727-85; 982-83; 223-83; 473-86; 981-85; 729-85; Bowden X600S-96, CS 1752, X-600",MEDIUM 6 - Columbia agar with 10 % horse blood; CIP Medium 6; COLUMBIA BLOOD MEDIUM (DSMZ Medium 693); TRYPTICASE SOY YEAST EXTRACT MEDIUM (DSMZ Medium 92),"Human blood,39-yr-old Female; Human blood,15-yr-old Female; Human blood,86-yr-old man; Human blood,85-yr-old woman; Human blood,59-yr-old woman"
taxon:85581|organism:photobacterium damselae subsp. damselae (listonella damsela),1,target_bacteria,taxon_organism,photobacterium damselae,Photobacterium damselae subsp. damselae (Listonella damsela),bacdive_species_exact_name_match,validated_species_exact_name,not_candidate_row,2,0,6,3,3,15,True,1,True,3,4,True,3,6,True,3,3,True,0,0,False,"{""base_binomial_match_or_subspecies"": 2, ""normalized_species_exact"": 1}",CIP 103910; ATCC 17911; CIP 104414; JCM 8968; ATCC 51805; CECT 4996; CGMCC 1.3753; NCIMB 13351; DSM 22834; ATCC 51736; CIP 104404; KCTC 12268; LMG 21869; NCIMB 2058; CCUG 35502,315; C-8; K-1,Marine agar (MA); CIP Medium 13; BACTO MARINE BROTH (DIFCO 2216) (DSMZ Medium 514); BHI MEDIUM (DSMZ Medium 215),"White perch; Skin of a labracoglossid fish (<I>Labracoglassa argentiventris</I>); Labracoglossid fish, skin; yellowtail (<i>Seriola queradiata</i>) with pseudotuberculosis; Yellowtail,Seriola queradiata,w/pseudotuberculosis"
taxon:217|organism:helicobacter mustelae,2,target_bacteria,taxon_organism,helicobacter mustelae,Helicobacter mustelae,bacdive_species_exact_name_match,validated_species_exact_name,not_candidate_row,2,0,4,2,2,8,True,1,True,2,3,True,2,3,True,1,1,True,1,2,True,"{""normalized_species_exact"": 2}",CIP 105374; CCUG 23653; LMG 8777; NCTC 12032; CIP 103759; ATCC 43772; CCUG 25715; NCTC 12198,F7/86; R85-136P,MEDIUM 45 - for Columbia agar with sheep blood; Brucella broth; CIP Medium 45,"Ferret, gastric mucosa; Ferret gastric mucosa; Animal, Ferret, gastric mucosa"
taxon:35817|organism:helicobacter heilmannii,2,target_bacteria,taxon_organism,helicobacter heilmannii,Helicobacter heilmannii,bacdive_species_exact_name_match,validated_species_exact_name,not_candidate_row,2,0,4,2,2,3,True,1,True,2,1,True,2,1,True,2,1,True,2,3,True,"{""normalized_species_exact"": 2}",DSM 24751; LMG 26292; DSM 23983,ASB1; ASB3,HELICOBACTER MEDIUM (DSMZ Medium 1279),gastric mucosa of the stomach of a cat
taxon:56877|organism:helicobacter bizzozeronii,1,target_bacteria,taxon_organism,helicobacter bizzozeronii,Helicobacter bizzozeronii,bacdive_species_exact_name_match,validated_species_exact_name,not_candidate_row,2,0,2,1,1,3,True,1,True,1,1,True,1,1,True,1,1,True,1,2,True,"{""normalized_species_exact"": 1}",CIP 105233; CCUG 35545; CCUG 35045,,MEDIUM 250 - for Bartonella bacilliformis and Helicobacter bizzozeronii,Canine gastic mucosa
taxon:201|organism:campylobacter lari,1,target_bacteria,taxon_organism,campylobacter lari,Campylobacter lari,bacdive_species_exact_name_match,validated_species_exact_name,not_candidate_row,2,0,40,20,20,47,True,2,True,3,3,True,19,15,True,10,5,True,6,11,True,"{""base_binomial_match_or_subspecies"": 4, ""normalized_species_exact"": 16}",CCUG 55789; LMG 11760; CCUG 55788; LMG 23917; CCUG 55786; LMG 21009; CCUG 29406; CCUG 29405; CCUG 22396; CCUG 22395; CCUG 20707; CCUG 20593; LMG 9914; LMG 10153; CCUG 20581; CCUG 19528; CCUG 19519; CCUG 19512; CCUG 18294; CCUG 18267,,MEDIUM 6 - Columbia agar with 10 % horse blood; CIP Medium 6; COLUMBIA BLOOD MEDIUM (DSMZ Medium 693),Human infection; Human feces; Shellfish; Human; Water
taxon:1046629|organism:streptococcus salivarius (strain 57.i),1,target_bacteria,taxon_organism,streptococcus salivarius,Streptococcus salivarius (strain 57.I),bacdive_species_exact_name_match,validated_species_exact_name,not_candidate_row,2,0,136,68,68,90,True,1,True,6,8,True,64,35,True,62,3,True,1,5,True,"{""base_binomial_match_or_subspecies"": 1, ""normalized_species_exact"": 67}",CCUG 61241; CCUG 61154; CCUG 56879; CCUG 53708; CCUG 52257; CCUG 50179; CCUG 49569; CCUG 46205; CCUG 45995; CCUG 45830; CCUG 45826; CCUG 44964; CCUG 44362; CCUG 44334; CCUG 44027; CCUG 43514; CCUG 43367; CCUG 43224; CCUG 43220; CCUG 42824,"10871; S20B; C699, S30D; Sal1; 275; 21367, Kiel 21367",MEDIUM 29- Brain heart agar; CIP Medium 29; CIP Medium 72; COLUMBIA BLOOD MEDIUM (DSMZ Medium 693); TRYPTICASE SOY YEAST EXTRACT MEDIUM (DSMZ Medium 92),"Human blood,75-yr-old man; Human blood,newborn; Human blood,82-yr-old woman,suspected endocarditis; Human blood,newborn male; Human blood,77-yr-old woman"
taxon:2130|organism:ureaplasma urealyticum (ureaplasma urealyticum biotype 2),1,target_bacteria,taxon_organism,ureaplasma urealyticum,Ureaplasma urealyticum (Ureaplasma urealyticum biotype 2),bacdive_species_exact_name_match,validated_species_exact_name,not_candidate_row,2,0,2,1,1,5,True,1,True,1,2,True,1,1,True,0,0,False,1,1,True,"{""normalized_species_exact"": 1}",CIP 103755; ATCC 27618; NCTC 10177; CCUG 38149; CCUG 50782,"2K 160, 960 (CX8)",MEDIUM 80 - for Ureaplasma urealyticum; CIP Medium 80,"Human, Nongonococcal urethritis"
taxon:1393|organism:brevibacillus brevis (bacillus brevis),2,target_bacteria,taxon_organism,brevibacillus brevis,Brevibacillus brevis (Bacillus brevis),bacdive_species_exact_name_match,validated_species_exact_name,not_candidate_row,2,0,92,46,46,74,True,1,True,7,5,True,20,13,True,25,11,True,2,8,True,"{""normalized_species_exact"": 17, ""validated_bacdive_id_from_closure"": 29}",STI10420; CRBIP3.988; CRBIP3.987; CRBIP3.986; CRBIP3.931; CRBIP3.927; CRBIP3.880; CRBIP3.840; CRBIP3.742; CRBIP3.736; CRBIP3.667; CRBIP3.6020; CRBIP3.4954; CRBIP3.4688; CRBIP3.4343; CRBIP3.4342; CRBIP3.4337; CRBIP3.3937; CRBIP3.3899; CRBIP3.3898,IMET 10420; 6L4.3; 6L4.2; 6L4.1; 6 M imitata/65; 6; 52.87; 51.22; 40; 4 G; 31; Ul 1A; MOV II; LFB S2; Jo 8; Jo 72; Jo 41; II/3-2D.A; IAB 418; IAB 416,MEDIUM 3 - Columbia agar; CIP Medium 3; CIP Medium 72; STANDARD I MEDIUM (DSMZ Medium 453); NUTRIENT AGAR (DSMZ Medium 1),"Animal, Ephestia cautella; Blood culture; Environment, Soil; Human, Blood; Environment, Polluted water"
taxon:1058|organism:thiocapsa roseopersicina,4,target_bacteria,taxon_organism,thiocapsa roseopersicina,Thiocapsa roseopersicina,bacdive_species_exact_name_match,validated_species_exact_name,not_candidate_row,2,0,4,2,2,3,True,1,True,2,1,True,1,1,True,0,0,False,1,1,True,"{""normalized_species_exact"": 2}",DSM 221; NCIB 8347; DSM 217,1711,"PFENNIG'S MEDIUM I (modified 1988, for purple sulfur bacteria) (DSMZ Medium 28)",sugar plant washwater pond
taxon:42236|organism:streptomyces diastatochromogenes,1,target_bacteria,taxon_organism,streptomyces diastatochromogenes,Streptomyces diastatochromogenes,bacdive_species_exact_name_match,validated_species_exact_name,not_candidate_row,2,0,8,4,4,38,True,1,True,3,11,True,3,3,True,2,2,True,2,4,True,"{""normalized_species_exact"": 4}",STI40898; DSM 40700; CGMCC AS 4.1385; ETH 10908; DSM 40608; ATCC 23862; CCM 3013; IFO 13814; JCM 4244; KCC S-0244; NBRC 13814; KCTC 9720; NCIMB 10210; DSM 40449; ATCC 12309; CBS 370.58; CBS 690.72; ETH 31546; IFO 13389; IFO 3337,JA06587; Tü 20; IN-701; Ogata 207,GYM STREPTOMYCES MEDIUM (DSMZ Medium 65); ROLLED OATS MINERAL MEDIUM (DSMZ Medium 84); ISP 2; ISP 3; ISP 4,"soil; Soil; Environment, Soil"
taxon:1752|organism:propionibacterium freudenreichii subsp. shermanii,4,target_bacteria,taxon_organism,propionibacterium freudenreichii,Propionibacterium freudenreichii subsp. shermanii,bacdive_species_exact_name_match,validated_species_exact_name,not_candidate_row,2,0,16,8,8,32,True,1,True,4,4,True,6,8,True,3,2,True,2,22,True,"{""normalized_species_exact"": 8}",CCUG 48871; LMG 16423; CCUG 48870; LMG 16419; CCUG 43326; CCUG 18835; CCM 121; ATCC 4866; NCTC 5964; CIP 59.32; NCDO 1073; NCIMB 8896; DSM 20270; DSM 4902; ATCC 9614; NCDO 853; NCIB 8099; CCUG 36819; VPI 0405; CIP 103027,"3; E11.1; 53-W (Hitchner No. 33), 33",MEDIUM 20 - for Anaerobic bacteria; CIP Medium 20; PYG MEDIUM (MODIFIED) (DSMZ Medium 104); PROPIONIBACTERIUM AGAR (DSMZ Medium 91),"Sheep milk; Bread dough with beer yeast; Human brain abscess; Cheese,emmenthal; cheese"
taxon:1946|organism:streptomyces kasugaensis,1,target_bacteria,taxon_organism,streptomyces kasugaensis,Streptomyces kasugaensis,bacdive_species_exact_name_match,validated_species_exact_name,not_candidate_row,2,0,4,2,2,29,True,2,True,2,10,True,2,2,True,2,1,True,2,2,True,"{""normalized_species_exact"": 1, ""validated_bacdive_id_from_closure"": 1}",DSM 40819; ATCC 15714; IFO 13851; JCM 4208; KCC S-0208; NBRC 13851; BCRC 12349; KCTC 1078; KCTC 2113; MTCC 6919; NCIMB 12239; NCIMB 12717; DSM 40839; ATCC 29806; CECT 7364; ETH 24125; IFO 13780; KCC S-0126; NBRC 13780; NIHJ 198,"BL904, M338-M1",GYM STREPTOMYCES MEDIUM (DSMZ Medium 65); ISP 2; ISP 3; ISP 4; ISP 5,soil; Soil
taxon:1581|organism:lentilactobacillus buchneri (lactobacillus buchneri),1,target_bacteria,taxon_organism,lentilactobacillus buchneri,Lentilactobacillus buchneri (Lactobacillus buchneri),bacdive_species_exact_name_match,validated_species_exact_name,not_candidate_row,2,0,18,9,9,33,True,2,True,6,6,True,5,7,True,2,2,True,2,6,True,"{""base_binomial_match_or_subspecies"": 2, ""normalized_species_exact"": 6, ""validated_bacdive_id_from_closure"": 1}",CRBIP24.91; CRBIP24.90; Br 190; CRBIP24.89; CRBIP24.88; JCM 1069; JCM 1068; LMG 12023; VTT E-981150; DSM 107969; JCM 32599; SG 162; CCUG 38848; DSM 20057; ATCC 4005; CCM 1819; NCDO 110; NCIB 8007; CCUG 21532; JCM 1115,Bu52; BA 7820; Bu 111,"De Man, Rogosa and Sharpe Agar; Trypticase Soy Agar; CIP Medium 40; MRS MEDIUM (DSMZ Medium 11); MEDIUM 41- for Lactobacillus, Leuconostoc, Weissella, Pediococcus, Sporolactobacillus inulinus",Human intestine; fermented rice grain; Rice grain silage in Japan; Mouse stomach; tomato pulp
taxon:54291|organism:raoultella ornithinolytica (klebsiella ornithinolytica),1,target_bacteria,taxon_organism,raoultella ornithinolytica,Raoultella ornithinolytica (Klebsiella ornithinolytica),bacdive_species_exact_name_match,validated_species_exact_name,not_candidate_row,2,0,20,10,10,20,True,1,True,4,5,True,6,4,True,4,2,True,1,1,True,"{""normalized_species_exact"": 10}",JCM 7523; JCM 7522; CCUG 56221; CCUG 53980; CCUG 52805; CCUG 6005; CIP 53.7; BR 22; CIP 53.20; BR 35; CIP 103576; ATCC 31898; DSM 7464; CCM 4873; JCM 6096; NIH 90-72; CCUG 26769; CIP 103364; NBRC 105727; CCUG 26625,LRA 061 11 91,MEDIUM 3 - Columbia agar; CIP Medium 3; COLUMBIA BLOOD MEDIUM (DSMZ Medium 693); CASO AGAR (MERCK 105458) (DSMZ Medium 220); CIP Medium 72,"Urine; Human urine,87-yr-old woman; Human urine,58-yr-old woman; urine"
taxon:352475|organism:shinella zoogloeoides (crabtreella saccharophila),1,target_bacteria,taxon_organism,shinella zoogloeoides,Shinella zoogloeoides (Crabtreella saccharophila),bacdive_species_exact_name_match,validated_species_exact_name,not_candidate_row,2,0,2,1,1,11,True,1,True,1,1,True,1,3,True,0,0,False,1,3,True,"{""normalized_species_exact"": 1}",DSM 287; ATCC 19623; CCM 2456; NCIB 10340; NCTC 10482; CCUG 35204; NCIMB 10340; LMG 4433; IAM 12669; JCM 20728; NBRC 102405,1-16M,NUTRIENT AGAR (DSMZ Medium 1),"activated sludge; Sludge,activated; Flocs in sewage sludge (activated)"
taxon:13725|organism:thiocystis violacea,1,target_bacteria,taxon_organism,thiocystis violacea,Thiocystis violacea,bacdive_species_exact_name_match,validated_species_exact_name,not_candidate_row,2,0,4,2,2,4,True,1,True,1,1,True,2,2,True,0,0,False,2,2,True,"{""normalized_species_exact"": 2}",DSM 208; Pfennig 2311; DSM 207; Pfennig 2711,2311; 2711,"PFENNIG'S MEDIUM I (modified 1988, for purple sulfur bacteria) (DSMZ Medium 28)",estuary; forest pond
taxon:2223|organism:methanothrix soehngenii (methanosaeta concilii),2,target_archaea,taxon_organism,methanothrix soehngenii,Methanothrix soehngenii (Methanosaeta concilii),bacdive_species_exact_name_match,validated_species_exact_name,not_candidate_row,2,0,8,4,4,9,True,1,True,0,0,False,4,5,True,4,4,True,1,1,True,"{""normalized_species_exact"": 4}",DSM 3671; JCM 10134; NBRC 103675; OCM 69; ATCC 35969; NRC 2989; DSM 6752; DSM 3013; DSM 2139,GP6; MTKO; FE; Opfikon,,"acetic acid enrichment from pear waste digester inoculated with sewage sludge; Sewage sludge; sludge, anaerobic fixed-bed digestor; mesophilic digester; anaerobic sewage sludge"
taxon:68270|organism:streptomyces spectabilis,1,target_bacteria,taxon_organism,streptomyces spectabilis,Streptomyces spectabilis,bacdive_species_exact_name_match,validated_species_exact_name,not_candidate_row,2,0,4,2,2,21,True,1,True,2,9,True,1,1,True,1,1,True,1,4,True,"{""normalized_species_exact"": 2}",DSM 40779; UC 2294; DSM 40512; ATCC 27465; CBS 725.72; IFO 13424; ISP 5512; JCM 4308; NBRC 13424; NRRL 2494; RIA 1385; BCRC 12648; CECT 3146; IFO 15441; JCM 4832; KCTC 9218; LMG 5986; NBIMCC 70; NBRC 15441; NCAIM B.01936,A 3143,GYM STREPTOMYCES MEDIUM (DSMZ Medium 65); ROLLED OATS MINERAL MEDIUM (DSMZ Medium 84); STARCH - MINERAL SALT - AGAR (STMS) (DSMZ Medium 252); ISP 2; ISP 3,Soil
proteome:UP000000276,2,target_bacteria,proteome,corynebacterium pseudotuberculosis,Corynebacterium pseudotuberculosis (strain C231),bacdive_species_exact_name_match,validated_species_exact_name,not_candidate_row,4,0,28,14,14,34,True,1,True,13,12,True,14,17,True,8,3,True,3,4,True,"{""normalized_species_exact"": 14}",CCUG 27541; NCTC 4655; CIP 52.103; CIP 52.104; CIP 52.97; CCUG 43567; CIP A94; CCUG 43566; CIP 59.46; CCUG 43568; CIP A95; CIP 58.3; CIP A93; DSM 20689; ATCC 19410; NCTC 3450; CCUG 2806; LMG 19054; CIP 102968; JCM 9389,"Fleming; PR; Krieger; Méd; Roi de Pique; E23; Brie; 169, Songer 169; 2808, Songer 2808; 2804, Songer 2804",MEDIUM 3 - Columbia agar; CIP Medium 3; CIP Medium 72; ISP 2; ISP 3,"Horse; Animal, Horse, lymphangitis; Horse lymphangitis; Horse abscess; Animal, Horse, abscess"
taxon:41170|organism:exiguobacterium acetylicum (brevibacterium acetylicum),4,target_bacteria,taxon_organism,exiguobacterium acetylicum,Exiguobacterium acetylicum (Brevibacterium acetylicum),bacdive_species_exact_name_match,validated_species_exact_name,not_candidate_row,2,0,24,12,12,28,True,1,True,11,10,True,12,10,True,10,2,True,1,1,True,"{""normalized_species_exact"": 11, ""validated_bacdive_id_from_closure"": 1}",CCUG 26440; CIP 102816; CIP 102463; CIP 101227; CIP 101809; CIP 102815; CIP 102814; CIP 102826; CIP 102530; CIP 102196; CIP 102738; DSM 20416; ATCC 953; NCIB 9889; CCUG 32630; JCM 1968; BCRC 10378; BCRC 17390; CGMCC 1.1917; CIP 82.109,62.87; 482-86; R 555; 625.85; 63.87; 61.87; 85.87; 1005,MEDIUM 3 - Columbia agar; CIP Medium 3; CIP Medium 72; ISP 2; ISP 3,"Contaminant; Animal, Chicken; Human, Nose; Human, Spinal fluid; Human, Blood"
proteome:UP000044098,1,target_bacteria,proteome,achromobacter aegrifaciens,Achromobacter aegrifaciens,bacdive_species_exact_name_match,validated_species_exact_name,not_candidate_row,4,0,16,8,8,16,True,1,True,1,3,True,8,7,True,8,4,True,2,2,True,"{""normalized_species_exact"": 8}",CCUG 66433; CCUG 62443; LMG 11300; CCUG 62442; LMG 26856; CCUG 62441; LMG 26855; CCUG 62440; LMG 26854; CCUG 62439; LMG 26853; CCUG 62438; LMG 26852; CIP 110713; DSM 115985; CCUG 54268,"LiPuma AU4014, Vandamme R-31134",CIP Medium 72; TRYPTICASE SOY YEAST EXTRACT MEDIUM (DSMZ Medium 92); COLUMBIA BLOOD MEDIUM (DSMZ Medium 693),"Human sputum,cystic fibrosis, 17-yr-old female; Drinking water reservoir; Human sputum,cystic fibrosis; Human sputum; human sputum"
taxon:29486|organism:yersinia ruckeri,2,target_bacteria,taxon_organism,yersinia ruckeri,Yersinia ruckeri,bacdive_species_exact_name_match,validated_species_exact_name,not_candidate_row,2,0,4,2,2,13,True,1,True,1,4,True,2,4,True,2,2,True,1,4,True,"{""normalized_species_exact"": 2}",CCUG 21537; CCM 6094; DSM 18506; ATCC 29473; CCM 6093; CCUG 14190; CIP 82.80; JCM 2429; NCIMB 2194; NCTC 12986; CECT 4319; JCM 15110; CDC 2396-61,2396-61,TRYPTICASE SOY BROTH AGAR (DSMZ Medium 535); MEDIUM 72- for trypto casein soja agar; CIP Medium 3; CIP Medium 72,"Rainbow trout; rainbowtrout with red-mouth disease; Rainbow trout with red mouth disease; Rainbow trout, red mouth disease"
taxon:731|organism:histophilus somni (haemophilus somnus),2,target_bacteria,taxon_organism,histophilus somni,Histophilus somni (Haemophilus somnus),bacdive_species_exact_name_match,validated_species_exact_name,not_candidate_row,2,0,42,21,21,33,True,1,True,6,6,True,21,18,True,21,9,True,2,2,True,"{""normalized_species_exact"": 21}",CCUG 61857; CCUG 47050; CCUG 47049; CCUG 47048; CCUG 47047; CCUG 47046; CCUG 46775; MCCM 03031; CCUG 46774; MCCM 03029; CCUG 46773; MCCM 02133; CCUG 46772; MCCM 00330; CCUG 46771; MCCM 00338; CCUG 46770; MCCM 03030; CCUG 46769; CCUG 34464,8917974; 872; 905; 902; 8025,"MEDIUM 10 - Chocolate medium  for Actinobacillus pleuropneumoniae, Capnocytophaga cynodegmi, Haemophilus and Neisseria; CIP Medium 10; MEDIUM 5 - Columbia agar with 5 % globular extract; CIP Medium 5; MEDIUM 45 - for Columbia agar with sheep blood","Cattle,bull semen; Cattle lung,pneumonia; Cattle orificum uteri; Cattle preputium; Bovine uterus,diseased animal"
taxon:2221|organism:methanolobus tindarius,1,target_archaea,taxon_organism,methanolobus tindarius,Methanolobus tindarius,bacdive_species_exact_name_match,validated_species_exact_name,not_candidate_row,2,0,2,1,1,4,True,1,True,1,1,True,1,1,True,1,1,True,1,1,True,"{""normalized_species_exact"": 1}",DSM 2278; ATCC 35996; OCM 150; Tindari 3,,METHANOLOBUS MEDIUM (DSMZ Medium 120d),sediment
taxon:29466|organism:veillonella parvula (staphylococcus parvulus),2,target_bacteria,taxon_organism,veillonella parvula,Veillonella parvula (Staphylococcus parvulus),bacdive_species_exact_name_match,validated_species_exact_name,not_candidate_row,2,0,34,17,17,25,True,1,True,3,5,True,17,15,True,15,4,True,3,5,True,"{""base_binomial_match_or_subspecies"": 1, ""normalized_species_exact"": 16}",CCUG 59474; CCUG 53264; CCUG 51983; CCUG 48555; CCUG 47017; CCUG 46743; CCUG 45896; CCUG 44653; CCUG 44569; CCUG 39926; CCUG 38273; CCUG 35361; CCUG 34345; CCUG 27108; CIP 60.1; CCUG 5123; ATCC 17742; DSM 2008; ATCC 10790; JCM 12972,315A; Te3; 259,MEDIUM 20 - for Anaerobic bacteria; CIP Medium 20; PYG MEDIUM (MODIFIED) (DSMZ Medium 104); VEILLONELLA MEDIUM (DSMZ Medium 136); COLUMBIA BLOOD MEDIUM (DSMZ Medium 693),"Human vagina; Human blood,72-yr-old man; Human blood,67-yr-old man,endocarditis; Human dialysis fluid,25-yr-old woman; Human blood,45-yr-old man"
proteome:UP000010716,1,target_bacteria,proteome,caldalkalibacillus thermarum,Caldalkalibacillus thermarum (strain TA2.A1),bacdive_species_exact_name_match,validated_species_exact_name,not_candidate_row,4,0,2,1,1,2,True,1,True,0,0,False,1,2,True,1,1,True,1,1,True,"{""normalized_species_exact"": 1}",CGMCC 1.4242; JCM 13486,HA6,,hot spring; Alkaline hot spring
taxon:1571|organism:sporosarcina ureae,1,target_bacteria,taxon_organism,sporosarcina ureae,Sporosarcina ureae,bacdive_species_exact_name_match,validated_species_exact_name,not_candidate_row,2,0,16,8,8,48,True,1,True,7,1,True,4,4,True,1,1,True,1,1,True,"{""normalized_species_exact"": 8}",JCM 2582; CCM 981; IAM 13058; NCIMB 8691; DSM 2307; CCM 1743; JCM 2581; IAM 13057; DSM 2306; CCM 752; IMET 10857; NRRL B-286; DSM 2305; CCM 204; JCM 2583; IAM 13059; IFO 12698; NBRC 12698; DSM 2281; ATCC 6473,C1; Gibson 229; L.E.P.4; L.E.1.1,BACILLUS PASTEURII MEDIUM (DSMZ Medium 2),soil; Soil; garden soil; Garden soil
taxon:1455|organism:bacillus badius,1,target_bacteria,taxon_organism,bacillus badius,Bacillus badius,bacdive_species_exact_name_match,validated_species_exact_name,not_candidate_row,2,0,24,12,12,38,True,1,True,5,6,True,5,5,True,8,5,True,4,10,True,"{""normalized_species_exact"": 11, ""validated_bacdive_id_from_closure"": 1}",CRBIP3.918; CRBIP3.904; CRBIP3.3476; CRBIP3.3471; CRBIP3.1536; CCUG 29463; NRRL NRS-1671; CIP 58.53; CIP 102395; DSM 28241; NCIM 5513; DSM 30822; DSM 5610; NRS 1407; DSM 23; ATCC 14574; CCM 2113; NCIB 9364; NCTC 10333; CCUG 7412,"5853; 562; HD 388; HD 383; Anta 4.9; 1407; 408-86; SGD-V-25; KO_52; 663, Henry 110, 110, NRS-663",MEDIUM 3 - Columbia agar; CIP Medium 3; CIP Medium 72; MEDIUM 72- for trypto casein soja agar; R2A MEDIUM (DSMZ Medium 830),"Environment, Marine sludge; Food, Oyster; marine sediment; spacecraft-associated clean room class ISO 8,  Herschel Space Observatory; Human, Intestinal tract of a child, Bacteriological Laboratory and the Harriet Lane Home, Johns Hopkins University"
proteome:UP000031563,1,target_bacteria,proteome,bacillus thermotolerans,Bacillus thermotolerans (Quasibacillus thermotolerans),bacdive_species_exact_name_match,validated_species_exact_name,not_candidate_row,4,0,2,1,1,2,True,1,True,0,0,False,1,1,True,0,0,False,1,2,True,"{""normalized_species_exact"": 1}",CCTCC AB 2012108; KACC 16706,SgZ-8,,compost
taxon:39831|organism:klebsiella pneumoniae subsp. rhinoscleromatis,1,target_bacteria,taxon_organism,klebsiella pneumoniae,Klebsiella pneumoniae subsp. rhinoscleromatis,bacdive_species_exact_name_match,validated_species_exact_name,not_candidate_row,4,0,400,200,200,356,True,3,True,133,11,True,126,90,True,118,22,True,24,58,True,"{""base_binomial_match_or_subspecies"": 34, ""normalized_species_exact"": 166}",CCUG 59360; CCUG 59359; CCUG 59358; CCUG 59350; CCUG 59349; CCUG 59348; CCUG 58547; CCUG 58546; CCUG 58545; CCUG 56233; CCUG 55505; CCUG 54718; CCUG 52846; CCUG 52804; CCUG 49243; CCUG 48848; CCUG 48035; CCUG 46734; CCUG 45105; CCUG 45102,"O45, E5051; KC100; 75; TP 01; CF 1304; 2918381; Innsbruck A-1; 531-79; 511-79; Korski; LRA 003 09 73; 1056; NB 37; chalazion; 2005/49; B 5055; 45956; HM08G; SLK 54; MCQ-122",MEDIUM 3 - Columbia agar; CIP Medium 3; CIP Medium 72; MEDIUM 72- for trypto casein soja agar; NUTRIENT AGAR (DSMZ Medium 1),"Human clinical isolate; Human pus,catheter; Human wound; Human expectorate; Human,screening"
taxon:674|organism:vibrio mimicus,4,target_bacteria,taxon_organism,vibrio mimicus,Vibrio mimicus,bacdive_species_exact_name_match,validated_species_exact_name,not_candidate_row,2,0,42,21,21,29,True,1,True,3,6,True,21,10,True,21,7,True,2,3,True,"{""normalized_species_exact"": 21}",CCUG 48106; CCUG 43851 B; CCUG 43851 A; CCUG 39638; CCUG 34899; CCUG 34898; CCUG 34897; CCUG 34896; CCUG 13176; CCUG 13175; CCUG 13174 C; CCUG 13174 B; CCUG 13174 A; CCUG 13173; CCUG 13172; CCUG 13171; CCUG 13170; CCUG 13169; CIP 106975; CIP 106921,"284; 161, 269-80; 1721-77",MEDIUM 72- for trypto casein soja agar; CIP Medium 72; Marine agar (MA); CIP Medium 13; BACTO MARINE BROTH (DIFCO 2216) (DSMZ Medium 514),"Cray fish; Crayfish,boiled,frozen; Crustaceans; Water,Elbe river; Human feces,severe watery diarrhoeal disease"
taxon:244366|organism:klebsiella variicola,1,target_bacteria,taxon_organism,klebsiella variicola,Klebsiella variicola,bacdive_species_exact_name_match,validated_species_exact_name,not_candidate_row,2,0,28,14,14,25,True,2,True,14,9,True,10,11,True,10,6,True,3,6,True,"{""base_binomial_match_or_subspecies"": 4, ""normalized_species_exact"": 10}",DSM 115091; CIP 111898; CIP 111870; CIP 111851; CIP 111840; CRBIP28.94; CRBIP17.85; CIP 111654; CECT 9831; CIP 53.26; CIP 53.24; BR 40; CIP 53.27; CIP 80.49; CIP 52.199; DSM 16265; JCM 12419; CCUG 57108; CIP 108642; LMG 23571,"115091; SB5544, 201283; 100814, SB5387; SB31; SB1, 01A065; CIMB 04-5641; SB5531, 1266 (also designated SB5531), 1266; 1756/51; Q067; LX3; F2R9",TRYPTICASE SOY YEAST EXTRACT MEDIUM (DSMZ Medium 92); CIP Medium 72; MEDIUM 3 - Columbia agar; CIP Medium 3; COLUMBIA BLOOD MEDIUM (DSMZ Medium 693),"Liquor; Human, Faeces; Human, Blood; Bark; soil"
taxon:262320|organism:flavobacterium frigidimaris,1,target_bacteria,taxon_organism,flavobacterium frigidimaris,Flavobacterium frigidimaris,bacdive_species_exact_name_match,validated_species_exact_name,not_candidate_row,2,0,2,1,1,4,True,1,True,1,5,True,1,4,True,1,1,True,1,2,True,"{""normalized_species_exact"": 1}",DSM 15937; CCUG 59364; JCM 12218; CIP 109029,KUC-1,NUTRIENT AGAR (DSMZ Medium 1); CIP Medium 72; CIP Medium 328; CIP Medium 566; R2A MEDIUM (DSMZ Medium 830),"sea water; Seawater; Antarctic seawater; Environment, Seawater"
taxon:33940|organism:geobacillus thermodenitrificans,1,target_bacteria,taxon_organism,geobacillus thermodenitrificans,Geobacillus thermodenitrificans,bacdive_species_exact_name_match,validated_species_exact_name,not_candidate_row,2,0,32,16,16,23,True,2,True,11,3,True,16,11,True,16,9,True,3,3,True,"{""base_binomial_match_or_subspecies"": 11, ""normalized_species_exact"": 5}",JCM 32406; DSM 21923; CCUG 45409; CCUG 44679; CCUG 44674; CCUG 39164; DSM 101594; DSM 28916; DSM 22629; NCIMB 14582; DSM 22628; NCIMB 14581; DSM 22625; NCIMB 14578; DSM 13149; DSM 13148; DSM 13147; DSM 466; ATCC 29493; DSM 465,"PB 1511-3; PA-3; 16-2-A; F84b; F84a; A333; B15 A, R-32625; R-32624, TH 35A; R-32623, TH 33A; E 32-66; L 2-65, R-35647",CASO AGAR (MERCK 105458) (DSMZ Medium 220); TRYPTICASE SOY YEAST EXTRACT MEDIUM (DSMZ Medium 92); NUTRIENT AGAR (DSMZ Medium 1),"Red seaweed (<I>Polyopes lancifolia</I>) collected along with seawater from the coast of Sakenotsu Bay; flax plants; Industry water; Industrial rubber tubing,autoclaved; Drill hole ?"
taxon:264|organism:francisella novicida,1,target_bacteria,taxon_organism,francisella tularensis,Francisella novicida,bacdive_species_exact_name_match,validated_species_exact_name,not_candidate_row,2,0,28,14,14,20,True,2,True,0,0,False,11,11,True,13,3,True,1,1,True,"{""base_binomial_match_or_subspecies"": 4, ""normalized_species_exact"": 10}",CCUG 59672; FSC 856; CCUG 59671; FSC 855; CCUG 57222; CCUG 53311; CCUG 51689; CCUG 48139; CCUG 48060; CCUG 33449; CAPM 6041; ATCC 15482; CIP 56.12; CCUG 33391; CCUG 33270; CCUG 22075; CCUG 17316; CCUG 17299; CCUG 2112; ATCC 6223,,,"Human bronchial fluid,66-yr-old man; Human blood,76-yr-old man; Human blood,67-yr-old woman; Human blood,87-yr-old woman,suspected endocarditis; Human blood,81-yr-old man"
taxon:931|organism:thiobacillus thioparus,5,target_bacteria,taxon_organism,thiobacillus thioparus,Thiobacillus thioparus,bacdive_species_exact_name_match,validated_species_exact_name,not_candidate_row,2,0,8,4,4,14,True,1,True,3,4,True,4,4,True,3,3,True,1,1,True,"{""normalized_species_exact"": 4}",JCM 3860; BCRC 17717; IAM 12853; DSM 5369; DSM 5368; DSM 505; ATCC 8158; CIP 104484; NCIMB 8370; JCM 3859; BCRC 11089; IAM 12101; IAM 12113; NBRC 103402,E6; TK-m,THIOBACILLUS THIOPARUS (TK-M) MEDIUM (DSMZ Medium 486); THIOBACILLUS MEDIUM (DSMZ Medium 36); CIP Medium 249; CIP Medium 124,Activated sludge of the treatment of coke-oven liquor; pond water; activated sludge; agricultural soil
proteome:UP000001517,1,target_bacteria,proteome,streptococcus gallolyticus,Streptococcus gallolyticus (strain UCN34),bacdive_species_exact_name_match,validated_species_exact_name,not_candidate_row,4,0,192,96,96,154,True,3,True,36,10,True,91,62,True,75,12,True,4,6,True,"{""base_binomial_match_or_subspecies"": 44, ""normalized_species_exact"": 52}",JCM 7893; ACM 3609; JCM 5347; CCUG 66010; CCUG 55435; CCUG 55351; CCUG 55350; CCUG 55349; CCUG 55348; CCUG 55346; CCUG 55345; CCUG 55038; CCUG 54915; CCUG 52765; CCUG 51774; CCUG 49993; CCUG 49388; CCUG 49288; CCUG 48864; CCUG 48863,22-17; AmMS 236; AmMS207; 4-G10; 5-F9; 4-C11; 4-D1; D294; D208; D363; D295; D98; D210; AmMS 119; UCN 34; BIII-2; 44744; D135; 2.3; D204,MEDIUM 29- Brain heart agar; CIP Medium 29; MEDIUM 3 - Columbia agar; CIP Medium 3; MEDIUM 6 - Columbia agar with 10 % horse blood,"Brushtail possum feces; Human blood; Human prosthesis,tissue,50-yr-old man; Human blood,78-yr-old woman; Human blood,80-yr-old man"
proteome:UP000000933,1,target_bacteria,proteome,salinibacter ruber,Salinibacter ruber (strain M8),bacdive_species_exact_name_match,validated_species_exact_name,not_candidate_row,4,0,2,1,1,3,True,1,True,1,4,True,1,2,True,1,1,True,1,1,True,"{""normalized_species_exact"": 1}",DSM 13855; CECT 5946; CIP 107417,M31,SALINIBACTER RUBER MEDIUM (DSMZ Medium 936); MEDIUM 429 - for Salinibacter ruber; CIP Medium 429; CIP Medium 72,"solar saltern; Environment, Solar saltern water"
proteome:UP000000329,1,target_bacteria,proteome,herbaspirillum seropedicae,Herbaspirillum seropedicae (strain SmR1),bacdive_species_exact_name_match,validated_species_exact_name,not_candidate_row,4,0,10,5,5,21,True,1,True,3,2,True,5,7,True,2,2,True,1,1,True,"{""normalized_species_exact"": 5}",CCUG 24563; LMG 6512; LMG 10656; LMG 11133; CCUG 17677; LMG 2284; DSM 6447; ATCC 35894; CCUG 24565; LMG 6514; LMG 7118; DSM 6446; ATCC 35893; DSM 6445; ATCC 35892; NCIB 12540; CCUG 24564; LMG 6513; JCM 21448; IAM 14977,Z 152; Z 78; Z 67,HETEROTROPHIC MEDIUM H3P (DSMZ Medium 428); HERBASPIRILLUM MEDIUM (DSMZ Medium 538),"Roots,Zea mays,surface sterilized roots; Saccharum officinarum; maize roots; sorghum roots; Roots"
proteome:UP000000491,2,target_bacteria,proteome,zymomonas mobilis,Zymomonas mobilis subsp. pomaceae (strain ATCC 29192 / DSM 22645 / JCM 10191 / CCUG 17912 / NBRC 13757 / NCIMB 11200 / NRRL B-4491 / Barker I),bacdive_species_exact_name_match,validated_species_exact_name,not_candidate_row,11,1,31,11,11,60,True,3,True,11,4,True,6,10,True,5,5,True,8,10,True,"{""base_binomial_match_or_subspecies"": 4, ""normalized_species_exact"": 7}",CIP 102537; NCIMB 8777; DSM 12497; DSM 12496; CCUG 17860; CIP 102538; JCM 20722; LMG 404; NCAIM B.01327; ATCC 10988; NRRL B-806; DSM 12495; DSM 12494; DSM 14017; PROIMI A1; DSM 22645; ATCC 29192; LMG 448; NCIMB 11200; CCUG 17912,CU 1 Rif 2; CU 1; UVS 51; Z 6; AN0101; pZM01 to pZM06,MEDIUM 77 - for Zymomonas mobilis; CIP Medium 77; ZYMOMONAS MEDIUM (DSMZ Medium 10); ZYMOMONAS MOBILIS MEDIUM (DSMZ Medium 1445),"sugar cane juice; spoiled ciders; Cider,sick; Sick cider; fermenting palm sap"
taxon:211146|organism:paenarthrobacter nitroguajacolicus (arthrobacter nitroguajacolicus),1,target_bacteria,taxon_organism,paenarthrobacter nitroguajacolicus,Paenarthrobacter nitroguajacolicus (Arthrobacter nitroguajacolicus),bacdive_species_exact_name_match,validated_species_exact_name,not_candidate_row,2,0,8,4,4,10,True,1,True,4,10,True,4,4,True,4,2,True,1,1,True,"{""normalized_species_exact"": 4}",DSM 30855; DSM 15234; CCM 7049; DSM 15233; CCM 4925; DSM 15232; CCM 4924; JCM 14115; CIP 108435; IAM 15314,E1; P1P; 8/3; G2-1,TRYPTICASE SOY YEAST EXTRACT MEDIUM (DSMZ Medium 92); ISP 2; ISP 3; ISP 4; ISP 5,"SMART-1, spacecraft associated clean room; polluted soil; Forest soil; Environment, Soil"
proteome:UP000003614,1,target_bacteria,proteome,salmonella enterica,Salmonella virchow (strain SL491),bacdive_species_exact_name_match,validated_species_exact_name,not_candidate_row,6,0,400,200,200,376,True,6,True,199,18,True,57,42,True,70,21,True,28,83,True,"{""base_binomial_match_or_subspecies"": 46, ""normalized_species_exact"": 154}",CIP 55.38; NCTC 8386; CIP 107479; CCUG 46434; CIP 55.29; CIP 55.28; NCTC 7309; CIP 55.27; NCTC 7299; CIP 55.26; NCTC 7315; CIP 55.24; CIP 55.23; NCTC 7303; CIP 55.21; NCTC 7332; CIP 107125; CIP 54.143; CIP 54.140; CIP 54.139,"82K; 91K; 585K; 61; 19, M73; 13, M50; 69K; LT2; C52; S-6; Eastafrica; TA1538; 254; I137; M327, 71; 88, M453; 87, M452; M439, 86; M248, 58; M244, 57",MEDIUM 3 - Columbia agar; CIP Medium 3; MEDIUM 72- for trypto casein soja agar; CIP Medium 72; MEDIUM 29- Brain heart agar,"Human, Faeces; Poult, intestine; Gopher snake, lung; Dried egg powder; Turkey, conjunctivitis"
proteome:UP000062255,2,target_bacteria,proteome,mycolicibacterium goodii,Mycolicibacterium goodii (Mycobacterium goodii),bacdive_species_taxid_or_synonym_match,candidate_unvalidated,rescued_to_validated_species,4,0,4,2,2,7,True,1,True,1,3,True,2,2,True,2,2,True,1,2,True,"{""validated_bacdive_species_exact"": 2}",CCUG 52054; DSM 44492; ATCC 700504; CCUG 58730; CDC 860673; JCM 12689; CIP 106349,M069,PEPTONE MEAT EXTRACT GLYCEROL AGAR (DSMZ Medium 250); MIDDLEBROOK MEDIUM (DSMZ Medium 645); MEDIUM 55 - for Mycobacterium,"Human blood,70-yr-old woman,fatal infection,cancer; patient with a post-traumatic osteomyelitis of the calcaneus (heel)"
taxon:83263|organism:aminobacter aminovorans (chelatobacter heintzii),2,target_bacteria,taxon_organism,aminobacter aminovorans,Aminobacter aminovorans (Chelatobacter heintzii),bacdive_species_exact_name_match,validated_species_exact_name,not_candidate_row,2,0,20,10,10,29,True,1,True,10,8,True,10,8,True,8,2,True,2,4,True,"{""normalized_species_exact"": 10}",DSM 6466; DSM 6465; DSM 6464; DSM 6463; DSM 14059; ATCC 27109; DSM 10368; ATCC 29600; NCIMB 13986; CIP 107712; DSM 7048; ATCC 23314; JCM 7852; NCIB 9039; CCUG 2081; NCTC 2871; LMG 2122; CIP 106737; NCTC 10684; BCRC 15819,"TE7; TE6; TE5; TE4; NTA; TK3001, TK 3001; TE10; TE9; TE8",PLATE COUNT AGAR (DSMZ Medium 464); NITRILOTRIACETATE MEDIUM (DSMZ Medium 463); NUTRIENT AGAR (DSMZ Medium 1); MEDIUM 72- for trypto casein soja agar; CIP Medium 72,"waste water and soil; sewage aeration tank; soil; Environment, Soil; garden soil by enrichment with trimethylamine"
taxon:56956|organism:thermus brockianus,1,target_bacteria,taxon_organism,thermus brockianus,Thermus brockianus,bacdive_species_exact_name_match,validated_species_exact_name,not_candidate_row,2,0,4,2,2,5,True,1,True,1,1,True,2,2,True,2,2,True,1,1,True,"{""normalized_species_exact"": 2}",JCM 11602; BCRC 17272; NBRC 110747; NCIMB 12676; DSM 104090,GE-1,THERMUS 162 MEDIUM (DSMZ Medium 878),Hot spring in Yellowstone National Park; Hot spring within Geysir geothermal area
proteome:UP000037566,1,target_bacteria,proteome,komagataeibacter europaeus,Komagataeibacter europaeus (Gluconacetobacter europaeus),bacdive_species_exact_name_match,validated_species_exact_name,not_candidate_row,5,0,12,6,6,18,True,1,True,6,6,True,5,4,True,4,1,True,1,2,True,"{""normalized_species_exact"": 6}",CIP 107101; DSM 13112; ZIM B028; DSM 13110; ZIM B021 (type 2); ZIM B021; type 2; DSM 13109; ZIM B021 (type 1); type 1; DSM 6161; DSM 6160; ATCC 51845; BCC 36446; JCM 16935; BCRC 17053; LMG 18724; LMG 18890,"V3; type 2, JK2, JK2, type 2; type 1, JK2, JK2, type 1; 28; 21",MEDIUM 289 - for Acetobacter intermedius; CIP Medium 289; GLUCONACETOBACTER MEDIUM (DSMZ Medium 1430); GLUCONOBACTER OXYDANS MEDIUM (DSMZ Medium 105); ACETOBACTER EUROPAEUS MEDIUM (DSMZ Medium 631),Cider vinegar; wine vinegar; cider vinegar; Submerged culture vinegar generator at a factory in Esslingen in the southern part of Germany
taxon:66869|organism:streptomyces atroolivaceus,1,target_bacteria,taxon_organism,streptomyces atroolivaceus,Streptomyces atroolivaceus,bacdive_species_exact_name_match,validated_species_exact_name,not_candidate_row,2,0,10,5,5,43,True,1,True,4,5,True,3,3,True,2,2,True,1,3,True,"{""normalized_species_exact"": 5}",STI40160; DSM 42161; DSM 46459; IMET 41324; DSM 40211; ATCC 15882; ATCC 23944; CBS 928.68; IFO 12897; INMI 1475; ISP 5211; JCM 4432; JCM 4658; NBRC 12897; RIA 1157; RIA 661; BCRC 13793; CGMCC 4.1739; NRRL B-3374; VKM Ac-259,JA04832; BCRU MITI 12,"GYM STREPTOMYCES MEDIUM (DSMZ Medium 65); ROLLED OATS MINERAL MEDIUM (DSMZ Medium 84); STARCH - MINERAL SALT - AGAR (STMS) (DSMZ Medium 252); MEDIUM 57 - for Streptomyces, Nocardioides, Lentzea albidocapillata and Streptoverticillium reticulum; CIP Medium 57",Pseudocyphellaria berberina(Lichenized Ascomycotal); Soil; soil
taxon:29448|organism:bradyrhizobium elkanii,1,target_bacteria,taxon_organism,bradyrhizobium elkanii,Bradyrhizobium elkanii,bacdive_species_exact_name_match,validated_species_exact_name,not_candidate_row,2,0,18,9,9,14,True,1,True,1,1,True,9,5,True,9,2,True,2,4,True,"{""normalized_species_exact"": 9}",JCM 10832; USDA 94; CCUG 57705; CCUG 56519; CCUG 56518; CCUG 53411; CCUG 52706; CCUG 52681 B; CCUG 52553 B; DSM 11554; ATCC 49852; USDA 76; JCM 20971; IAM 13629,,RHIZOBIUM MEDIUM (DSMZ Medium 98),"Root nodules of <I>Glycine max</I>; Water,industry; Water for injection,bioburden; Water,pharmacope quality,industry; soybean <I>Glycine max</I>"
taxon:1515|organism:acetivibrio thermocellus (hungateiclostridium thermocellum) (clostridium thermocellum),2,target_bacteria,taxon_organism,acetivibrio thermocellus,Acetivibrio thermocellus (Hungateiclostridium thermocellum) (Clostridium thermocellum),bacdive_species_exact_name_match,validated_species_exact_name,not_candidate_row,2,0,14,7,7,20,True,1,True,7,3,True,5,6,True,6,2,True,6,8,True,"{""normalized_species_exact"": 7}",DSM 29190; BC 1; DSM 25992; DSM 25991; DSM 4150; ATCC 31549; DSM 2360; JCM 9323; ATCC 35609; DSM 1237; ATCC 27405; JCM 9322; NCIMB 10682; CECT 593; IAM 13660; LMG 10435; NBRC 103400; NRRL B-4536; VPI 7372; DSM 1313,AD2; YS; JW 20; LQR1; LQ8,ACETIVIBRIO MEDIUM (DSMZ Medium 122); CLOSTRIDIUM (GS) MEDIUM (DSMZ Medium 255); RUMINOCLOSTRIDIUM CELLULOLYTICUM (CM3) MEDIUM (DSMZ Medium 520),"compost treatment site; hot spring soil sample; cotton; isolated from contaminated culture of <I>Clostridium thermocellum</I>, strain LQ8 (R.Y. Quinn); Laboratory contamination"
taxon:408|organism:methylorubrum extorquens (methylobacterium dichloromethanicum) (methylobacterium extorquens),2,target_bacteria,taxon_organism,methylorubrum extorquens,Methylorubrum extorquens (Methylobacterium dichloromethanicum) (Methylobacterium extorquens),bacdive_species_exact_name_match,validated_species_exact_name,not_candidate_row,2,0,58,29,29,80,True,1,True,8,7,True,16,15,True,12,6,True,5,5,True,"{""normalized_species_exact"": 29}",JCM 2834; NRRL B-3449; JCM 2832; NCIMB 11350; JCM 2827; ATCC 21438; JCM 2826; NCIMB 10605; JCM 2818; NCIMB 10603; JCM 2817; NCIMB 10601; JCM 2814; NCIMB 10600; JCM 2813; NCIMB 10599; JCM 2812; NCIMB 10598; JCM 2809; ATCC 21613,"T2_29; PA1; ID 585-99, isolate F; DM4; M27; 0355, D355, AM1; TK 0001",GLYCEROL-YEAST EXTRACT-PEPTONE MEDIUM (DSMZ Medium 1484); R2A MEDIUM (DSMZ Medium 830); CASO AGAR (MERCK 105458) (DSMZ Medium 220); NUTRIENT AGAR (DSMZ Medium 1); MINERAL MEDIUM (BRUNNER) (DSMZ Medium 457),"Soil; Mine water; Industry,floor; Human intestinal mucosa,45-yr-old patient; Human blood"
taxon:238|organism:elizabethkingia meningoseptica (chryseobacterium meningosepticum),8,target_bacteria,taxon_organism,elizabethkingia meningoseptica,Elizabethkingia meningoseptica (Chryseobacterium meningosepticum),bacdive_species_exact_name_match,validated_species_exact_name,not_candidate_row,2,0,152,76,76,117,True,1,True,25,8,True,71,55,True,68,10,True,7,10,True,"{""normalized_species_exact"": 76}",DSM 107744; CCUG 69524; CCUG 69521; CCUG 69520; CCUG 69518; CCUG 69515; CCUG 69509; CCUG 69508; CCUG 69507; CCUG 51574; CCUG 42630; CCUG 42353; CCUG 41754; CCUG 41404; CCUG 39437; CCUG 39291; CCUG 38902; CCUG 37945; CCUG 37255; CCUG 35954,"Dres_ElizSp_24; 929-82; 393-79; 928-82; 590.76; 28-80; 260-79; G4071, 13-78; 8707; 8388; LDVH AR107; PINT; AmMS 250; 58-80; 37-75; 30-78; 371.81; 34.87; 40-78; 14 (serotype A)",TRYPTICASE SOY YEAST EXTRACT MEDIUM (DSMZ Medium 92); MEDIUM 72- for trypto casein soja agar; CIP Medium 72; MEDIUM 3 - Columbia agar; CIP Medium 3,swab; Human CSF; Human blood; Human trachea aspirate; Human sputum
taxon:375|organism:bradyrhizobium japonicum,1,target_bacteria,taxon_organism,bradyrhizobium japonicum,Bradyrhizobium japonicum,bacdive_species_exact_name_match,validated_species_exact_name,not_candidate_row,2,0,26,13,13,37,True,1,True,4,6,True,9,6,True,8,1,True,3,4,True,"{""normalized_species_exact"": 13}",JCM 20362; IAM 12034; JCM 10834; USDA 123; JCM 10350; JCM 10349; JCM 10348; JCM 10347; JCM 10346; JCM 10345; JCM 10344; DSM 30131; ATCC 10324; CCUG 27876; LMG 6138; CECT 530; JCM 20679; BCRC 13518; BCRC 80814; CCTM La 3681,3I1b6; SR,RHIZOBIUM MEDIUM (DSMZ Medium 98); MEDIUM 296 - for Rhizobium; R2A MEDIUM (DSMZ Medium 830); CIP Medium 296; MINERAL MEDIUM FOR CHEMOLITHOTROPHIC GROWTH (H-3) (DSMZ Medium 81),"Root nodules of <I>Glycine max</I>; Nodule of <I>Glycine max</I> cultivated in soil collected in Tokachi field at Tokachi Agricultural Station; Nodule of <I>Glycine max</I> cultivated in soil collected in Nagakura field at Niigata Agricultural Experiment Station; Nodule of <I>Glycine max</I> cultivated in soil collected in Nakazawa field at Niigata Agricultural Experiment Station; Soy bean,Glycine hispida,nodule"
taxon:1076|organism:rhodopseudomonas palustris,1,target_bacteria,taxon_organism,rhodopseudomonas palustris,Rhodopseudomonas palustris,bacdive_species_exact_name_match,validated_species_exact_name,not_candidate_row,2,0,14,7,5,20,True,1,True,5,4,True,4,6,True,2,2,True,2,3,True,"{""normalized_species_exact"": 7}",DSM 126; Pfennig 1850; ATCC 17001; BCRC 16408; CIP 103513; ATCC 11168; NCIMB 8288; NCIMB 8252; ATH 2.1.6.; DSM 8283; ATCC 33872; DSM 5869; JCM 2524; CGMCC 1.2180; IFO 16661; NBRC 16661; CIP 103836; DSM 131; DSM 127; Pfennig 7850,"1850; Pa16, 2.1.6, ATH 2.1.6; SF000717; SF000326; R1; Klemme S1, S-1; 7850",RHODOSPIRILLACEAE MEDIUM (modified) (DSMZ Medium 27); CIP Medium 69; R 8 A H MEDIUM (DSMZ Medium 651); MEDIUM 69 - for Rhodopseudomonas palustris,"polluted pond; soil, rice field; Soil in rice field; Environment, Soil, rice field; garden pond"
proteome:UP000014463,3,target_bacteria,proteome,litchfieldella anticariensis,Litchfieldella anticariensis (strain DSM 16096 / CECT 5854 / CIP 108499 / LMG 22089 / FP35) (Halomonas anticariensis),bacdive_species_taxid_or_synonym_match,validated_species_taxid_or_synonym,not_candidate_row,10,0,11,2,2,4,True,2,True,2,3,True,2,2,True,2,1,True,1,2,True,"{""validated_bacdive_species_exact"": 2}",CIP 108499; LMG 22089; CECT 5854; DSM 16096,FP35,CIP Medium 13; BACTO MARINE BROTH (DIFCO 2216) (DSMZ Medium 514); Marine agar (MA),"Environment, Soil sample; soil"
taxon:314292|organism:photobacterium angustum (strain s14 / ccug 15956) (vibrio sp. (strain s14 / ccug 15956)),1,target_bacteria,taxon_organism,photobacterium angustum,Photobacterium angustum (strain S14 / CCUG 15956) (Vibrio sp. (strain S14 / CCUG 15956)),bacdive_species_exact_name_match,validated_species_exact_name,not_candidate_row,3,0,2,1,1,7,True,1,True,1,3,True,1,3,True,1,1,True,1,2,True,"{""normalized_species_exact"": 1}",DSM 19184; ATCC 25915; CCUG 16300; CIP 75.10; LMG 8455; NCIMB 1895; KCTC 12322,68,REACTIVATION WITH LIQUID MEDIUM 514 (DSMZ Medium 514c); Marine agar (MA); CIP Medium 13,"seawater at depth of 750 m; Seawater; Environment, Seawater at depth of 750 meters"
taxon:132473|organism:streptomyces alboniger,1,target_bacteria,taxon_organism,streptomyces alboniger,Streptomyces alboniger,bacdive_species_exact_name_match,validated_species_exact_name,not_candidate_row,2,0,2,1,1,23,True,1,True,1,2,True,1,2,True,0,0,False,1,2,True,"{""normalized_species_exact"": 1}",DSM 40043; ATCC 12461; ATCC 19722; CBS 461.68; IFO 12738; ISP 5043; NBRC 12738; RIA 1003; JCM 4309; BCRC 11606; CECT 3270; CGMCC 4.1695; HAMBI 53; IMET 43691; JCM 4563; KCTC 9014; LMG 8577; MTCC 925; NCIMB 13007; NRRL B-1832,P-638,ROLLED OATS MINERAL MEDIUM (DSMZ Medium 84); GYM STREPTOMYCES MEDIUM (DSMZ Medium 65),forest soil; Soil
taxon:569|organism:hafnia alvei,1,target_bacteria,taxon_organism,hafnia alvei,Hafnia alvei,bacdive_species_exact_name_match,validated_species_exact_name,not_candidate_row,2,0,98,49,49,72,True,1,True,27,9,True,30,23,True,26,6,True,7,10,True,"{""normalized_species_exact"": 49}",DSM 115327; CRBIP17.81; JCM 24184; ATCC 9760; NCTC 6578; CCUG 59789; CCUG 59411; CCUG 46053; CCUG 45642; CCUG 42414; CCUG 41637; CCUG 41540; CCUG 37955; CCUG 35918; CCUG 32973; CCUG 31437; CCUG 31269; CCUG 30716; CCUG 30687; CCUG 30329,115327; CIMB 05-1105; 5632-72; mutant 12; mutant 9; mutant 8; mutant 6; mutant 4; 1; mutant 17; mutant 7; mutant 15; mutant 14; mutant 2; mutant 11; FB1; 1004; WS 20745; Type 32011; 21183,TRYPTICASE SOY YEAST EXTRACT MEDIUM (DSMZ Medium 92); CIP Medium 72; MEDIUM 3 - Columbia agar; CIP Medium 3; MEDIUM 72- for trypto casein soja agar,"Urine; Human, Faeces; Human sputum,59-yr-old male; Human; Human sputum"
taxon:1919|organism:streptomyces microflavus (streptomyces lipmanii),1,target_bacteria,taxon_organism,streptomyces microflavus,Streptomyces microflavus (Streptomyces lipmanii),bacdive_species_exact_name_match,validated_species_exact_name,not_candidate_row,2,0,78,39,14,162,True,2,True,13,10,True,6,4,True,2,2,True,2,3,True,"{""normalized_species_exact"": 38, ""validated_bacdive_id_from_closure"": 1}",ST008119; DSM 41001; IMRU 3005; DSM 40920; DSM 41928; KACC 20252; LMG 21390; DSM 40937; AS 4.1843; CBS 219.25; JCM 5078; LMG 19953; NBRC 101256; NRRL B-2249; CGMCC 4.1843; CGMCC 4.2075; IFO 15421; MTCC 1540; NBRC 15421; DSM 40861,IMET 43776; 1; SF006391; SF006394; SF006393; SF006364; SF006048; SF006433; SF002411; SF004332; SF001841; SF001834; SF001670; SF004208; SF004174; SF004171; SF004154; SF001575; SF001554; SF004132,GYM STREPTOMYCES MEDIUM (DSMZ Medium 65); ROLLED OATS MINERAL MEDIUM (DSMZ Medium 84); STARCH - MINERAL SALT - AGAR (STMS) (DSMZ Medium 252); ISP 2; ISP 3,"Potatoes; potato cv. Atlantic, raised corky lesions; soil; man, streptotrichosis of liver"
taxon:757414|organism:pseudomonas cannabina pv. alisalensis,1,target_bacteria,taxon_organism,pseudomonas cannabina,Pseudomonas cannabina pv. alisalensis,bacdive_species_exact_name_match,validated_species_exact_name,not_candidate_row,2,0,2,1,1,7,True,1,True,1,3,True,1,2,True,1,1,True,1,2,True,"{""normalized_species_exact"": 1}",DSM 16822; CFBP 2341; CIP 106140; ICMP 2823; LMG 5096; NCPPB 1437; CCUG 51523,L01,YPGA (DSMZ Medium 1015); MEDIUM 3 - Columbia agar; CIP Medium 3,<I>Cannabis sativa</I>; Cannabis sativa
taxon:48935|organism:novosphingobium aromaticivorans (sphingomonas aromaticivorans),4,target_bacteria,taxon_organism,novosphingobium aromaticivorans,Novosphingobium aromaticivorans (Sphingomonas aromaticivorans),bacdive_species_exact_name_match,validated_species_exact_name,not_candidate_row,2,0,6,3,3,15,True,2,True,3,6,True,3,5,True,2,2,True,2,2,True,"{""normalized_species_exact"": 2, ""validated_bacdive_id_from_closure"": 1}",CIP 109990; DSM 12445; CIP 105154; IFO 16085; NBRC 16085; SMCC B0712; ATCC 700280; CCUG 56445; DSM 12444; SMCC F199; CIP 105152; ATCC 700278; IFO 16084; CCUG 56443; HAMBI 2257,Trouvé; B0712; F199,MEDIUM 72- for trypto casein soja agar; CIP Medium 72; CIP Medium 566; R2A MEDIUM (DSMZ Medium 830); MINERAL MEDIUM (BRUNNER) (DSMZ Medium 457),"Human, Sinus; subsurface core at 359 m depth; Environment, Atlantic coastal plain subsurface sediments (saturated); subsurface cretaceous age formation at 410 m depth; Environment, Atlantic coastal plain sediments (saturated)"
taxon:1932|organism:streptomyces tendae,1,target_bacteria,taxon_organism,streptomyces tendae,Streptomyces tendae,bacdive_species_exact_name_match,validated_species_exact_name,not_candidate_row,2,0,8,4,4,27,True,1,True,3,1,True,1,2,True,1,1,True,1,1,True,"{""normalized_species_exact"": 4}",STH00179; DSM 40732; DSM 40729; JCM 4987; DSM 40101; ATCC 19812; CBS 565.68; IFO 12822; ISP 5101; JCM 4149; NBRC 12822; RIA 1092; RIA 534; ETH 11313; BCRC 12167; CBS 431.59; CGMCC 4.1460; ICMP 132; IFM 1176; IMET 40459,46174; Tü 353; Tü 117,GYM STREPTOMYCES MEDIUM (DSMZ Medium 65),soil; Soil
taxon:37930|organism:glutamicibacter protophormiae (brevibacterium protophormiae),18,target_bacteria,taxon_organism,glutamicibacter protophormiae,Glutamicibacter protophormiae (Brevibacterium protophormiae),bacdive_species_exact_name_match,validated_species_exact_name,not_candidate_row,2,0,4,2,2,18,True,1,True,2,3,True,2,4,True,1,1,True,1,3,True,"{""normalized_species_exact"": 2}",DSM 20644; ATCC 17775; DSM 20168; ATCC 19271; CCEB 282; CIP 106987; JCM 1973; LMG 16324; NBRC 12128; VKM Ac-2104; BCRC 12118; CCM 4749; CGMCC 1.1921; IFO 12128; KACC 10933; KCTC 3385; NCIMB 12765; CCRC 12118,23-2A; M-570,CORYNEBACTERIUM AGAR (DSMZ Medium 53); MEDIUM 72- for trypto casein soja agar; CIP Medium 72,"soil; fly (<I>Protophormia terraenovae</I>); Fly (<I>Protophormia terrae-novae</I>); Fly, Protophormia terraenovae"
taxon:1548|organism:clostridium scatologenes,8,target_bacteria,taxon_organism,clostridium scatologenes,Clostridium scatologenes,bacdive_species_exact_name_match,validated_species_exact_name,not_candidate_row,2,0,2,1,1,8,True,1,True,1,1,True,0,0,False,0,0,False,1,2,True,"{""normalized_species_exact"": 1}",DSM 757; ATCC 25775; NCIMB 8855; VPI 5393; JCM 1414; BCRC 14540; CCUG 9283; NCTC 12992,,CHOPPED MEAT MEDIUM WITH CARBOHYDRATES (DSMZ Medium 110),
taxon:29494|organism:vibrio furnissii,2,target_bacteria,taxon_organism,vibrio furnissii,Vibrio furnissii,bacdive_species_exact_name_match,validated_species_exact_name,not_candidate_row,2,0,6,3,3,17,True,1,True,2,6,True,3,7,True,2,2,True,2,5,True,"{""normalized_species_exact"": 3}",CCUG 37302; ATCC 33813; LMG 11757; NCTC 13120; CIP 102972; KCTC 2731; DSM 19622; ATCC 35016; CCUG 37301; CDC B3215; LMG 7910; CCUG 15269; DSM 14383; NCTC 11218; WDCM 00186; CCUG 37458; CIP 111066,"91 19-82, B3215; 2510/74, VL 6966, TRURO 2510/74 VL 6966",BACTO MARINE BROTH (DIFCO 2216) (DSMZ Medium 514); TRYPTICASE SOY YEAST EXTRACT MEDIUM (DSMZ Medium 92); COLUMBIA BLOOD MEDIUM (DSMZ Medium 693); MEDIUM 72- for trypto casein soja agar; CIP Medium 72,"River water; faeces of an adult woman with gastroenteritis; Human feces; Human, Feces; estaurine water"
taxon:384|organism:rhizobium leguminosarum,1,target_bacteria,taxon_organism,rhizobium leguminosarum,Rhizobium leguminosarum,bacdive_species_exact_name_match,validated_species_exact_name,not_candidate_row,2,0,34,17,17,46,True,2,True,14,8,True,4,4,True,1,1,True,4,6,True,"{""normalized_species_exact"": 16, ""validated_bacdive_id_from_closure"": 1}",CIP 106959; ATCC 10004; IAM 12609; OUT 30008; IFO 14778; DSM 106839; LMG 14904; CIP 108029; AS 1.3045; CCBAU 71042; DSM 30143; DSM 60273; DSM 30141; ATCC 14480; JCM 20684; IAM 12613; NBRC 14784; DSM 30139; ATCC 14481; DSM 30138,"3Hoq18; 580; 3D1k22a; 3D1r1; 3D1k5; 3HOa1; 92A3; 175F1; NZ 29; 3D1q25a; 3D1K2; RCR 3622; LPR5035, pRtr5a::Tn5; ANU618, pBR1AN",Rhizobium medium (DSMZ Medium 1848); RHIZOBIUM MEDIUM (DSMZ Medium 98); R2A MEDIUM (DSMZ Medium 830); MEDIUM 296 - for Rhizobium; CIP Medium 296,Effective nodules of Pisum sativum; Indigofera amblyantha; <I>Vicia sativa</I>; <I>Cicer arietinum</I>
taxon:188|organism:paramagnetospirillum magnetotacticum (aquaspirillum magnetotacticum),2,target_bacteria,taxon_organism,paramagnetospirillum magnetotacticum,Paramagnetospirillum magnetotacticum (Aquaspirillum magnetotacticum),bacdive_species_taxid_or_synonym_match,candidate_unvalidated,rescued_to_validated_species,2,0,2,1,1,10,True,1,True,1,1,True,1,2,True,1,1,True,1,1,True,"{""validated_bacdive_species_exact"": 1}",DSM 3856; ATCC 31632; IFO 15272; NBRC 15272; JCM 21281; IAM 14723; LMG 10894; LMG 5965; LMG 6118; NCIMB 12542,MS-1,MAGNETOSPIRILLUM MEDIUM (DSMZ Medium 380),freshwater sediment; Freshwater swamp
taxon:28885|organism:hydrogenovibrio marinus,6,target_bacteria,taxon_organism,hydrogenovibrio marinus,Hydrogenovibrio marinus,bacdive_species_exact_name_match,validated_species_exact_name,not_candidate_row,2,0,2,1,1,2,True,1,True,1,2,True,1,2,True,1,1,True,1,3,True,"{""normalized_species_exact"": 1}",DSM 11271; JCM 7688,,MINERAL MEDIUM FOR CHEMOLITHOTROPHIC GROWTH (H-3) (DSMZ Medium 81); HYDROGENOBACTER HALOPHILUS MEDIUM (DSMZ Medium 744),sea water; Seawater of the Shonan Coast
taxon:913|organism:nitrobacter winogradskyi (nitrobacter agilis),2,target_bacteria,taxon_organism,nitrobacter winogradskyi,Nitrobacter winogradskyi (Nitrobacter agilis),bacdive_species_exact_name_match,validated_species_exact_name,not_candidate_row,2,0,4,2,2,6,True,1,True,1,1,True,0,0,False,0,0,False,2,2,True,"{""normalized_species_exact"": 2}",CCUG 27769; IFO 14297; NBRC 14297; ATCC 14123; DSM 10237; ATCC 25391,"255, Nb-255",MIXOTROPHIC NITROBACTER MEDIUM (DSMZ Medium 756a),
taxon:47421|organism:hydrogenophaga pseudoflava (pseudomonas carboxydoflava),5,target_bacteria,taxon_organism,hydrogenophaga pseudoflava,Hydrogenophaga pseudoflava (Pseudomonas carboxydoflava),bacdive_species_exact_name_match,validated_species_exact_name,not_candidate_row,2,0,6,3,3,16,True,1,True,2,4,True,3,7,True,3,2,True,2,2,True,"{""normalized_species_exact"": 3}",CCUG 22765; LMG 8356t1; LMG 8356 1; DSM 1084; DSM 1034; ATCC 33668; CCUG 13799; LMG 5945; JCM 21410; BCRC 13892; CCM 4455; CFBP 2439; CIP 103270; IAM 14928; KACC 10200; NBRC 102511,"Z-1107; GA3, GA 3","CARBON MONOXIDE OXIDIZER MEDIUM (DSMZ Medium 133); NUTRIENT AGAR (DSMZ Medium 1); MEDIUM 18 - for Hydrogenophaga, Vogesella and Pseudomonas genera; CIP Medium 18","Soil; mud and soil; water samples; soil, mud and water by enrichment for hydrogen 
bacteria; Water,river"
proteome:UP000002622,1,target_bacteria,proteome,salmonella enterica,Salmonella typhimurium (strain D23580),bacdive_species_exact_name_match,validated_species_exact_name,not_candidate_row,6,0,400,200,200,376,True,6,True,199,18,True,57,42,True,70,21,True,28,83,True,"{""base_binomial_match_or_subspecies"": 46, ""normalized_species_exact"": 154}",CIP 55.38; NCTC 8386; CIP 107479; CCUG 46434; CIP 55.29; CIP 55.28; NCTC 7309; CIP 55.27; NCTC 7299; CIP 55.26; NCTC 7315; CIP 55.24; CIP 55.23; NCTC 7303; CIP 55.21; NCTC 7332; CIP 107125; CIP 54.143; CIP 54.140; CIP 54.139,"82K; 91K; 585K; 61; 19, M73; 13, M50; 69K; LT2; C52; S-6; Eastafrica; TA1538; 254; I137; M327, 71; 88, M453; 87, M452; M439, 86; M248, 58; M244, 57",MEDIUM 3 - Columbia agar; CIP Medium 3; MEDIUM 72- for trypto casein soja agar; CIP Medium 72; MEDIUM 29- Brain heart agar,"Human, Faeces; Poult, intestine; Gopher snake, lung; Dried egg powder; Turkey, conjunctivitis"
proteome:UP000002634,1,target_bacteria,proteome,edwardsiella piscicida,Edwardsiella piscicida,bacdive_species_exact_name_match,validated_species_exact_name,not_candidate_row,4,0,2,1,1,3,True,1,True,1,2,True,1,2,True,1,1,True,0,0,False,"{""normalized_species_exact"": 1}",DSM 104083; CCUG 62929; NCIMB 14824,ET883,TRYPTICASE SOY YEAST EXTRACT MEDIUM (DSMZ Medium 92); COLUMBIA BLOOD MEDIUM (DSMZ Medium 693),diseased European eel (<i>Anguilla anguilla</i>); European eel (Anguilla anguilla)
proteome:UP000001889,4,target_bacteria,proteome,citrobacter rodentium,Citrobacter rodentium (strain ICC168) (Citrobacter freundii biotype 4280),bacdive_species_exact_name_match,validated_species_exact_name,not_candidate_row,4,0,6,3,3,10,True,1,True,3,6,True,1,4,True,1,2,True,1,4,True,"{""normalized_species_exact"": 3}",CIP 105015; CIP 104934; DSM 16636; ATCC 51116; CDC 1843-73; CIP 104675; CCUG 30795; JCM 14073; CCM 7398; NBRC 105723,2643-76; 3311-75; DO 14784,MEDIUM 3 - Columbia agar; CIP Medium 3; MEDIUM 72- for trypto casein soja agar; CIP Medium 72; TRYPTICASE SOY YEAST EXTRACT MEDIUM (DSMZ Medium 92),"hamster; Mouse; Hamster; Animal, Hamster"
taxon:41986|organism:agromyces mediolanus (corynebacterium mediolanum),1,target_bacteria,taxon_organism,agromyces mediolanus,Agromyces mediolanus (Corynebacterium mediolanum),bacdive_species_exact_name_match,validated_species_exact_name,not_candidate_row,2,0,16,8,8,26,True,1,True,2,10,True,7,6,True,5,3,True,2,4,True,"{""normalized_species_exact"": 8}",JCM 9633; JCM 9632; JCM 9631; LMG 18118; CCUG 65378; CCUG 34759; CCUG 30720; DSM 20152; ATCC 14004; JCM 3346; NCIB 7206; CIP 104860; IFO 15704; KCTC 3136; NBRC 15704; NCIMB 7206; VKM Ac-1388; DSM 40; ATCC 13930; JCM 1376,,CORYNEBACTERIUM AGAR (DSMZ Medium 53); ISP 2; ISP 3; ISP 4; ISP 5,"Water filter; Soil; Dyrkningsmedie; Human blood,65-yr-old man; Human bronchial alveolar lavage"
taxon:187400|organism:paracoccus zeaxanthinifaciens,2,target_bacteria,taxon_organism,paracoccus zeaxanthinifaciens,Paracoccus zeaxanthinifaciens,bacdive_species_exact_name_match,validated_species_exact_name,not_candidate_row,2,0,2,1,1,4,True,1,True,0,0,False,1,1,True,0,0,False,1,2,True,"{""normalized_species_exact"": 1}",JCM 21774; ATCC 21588; IAM 15326; LMG 21293,,,Seaweed from the coast of the African Red Sea
taxon:40837|organism:mycoplana ramosa (mycoplana bullata),5,target_bacteria,taxon_organism,mycoplana ramosa,Mycoplana ramosa (Mycoplana bullata),bacdive_species_exact_name_match,validated_species_exact_name,not_candidate_row,2,0,2,1,1,9,True,1,True,1,1,True,1,2,True,0,0,False,1,2,True,"{""normalized_species_exact"": 1}",DSM 7292; ATCC 49678; NCIMB 9440; CCUG 55609; JCM 7822; LMG 3026; IFO 15249; IAM 13949; NBRC 15249,M51,NUTRIENT AGAR (DSMZ Medium 1),soil; Soil
taxon:746361|organism:lactococcus lactis subsp. cremoris (strain nz9000),3,target_bacteria,taxon_organism,lactococcus lactis,Lactococcus lactis subsp. cremoris (strain NZ9000),bacdive_species_exact_name_match,validated_species_exact_name,not_candidate_row,2,0,106,53,53,122,True,2,True,24,11,True,33,35,True,26,8,True,8,27,True,"{""base_binomial_match_or_subspecies"": 10, ""normalized_species_exact"": 43}",DSM 117780; DSM 110082; JCM 20399; IAM 12092; JCM 20128; ATU L-17; IAM 1249; JCM 20101; ATU L-31; IAM 1198; JCM 18008; FERM AP-21288; JCM 12650; DSM 111870; DSM 111869; DSM 111868; DSM 111832; DSM 27303; CCUG 61221; CCUG 60423,"A537/21; CLA-AV-14; SB 261; SB 150; SB 352; SB 17; SV21; 129.86; J4 Alger; J4 conserves; H 214, N35; N34, RICE; E9; Berridge X 13; 2; OJ, N30; 5; 54296; 117; Lactose/Citrate plasmid, W932",LB (Luria-Bertani) MEDIUM (DSMZ Medium 381); COLUMBIA BLOOD MEDIUM (DSMZ Medium 693); BHI MEDIUM (DSMZ Medium 215); MRS MEDIUM (DSMZ Medium 11); TRYPTICASE SOY YEAST EXTRACT MEDIUM (DSMZ Medium 92),"milk; caecal content; female, wild mouse; Milk; kefir grains; Formaggella raw milk cheese"
taxon:1407|organism:peribacillus psychrosaccharolyticus (bacillus psychrosaccharolyticus),2,target_bacteria,taxon_organism,peribacillus psychrosaccharolyticus,Peribacillus psychrosaccharolyticus (Bacillus psychrosaccharolyticus),bacdive_species_exact_name_match,validated_species_exact_name,not_candidate_row,2,0,14,7,7,14,True,1,True,3,5,True,5,2,True,3,1,True,1,1,True,"{""normalized_species_exact"": 3, ""validated_bacdive_id_from_closure"": 4}",CCUG 47695 A; CCUG 47694 A; CCUG 47693 A; DSM 13778; DSM 6; ATCC 23296; LMG 9580; NCIMB 11729; CIP 106932; CCUG 28882; DSM 2271; ATCC 23298; DSM 2270; ATCC 23297,"Stokes T25B; T25B, B-3394; T27B; T15A",BACTO MARINE BROTH (DIFCO 2216) (DSMZ Medium 514); NUTRIENT AGAR (DSMZ Medium 1); MEDIUM 29- Brain heart agar; CIP Medium 29; CASO AGAR (MERCK 105458) (DSMZ Medium 220),"Industry,glove; soil or lowland marsh"
taxon:39687|organism:mycolicibacterium austroafricanum (mycobacterium austroafricanum),2,target_bacteria,taxon_organism,mycolicibacterium austroafricanum,Mycolicibacterium austroafricanum (Mycobacterium austroafricanum),bacdive_species_taxid_or_synonym_match,candidate_unvalidated,rescued_to_validated_species,2,0,8,4,4,20,True,1,True,4,16,True,4,9,True,4,4,True,2,3,True,"{""validated_bacdive_species_exact"": 4}",CCUG 55853; LMG 19257; CIP 107822; JCM 13017; KCTC 9966; DSM 7251; NRRL B-24157; BCRC 16820; DSM 44192; ATCC 33465; DSM 44191; ATCC 33464; JCM 6369; CCUG 37667; CIP 105395; HAMBI 2271; KCTC 9504; DSM 14262; ATCC 29678; CIP 105723,"PYR-1; E 9790-SA 12442; E9789-SA 12441, SA12441, 9789, 14 150 0001; JOB-5",TRYPTICASE SOY BROTH AGAR (DSMZ Medium 535); MIDDLEBROOK MEDIUM (DSMZ Medium 645); PLATES WITH FLUORANTHENE (DSMZ Medium 462a); BHI MEDIUM (DSMZ Medium 215); MB7H10,"estuarine sediments polluted with petrols; Estuarine sediments polluted with petrols; Sediment in an oil-contaminated site in Redfish Bay; Environment, Oil contaminated sediment; water"
taxon:168927|organism:escherichia coli o111:h-,2,target_bacteria,taxon_organism,escherichia coli,Escherichia coli O111:H-,bacdive_species_exact_name_match,validated_species_exact_name,not_candidate_row,4,0,400,200,200,423,True,0,False,83,19,True,10,13,True,4,3,True,18,53,True,"{""normalized_species_exact"": 200}",DSM 6215; ATCC 37371; DSM 6214; ATCC 39531; DSM 6213; ATCC 41036; DSM 6212; ATCC 37375; DSM 6202; ATCC 37032; DSM 6201; ATCC 35673; DSM 6197; ATCC 47019; DSM 6196; ATCC 47018; DSM 6189; ATCC 37064; CCRC 41300; DSM 6188,"pfdB2; K12 MC1000, MC1000; pHB-1; pfdA2; pSC101; K12 HB101 DB6507, DB6507, FD 27747, HB101 DB6507; K12 Q359, Q359; K12 Q358, Q358; YIP33; DP50; YEp24; YIp5; pSP65; K12 TG1, TG1; pBluescribe M13-, PC-V3046; PC-V3138, pYAC3; PC-V3058, pGEM-3Zf(-); PC-V3057, pGEM-3Zf(+); pBluescribe M13+, PC-V3045; pBGS8, PC-V3012",LB (Luria-Bertani) MEDIUM (DSMZ Medium 381); NUTRIENT AGAR (DSMZ Medium 1); Mineral medium M9 for E. coli JM strains (DSMZ Medium 382); MEDIUM 72- for trypto casein soja agar; CIP Medium 72,"Canine; Animal, Canine; food; freshwater (river, lake, pond); faeces"
taxon:58351|organism:kitasatospora kifunensis (streptomyces kifunensis),2,target_bacteria,taxon_organism,kitasatospora kifunensis,Kitasatospora kifunensis (Streptomyces kifunensis),bacdive_species_exact_name_match,validated_species_exact_name,not_candidate_row,2,0,6,3,3,15,True,1,True,2,8,True,3,4,True,2,1,True,1,1,True,"{""normalized_species_exact"": 3}",JCM 18003; FERM P-19712; DSM 44790; HKI 0316; NCIMB 13978; JCM 13007; DSM 41654; ATCC 51379; IFO 15206; NBRC 15206; JCM 9081; CGMCC 4.1917; IAM 15160; KCTC 9734; VKM Ac-2003,2122-022,ROLLED OATS MINERAL MEDIUM (DSMZ Medium 84); GYM STREPTOMYCES MEDIUM (DSMZ Medium 65); ISP 2; ISP 3; ISP 4,Forest soil; park soil; Soil; soil
taxon:195709|organism:xanthomonas campestris pv. juglandis (xanthomonas arboricola pv. juglandis),1,target_bacteria,taxon_organism,xanthomonas arboricola,Xanthomonas campestris pv. juglandis (Xanthomonas arboricola pv. juglandis),bacdive_species_exact_name_match,validated_species_exact_name,not_candidate_row,2,0,8,4,4,17,True,1,True,4,5,True,4,4,True,3,2,True,2,4,True,"{""normalized_species_exact"": 4}",DSM 50854; ATCC 19313; ICPB XC 12; NCPPB 935; CFBP 1159; DSM 50853; ATCC 19046; ICPB XC 144; DSM 18808; ATCC 49083; CFBP 2528; ICMP 35; LMG 747; NCPPB 411; DSM 1049; ATCC 29078; ICPB XJ 103,5262; ZZ26; S3; MPS 1,NUTRIENT AGAR (DSMZ Medium 1); GLUCOSE YEAST EXTRACT MEDIUM (DSMZ Medium 54); R2A MEDIUM (DSMZ Medium 830); REACTIVATION WITH LIQUID MEDIUM 1 (DSMZ Medium 1a); REACTIVATION WITH LIQUID MEDIUM 54 (DSMZ Medium 54a),"<I>Corylus maxima</I>; <I>Musa</I> sp., black spot of leaves; <I>Juglandis regia</I>; english walnut blight"
taxon:438|organism:acetobacter pasteurianus (acetobacter turbidans),1,target_bacteria,taxon_organism,acetobacter pasteurianus,Acetobacter pasteurianus (Acetobacter turbidans),bacdive_species_exact_name_match,validated_species_exact_name,not_candidate_row,2,0,44,22,22,140,True,2,True,10,5,True,9,11,True,3,3,True,8,14,True,"{""base_binomial_match_or_subspecies"": 1, ""normalized_species_exact"": 20, ""validated_bacdive_id_from_closure"": 1}",NCCB 53006; LMG 1591; JCM 25076; LMG 1590; JCM 25075; IFO 13754; NBRC 13754; NCIMB 9015; JCM 21217; ATCC 12879; IAM 14434; LMD 75.2; LMG 1549; JCM 21216; ATCC 9323; IAM 14433; LMD 46.3; LMG 1550; LMG 1554; NCIMB 4937,LMD 53.6; A35; AB0220; B 4110; L. 1374; BU 343; BU 117; 190,"MEDIUM 1 - for Acetobacter, Azotobacter, Gluconobacter, Gluconacetobacter, Mesorhizodium ciceri and Pseudomonas doudoroffii; CIP Medium 1; GLUCONOBACTER OXYDANS MEDIUM (DSMZ Medium 105); ACETOBACTER PEROXYDANS MEDIUM (DSMZ Medium 254); YPM MEDIUM (DSMZ Medium 360)",Top fermentation storage beer; Brewery top yeast; Brewers' yeasts and beer; Sour beer; Spoiled beer
taxon:28028|organism:corynebacterium flavescens,2,target_bacteria,taxon_organism,corynebacterium flavescens,Corynebacterium flavescens,bacdive_species_exact_name_match,validated_species_exact_name,not_candidate_row,2,0,4,2,2,24,True,1,True,1,8,True,1,3,True,0,0,False,1,3,True,"{""normalized_species_exact"": 2}",STI10296; CCUG 28791; DSM 20296; ATCC 10340; NCDO 1320; NCIB 8707; JCM 1317; BCRC 12131; CECT 536; CGMCC 1.1885; CIP 69.5; IAM 12638; IAM 1642; IFO 14136; IMET 11080; IMSNU 21211; KCCM 41095; KCTC 3414; LMG 4046; NBRC 14136,"IMET 10296; OJ8, OJ 8",ISP 2; ISP 3; ISP 4; ISP 5; ISP 6,"cheese; Cheese; Food, Cheese"
taxon:666|organism:vibrio cholerae,2,target_bacteria,taxon_organism,vibrio cholerae,Vibrio cholerae,bacdive_species_exact_name_match,validated_species_exact_name,not_candidate_row,4,0,234,117,117,150,True,1,True,30,9,True,84,57,True,91,18,True,3,9,True,"{""normalized_species_exact"": 117}",CCUG 66155; CCUG 60231; CCUG 58152; CCUG 57635; CCUG 56875; CCUG 53967; CCUG 53725; CCUG 53724; CCUG 51963; CCUG 51600; CCUG 50999; CCUG 50018; CCUG 47461; CCUG 47460; CCUG 47153; CCUG 46968; CCUG 45392; CCUG 45390; CCUG 45388; CCUG 44668,"A1552; N16961; 940041, 569B; HK1; 254; 335; MDO19; 723; 2829; 182; Makassar 757; AC7535; 4Z; B2 (Berne 2); O9; O14; O1; AE17504; AI1853; 2830",CIP Medium 72; COLUMBIA BLOOD MEDIUM (DSMZ Medium 693); TRYPTICASE SOY YEAST EXTRACT MEDIUM (DSMZ Medium 92); MEDIUM 72- for trypto casein soja agar; CIP Medium 3,"Human eye,8-yr-old girl; Human ear,16-yr-old boy; Human ear,24-yr-old man; Human ear,9-yr-old boy from Burma; Human urine,63-yr-old man"
taxon:907|organism:megasphaera elsdenii,1,target_bacteria,taxon_organism,megasphaera elsdenii,Megasphaera elsdenii,bacdive_species_exact_name_match,validated_species_exact_name,not_candidate_row,2,0,6,3,3,16,True,1,True,3,6,True,3,5,True,2,1,True,3,4,True,"{""normalized_species_exact"": 3}",DSM 106891; DSM 100961; DSM 20460; ATCC 25940; NCIB 8927; CCUG 64197; JCM 1772; CCUG 6199; CECT 390; CGMCC 1.2720; KCTC 5187; NCFB 2263; NCIMB 8927; VTT E-84221; CIP 106852; AIP 10100,WCA-386-APC-2A; PG-130-P53-9; LC1,WILKINS-CHALGREN ANAEROBE BROTH (DSMZ Medium 339); FASTIDIOUS ANAEROBE BROTH (DSMZ Medium 1203a); PYG MEDIUM (MODIFIED) (DSMZ Medium 104); COLUMBIA BLOOD MEDIUM (DSMZ Medium 693); MEDIUM 20 - for Anaerobic bacteria,"feces; pig, 4 month old, genotype: APC1311/+ referring to the adenomatous-polyposis-coli (APC) protein; feces; pig, 3 month old, genotype: P53R167H/+ referring to protein p53; rumen of sheep; Rumen of sheep; Animal, Sheep, rumen"
taxon:2181|organism:methanothermus sociabilis,1,target_archaea,taxon_organism,methanothermus sociabilis,Methanothermus sociabilis,bacdive_species_exact_name_match,validated_species_exact_name,not_candidate_row,2,0,2,1,1,3,True,1,True,1,1,True,1,2,True,1,1,True,0,0,False,"{""normalized_species_exact"": 1}",DSM 3496; JCM 10723; OCM 173,KF1-Fl,METHANOTHERMUS MEDIUM (DSMZ Medium 203),solfataric mud hole; Solfataric waterhole
taxon:228|organism:pseudoalteromonas haloplanktis (alteromonas haloplanktis),1,target_bacteria,taxon_organism,pseudoalteromonas haloplanktis,Pseudoalteromonas haloplanktis (Alteromonas haloplanktis),bacdive_species_exact_name_match,validated_species_exact_name,not_candidate_row,2,0,10,5,5,35,True,1,True,2,3,True,4,4,True,0,0,False,1,2,True,"{""normalized_species_exact"": 5}",JCM 20770; ATCC 27127; CIP 74.04; IAM 12918; LMG 2875; NCIMB 1964; JCM 20769; ATCC 23821; IAM 12917; LMG 2867; NCIMB 1545; JCM 20768; ATCC 19648; CCUG 16121; IAM 12916; LMG 2873; CIP 104258; ATCC 19855; CECT 576; CCUG 16120,545,Marine agar (MA); CIP Medium 13; BACTO MARINE BROTH (DIFCO 2216) (DSMZ Medium 514),Seawater; Oyster (<I>Crassostrea gigas</I>) gaper; Marine mud; Marine clam
taxon:83661|organism:desulfonispora thiosulfatigenes,1,target_bacteria,taxon_organism,desulfonispora thiosulfatigenes,Desulfonispora thiosulfatigenes,bacdive_species_exact_name_match,validated_species_exact_name,not_candidate_row,2,0,2,1,1,2,True,1,True,1,1,True,1,1,True,1,1,True,1,1,True,"{""normalized_species_exact"": 1}",DSM 11270; ATCC 700533,GKNTAU,ANAEROBIC FRESHWATER (FWM) MEDIUM (DSMZ Medium 503),sewage plant
taxon:75697|organism:castellaniella defragrans (alcaligenes defragrans),1,target_bacteria,taxon_organism,castellaniella defragrans,Castellaniella defragrans (Alcaligenes defragrans),bacdive_species_exact_name_match,validated_species_exact_name,not_candidate_row,2,0,8,4,4,14,True,1,True,4,5,True,4,6,True,4,1,True,2,3,True,"{""normalized_species_exact"": 4}",DSM 12142; CCUG 39791; CIP 105604; DSM 12141; CCUG 39790; CIP 105602; LMG 18538; DSM 12144; CCUG 39789; LMG 18537; CIP 105605; CCUG 39792; DSM 12143; CIP 105603,"62Car; 54Pin, 54 Pin; 51 Men; 65Phen",ANAEROBIC THAUERA MEDIUM (DSMZ Medium 1315); REACTIVATION WITH LIQUID MEDIUM 1 (DSMZ Medium 1a); MEDIUM 3 - Columbia agar; CIP Medium 3; NUTRIENT AGAR (DSMZ Medium 1),"ditch in a forest; Ditch in a forest; Environment, Forest ditch; activated sludge; Activated sludge"
taxon:106592|organism:ensifer adhaerens (sinorhizobium morelense),1,target_bacteria,taxon_organism,ensifer adhaerens,Ensifer adhaerens (Sinorhizobium morelense),bacdive_species_exact_name_match,validated_species_exact_name,not_candidate_row,2,0,8,4,4,10,True,1,True,1,3,True,4,3,True,2,2,True,1,1,True,"{""normalized_species_exact"": 2, ""validated_bacdive_id_from_closure"": 2}",CCUG 56773; NCIMB 12342; ATCC 33212; LMG 20216; JCM 21105; NBRC 100388; IAM 14251; CCUG 48960; CCUG 48958; DSM 23677,TA12-B,REACTIVATION WITH LIQUID MEDIUM (DSMZ Medium 535b); NUTRIENT AGAR (DSMZ Medium 1); MINERAL MEDIUM WITH VITAMINS (DSMZ Medium 462),"Soil; Tobacco plant,seedlings pretrial; soil"
taxon:197|organism:campylobacter jejuni,7,target_bacteria,taxon_organism,campylobacter jejuni,Campylobacter jejuni,bacdive_species_exact_name_match,validated_species_exact_name,not_candidate_row,4,0,400,200,200,306,True,2,True,103,7,True,184,65,True,149,20,True,7,46,True,"{""base_binomial_match_or_subspecies"": 5, ""normalized_species_exact"": 195}",CCUG 18266; NCTC 11848; LMG 8556; CCUG 18265; NCTC 11847; LMG 7790; CCUG 17753; CCUG 12785; ATCC 43464; CCUG 17696; LMG 6629; CCUG 17625; ATCC 43440; CCUG 16436; ATCC 43436; CCUG 15361; ATCC 43451; CCUG 15359; ATCC 43433; CCUG 15115,"82/77, CNET101; 665.86; LRA 094 06 89; Tanneau; NXr 10693/95; H99/51; B95; Lecas; 093, 1141; 1998-0464, CNET031; CKH12, CNET044; C13010, CNET033; BJ5, CNET038; BT27/98, CNET058; CNET027, L177/97; C13012, CNET034; C22570, CNET036; C196/1, CNET086; CNET094, SVS 065-913; CNET096, SVS 104-733",COLUMBIA BLOOD MEDIUM (DSMZ Medium 693); MEDIUM 6 - Columbia agar with 10 % horse blood; Brucella broth; CIP Medium 6-Boites-Biorad; CIP Medium 6,"Human gastric biopsy, antrum; Human gastric biopsy; Human feces; Human; Chicken"
taxon:1470456|organism:streptomyces cyslabdanicus,2,target_bacteria,taxon_organism,streptomyces cyslabdanicus,Streptomyces cyslabdanicus,bacdive_species_exact_name_match,validated_species_exact_name,not_candidate_row,2,0,2,1,1,2,True,1,True,1,3,True,1,1,True,1,1,True,0,0,False,"{""normalized_species_exact"": 1}",DSM 42135; NBRC 110081,K04-0144,GYM STREPTOMYCES MEDIUM (DSMZ Medium 65); ROLLED OATS MINERAL MEDIUM (DSMZ Medium 84); STARCH - MINERAL SALT - AGAR (STMS) (DSMZ Medium 252),soil collected under a tree
taxon:636|organism:edwardsiella tarda,1,target_bacteria,taxon_organism,edwardsiella tarda,Edwardsiella tarda,bacdive_species_exact_name_match,validated_species_exact_name,not_candidate_row,2,0,50,25,25,41,True,1,True,5,5,True,8,6,True,7,6,True,2,6,True,"{""normalized_species_exact"": 25}",JCM 7165; JCM 7164; JCM 7163; JCM 7162; JCM 7160; JCM 7159; JCM 7158; JCM 7157; JCM 7156; JCM 7155; JCM 7154; CCUG 33985; NCTC 11934; CCUG 28069; CCUG 26548; CCUG 26547; CCUG 26546; CCUG 21190; CCUG 21189; CCUG 6517,"2.65; 1.66; 3592/64; K 349, K349, 4-78, 1483-59",MEDIUM 3 - Columbia agar; CIP Medium 3; CIP Medium 72; COLUMBIA BLOOD MEDIUM (DSMZ Medium 693); TRYPTICASE SOY YEAST EXTRACT MEDIUM (DSMZ Medium 92),"Human feces; Animal, Cow, vagina; Snake; Human, Biliary fluid; human faeces"
taxon:588|organism:providencia stuartii,4,target_bacteria,taxon_organism,providencia stuartii,Providencia stuartii,bacdive_species_exact_name_match,validated_species_exact_name,not_candidate_row,2,0,38,19,19,40,True,1,True,7,7,True,13,9,True,12,3,True,2,2,True,"{""normalized_species_exact"": 19}",JCM 1674; CDC 2986-68; CCUG 35191; CCUG 33384; CCUG 30679; CCUG 25235; CCUG 11042; CCUG 11015; CCUG 10030; CCUG 6326; NCTC 10318; CCUG 4158; CCUG 164; CCUG 9; CIP 65.26; CIP 104059; ATCC 49809; DSM 46263; CNCTC Pv 24/56; IMET 10827,"AmMS 256; 2357, Pv 24/56; 495; LRA 054 08 75; 2896-68; 63",MEDIUM 3 - Columbia agar; CIP Medium 3; CIP Medium 72; REACTIVATION WITH TRYPTONE SOYA BROTH (DSMZ Medium 220a); TRYPTICASE SOY YEAST EXTRACT MEDIUM (DSMZ Medium 92),"Human urine; Human urine,38-yr-old patient with urinary stones; Human urine,37-yr-old man; Human blood; Human"
taxon:442|organism:gluconobacter oxydans (gluconobacter suboxydans),1,target_bacteria,taxon_organism,gluconobacter oxydans,Gluconobacter oxydans (Gluconobacter suboxydans),bacdive_species_exact_name_match,validated_species_exact_name,not_candidate_row,2,0,54,27,27,153,True,2,True,8,5,True,17,14,True,9,5,True,7,9,True,"{""base_binomial_match_or_subspecies"": 1, ""normalized_species_exact"": 24, ""validated_bacdive_id_from_closure"": 2}",NCCB 29002; JCM 21218; ATCC 15164; IAM 14435; IFO 3243; NBRC 3243; JCM 21180; ATCC 23755; CCM 1795; IAM 14367; LMG 1519; NCIMB 6426; NCTC 6426; JCM 21179; ATCC 23772; IAM 14366; LMG 1399; NCIMB 5595; NCTC 5595; JCM 21178,"LMD 29.2; No 27, Porges 27; I, 1; B 4099","MEDIUM 1 - for Acetobacter, Azotobacter, Gluconobacter, Gluconacetobacter, Mesorhizodium ciceri and Pseudomonas doudoroffii; CIP Medium 1; GLUCONOBACTER OXYDANS MEDIUM (DSMZ Medium 105); TRYPTICASE SOY YEAST EXTRACT MEDIUM (DSMZ Medium 92); YPM MEDIUM (DSMZ Medium 360)",Ropy top fermentation beer; Beer; Ropy beer; Persimmon; Dried persimmon
taxon:1777|organism:mycobacterium gastri,2,target_bacteria,taxon_organism,mycobacterium gastri,Mycobacterium gastri,bacdive_species_exact_name_match,validated_species_exact_name,not_candidate_row,2,0,8,4,4,15,True,1,True,2,4,True,1,3,True,0,0,False,1,2,True,"{""normalized_species_exact"": 4}",STI10664; CCUG 27846; DSM 43506; SN 587; DSM 43505; ATCC 15754; ATCC 15980; IMET 10662; TMC 1456; SN 583; JCM 12407; CCUG 20995; CCUG 29062; CCUG 47488; CIP 104530,"IMET 10664; W-417, 14 034 0001",LÖWENSTEIN-JENSEN MEDIUM (DSMZ Medium 354); MEDIUM 55 - for Mycobacterium; CIP Medium 55; MIDDLEBROOK MEDIUM (DSMZ Medium 645),"gastric lavage; Gastric lavage; Human, Gastric lavage"
taxon:42879|organism:methanococcus aeolicus,1,target_archaea,taxon_organism,methanococcus aeolicus,Methanococcus aeolicus,bacdive_species_exact_name_match,validated_species_exact_name,not_candidate_row,2,0,4,2,2,4,True,1,True,2,1,True,2,2,True,2,2,True,1,1,True,"{""normalized_species_exact"": 2}",DSM 17508; OCM 812; DSM 17251; OCM 836,Nankai-3; PL-15/H,METHANOGENIUM MEDIUM (H2/CO2) (DSMZ Medium 141),deep marine sediment; marine sediment
proteome:UP000066042,3,target_archaea,proteome,thermococcus barophilus,Thermococcus barophilus,bacdive_species_exact_name_match,validated_species_exact_name,not_candidate_row,4,0,2,1,1,1,True,1,True,1,1,True,1,1,True,0,0,False,1,1,True,"{""normalized_species_exact"": 1}",DSM 11836,MP,MARINE THERMOCOCCUS MEDIUM (DSMZ Medium 760),chimmney wall of a deep-sea hydrothermal vent (3600 m)
proteome:UP000327236,6,target_bacteria,proteome,lactobacillus jensenii,Lactobacillus jensenii,bacdive_species_exact_name_match,validated_species_exact_name,not_candidate_row,4,0,86,43,43,66,True,1,True,17,5,True,41,30,True,37,4,True,1,2,True,"{""normalized_species_exact"": 43}",CRBIP24.80; CRBIP24.72; CRBIP24.40; CCUG 64178; CCUG 51448; CCUG 49306; CCUG 48818; CCUG 48593; CCUG 48586; CCUG 44500; CCUG 44499; CCUG 44498; CCUG 44497; CCUG 44495; CCUG 44494; CCUG 44493; CCUG 44492; CCUG 44263; CCUG 44246; CCUG 44122,MAHE; 20-74; 61 I; 545.86; 49-86; 650.85; 62F; 60E; 66A; 63A; 63AA; Mat; 63AN; 31.87; 62G,"De Man, Rogosa and Sharpe Agar; Trypticase Soy Agar; CIP Medium 40; MEDIUM 40- for Lactobacillus and Leuconostoc; MRS pre-reduced (DSMZ Medium 11b)","Vaginal sample; Human urine,40-yr-old female; Human peridontal abscess; Human pleural fluid,71-yr-old man; Human cyst,53-yr-old woman"
proteome:UP000002171,1,target_bacteria,proteome,neptuniibacter caesariensis,Neptuniibacter caesariensis,bacdive_species_exact_name_match,validated_species_exact_name,not_candidate_row,4,0,2,1,1,4,True,1,True,1,2,True,1,1,True,1,1,True,0,0,False,"{""normalized_species_exact"": 1}",CECT 7075; CCUG 52065; MED 92; CIP 109617,,Marine agar (MA); CIP Medium 13,"Environment, Seawater surface"
taxon:56636|organism:aeropyrum pernix,1,target_archaea,taxon_organism,aeropyrum pernix,Aeropyrum pernix,bacdive_species_exact_name_match,validated_species_exact_name,not_candidate_row,2,0,2,1,1,4,True,1,True,1,1,True,1,3,True,1,1,True,1,1,True,"{""normalized_species_exact"": 1}",DSM 11879; JCM 9820; ATCC 700893; NBRC 100138,K1,BACTO MARINE BROTH (DIFCO 2216) (DSMZ Medium 514),marine solfataric vent; hot sedimentary materials and venting waters at a coastal solfataric vent; Coastal solfataric vent at Kodakara-Jima Island
taxon:33945|organism:enterococcus avium (streptococcus avium),1,target_bacteria,taxon_organism,enterococcus avium,Enterococcus avium (Streptococcus avium),bacdive_species_exact_name_match,validated_species_exact_name,not_candidate_row,2,0,34,17,17,40,True,1,True,7,5,True,12,14,True,11,3,True,2,7,True,"{""normalized_species_exact"": 17}",DSM 106040; CCUG 59013; CCUG 58087; CCUG 57437; CCUG 57363; CCUG 57268; CCUG 52072; CCUG 44888; CCUG 34669; LMG 16310; CCUG 34661; LMG 16309; CCUG 30570; CCM 4050; CIP 104054; ATCC 49464; CIP 104053; ATCC 49463; CIP 103629; ATCC 49462,"S68, TW200-6-DD-B; AmMS 239; AmMS 112; AmMS 237; D 373; E6844, W17; R 6566",WILKINS-CHALGREN ANAEROBE BROTH (DSMZ Medium 339); MEDIUM 29- Brain heart agar; CIP Medium 29; COLUMBIA BLOOD MEDIUM (DSMZ Medium 693); TRYPTICASE SOY YEAST EXTRACT MEDIUM (DSMZ Medium 92),"Petshop mouse, f, ca. 6w, small intestine; Human infection,63-yr-old man; Human blood,10-yr-old transplanted patient; Human blood,81-yr-old woman; Human drainage fluid,25-yr-old man"
taxon:1133850|organism:streptomyces hygroscopicus subsp. jinggangensis (strain 5008),6,target_bacteria,taxon_organism,streptomyces hygroscopicus,Streptomyces hygroscopicus subsp. jinggangensis (strain 5008),bacdive_species_exact_name_match,validated_species_exact_name,not_candidate_row,2,0,52,26,25,114,True,2,True,15,22,True,9,5,True,8,4,True,7,8,True,"{""base_binomial_match_or_subspecies"": 12, ""normalized_species_exact"": 12, ""validated_bacdive_id_from_closure"": 2}",STH00016; ST032209; ST028383; ST028382; ST028334; ST007688; ST005119; JCM 4885; IFO 16556; NBRC 16556; JCM 4712; ATCC 21589; IFO 16555; NBRC 16555; JCM 4092; DSM 41599; IFO 16553; NBIMCC 1604; NBRC 16553; NRRL B-1477,"ATCC 53730; IMET 43606; IMET 43597; IMET 43596; IMET 43121; JA06599; JA04637; 325-15; ST004785(HKI), JA04029a, JA04029b; RGB A-777; J296-21; T-42082, FERM-P 2691; U-442; B-5050; BJ-311, Tresner BJ-311, K5-4; M5-13184; 9-20",MEDIUM 122 - for Streptomyces; CIP Medium 122; MEDIUM 72- for trypto casein soja agar; CIP Medium 72; MEDIUM 366 - for Actinoalloteichus cyanogriseus,"Soil; Peaty soil; Environment, Peart soil; Environment, Peaty soil; soil"
taxon:264445|organism:streptomyces hygroscopicus subsp. limoneus,8,target_bacteria,taxon_organism,streptomyces hygroscopicus,Streptomyces hygroscopicus subsp. limoneus,bacdive_species_exact_name_match,validated_species_exact_name,not_candidate_row,2,0,52,26,25,114,True,2,True,15,22,True,9,5,True,8,4,True,7,8,True,"{""base_binomial_match_or_subspecies"": 12, ""normalized_species_exact"": 12, ""validated_bacdive_id_from_closure"": 2}",STH00016; ST032209; ST028383; ST028382; ST028334; ST007688; ST005119; JCM 4885; IFO 16556; NBRC 16556; JCM 4712; ATCC 21589; IFO 16555; NBRC 16555; JCM 4092; DSM 41599; IFO 16553; NBIMCC 1604; NBRC 16553; NRRL B-1477,"ATCC 53730; IMET 43606; IMET 43597; IMET 43596; IMET 43121; JA06599; JA04637; 325-15; ST004785(HKI), JA04029a, JA04029b; RGB A-777; J296-21; T-42082, FERM-P 2691; U-442; B-5050; BJ-311, Tresner BJ-311, K5-4; M5-13184; 9-20",MEDIUM 122 - for Streptomyces; CIP Medium 122; MEDIUM 72- for trypto casein soja agar; CIP Medium 72; MEDIUM 366 - for Actinoalloteichus cyanogriseus,"Soil; Peaty soil; Environment, Peart soil; Environment, Peaty soil; soil"
proteome:UP000000328,1,target_bacteria,proteome,amycolatopsis mediterranei,Amycolatopsis mediterranei (strain U-32),bacdive_species_exact_name_match,validated_species_exact_name,not_candidate_row,4,0,14,7,4,38,True,1,True,3,3,True,1,3,True,1,1,True,3,5,True,"{""normalized_species_exact"": 7}",IMET 07690; Mer MER6468; DSM 46096; ATCC 21411; IMET 7669; DSM 43304; ATCC 13685; CBS 121.63; CBS 716.72; DSM 40501; IFO 13142; IFO 13415; IMET 7651; ISP 5501; JCM 4789; KCC S-0789; LBG A 3136; NBRC 13142; NBRC 13415; NCIB 9613,"STI07670(IMET), RS/20; STI07667(IMET), M18; STI07652; STI07582(IMET), 1136-53; Lepetit S 955, S 955; Lepetit ME/83, Lepetit ME83/973, Schering 368","GYM STREPTOMYCES MEDIUM (DSMZ Medium 65); MEDIUM 57 - for Streptomyces, Nocardioides, Lentzea albidocapillata and Streptoverticillium reticulum; CIP Medium 57","soil; Soil; Environment, Soil"
proteome:UP000000841,4,target_bacteria,proteome,saccharomonospora viridis,Saccharomonospora viridis (strain ATCC 15386 / DSM 43017 / JCM 3036 / CCUG 5913 / NBRC 12207 / NCIMB 9602 / P101) (Thermoactinomyces viridis),bacdive_species_exact_name_match,validated_species_exact_name,not_candidate_row,11,0,34,13,13,55,True,1,True,6,9,True,7,8,True,5,4,True,2,3,True,"{""normalized_species_exact"": 7, ""validated_bacdive_id_from_closure"": 6}",DSM 43017; ATCC 15386; CBS 484.63; DSM 43018; DSM 43754; IFO 12207; KCC A-0036; NBRC 12207; NCIB 9602; NRRL B-3044; CCUG 5913; JCM 3036; BCRC 13426; CGMCC 4.1089; CGMCC 4.1324; CGMCC 4.1483; IFM 1235; IMET 9550; KACC 20054; KCTC 9115,P101; IMET 09753; IMET 09669; IMET 09668; IMET 09663; IMET 09661; IMET 09660; 625-15; 625-2; 474-119; 335; A 1316,CZAPEK PEPTONE AGAR (DSMZ Medium 83); ISP 2; ISP 3; ISP 4; ISP 5,"peat; Irish peat; Peat; soil, vineyard; compost soil"
proteome:UP000001444,5,target_bacteria,proteome,streptomyces scabiei,Streptomyces scabiei (strain 87.22),bacdive_species_exact_name_match,validated_species_exact_name,not_candidate_row,4,0,66,33,30,76,True,1,True,29,16,True,20,11,True,16,6,True,1,4,True,"{""normalized_species_exact"": 33}",DSM 41000; DSM 40999; IMI 349428; CIP 55.78; DSM 41992; DSM 41744; DSM 41667; DSM 41666; DSM 41665; DSM 41664; DSM 41663; DSM 41662; DSM 41661; DSM 41660; DSM 41659; DSM 41658; ATCC 49173; JCM 7914; CFBP 4517; CGMCC 4.1765,"Würzburg 1708; 1761; ST028348(HKI), D14; STI43347(IMET), Ka22; ST028317(HKI), Baldacci8; 208; 364; RL-232; RL-174; RL-151; RL-131; RL-102; RL-70; RL-43; RL-42; RL-39; RL-34; S 13; S 10; S 9",GYM STREPTOMYCES MEDIUM (DSMZ Medium 65); HICKEY-TRESNER-AGAR (DSMZ Medium 658); Potato Carrot Agar (DSMZ Medium 1765); Nutrient Agar (NA); MEDIUM 127 - for Streptomyces scabiei and Thiobacillus novellus,Solanum tuberosum; scab lesion on potato tuber; <I>Solanum tuberosum</I> cv. fambo (tuber); potato scab; Potato scab
taxon:80869|organism:paracidovorax citrulli (acidovorax citrulli),2,target_bacteria,taxon_organism,paracidovorax citrulli,Paracidovorax citrulli (Acidovorax citrulli),bacdive_species_taxid_or_synonym_match,candidate_unvalidated,rescued_to_validated_species,2,0,10,5,5,11,True,1,True,5,4,True,4,5,True,4,2,True,2,3,True,"{""validated_bacdive_species_exact"": 5}",IMI 359865; DSM 26975; DSM 26940; DSM 26939; CCUG 17393; CIP 106436; DSM 17060; ATCC 29625; CCUG 1739; ICMP 7500; LMG 5376,W1; 7a1; M6,Marine Agar (MA); REACTIVATION WITH LIQUID MEDIUM 1 (DSMZ Medium 1a); NUTRIENT AGAR (DSMZ Medium 1); MEDIUM 3 - Columbia agar,"leaf of symptomatic watermelon plant; symptomatic watermelon plant; rotted fruit of symptomatic melon plant; water soaked lesion on cotyledon of <I>Citrullus lanatus</I>; Citrullus lanatus,watersoaked lesion on cotyledon"
taxon:650|organism:aeromonas jandaei,1,target_bacteria,taxon_organism,aeromonas jandaei,Aeromonas jandaei,bacdive_species_exact_name_match,validated_species_exact_name,not_candidate_row,2,0,18,9,9,31,True,1,True,1,5,True,7,8,True,5,3,True,1,4,True,"{""normalized_species_exact"": 9}",CCUG 50504; CCUG 30355; ATCC 49571; LMG 13079; CCUG 30354; ATCC 49572; LMG 13078; CCUG 30352; ATCC 49570; LMG 13077; CCM 4367; CCUG 30351; LMG 13066; CCUG 30350; LMG 13065; CCUG 30349; CCUG 30348; LMG 13064; DSM 7311; ATCC 49568,0787-80,TRYPTICASE SOY YEAST EXTRACT MEDIUM (DSMZ Medium 92); MEDIUM 3 - Columbia agar; COLUMBIA BLOOD MEDIUM (DSMZ Medium 693); CIP Medium 72; CIP Medium 3,"Human wound,59-yr-old man,tsunami victim; Human wound,leg,diver; Prawn; Human wound,below left eye; Feces"
taxon:47878|organism:pseudomonas azotoformans,2,target_bacteria,taxon_organism,pseudomonas azotoformans,Pseudomonas azotoformans,bacdive_species_exact_name_match,validated_species_exact_name,not_candidate_row,2,0,2,1,1,10,True,1,True,1,3,True,1,3,True,1,1,True,1,5,True,"{""normalized_species_exact"": 1}",DSM 18862; IAM 1603; CCUG 12536; JCM 2777; CIP 106744; IFO 12693; AJ 2173; CGMCC 1.1792; LMG 21611; NBRC 12693,,TRYPTICASE SOY BROTH AGAR (DSMZ Medium 535); MEDIUM 72- for trypto casein soja agar; CIP Medium 72,"paddies; Japanese unhulled rice; Food, Japanese unhulled rice"
taxon:121428|organism:sphingobium xenophagum,2,target_bacteria,taxon_organism,sphingobium xenophagum,Sphingobium xenophagum,bacdive_species_exact_name_match,validated_species_exact_name,not_candidate_row,2,0,14,7,7,8,True,1,True,7,12,True,6,7,True,7,3,True,1,1,True,"{""normalized_species_exact"": 7}",DSM 28059; DSM 11094; DSM 23828; DSM 14677; DSM 8566; DSM 6985; DSM 6383; CIP 107206,"QYY; BA2; Bayram, YNB118; SKN; N,N; BN6C; BN6, BN 6",R2A MEDIUM (DSMZ Medium 830); CASO AGAR (MERCK 105458) (DSMZ Medium 220); PLATES WITH FLUORANTHENE (DSMZ Medium 462a); TRYPTICASE SOY BROTH AGAR (DSMZ Medium 535); MINERAL MEDIUM WITH VITAMINS (DSMZ Medium 462),"sludge sample; contaminated soil; sludge, wastewater treatment plant; sewage sludge; environmental samples"
taxon:1048|organism:marichromatium gracile (chromatium gracile),2,target_bacteria,taxon_organism,marichromatium gracile,Marichromatium gracile (Chromatium gracile),bacdive_species_exact_name_match,validated_species_exact_name,not_candidate_row,2,0,10,5,5,5,True,1,True,5,1,True,3,3,True,2,2,True,2,3,True,"{""normalized_species_exact"": 5}",DSM 21765; DSM 1712; DSM 726; DSM 204; DSM 203,"SW26; HOL-1; Nea 1.3; 8911, Trüper 8911; 8611, Trüper 8611","PFENNIG'S MEDIUM I (modified 1988, for purple sulfur bacteria) (DSMZ Medium 28)",marine sediments from an intertidal sand flat; salt marsh; estuarine bay
taxon:520|organism:bordetella pertussis,1,target_bacteria,taxon_organism,bordetella pertussis,Bordetella pertussis,bacdive_species_exact_name_match,validated_species_exact_name,not_candidate_row,4,0,398,199,199,311,True,1,True,121,9,True,170,57,True,166,3,True,3,5,True,"{""normalized_species_exact"": 199}",CRBIP4.211; CRBIP4.210; CRBIP4.206; BOR 206; CRBIP4.205; CRBIP4.204; BOR 204; CRBIP4.203; BOR 203; CRBIP4.193; BOR 193; CRBIP4.192; BOR 192; CRBIP4.191; BOR 191; CRBIP4.190; BOR 190; CRBIP4.189; BOR 189; CRBIP4.188,"B 902; FIN 12, PRCB 309; FR0778; FR0750; FR0738; FR0008; RN162; RN154; RN127; RN086; RN50; RN029; FR1159; FR1157; FR1149; FR1147; FR1139; FR1117; FR1116; FR1113",CIP Medium 21; CIP Medium 1; MEDIUM 21 - for Bordetella; MEDIUM 440 - for Bordetella; CIP Medium 440,"Human, Nasopharyngial aspirate; Human; Human, Nasal swab; Human, Nasal aspiration; Human, Throat"
taxon:340|organism:xanthomonas campestris pv. campestris,1,target_bacteria,taxon_organism,xanthomonas campestris,Xanthomonas campestris pv. campestris,bacdive_species_exact_name_match,validated_species_exact_name,not_candidate_row,2,0,128,64,64,124,True,1,True,59,11,True,58,60,True,55,27,True,3,7,True,"{""normalized_species_exact"": 64}",STI10798; JCM 20469; ATCC 23390; IAM 12310; ICMP 309; ICMP 80; ICPB XN103; LMG 787; NCPPB 1935; IMI 349457; IMI 349469; IMI 349460; IMI 349443; IMI 349466; IMI 349459; IMI 349487; IMI 349448; IMI 349447; IMI 350251; IMI 350172,"IMET 10798; 596.3; P 25; 32; 14; 3; 1; B47, Q 18",Nutrient Agar (NA); Glucose-Peptone (GP) medium; MEDIUM 3 - Columbia agar; CIP Medium 3; REACTIVATION WITH LIQUID MEDIUM 54 (DSMZ Medium 54a),Zinnia; angular leaf spot; Vitis vinifera; leaf; Lactuca sativa; Vigna sinensis; Lycopersicon esculentum
taxon:1971|organism:streptomyces noursei (streptomyces albulus),3,target_bacteria,taxon_organism,streptomyces noursei,Streptomyces noursei (Streptomyces albulus),bacdive_species_exact_name_match,validated_species_exact_name,not_candidate_row,2,0,12,6,5,41,True,2,True,2,4,True,5,3,True,4,2,True,4,7,True,"{""normalized_species_exact"": 2, ""validated_bacdive_id_from_closure"": 4}",JCM 5054; BCRC 11814; IFO 14147; KCTC 9669; NBRC 14147; JCM 4701; JCM 10159; FERM P-15912; DSM 40635; ATCC 11455; CBS 240.57; DSM 40636; DSM 41152; ETH 13473; IFO 15452; IMRU 3771; INA 0178; JCM 4922; KCC S-0922; NBRC 15452,SF003794; 48240; BA 4105,GYM STREPTOMYCES MEDIUM (DSMZ Medium 65); STARCH - MINERAL SALT - AGAR (STMS) (DSMZ Medium 252); ROLLED OATS MINERAL MEDIUM (DSMZ Medium 84); GPHF-MEDIUM (DSMZ Medium 553),Soil; Soil at the ground of Tenmanguh shrine; soil
taxon:339|organism:xanthomonas campestris,1,target_bacteria,taxon_organism,xanthomonas campestris,Xanthomonas campestris,bacdive_species_exact_name_match,validated_species_exact_name,not_candidate_row,2,0,128,64,64,124,True,1,True,59,11,True,58,60,True,55,27,True,3,7,True,"{""normalized_species_exact"": 64}",STI10798; JCM 20469; ATCC 23390; IAM 12310; ICMP 309; ICMP 80; ICPB XN103; LMG 787; NCPPB 1935; IMI 349457; IMI 349469; IMI 349460; IMI 349443; IMI 349466; IMI 349459; IMI 349487; IMI 349448; IMI 349447; IMI 350251; IMI 350172,"IMET 10798; 596.3; P 25; 32; 14; 3; 1; B47, Q 18",Nutrient Agar (NA); Glucose-Peptone (GP) medium; MEDIUM 3 - Columbia agar; CIP Medium 3; REACTIVATION WITH LIQUID MEDIUM 54 (DSMZ Medium 54a),Zinnia; angular leaf spot; Vitis vinifera; leaf; Lactuca sativa; Vigna sinensis; Lycopersicon esculentum
taxon:34007|organism:paracoccus versutus (thiobacillus versutus),2,target_bacteria,taxon_organism,paracoccus versutus,Paracoccus versutus (Thiobacillus versutus),bacdive_species_exact_name_match,validated_species_exact_name,not_candidate_row,2,0,4,2,2,18,True,1,True,1,4,True,2,4,True,0,0,False,1,2,True,"{""normalized_species_exact"": 2}",JCM 20755; ATCC 27793; IAM 12815; IFO 14568; NBRC 14568; DSM 582; ATCC 25364; CCM 2505; IAM 12814; JCM 20754; CIP 107117; IFO 14567; LMD 80.62; LMD 81.78; NBRC 14567; NCCB 80062; NCCB 81078; VKM B-2163,A2,STARKEYA NOVELLA MEDIUM (DSMZ Medium 69); MEDIUM 72- for trypto casein soja agar; CIP Medium 72; CASO AGAR (MERCK 105458) (DSMZ Medium 220),Acid mine water; soil; Soil; Enrichment medium for Thiobacillus denitrificans
taxon:35806|organism:rhodovulum sulfidophilum (rhodobacter sulfidophilus),1,target_bacteria,taxon_organism,rhodovulum sulfidophilum,Rhodovulum sulfidophilum (Rhodobacter sulfidophilus),bacdive_species_exact_name_match,validated_species_exact_name,not_candidate_row,2,0,4,2,2,4,True,1,True,2,1,True,2,1,True,2,1,True,2,4,True,"{""normalized_species_exact"": 2}",DSM 1374; ATCC 35886; LMG 5202; DSM 2351,W4; W12,RHODOSPIRILLACEAE MEDIUM (modified) (DSMZ Medium 27),mud from intertidal flats
taxon:33050|organism:sphingopyxis macrogoltabida (sphingomonas macrogoltabidus),2,target_bacteria,taxon_organism,sphingopyxis macrogoltabida,Sphingopyxis macrogoltabida (Sphingomonas macrogoltabidus),bacdive_species_exact_name_match,validated_species_exact_name,not_candidate_row,2,0,10,5,5,14,True,1,True,1,3,True,5,5,True,5,2,True,2,2,True,"{""normalized_species_exact"": 5}",JCM 15109; JCM 15108; JCM 13904; NBRC 111642; CCUG 47424; DSM 8826; ATCC 51380; IFO 15033; NBRC 15033; JCM 10192; CIP 104196; IAM 14459; KCTC 2813; LMG 17324,203,REACTIVATION WITH LIQUID MEDIUM 1 (DSMZ Medium 1a); MEDIUM 3 - Columbia agar; CIP Medium 3,"Soil in the Kansai region; Activated sludge from an industrial plant; Industry,water; soil; Environment, Soil"
taxon:121290|organism:hyphomicrobium sulfonivorans,1,target_bacteria,taxon_organism,hyphomicrobium sulfonivorans,Hyphomicrobium sulfonivorans,bacdive_species_exact_name_match,validated_species_exact_name,not_candidate_row,2,0,2,1,1,2,True,1,True,1,2,True,1,1,True,0,0,False,1,1,True,"{""normalized_species_exact"": 1}",DSM 13863; ATCC BAA-113,S1,CORYNEBACTERIUM AGAR (DSMZ Medium 53); METHYLOTROPHIC ARTHROBACTER AND HYPHOMICROBIUM MEDIUM (DSMZ Medium 939),garden soil
taxon:263|organism:francisella tularensis,1,target_bacteria,taxon_organism,francisella tularensis,Francisella tularensis,bacdive_species_exact_name_match,validated_species_exact_name,not_candidate_row,2,0,28,14,14,20,True,2,True,0,0,False,11,11,True,13,3,True,1,1,True,"{""base_binomial_match_or_subspecies"": 4, ""normalized_species_exact"": 10}",CCUG 59672; FSC 856; CCUG 59671; FSC 855; CCUG 57222; CCUG 53311; CCUG 51689; CCUG 48139; CCUG 48060; CCUG 33449; CAPM 6041; ATCC 15482; CIP 56.12; CCUG 33391; CCUG 33270; CCUG 22075; CCUG 17316; CCUG 17299; CCUG 2112; ATCC 6223,,,"Human bronchial fluid,66-yr-old man; Human blood,76-yr-old man; Human blood,67-yr-old woman; Human blood,87-yr-old woman,suspected endocarditis; Human blood,81-yr-old man"
taxon:28068|organism:rubrivivax gelatinosus (rhodocyclus gelatinosus) (rhodopseudomonas gelatinosa),28,target_bacteria,taxon_organism,rubrivivax gelatinosus,Rubrivivax gelatinosus (Rhodocyclus gelatinosus) (Rhodopseudomonas gelatinosa),bacdive_species_exact_name_match,validated_species_exact_name,not_candidate_row,2,0,8,4,4,21,True,1,True,4,4,True,4,5,True,1,1,True,2,3,True,"{""normalized_species_exact"": 4}",DSM 6859; DSM 151; CCUG 15842; DSM 149; Pfennig 2150; DSM 1709; ATCC 17011; NCIB 8290; JCM 21318; ATCC 11169; CCTM 1912; CCUG 15841; CCUG 21977; CCUG 21990; CIP 107072; IAM 14808; IFO 16663; LMG 4311; LMG 4438; NBRC 16663,O.U. 007; Dr 2; 2150,RHODOSPIRILLACEAE MEDIUM (modified) (DSMZ Medium 27); MEDIUM 328- for nutrient agar; CIP Medium 403; CIP Medium 328,fresh water pond; ditch; greenhouse basin; Acetate enrichment (pH 6.6); Acetate enrichment
taxon:54571|organism:streptomyces venezuelae,11,target_bacteria,taxon_organism,streptomyces venezuelae,Streptomyces venezuelae,bacdive_species_exact_name_match,validated_species_exact_name,not_candidate_row,2,0,22,11,9,46,True,1,True,6,3,True,5,5,True,4,4,True,4,8,True,"{""normalized_species_exact"": 11}",JCM 4088; DSM 112328; NRRL B-65442; IMET 41407; IMET 40220; DSM 41111; ATCC 15068; IMRU 3629; DSM 40727; DSM 40612; CCM 3198; JCM 4690; KCC S-0690; DSM 40634; ATCC 10595; CBS 369.49; ETH 10210; IPV 877; NCIB 8231; NRRL B-902,"JIC_Sven; ST002897; ST006487(HKI), Rautenstein8231; ST004993(HKI), A.S.4-145, ST 04993, NIHW12-T; ST004599; WC 3629; Tü 1102; C 448; 8-44, FD 16317; P.D. 04745 = Burkholder",GYM STREPTOMYCES MEDIUM (DSMZ Medium 65); ROLLED OATS MINERAL MEDIUM (DSMZ Medium 84); STARCH - MINERAL SALT - AGAR (STMS) (DSMZ Medium 252),Soil; unknown Laboratory isolate; soil; compost soil; tropical soil
taxon:411468|organism:clostridium scindens (strain atcc 35704 / dsm 5676 / vpi 13733 / 19),4,target_bacteria,taxon_organism,clostridium scindens,Clostridium scindens (strain ATCC 35704 / DSM 5676 / VPI 13733 / 19),bacdive_species_exact_name_match,validated_species_exact_name,not_candidate_row,5,0,19,8,8,16,True,1,True,2,4,True,3,5,True,2,3,True,3,4,True,"{""normalized_species_exact"": 8}",CCUG 45363; JCM 6567; CIP 106687; DSM 5676; ATCC 35704; VPI 13733; BCRC 14551; CCRC 14551; JCM 10423; JCM 10422; JCM 10421; JCM 10420; JCM 10419; JCM 10418; VPI 12708; DSM 100975,19; BL-389-WT-3D,WILKINS-CHALGREN ANAEROBE BROTH (DSMZ Medium 339); CHOPPED MEAT MEDIUM WITH CARBOHYDRATES (DSMZ Medium 110); CIP Medium 20; PYG MEDIUM (MODIFIED) (DSMZ Medium 104),"human faeces; Human feces; Human, Feces; Feces of colon-cancer patient; feces; pig, 8 weeks old, wild type"
taxon:1866|organism:actinoplanes missouriensis,1,target_bacteria,taxon_organism,actinoplanes missouriensis,Actinoplanes missouriensis,bacdive_species_exact_name_match,validated_species_exact_name,not_candidate_row,2,0,12,6,1,18,True,1,True,1,9,True,1,2,True,1,1,True,1,1,True,"{""normalized_species_exact"": 6}",DSM 43046; ATCC 14538; CBS 188.64; IFO 13243; KCC A-0121; NBRC 13243; JCM 3121; BCRC 13335; CGMCC 4.1488; IFM 1250; IMET 9249; IMSNU 22051; KCTC 1780; NBIMCC 2232; NBRC 102363; NCIMB 12654; NRRL B-3342; VTT E-82151,"STI09208(IMET), 491-25; STI09210(IMET), 485-59; STI09080(IMET), 1136-014; STI09076(IMET), 1141-003; STI09070(IMET), 1032-005; UNCC 431",ISP 2; ISP 3; ISP 4; ISP 5; ISP 6,soil; Soil
taxon:480520|organism:myroides profundi,1,target_bacteria,taxon_organism,myroides profundi,Myroides profundi,bacdive_species_exact_name_match,validated_species_exact_name,not_candidate_row,2,0,4,2,2,5,True,1,True,2,5,True,2,3,True,2,2,True,1,2,True,"{""normalized_species_exact"": 2}",DSM 100892; DSM 19823; CCTCC M 208030; CIP 110414; KCTC 23066,"28[81667], 100892; D25",COLUMBIA BLOOD MEDIUM (DSMZ Medium 693); TRYPTICASE SOY YEAST EXTRACT MEDIUM (DSMZ Medium 92); BACTO MARINE BROTH (DIFCO 2216) (DSMZ Medium 514); Marine agar (MA); CIP Medium 13,"ulcus, left lower leg; deep sea sediments at a water depth of 1245m; Environment, Deep sea sediments at a water depth of 1245m"
proteome:UP000025229,3,target_bacteria,proteome,rubrobacter radiotolerans,Rubrobacter radiotolerans (Arthrobacter radiotolerans),bacdive_species_exact_name_match,validated_species_exact_name,not_candidate_row,4,0,2,1,1,12,True,1,True,1,4,True,1,3,True,1,1,True,1,2,True,"{""normalized_species_exact"": 1}",DSM 5868; ATCC 51242; DSM 46359; IAM 12072; JCM 2153; BCRC 17324; CIP 106991; IFO 14777; IMET 11468; NBRC 14777; NCIMB 12766; VKM Ac-1989,P-1,TRYPTICASE SOY BROTH AGAR (DSMZ Medium 535); MEDIUM 72- for trypto casein soja agar; Thermus medium; CIP Medium 72,"Thermo-mineral water spring; Thermo-mineral water spring at Misasa; Environment, Thermo-mineral water spring"
proteome:UP000006265,4,target_bacteria,proteome,mycolicibacterium hassiacum,Mycolicibacterium hassiacum (strain DSM 44199 / CIP 105218 / JCM 12690 / 3849) (Mycobacterium hassiacum),bacdive_species_taxid_or_synonym_match,validated_species_taxid_or_synonym,not_candidate_row,8,0,9,2,2,5,True,1,True,1,6,True,2,4,True,2,2,True,1,4,True,"{""validated_bacdive_species_exact"": 2}",DSM 44199; CCUG 37519; CIP 105218; JCM 12690; CCUG 47102,3849,MIDDLEBROOK MEDIUM (DSMZ Medium 645); MB7H10; MB7H11; 5006; MEDIUM 55 - for Mycobacterium,"urine; Human urine; Urine; Human sputum,77-yr-old patient"
taxon:1867|organism:actinoplanes teichomyceticus,2,target_bacteria,taxon_organism,actinoplanes teichomyceticus,Actinoplanes teichomyceticus,bacdive_species_exact_name_match,validated_species_exact_name,not_candidate_row,2,0,2,1,1,17,True,1,True,1,8,True,1,3,True,1,1,True,1,3,True,"{""normalized_species_exact"": 1}",DSM 43866; ATCC 31121; BCRC 12106; FERM P-3462; IFO 13999; IMET 9254; IMSNU 20043; JCM 3252; KCC A-0252; KCTC 9543; NBRC 13999; NCIMB 12640; NRRL B-16726; SANK 60479; BCC 49180; NBIMCC 2300; TBRC 172,"AB 8327, FH 2149",STARCH - MINERAL SALT - AGAR (STMS) (DSMZ Medium 252); GYM STREPTOMYCES MEDIUM (DSMZ Medium 65); ISP 2; ISP 3; ISP 4,soil; Soil; From soil
taxon:1406|organism:paenibacillus polymyxa (bacillus polymyxa),1,target_bacteria,taxon_organism,paenibacillus polymyxa,Paenibacillus polymyxa (Bacillus polymyxa),bacdive_species_exact_name_match,validated_species_exact_name,not_candidate_row,2,0,74,37,36,106,True,1,True,22,6,True,22,13,True,19,9,True,3,9,True,"{""normalized_species_exact"": 37}",DSM 114788; JCM 8039; IAM 19111; JCM 8038; IAM 19110; JCM 8037; IAM 19077; JCM 8036; IAM 19068; JCM 8035; IAM 19064; JCM 20385; ATCC 10401; BUCSAV 163; CCM 1460; CCTM La 2862; IAM 12075; NCDO 731; NCIMB 8094; JCM 20106,"MVY-024; EG2; 263-86; 239-86; NRS-252; 11D2; NRS-279, 8277; B.3, B3; TS3, X20; V3, X18; X16; III; II; 354",NUTRIENT AGAR (DSMZ Medium 1); MEDIUM 3 - Columbia agar; CIP Medium 3; CIP Medium 72; CASO AGAR (MERCK 105458) (DSMZ Medium 220),"Soil; Human blood; Euphorbia pulcherrima; Ethanol,70%; Soil,greenhouse"
taxon:324833|organism:streptomyces lasalocidi (streptomyces lasaliensis),2,target_bacteria,taxon_organism,streptomyces lasalocidi,Streptomyces lasalocidi (Streptomyces lasaliensis),bacdive_species_exact_name_match,validated_species_exact_name,not_candidate_row,2,0,4,2,2,7,True,1,True,2,4,True,2,2,True,2,1,True,1,1,True,"{""normalized_species_exact"": 2}",DSM 46487; IMET 43706; NRRL 3382; JCM 3373; ATCC 31180; CGMCC 4.5634; DSM 41442,X-537,GYM STREPTOMYCES MEDIUM (DSMZ Medium 65); ROLLED OATS MINERAL MEDIUM (DSMZ Medium 84); ISP2 MEDIUM (DSMZ Medium 987); STARCH - MINERAL SALT - AGAR (STMS) (DSMZ Medium 252),Soil in Hyde Park; soil
taxon:671|organism:vibrio proteolyticus (aeromonas proteolytica),1,target_bacteria,taxon_organism,vibrio proteolyticus,Vibrio proteolyticus (Aeromonas proteolytica),bacdive_species_exact_name_match,validated_species_exact_name,not_candidate_row,2,0,2,1,1,15,True,1,True,1,3,True,1,4,True,0,0,False,1,2,True,"{""normalized_species_exact"": 1}",DSM 30189; ATCC 15338; CIP 73.06; IFO 13287; NBRC 13287; NCMB 1326; CCUG 20302; LMG 3772; CIP 710; JCM 21193; CCEB 710; CGMCC 1.8871; IAM 14410; NCIMB 1326; CIP 102892,,NUTRIENT AGAR WITH NaCl (DSMZ Medium 101); MEDIUM 72- for trypto casein soja agar; CIP Medium 72,"intestine of <I>Limnoria tripunctata</I>; Intestine,wood boring isopod:Limnoria tripunctata; Intestine of a wood-boring isopod (<I>Limnoria tripunctata</I>); Animal, Intestine, wood-boring isopod"
taxon:57706|organism:citrobacter braakii,1,target_bacteria,taxon_organism,citrobacter braakii,Citrobacter braakii,bacdive_species_exact_name_match,validated_species_exact_name,not_candidate_row,2,0,38,19,19,31,True,1,True,8,7,True,14,13,True,15,4,True,2,3,True,"{""normalized_species_exact"": 19}",DSM 120033; Imi 1b1; CRBIP17.47; CCUG 43795; CCUG 41989; CCUG 41766; CCUG 34426; CCUG 33100; CCUG 32589; CCUG 6228; CCUG 5016; CCUG 5011; CCUG 3819; CCUG 489 G; CIP 104924; CIP 53.62; NCTC 6021; CIP 104927; CIP 105010; DSM 30040,"CIMB 47, CIMB 04-3848; 3158-63; 2990-58; 1249-78; M8B, M8BK; 167, 80-58",TRYPTICASE SOY YEAST EXTRACT MEDIUM (DSMZ Medium 92); COLUMBIA BLOOD MEDIUM (DSMZ Medium 693); CIP Medium 72; MEDIUM 3 - Columbia agar; CIP Medium 3,"Hospital sewage; Human, Stool; Human blood; Human ?; Human blood,80-yr-old woman"
taxon:92743|organism:streptomyces paromomycinus (streptomyces rimosus subsp. paromomycinus),5,target_bacteria,taxon_organism,streptomyces paromomycinus,Streptomyces paromomycinus (Streptomyces rimosus subsp. paromomycinus),bacdive_species_exact_name_match,validated_species_exact_name,not_candidate_row,2,0,4,2,2,15,True,1,True,2,2,True,1,2,True,1,1,True,1,1,True,"{""normalized_species_exact"": 2}",DSM 41429; ATCC 14827; IPV 1982; JCM 4541; KCC S-0541; NRRL 2455; CBS 289.60; CGMCC 4.1760; IFO 15454; JCM 4871; NBIMCC 1699; NBRC 15454; VKM Ac-605; DSM 41210; IMRU 3895,,GYM STREPTOMYCES MEDIUM (DSMZ Medium 65); STARCH - MINERAL SALT - AGAR (STMS) (DSMZ Medium 252),soil; Soil
taxon:1967|organism:streptomyces kanamyceticus,16,target_bacteria,taxon_organism,streptomyces kanamyceticus,Streptomyces kanamyceticus,bacdive_species_exact_name_match,validated_species_exact_name,not_candidate_row,2,0,10,5,5,31,True,1,True,5,3,True,4,3,True,1,1,True,1,2,True,"{""normalized_species_exact"": 5}",DSM 41556; ATCC 21486; Illinois k8; DSM 41555; ATCC 21268; DSM 41554; ATCC 21261; DSM 41552; ATCC 21259; DSM 40500; ATCC 12853; CBS 715.72; IFO 13414; ISP 5500; JCM 4433; JCM 4775; NBRC 13414; NCIB 9343; NRRL B-2535; RIA 1375,19-2; 18-8; 3AG; K-2J,GYM STREPTOMYCES MEDIUM (DSMZ Medium 65); ROLLED OATS MINERAL MEDIUM (DSMZ Medium 84); STARCH - MINERAL SALT - AGAR (STMS) (DSMZ Medium 252),derived from S. kanamyceticus ATCC 12853; derived from S. kanamyceticus 0-4-1 (ATCC 21252); Soil
taxon:1877|organism:micromonospora echinospora (micromonospora purpurea),6,target_bacteria,taxon_organism,micromonospora echinospora,Micromonospora echinospora (Micromonospora purpurea),bacdive_species_exact_name_match,validated_species_exact_name,not_candidate_row,2,0,12,6,6,77,True,1,True,5,11,True,4,2,True,3,1,True,3,4,True,"{""base_binomial_match_or_subspecies"": 5, ""normalized_species_exact"": 1}",HKI 0485; DSM 43816; ATCC 15837; CBS 619.66; IFO 12574; IMET 8211; JCM 3073; NBRC 12574; NRRL 2985; RIA S-420; BCRC 11626; CBS 645.71; CGMCC 4.2102; CGMCC 4.5706; IFO 13149; IMSNU 21292; IMSNU 22043; KCTC 9213; NBRC 13149; NCIMB 12744,"ST033550(HKI), GT20051131; M 4051; Schering Corp.; JI-20; G-418",N-Z-AMINE-MEDIUM (DSMZ Medium 554); ISP 2; ISP 3; ISP 4; ISP 5,soil; Soil
taxon:645657|organism:bacillus subtilis subsp. natto (strain best195),1,target_bacteria,taxon_organism,bacillus subtilis,Bacillus subtilis subsp. natto (strain BEST195),bacdive_species_exact_name_match,validated_species_exact_name,not_candidate_row,4,0,400,200,198,326,True,1,True,178,12,True,59,24,True,55,10,True,12,69,True,"{""base_binomial_match_or_subspecies"": 18, ""normalized_species_exact"": 182}",CIP 76.87; CIP 76.53; DSM 103758; DSM 103051; DSM 103047; DSM 103044; DSM 31033; DSM 100614; DSM 100613; DSM 100612; DSM 100605; DSM 28592; DSM 31010; DSM 31009; DSM 31008; DSM 31021; DSM 31020; SG 119; DSM 30942; DSM 30941,"AA 56; PM 15; D36_1; Stev18; Stev9; Stev2; T3_6; D13-1; D8-1; D6-1; FS3-1; Amp-T18; b9_6; b9_5; b9_4; G23; G20; STI10881; STI10299; STI10298(IMET), 168IX",MEDIUM 3 - Columbia agar; CIP Medium 3; CIP Medium 72; CASO AGAR (MERCK 105458) (DSMZ Medium 220); TRYPTICASE SOY YEAST EXTRACT MEDIUM (DSMZ Medium 92),"cleanroom facility, Airbus Defence and Space; cleanroom facility, TAS-I; cleanroom facility, TAS; caecal content; wildtype C57BL/6 mouse treated with ampicillin; cleanroom, wipe sample"
taxon:1950|organism:streptomyces peucetius,11,target_bacteria,taxon_organism,streptomyces peucetius,Streptomyces peucetius,bacdive_species_exact_name_match,validated_species_exact_name,not_candidate_row,2,0,22,11,11,41,True,1,True,4,5,True,1,2,True,2,1,True,2,2,True,"{""base_binomial_match_or_subspecies"": 4, ""normalized_species_exact"": 7}",ST028398; ST028397; ST028396; ST008509; ST008115; JCM 10205; ATCC 43229; IFO 14662; NBRC 14662; NRRL B-16118; JCM 10037; IMI 136533; DSM 41231; ATCC 27952; IFO 14660; IMRU 3920; IPV 1946; NBRC 14660; JCM 10035; ATCC 43817,IMET 43633; IMET 43632; IMET 43631; ZIMET 43810; AM33392; 106FI; 1762/2; FH 1308,Marine Agar (MA); STARCH - MINERAL SALT - AGAR (STMS) (DSMZ Medium 252); GYM STREPTOMYCES MEDIUM (DSMZ Medium 65); ROLLED OATS MINERAL MEDIUM (DSMZ Medium 84); ISP2 MEDIUM (DSMZ Medium 987),soil; Soil
taxon:65786|organism:hydrogenophaga intermedia,1,target_bacteria,taxon_organism,hydrogenophaga intermedia,Hydrogenophaga intermedia,bacdive_species_exact_name_match,validated_species_exact_name,not_candidate_row,2,0,2,1,1,4,True,1,True,1,3,True,1,3,True,1,1,True,1,3,True,"{""normalized_species_exact"": 1}",DSM 5680; JCM 21401; IAM 14919; CIP 107269,S1,NUTRIENT AGAR (DSMZ Medium 1); MEDIUM 328- for nutrient agar; CIP Medium 328,"air; Air; Environment, Waste water"
proteome:UP000004687,2,target_bacteria,proteome,vibrio cholerae,Vibrio cholerae (strain MO10),bacdive_species_exact_name_match,validated_species_exact_name,not_candidate_row,6,0,234,117,117,150,True,1,True,30,9,True,84,57,True,91,18,True,3,9,True,"{""normalized_species_exact"": 117}",CCUG 66155; CCUG 60231; CCUG 58152; CCUG 57635; CCUG 56875; CCUG 53967; CCUG 53725; CCUG 53724; CCUG 51963; CCUG 51600; CCUG 50999; CCUG 50018; CCUG 47461; CCUG 47460; CCUG 47153; CCUG 46968; CCUG 45392; CCUG 45390; CCUG 45388; CCUG 44668,"A1552; N16961; 940041, 569B; HK1; 254; 335; MDO19; 723; 2829; 182; Makassar 757; AC7535; 4Z; B2 (Berne 2); O9; O14; O1; AE17504; AI1853; 2830",CIP Medium 72; COLUMBIA BLOOD MEDIUM (DSMZ Medium 693); TRYPTICASE SOY YEAST EXTRACT MEDIUM (DSMZ Medium 92); MEDIUM 72- for trypto casein soja agar; CIP Medium 3,"Human eye,8-yr-old girl; Human ear,16-yr-old boy; Human ear,24-yr-old man; Human ear,9-yr-old boy from Burma; Human urine,63-yr-old man"
taxon:28446|organism:anaerotignum propionicum (clostridium propionicum),5,target_bacteria,taxon_organism,anaerotignum propionicum,Anaerotignum propionicum (Clostridium propionicum),bacdive_species_exact_name_match,validated_species_exact_name,not_candidate_row,2,0,4,2,2,7,True,1,True,2,1,True,2,4,True,2,2,True,1,2,True,"{""normalized_species_exact"": 2}",DSM 6251; DSM 1682; ATCC 25522; NCIMB 10656; CCUG 9280; JCM 1430; VPI 5303,19acry 3; X2,ANAEROTIGNUM MEDIUM (DSMZ Medium 156),anaerobic solids digester; black mud; Mud; Black mud from San Francisco Bay
taxon:633|organism:yersinia pseudotuberculosis,4,target_bacteria,taxon_organism,yersinia pseudotuberculosis,Yersinia pseudotuberculosis,bacdive_species_exact_name_match,validated_species_exact_name,not_candidate_row,2,0,78,39,39,64,True,1,True,16,9,True,29,23,True,28,6,True,5,6,True,"{""normalized_species_exact"": 39}",CIP 111976; IP 33620; CIP 111975; IP 34654; CIP 111974; IP 33304; CIP 111962; IP 31758; CIP 111961; IP 32953; CCUG 60634; CCUG 54450; CCUG 54449; CCUG 54448; CCUG 54447; CCUG 54446; CCUG 37903; CCUG 37902; CCUG 36765; CCUG 26948,"CARE_00020; CARE_00019; CARE_00018; CARE_00006; CARE_00005; 32; 25; 43; 16; Prud'homme; 71, A82, I, CNP 14; 14",CIP Medium 72; CIP Medium 29; MEDIUM 72- for trypto casein soja agar; CIP Medium 3; MEDIUM 3 - Columbia agar,"Human, Stools; Environment, National survey, Soil; Human blood,91-yr-old woman; Human feces,11-month-old boy; Human feces,14-yr-old patient"
taxon:2074|organism:pseudonocardia autotrophica (amycolata autotrophica) (nocardia autotrophica),1,target_bacteria,taxon_organism,pseudonocardia autotrophica,Pseudonocardia autotrophica (Amycolata autotrophica) (Nocardia autotrophica),bacdive_species_exact_name_match,validated_species_exact_name,not_candidate_row,2,0,62,31,31,98,True,1,True,28,7,True,13,11,True,0,0,False,2,4,True,"{""normalized_species_exact"": 31}",JCM 4010; KCTC 9567; VKM Ac-1067; IMRU 1701; IMRU 1692; DSM 43558; CBS 605.67; SN 6600; DSM 43128; LBG A 3006; ETH 24301; DSM 43108; IMRU 3520; DSM 43107; IMRU 1598; DSM 43106; IMRU 1597; DSM 43105; IMRU 1579; DSM 43104,"STI07684; STI07679; CM 1512; N 37; W 1995; W 1963; W 1962; W 1961; G-216; 147; B-831a; Boots Pure Drug Co., strain 116, 116, Boots Pure Drug Co., strain 116; 7-34; U4; 8 (unidentified isolate); F354; 3300; A 588; 9964 A; 543",GYM STREPTOMYCES MEDIUM (DSMZ Medium 65); GYM+S MEDIUM (DSMZ Medium 214); TRYPTICASE SOY BROTH AGAR (DSMZ Medium 535); MINERAL MEDIUM FOR CHEMOLITHOTROPHIC GROWTH (H-3) (DSMZ Medium 81); GLYCEROL-SOIL MEDIUM (DSMZ Medium 80),bronchial washing; spinal fluid; aluminium hydroxide gel; parotic gland; bovine mastitis
taxon:322|organism:pseudomonas amygdali pv. tabaci (pseudomonas syringae pv. tabaci),2,target_bacteria,taxon_organism,pseudomonas amygdali,Pseudomonas amygdali pv. tabaci (Pseudomonas syringae pv. tabaci),bacdive_species_exact_name_match,validated_species_exact_name,not_candidate_row,2,0,6,3,3,14,True,1,True,3,7,True,3,6,True,3,3,True,3,4,True,"{""normalized_species_exact"": 3}",DSM 105780; DSM 6759; ATCC 33050; NCPPB 3033; CCUG 51503; CIP 106733; ICMP 6289; LMG 2220; DSM 7298; ATCC 33614; ICMP 3918; NCPPB 2607; CIP 106734; LMG 2123,13-208; 2; AL1,TRYPTICASE SOY BROTH AGAR (DSMZ Medium 535); NUTRIENT AGAR (DSMZ Medium 1); REACTIVATION WITH LIQUID MEDIUM (DSMZ Medium 535b); MEDIUM 328- for nutrient agar; CIP Medium 328,"<I>Loropetalum chinense</i> (Host associated); china berry (<I>Melia</I> <I>azedarach</I>); China berry (Melia azedarch); Melia azedarach; almond, <I>Prunus dulcis</I>"
taxon:2045|organism:nocardioides simplex (arthrobacter simplex),1,target_bacteria,taxon_organism,nocardioides simplex,Nocardioides simplex (Arthrobacter simplex),bacdive_species_exact_name_match,validated_species_exact_name,not_candidate_row,2,0,24,12,8,48,True,1,True,2,10,True,3,5,True,2,1,True,1,2,True,"{""normalized_species_exact"": 12}",STI10626; STI10625; STI10624; STI10283; JCM 1367; IAM 1413; KCTC 9622; CCUG 23927; LMG 3810; DSM 20299; IAM 1398; JCM 1366; IFO 12679; KCTC 9621; NBRC 12679; CCUG 23611; JCM 1363; DSM 20130; ATCC 6946; CCM 1652,IMET 10626; IMET 10625; IMET 10624; IMET 10283; SF005254; SF001744; SF000322; SF002835,TRYPTICASE SOY YEAST EXTRACT MEDIUM (DSMZ Medium 92); ISP 2; ISP 3; ISP 4; ISP 5,"Soil of petroleum zone; soil; Rice soil; Soil; Environment, Rice soil"
proteome:UP000093197,2,target_bacteria,proteome,bacteroides fragilis,Bacteroides fragilis,bacdive_species_exact_name_match,validated_species_exact_name,not_candidate_row,4,0,60,30,30,48,True,2,True,17,11,True,25,21,True,23,9,True,9,14,True,"{""normalized_species_exact"": 28, ""validated_bacdive_id_from_closure"": 2}",DSM 112683; JCM 35879; DSM 24895; KCTC 15964; CGMCC 1.31481; JCM 17587; JCM 17586; JCM 17585; DSM 103647; DSM 103646; DSM 103087; CCUG 54315; CCUG 49424; CCUG 37758; CCUG 36926; CCUG 36902; CCUG 35671; CCUG 35615; CCUG 34457; CCUG 34384,"H4-Clx-6, CLA-AA-H207; HM-216, 2/1/56; NSJ 2; BF8; 638R/pIP417(nimA); COR2-248-WT-1; 10010; 638R; HSP 40; mprl 1843; mprl 1842; mprl 1839, MPRL 1839/MH3; EN-2, Onslow",FASTIDIOUS ANAEROBE BROTH (DSMZ Medium 1203a); COLUMBIA BLOOD MEDIUM (DSMZ Medium 693); CHOPPED MEAT MEDIUM (DSMZ Medium 78); FASTIDIOUS ANAEROBE AGAR (DSMZ Medium 1203); WILKINS-CHALGREN ANAEROBE BROTH (DSMZ Medium 339),"Adult Human(Subject 4), Healthy, Female, Feces; human gut biopsy, clinical sample; Human feces; septicaemic blood; Introduction of plasmid pIP417 from <i>Bacteroides vulgatus</i> to <i>Bacteroides fragilis</i> by conjugational transfer"
taxon:913088|organism:escherichia coli (strain tw11681),4,target_bacteria,taxon_organism,escherichia coli,Escherichia coli (strain TW11681),bacdive_species_exact_name_match,validated_species_exact_name,not_candidate_row,4,0,400,200,200,423,True,0,False,83,19,True,10,13,True,4,3,True,18,53,True,"{""normalized_species_exact"": 200}",DSM 6215; ATCC 37371; DSM 6214; ATCC 39531; DSM 6213; ATCC 41036; DSM 6212; ATCC 37375; DSM 6202; ATCC 37032; DSM 6201; ATCC 35673; DSM 6197; ATCC 47019; DSM 6196; ATCC 47018; DSM 6189; ATCC 37064; CCRC 41300; DSM 6188,"pfdB2; K12 MC1000, MC1000; pHB-1; pfdA2; pSC101; K12 HB101 DB6507, DB6507, FD 27747, HB101 DB6507; K12 Q359, Q359; K12 Q358, Q358; YIP33; DP50; YEp24; YIp5; pSP65; K12 TG1, TG1; pBluescribe M13-, PC-V3046; PC-V3138, pYAC3; PC-V3058, pGEM-3Zf(-); PC-V3057, pGEM-3Zf(+); pBluescribe M13+, PC-V3045; pBGS8, PC-V3012",LB (Luria-Bertani) MEDIUM (DSMZ Medium 381); NUTRIENT AGAR (DSMZ Medium 1); Mineral medium M9 for E. coli JM strains (DSMZ Medium 382); MEDIUM 72- for trypto casein soja agar; CIP Medium 72,"Canine; Animal, Canine; food; freshwater (river, lake, pond); faeces"
proteome:UP000272662,2,target_bacteria,proteome,escherichia coli,Escherichia coli,bacdive_species_exact_name_match,validated_species_exact_name,not_candidate_row,6,0,400,200,200,423,True,0,False,83,19,True,10,13,True,4,3,True,18,53,True,"{""normalized_species_exact"": 200}",DSM 6215; ATCC 37371; DSM 6214; ATCC 39531; DSM 6213; ATCC 41036; DSM 6212; ATCC 37375; DSM 6202; ATCC 37032; DSM 6201; ATCC 35673; DSM 6197; ATCC 47019; DSM 6196; ATCC 47018; DSM 6189; ATCC 37064; CCRC 41300; DSM 6188,"pfdB2; K12 MC1000, MC1000; pHB-1; pfdA2; pSC101; K12 HB101 DB6507, DB6507, FD 27747, HB101 DB6507; K12 Q359, Q359; K12 Q358, Q358; YIP33; DP50; YEp24; YIp5; pSP65; K12 TG1, TG1; pBluescribe M13-, PC-V3046; PC-V3138, pYAC3; PC-V3058, pGEM-3Zf(-); PC-V3057, pGEM-3Zf(+); pBluescribe M13+, PC-V3045; pBGS8, PC-V3012",LB (Luria-Bertani) MEDIUM (DSMZ Medium 381); NUTRIENT AGAR (DSMZ Medium 1); Mineral medium M9 for E. coli JM strains (DSMZ Medium 382); MEDIUM 72- for trypto casein soja agar; CIP Medium 72,"Canine; Animal, Canine; food; freshwater (river, lake, pond); faeces"
taxon:714359|organism:bacillus thuringiensis (strain bmb171),1,target_bacteria,taxon_organism,bacillus thuringiensis,Bacillus thuringiensis (strain BMB171),bacdive_species_exact_name_match,validated_species_exact_name,not_candidate_row,2,0,182,91,91,189,True,1,True,84,7,True,37,34,True,39,11,True,2,5,True,"{""normalized_species_exact"": 91}",CRBIP3.2344; BTS 02618A; CIP 110666; CIP 200206; CRBIP3.705; CRBIP3.6147; CRBIP3.2721; JCM 28844; JCM 28784; JCM 20387; ATCC 13366; IAM 12078; JCM 20331; IAM 11056; DSM 26055; IMI 348918; CCUG 22499; IAM 11064; ATCC 13367; JCM 20337,"367; 1884; EA 12392; BnBt; Bt 18247, MYBT18247; NRS-1124, 58.1.1; Bt GOE7; Bt GOE6; Bt GOE5; Bt GOE4; Bt GOE3; Bt GOE2; Bt GOE1; Bt 131, 4A8; NB221; NB 75; NB 31; NRS-996; 1564",CIP Medium 72; CASO AGAR (MERCK 105458) (DSMZ Medium 220); Nutrient Agar (NA); NUTRIENT AGAR (DSMZ Medium 1); MEDIUM 3 - Columbia agar,"Environment, Soil; Soil (Hanchiku) in the southeast area of the burial mound of the Takamatsuzuka Tumulus; Viscous gels below the paintings of the group of women on the east wall in the stone chamber of the Takamatsuzuka Tumulus; Indian-meal moth (<I>Plodia interpunctella</I>); insect (Balaninus nucum)"
taxon:749537|organism:escherichia coli (strain ms 115-1),4,target_bacteria,taxon_organism,escherichia coli,Escherichia coli (strain MS 115-1),bacdive_species_exact_name_match,validated_species_exact_name,not_candidate_row,4,0,400,200,200,423,True,0,False,83,19,True,10,13,True,4,3,True,18,53,True,"{""normalized_species_exact"": 200}",DSM 6215; ATCC 37371; DSM 6214; ATCC 39531; DSM 6213; ATCC 41036; DSM 6212; ATCC 37375; DSM 6202; ATCC 37032; DSM 6201; ATCC 35673; DSM 6197; ATCC 47019; DSM 6196; ATCC 47018; DSM 6189; ATCC 37064; CCRC 41300; DSM 6188,"pfdB2; K12 MC1000, MC1000; pHB-1; pfdA2; pSC101; K12 HB101 DB6507, DB6507, FD 27747, HB101 DB6507; K12 Q359, Q359; K12 Q358, Q358; YIP33; DP50; YEp24; YIp5; pSP65; K12 TG1, TG1; pBluescribe M13-, PC-V3046; PC-V3138, pYAC3; PC-V3058, pGEM-3Zf(-); PC-V3057, pGEM-3Zf(+); pBluescribe M13+, PC-V3045; pBGS8, PC-V3012",LB (Luria-Bertani) MEDIUM (DSMZ Medium 381); NUTRIENT AGAR (DSMZ Medium 1); Mineral medium M9 for E. coli JM strains (DSMZ Medium 382); MEDIUM 72- for trypto casein soja agar; CIP Medium 72,"Canine; Animal, Canine; food; freshwater (river, lake, pond); faeces"
taxon:1236608|organism:moraxella catarrhalis (strain bbh18),1,target_bacteria,taxon_organism,moraxella catarrhalis,Moraxella catarrhalis (strain BBH18),bacdive_species_exact_name_match,validated_species_exact_name,not_candidate_row,2,0,76,38,38,51,True,1,True,8,7,True,19,18,True,19,5,True,6,7,True,"{""normalized_species_exact"": 38}",CCUG 64043; CCUG 62706; CCUG 58286; CCUG 57283; CCUG 41836; CCUG 36757; CCUG 34455; CCUG 33778; ATCC 25240; CCUG 30750; CCUG 26404 A; CCUG 26403; CCUG 26402; CCUG 26401; CCUG 26400; CCUG 26399; CCUG 26398; CCUG 26397; CCUG 26396; CCUG 26395,"AmMS 116; 4130; Chatham; 1908; Ne 11, Nell",MEDIUM 3 - Columbia agar; CIP Medium 72; CIP Medium 3; MEDIUM 72- for trypto casein soja agar; COLUMBIA BLOOD MEDIUM (DSMZ Medium 693),"Human sputum; Human sputum,69-yr-old woman; Human blood,2-yr-old male,fever from time to time; Human sputum,60-yr-old Male; Human wound,suspected osteitis"
taxon:1896|organism:streptomyces bikiniensis,2,target_bacteria,taxon_organism,streptomyces bikiniensis,Streptomyces bikiniensis,bacdive_species_exact_name_match,validated_species_exact_name,not_candidate_row,2,0,6,3,3,38,True,1,True,3,9,True,2,2,True,1,2,True,2,3,True,"{""normalized_species_exact"": 3}",DSM 40235; ISP 5235; JCM 4626; CBS 651.72; CGMCC 4.5718; IFO 13198; IFO 13350; NBRC 102592; NBRC 13198; NBRC 13350; RIA 1175; RIA 1311; DSM 41083; IMRU 3515; DSM 40581; ATCC 11062; ETH 14303; IMRU 3514; ISP 5581; JCM 4011,,GYM STREPTOMYCES MEDIUM (DSMZ Medium 65); ISP2 MEDIUM (DSMZ Medium 987); ROLLED OATS MINERAL MEDIUM (DSMZ Medium 84); ISP 2; ISP 3,soil; Soil
taxon:1044|organism:erythrobacter longus,3,target_bacteria,taxon_organism,erythrobacter longus,Erythrobacter longus,bacdive_species_exact_name_match,validated_species_exact_name,not_candidate_row,2,0,2,1,1,14,True,1,True,1,3,True,1,3,True,1,1,True,1,1,True,"{""normalized_species_exact"": 1}",DSM 6997; ATCC 33941; IAM 14242; IFO 14126; JCM 6170; NBRC 14126; OCh 101; CECT 5010; CGMCC 1.8459; CIP 104268; KCTC 2829; LMG 3982; LMG 5510; NCIMB 2174,,BACTO MARINE BROTH (DIFCO 2216) (DSMZ Medium 514); Marine agar (MA); CIP Medium 13,"seaweed, <I>Enteromorpha linza</I>; Seaweed (<I>Enteromorpha linza</I>); Seaweed"
taxon:149682|organism:streptomyces roseochromogenus subsp. oscitans,3,target_bacteria,taxon_organism,streptomyces roseochromogenus,Streptomyces roseochromogenus subsp. oscitans,bacdive_species_exact_name_match,validated_species_exact_name,not_candidate_row,2,0,2,1,1,1,True,0,False,0,0,False,1,1,True,1,1,True,0,0,False,"{""normalized_species_exact"": 1}",JCM 4879,,,Soil
taxon:33899|organism:streptomyces galilaeus,4,target_bacteria,taxon_organism,streptomyces galilaeus,Streptomyces galilaeus,bacdive_species_exact_name_match,validated_species_exact_name,not_candidate_row,2,0,20,10,5,43,True,1,True,2,3,True,3,3,True,3,2,True,2,3,True,"{""normalized_species_exact"": 7, ""validated_bacdive_id_from_closure"": 3}",JCM 4330; KCTC 1920; HKI 0041; FERM 2455; HKI 0022; DSM 40481; ATCC 14969; CBS 701.72; IFO 13400; ISP 5481; JCM 4231; JCM 4757; NBRC 13400; NRRL 2722; RIA 1361; ETH 18822; BCRC 11828; CCT 4839; ICMP 142; KCTC 1919,"STH00041(ZIMET), MA-144-M1; ST008518(HKI), F198/S383, 48; ST008510(HKI), 39, AM33351/NTg061; ST008125(HKI), G-162; ST004146; STI43932(IMET), FERM-P5081, ANR-58, MA144-M1; STH00022(ZIMET), FERM-P4808",GYM STREPTOMYCES MEDIUM (DSMZ Medium 65); STARCH - MINERAL SALT - AGAR (STMS) (DSMZ Medium 252); ROLLED OATS MINERAL MEDIUM (DSMZ Medium 84),"Rhizosphere of <I>Atropa belladonna</I>; soil; adobe, garden soil"
taxon:1924|organism:streptomyces purpurascens,6,target_bacteria,taxon_organism,streptomyces purpurascens,Streptomyces purpurascens,bacdive_species_exact_name_match,validated_species_exact_name,not_candidate_row,2,0,14,7,7,29,True,1,True,4,2,True,2,2,True,1,1,True,1,2,True,"{""normalized_species_exact"": 7}",ST005892; SF006331; JCM 4072; CGMCC 4.0615; HUT 6063; NBRC 109895; NRRL 1454; PCM 2344; DSM 41117; IMRU 3660; NRRL 2269; DSM 40747; CBS 311.55; NRRL B-1480; DSM 40684; DSM 40310; ATCC 25489; CBS 917.69; IFO 13077; ISP 5310,JA06686; Tosca2; FH 1354; E 3; Maria 515,ROLLED OATS MINERAL MEDIUM (DSMZ Medium 84); GYM STREPTOMYCES MEDIUM (DSMZ Medium 65),isolate of NRRL; soil
taxon:33952|organism:acetobacterium woodii,1,target_bacteria,taxon_organism,acetobacterium woodii,Acetobacterium woodii,bacdive_species_exact_name_match,validated_species_exact_name,not_candidate_row,4,0,2,1,1,5,True,1,True,1,1,True,1,1,True,1,1,True,1,1,True,"{""normalized_species_exact"": 1}",DSM 1030; ATCC 29683; JCM 2381; WB 1; NBRC 117002,,ACETOBACTERIUM MEDIUM (DSMZ Medium 135),mud
taxon:930|organism:acidithiobacillus thiooxidans (thiobacillus thiooxidans),2,target_bacteria,taxon_organism,acidithiobacillus thiooxidans,Acidithiobacillus thiooxidans (Thiobacillus thiooxidans),bacdive_species_exact_name_match,validated_species_exact_name,not_candidate_row,2,0,20,10,10,24,True,1,True,7,9,True,9,8,True,7,6,True,5,7,True,"{""normalized_species_exact"": 10}",JCM 7814; JCM 7813; JCM 3868; ATCC 15494; CIP 104766; ATCC 19703; NCIMB 8345; DSM 103717; DSM 14887; ATCC 19377; JCM 3867; NCIMB 8343; CIP 104597; IAM 12134; DSM 11478; DSM 9463; DSM 622; DSM 504; ATCC 8085; IFO 12544,CLST; 3/TA; Tth04; B-S2; GP5,MEDIUM 176 - for Thiobacillus concretivorus; CIP Medium 176; ACIDITHIOBACILLUS THIOOXIDANS MEDIUM (DSMZ Medium 71); MEDIUM 124 - for Thiobacillus; CIP Medium 124,Acid mine water from Matsuo sulfur and iron sulfide mine on Hachimantai volcano; Continuous waters of copper mines; Concrete sewer; salt flat brine; Kimmeridge clay
taxon:1719|organism:corynebacterium pseudotuberculosis,2,target_bacteria,taxon_organism,corynebacterium pseudotuberculosis,Corynebacterium pseudotuberculosis,bacdive_species_exact_name_match,validated_species_exact_name,not_candidate_row,2,0,28,14,14,34,True,1,True,13,12,True,14,17,True,8,3,True,3,4,True,"{""normalized_species_exact"": 14}",CCUG 27541; NCTC 4655; CIP 52.103; CIP 52.104; CIP 52.97; CCUG 43567; CIP A94; CCUG 43566; CIP 59.46; CCUG 43568; CIP A95; CIP 58.3; CIP A93; DSM 20689; ATCC 19410; NCTC 3450; CCUG 2806; LMG 19054; CIP 102968; JCM 9389,"Fleming; PR; Krieger; Méd; Roi de Pique; E23; Brie; 169, Songer 169; 2808, Songer 2808; 2804, Songer 2804",MEDIUM 3 - Columbia agar; CIP Medium 3; CIP Medium 72; ISP 2; ISP 3,"Horse; Animal, Horse, lymphangitis; Horse lymphangitis; Horse abscess; Animal, Horse, abscess"
taxon:65058|organism:corynebacterium ulcerans,2,target_bacteria,taxon_organism,corynebacterium ulcerans,Corynebacterium ulcerans,bacdive_species_exact_name_match,validated_species_exact_name,not_candidate_row,2,0,68,34,34,43,True,2,True,18,12,True,28,19,True,33,5,True,2,3,True,"{""normalized_species_exact"": 33, ""validated_bacdive_id_from_closure"": 1}",CCUG 76912; CIP 112226; CCUG 67700; CCUG 59050; CCUG 57059; CCUG 55793; CCUG 49671; CCUG 37628; CCUG 29170; CCUG 28740; CCUG 22330; CCUG 22329; CCUG 22328; CCUG 22327; CCUG 18647; CCUG 18646; CCUG 16556; CIP 54.65; CIP 54.64; CIP 54.59,FRC0011; 976/51; 2295/50; 2404/50; 2292/50; 1634/50; 471-86; 301-80; 1613/51; 1771/50; 1661/50; 1254/50; 603/50; 1054/52; 1329/50; 1417/51; 973/52; 1520/50; 20184,MEDIUM 3 - Columbia agar; CIP Medium 3; CIP Medium 72; MEDIUM 72- for trypto casein soja agar; COLUMBIA BLOOD MEDIUM (DSMZ Medium 693),"Human wound,heel,35-yr-old woman; Human sinus,62-yr-old woman; Human wound,milk farmer; Human wound,31-yr-old woman,wild cat bite; Human throat,pharyngitis"
proteome:UP000298551,4,target_bacteria,proteome,pseudomonas putida,Pseudomonas putida (Arthrobacter siderocapsulatus),bacdive_species_exact_name_match,validated_species_exact_name,not_candidate_row,6,0,260,130,130,297,True,1,True,67,25,True,89,77,True,70,18,True,18,33,True,"{""normalized_species_exact"": 130}",DSM 114486; DSM 116510; DSM 116234; DSM 115323; JCM 9802; JCM 9800; JCM 9045; JCM 20228; IAM 1629; JCM 20188; ATCC 4359; IAM 1506; JCM 20129; IAM 1250; JCM 20120; IAM 1235; JCM 20112; ATCC 17464; IAM 1219; JCM 20111,"NiuAA7; 116510; 116234; Thor-Nr. 1021; MD 7.3; 776.85; 340-86; 25300, 642-85; A3/9; AmMs 106; TEC1 91-delta 1; S13.1.2; TEC1 407-delta1; TEC1 407.3-delta2; TEC1 407.1-delta 2; TEC1; Z2; SQ1; STI11318; B6-2",COLUMBIA BLOOD MEDIUM (DSMZ Medium 693); TRYPTICASE SOY YEAST EXTRACT MEDIUM (DSMZ Medium 92); MEDIUM 3 - Columbia agar; CIP Medium 3; CIP Medium 72,"Maize root grown in field soil; Urine; Swab; paint; Activated sludge,by enrichment with biphenyl as the sole source of carbon and energy"
taxon:1428|organism:bacillus thuringiensis,1,target_bacteria,taxon_organism,bacillus thuringiensis,Bacillus thuringiensis,bacdive_species_exact_name_match,validated_species_exact_name,not_candidate_row,2,0,182,91,91,189,True,1,True,84,7,True,37,34,True,39,11,True,2,5,True,"{""normalized_species_exact"": 91}",CRBIP3.2344; BTS 02618A; CIP 110666; CIP 200206; CRBIP3.705; CRBIP3.6147; CRBIP3.2721; JCM 28844; JCM 28784; JCM 20387; ATCC 13366; IAM 12078; JCM 20331; IAM 11056; DSM 26055; IMI 348918; CCUG 22499; IAM 11064; ATCC 13367; JCM 20337,"367; 1884; EA 12392; BnBt; Bt 18247, MYBT18247; NRS-1124, 58.1.1; Bt GOE7; Bt GOE6; Bt GOE5; Bt GOE4; Bt GOE3; Bt GOE2; Bt GOE1; Bt 131, 4A8; NB221; NB 75; NB 31; NRS-996; 1564",CIP Medium 72; CASO AGAR (MERCK 105458) (DSMZ Medium 220); Nutrient Agar (NA); NUTRIENT AGAR (DSMZ Medium 1); MEDIUM 3 - Columbia agar,"Environment, Soil; Soil (Hanchiku) in the southeast area of the burial mound of the Takamatsuzuka Tumulus; Viscous gels below the paintings of the group of women on the east wall in the stone chamber of the Takamatsuzuka Tumulus; Indian-meal moth (<I>Plodia interpunctella</I>); insect (Balaninus nucum)"
taxon:116188|organism:streptomyces coeruleorubidus,1,target_bacteria,taxon_organism,streptomyces coeruleorubidus,Streptomyces coeruleorubidus,bacdive_species_exact_name_match,validated_species_exact_name,not_candidate_row,2,0,4,2,2,23,True,1,True,2,2,True,1,1,True,0,0,False,1,2,True,"{""normalized_species_exact"": 2}",DSM 41172; IMRU 3840; DSM 40145; ATCC 13740; ATCC 23900; CBS 796.68; ETH 24205; IFO 12855; INA 12531/54; ISP 5145; JCM 4359; NBRC 12855; RIA 1132; BCRC 11463; CGMCC 4.1678; IFM 11211; IMET 42060; KCTC 1743; KCTC 1922; NBIMCC 1152,,GYM STREPTOMYCES MEDIUM (DSMZ Medium 65); ROLLED OATS MINERAL MEDIUM (DSMZ Medium 84),soil
taxon:47716|organism:streptomyces olivaceus,7,target_bacteria,taxon_organism,streptomyces olivaceus,Streptomyces olivaceus,bacdive_species_exact_name_match,validated_species_exact_name,not_candidate_row,2,0,46,23,23,102,True,1,True,11,9,True,6,3,True,1,1,True,2,4,True,"{""normalized_species_exact"": 23}",ST007318; ST006789; ST006788; ST006101; ST006096; ST006094; ST006085; ST006084; ST006071; ST006055; ST005294; IMI 104413; DSM 41537; ATCC 12019; JCM 4702; BCRC 12102; KCTC 9036; DSM 41536; ATCC 11626; CBS 355.53,"JA11296; JA09310; JA09309; JA07136; JA07127; JA07125; JA07112; JA07111; JA07096; JA07074; JA05203; 15920-19; BU 16,11, FD 275; 65399-3, FD 23109; MPP 2523; MPP 2373; MPP 1627; 346; M 4041; FD 10301",GYM STREPTOMYCES MEDIUM (DSMZ Medium 65); ROLLED OATS MINERAL MEDIUM (DSMZ Medium 84); ISP 2; ISP 3; ISP 4,hay; soil; Soil
proteome:UP000035170,2,target_bacteria,proteome,variovorax paradoxus,Variovorax paradoxus,bacdive_species_exact_name_match,validated_species_exact_name,not_candidate_row,4,0,44,22,21,74,True,1,True,12,8,True,16,16,True,11,5,True,2,3,True,"{""normalized_species_exact"": 22}",DSM 113672; JCM 20911; ATCC 17718; IAM 13551; LMG 3576; JCM 20910; ATCC 17716; IAM 13550; LMG 3574; CCUG 66021; CCUG 65978; CCUG 64149; CCUG 63252; CCUG 52932; CCUG 22893; ATCC 17719; LMG 3577; JCM 20912; IAM 13552; DSM 9258,"IDSBO-4; SF004496; BF3; B4; 180, P2-106-S (3); 351, B13-0-1 D, B13-0-1D; R1L1; JMP116, pJP1; 444; 3-20-2, 360; 14-O-1, 353; 12-6-2, 350",R2A MEDIUM (DSMZ Medium 830); R3 A MEDIUM (DSMZ Medium 1153); MINERAL MEDIUM (BRUNNER) (DSMZ Medium 457); TRYPTICASE SOY BROTH AGAR (DSMZ Medium 535); NUTRIENT AGAR (DSMZ Medium 1),"As- and Sb-contaminated sediment; Soil; Industry; Industry water; Industry,water"
taxon:67327|organism:streptomyces melanosporofaciens,5,target_bacteria,taxon_organism,streptomyces melanosporofaciens,Streptomyces melanosporofaciens,bacdive_species_exact_name_match,validated_species_exact_name,not_candidate_row,2,0,2,1,1,13,True,1,True,1,3,True,1,1,True,1,1,True,1,1,True,"{""normalized_species_exact"": 1}",DSM 40318; ATCC 25473; CBS 883.69; IFO 13061; ISP 5318; JCM 4495; NBRC 13061; RIA 1253; BCRC 12064; CGMCC 4.1742; NCIMB 12978; NRRL B-12234; VKM Ac-1864,1573,GYM STREPTOMYCES MEDIUM (DSMZ Medium 65); STARCH - MINERAL SALT - AGAR (STMS) (DSMZ Medium 252); ROLLED OATS MINERAL MEDIUM (DSMZ Medium 84),soil
taxon:1399|organism:cytobacillus firmus (bacillus firmus),2,target_bacteria,taxon_organism,cytobacillus firmus,Cytobacillus firmus (Bacillus firmus),bacdive_species_exact_name_match,validated_species_exact_name,not_candidate_row,2,0,22,11,11,47,True,1,True,6,7,True,6,6,True,6,3,True,2,4,True,"{""normalized_species_exact"": 5, ""validated_bacdive_id_from_closure"": 6}",CRBIP17.29; CCUG 61212; CCUG 49421; CCUG 48590; CCUG 29458; NRRL NRS-769; CCUG 29457; NRRL NRS-794; CIP 101880; DSM 30614; DSM 12; ATCC 14575; CCM 2213; JCM 2512; NCIB 9366; NCTC 10335; CCUG 7418; NRS 613; BCRC 11730; CECT 14,"CIMB 04-2901; 742-85, 1552; ES2-W1c1; 613, original; 710; 854, a Hambourg",CIP Medium 72; MEDIUM 29- Brain heart agar; CIP Medium 29; CASO AGAR (MERCK 105458) (DSMZ Medium 220); MEDIUM 3 - Columbia agar,"Human, Osteitis; Human blood,65-yr-old woman; Industry; Human blood,57-yr-old woman; Human, Blood"
proteome:UP000004915,1,target_bacteria,proteome,mycolicibacterium thermoresistibile,Mycolicibacterium thermoresistibile (strain ATCC 19527 / DSM 44167 / CIP 105390 / JCM 6362 / NCTC 10409 / 316) (Mycobacterium thermoresistibile),bacdive_species_taxid_or_synonym_match,validated_species_taxid_or_synonym,not_candidate_row,10,0,13,3,3,10,True,1,True,2,7,True,2,4,True,1,1,True,1,4,True,"{""validated_bacdive_species_exact"": 3}",CCUG 39116; DSM 44167; ATCC 19527; JCM 6392; NCTC 10409; JCM 6362; CCUG 28008; CCUG 41353; CIP 105390; DSM 44018,"14 131 0001, 316",LÖWENSTEIN-JENSEN MEDIUM (DSMZ Medium 354); MIDDLEBROOK MEDIUM (DSMZ Medium 645); MB7H10; MB7H11; 5006,"Human sputum; soil; Soil; Environment, Soil"
taxon:378806|organism:stigmatella aurantiaca (strain dw4/3-1),2,target_bacteria,taxon_organism,stigmatella aurantiaca,Stigmatella aurantiaca (strain DW4/3-1),bacdive_species_exact_name_match,validated_species_exact_name,not_candidate_row,2,0,24,12,12,13,True,1,True,12,2,True,12,9,True,12,5,True,1,1,True,"{""normalized_species_exact"": 12}",DSM 53785; DSM 53795; DSM 53783; DSM 53782; DSM 53781; DSM 53780; DSM 53779; DSM 53778; DSM 53754; DSM 53751; DSM 17044; ATCC 25190; DSM 1035,Sg a32; Sg a27; Sg a31; Sg h30; Sg h33; Sg a18; Sg a17; Sg a16; Sh a23; Sg a21; M 15; HR 1,VY/2 AGAR (DSMZ Medium 9); CY-AGAR (DSMZ Medium 67),soil with plant residues; rotting plant material with rabbit faeces; Soil with lime pebbles and plant residues; bark and twig pieces beneath a willow; soil from a brookside
proteome:UP000031523,1,target_bacteria,proteome,streptomyces albus,Streptomyces albus (strain ATCC 21838 / DSM 41398 / FERM P-419 / JCM 4703 / NBRC 107858),bacdive_species_exact_name_match,validated_species_exact_name,not_candidate_row,9,0,116,55,47,190,True,1,True,35,15,True,24,17,True,4,3,True,7,9,True,"{""base_binomial_match_or_subspecies"": 35, ""normalized_species_exact"": 20}",DSM 114292; JCM 20474; IAM 12315; JCM 10484; HUT 6624; NBRC 109902; CCUG 11109; IMET 40244; CUB 441; CUB 439; CUB 440; CUB 438; CUB 470; CUB 469; CUB 120; CUB 107; DSM 41209; IMRU 3894; DSM 41208; IMRU 3893,"114292; SF003731; SF003750; ST005078; ST032205(HKI), 556-6; ST008511(HKI), JA03453-112, ST 08519, sieheST 07510, 41; ST028356; ST028355; ST008519(HKI), siehe ST 07510, 49, JA03453-D, ST 08511; ST006635; STI43384(IMET), GT19961331; ST028335(HKI), 556-5; STI40608(IMET), HMGBB885, IPV82x, GT19961329; STI43382(IMET), GT19961330; ST028358; ST028357; ST028354; ST028353; F2 (5.65); 4369",TRYPTICASE SOY YEAST EXTRACT MEDIUM (DSMZ Medium 92); GYM STREPTOMYCES MEDIUM (DSMZ Medium 65); STARCH - MINERAL SALT - AGAR (STMS) (DSMZ Medium 252); ROLLED OATS MINERAL MEDIUM (DSMZ Medium 84); ISP 2,"BAL; Activated sludge; soil; fatal case of human pulmonary streptothricosis; monkey, injected with NCTC 450, which was isolated from spleen in a case of acholuric jaundice"
taxon:46161|organism:actinomadura kijaniata,1,target_bacteria,taxon_organism,actinomadura kijaniata,Actinomadura kijaniata,bacdive_species_exact_name_match,validated_species_exact_name,not_candidate_row,2,0,2,1,1,20,True,1,True,1,9,True,1,3,True,1,1,True,1,1,True,"{""normalized_species_exact"": 1}",DSM 43764; ATCC 31588; CCRC 13146; IFO 14229; IMET 9741; JCM 3306; KCTC 9129; NBRC 14229; NCIMB 13755; NRRL 12069; NRRL B-16121; VKM Ac-874; BCRC 13416; CGMCC 4.2099; IMSNU 20006; MTCC 707; NRRL B-16261; BCRC 13146; IFO (now NBRC) 14229; SCC 1256,"SSC 1256, 13-363",GPHF-MEDIUM (DSMZ Medium 553); ISP 2; ISP 3; ISP 4; ISP 5,soil; Soil; From soil
taxon:60894|organism:saccharopolyspora spinosa,4,target_bacteria,taxon_organism,saccharopolyspora spinosa,Saccharopolyspora spinosa,bacdive_species_exact_name_match,validated_species_exact_name,not_candidate_row,2,0,2,1,1,10,True,1,True,1,9,True,1,2,True,1,2,True,1,3,True,"{""normalized_species_exact"": 1}",DSM 44228; ATCC 49460; NRRL 18395; JCM 9375; BCRC 16299; CGMCC 4.1365; CPCC 204088; IFO 15153; KACC 20097; NBRC 15153,,GPHF-MEDIUM (DSMZ Medium 553); GYM STREPTOMYCES MEDIUM (DSMZ Medium 65); ISP 2; ISP 3; ISP 4,soil; sugar mill rum still; Soil from a sugar mill rum still
taxon:1935|organism:streptomyces violaceoruber,2,target_bacteria,taxon_organism,streptomyces violaceoruber,Streptomyces violaceoruber,bacdive_species_exact_name_match,validated_species_exact_name,not_candidate_row,2,0,48,24,21,136,True,6,True,18,9,True,7,6,True,6,3,True,6,8,True,"{""normalized_species_exact"": 17, ""validated_bacdive_id_from_closure"": 7}",DSM 41017; IMRU 3071; DSM 41013; IMRU 3047; JCM 4691; IFO 15731; NBRC 15731; JCM 3044; ATCC 15720; INMI 62; NCIMB 10165; HKI 0475; DSM 41704; CBS 103.21; IFO 15461; JCM 5065; KCC S-1065; NBRC 15461; NRRL B-16925; NBRC 103112,"ST002898; ST004038; ST026834(HKI), Lorenz Actino7, GT20024038; ST033551(HKI), GT20051132; FH 2456; FH 2454; 69; Actino 7; 33C, ID 3844; B 241; A3(2); Ac6",GYM STREPTOMYCES MEDIUM (DSMZ Medium 65); STARCH - MINERAL SALT - AGAR (STMS) (DSMZ Medium 252); ROLLED OATS MINERAL MEDIUM (DSMZ Medium 84); ISP 2; ISP 3,soil contains cellulose and CaCo3; Derived from a wild type of <I>Streptomyces violaceoruber</I> (<I>S. coelicolor</I>) strain A3(2); soil; Soil; house dust
taxon:246786|organism:metabacillus indicus (bacillus indicus),1,target_bacteria,taxon_organism,metabacillus indicus,Metabacillus indicus (Bacillus indicus),bacdive_species_exact_name_match,validated_species_exact_name,not_candidate_row,2,0,4,2,2,10,True,1,True,2,7,True,2,7,True,2,2,True,2,2,True,"{""normalized_species_exact"": 2}",DSM 15820; CIP 108689; LMG 22858; MTCC 4374; JCM 12168; KCTC 3968; DSM 16189; KCTC 3880; BCRC 80033; CIP 108730,Sd/3; JG-30,CASO AGAR (MERCK 105458) (DSMZ Medium 220); Nutrient agar (NA); MEDIUM 72- for trypto casein soja agar; CIP Medium 72; BACTO MARINE BROTH (DIFCO 2216) (DSMZ Medium 514),"sand sample from arsenic-contaminated aquifer; arsenic polluted sand; Sand of an arsenic-contaminated aquifer in West Bengal; Environment, Arsenic polluted sand; jeotgal, a traditional Korean fermented seafood"
taxon:61016|organism:virgibacillus salexigens (salibacillus salexigens),1,target_bacteria,taxon_organism,virgibacillus salexigens,Virgibacillus salexigens (Salibacillus salexigens),bacdive_species_exact_name_match,validated_species_exact_name,not_candidate_row,2,0,6,3,3,17,True,2,True,3,6,True,3,6,True,3,3,True,3,6,True,"{""normalized_species_exact"": 1, ""validated_bacdive_id_from_closure"": 2}",JCM 30071; LMG 28282; TISTR 2279; PCU 345; DSM 28587; CSUR P971; DSM 11483; ATCC 700290; CCM 4646; JCM 30552; CCUG 52350; CIP 105608; KACC 10867; KACC 14582; KCTC 3704; KCTC 3844; LMG 21520,KN3-8-4; Vm-5; C-20Mo,Modified JCM no. 377 agar; BHI MEDIUM (DSMZ Medium 215); CASO AGAR (MERCK 105458) (DSMZ Medium 220); 10% (wt/vol) total salts complex  medium; Marine agar (MA),"Shrimp paste collected from a market; Shrimp paste collected from a market in Nakhon Sri Thammarat Province; human stool, 10-year old healthy Amazonian boy; saltern in Huelva; Saltern"
taxon:144185|organism:leifsonia aquatica (corynebacterium aquaticum),1,target_bacteria,taxon_organism,leifsonia aquatica,Leifsonia aquatica (Corynebacterium aquaticum),bacdive_species_exact_name_match,validated_species_exact_name,not_candidate_row,2,0,62,31,31,52,True,1,True,2,10,True,31,23,True,29,4,True,1,2,True,"{""normalized_species_exact"": 31}",CCUG 39881; CCUG 39879; CCUG 39403; CCUG 37759; CCUG 35456 A; CCUG 34266; CCUG 34265; CCUG 34181; CCUG 33903; CCUG 33823; CCUG 33173; CCUG 32929; CCUG 32928; CCUG 32923; CCUG 32739; CCUG 32634; CCUG 32370; CCUG 31729; CCUG 31381; CCUG 31268,46.87; 150,MEDIUM 3 - Columbia agar; CIP Medium 3; CIP Medium 72; CORYNEBACTERIUM AGAR (DSMZ Medium 53); ISP 2,"Water,municipal drinking water; Water,tap water in paper mill industry; Human aspirate,hip; Human gland,neck; Human CAPD fluid"
taxon:897|organism:desulfococcus multivorans,1,target_bacteria,taxon_organism,desulfococcus multivorans,Desulfococcus multivorans,bacdive_species_exact_name_match,validated_species_exact_name,not_candidate_row,2,0,2,1,1,2,True,1,True,1,1,True,1,1,True,1,1,True,1,4,True,"{""normalized_species_exact"": 1}",DSM 2059; ATCC 33890,Göttingen (1be1),DESULFOBACTER MEDIUM (DSMZ Medium 193),sewage digester
taxon:29369|organism:clostridium sardiniense (clostridium absonum),20,target_bacteria,taxon_organism,clostridium sardiniense,Clostridium sardiniense (Clostridium absonum),bacdive_species_exact_name_match,validated_species_exact_name,not_candidate_row,2,0,6,3,3,13,True,1,True,3,5,True,2,3,True,0,0,False,2,3,True,"{""normalized_species_exact"": 3}",DSM 2632; ATCC 33455; VPI 2971; DSM 600; ATCC 27635; NCTC 10985; DSM 599; ATCC 27555; NCTC 10984; JCM 1381; ATCC 33571; BCRC 14510; CIP 104302,"HA 9103 (KZ); HA 7103 (KZ), 10015, HA 7103",CHOPPED MEAT MEDIUM (DSMZ Medium 78); LIVER BROTH (Oxoid CM 77) (DSMZ Medium 77); CHOPPED MEAT MEDIUM WITH CARBOHYDRATES (DSMZ Medium 110); MEDIUM 20 - for Anaerobic bacteria; CIP Medium 20,"soil; Soil; Environment, Soil"
taxon:33038|organism:mediterraneibacter gnavus (ruminococcus gnavus),2,target_bacteria,taxon_organism,mediterraneibacter gnavus,Mediterraneibacter gnavus (Ruminococcus gnavus),bacdive_species_exact_name_match,validated_species_exact_name,not_candidate_row,2,0,98,49,49,52,True,1,True,38,5,True,49,27,True,48,10,True,8,13,True,"{""normalized_species_exact"": 38, ""validated_bacdive_id_from_closure"": 11}",DSM 120343; DSM 120239; DSM 119878; DSM 119877; DSM 119876; DSM 119875; DSM 119874; DSM 119873; DSM 119857; DSM 119856; DSM 119855; DSM 119854; DSM 119853; DSM 119852; DSM 119823; DSM 119822; DSM 119821; DSM 119820; DSM 119819; DSM 119818,CLA-JM-H50; CLA-AP-H37; QRD047; QRD046; QRD045; QRD044; QRD043; QRD042; QRD041; QRD040; QRD039; QRD038; QRD037; QRD036; QRD035; QRD034; QRD033; QRD032; QRD031; QRD030,FASTIDIOUS ANAEROBE BROTH (DSMZ Medium 1203a); COLUMBIA BLOOD MEDIUM (DSMZ Medium 693); CHOPPED MEAT MEDIUM WITH CARBOHYDRATES (DSMZ Medium 110); YCFA-MEDIUM (MODIFIED) (DSMZ Medium 1611); PYG MEDIUM (MODIFIED) (DSMZ Medium 104),"human feces; Human feces, adult with Crohn's disease; Human feces; biopsy, patient with Crohn's disease; Adult with Crohn's disease, terminal ileum"
taxon:56|organism:sorangium cellulosum (polyangium cellulosum),2,target_bacteria,taxon_organism,sorangium cellulosum,Sorangium cellulosum (Polyangium cellulosum),bacdive_species_exact_name_match,validated_species_exact_name,not_candidate_row,4,0,400,200,200,205,True,1,True,200,3,True,198,38,True,199,31,True,0,0,False,"{""normalized_species_exact"": 200}",DSM 53282; DSM 53281; DSM 53280; DSM 53279; DSM 53278; DSM 53277; DSM 53276; DSM 53275; DSM 53274; DSM 53273; DSM 53272; DSM 53271; DSM 53270; DSM 53269; DSM 53268; DSM 53267; DSM 53266; DSM 53265; DSM 53264; DSM 53263,So ce223; So ce222; So ce221; So ce220; So ce219; So ce217; So ce216; So ce215; So ce214; So ce213; So ce212; So ce211; So ce210; So ce208; So ce207; So ce206; So ce205; So ce203; So ce199; So ce198,VY/2 AGAR (DSMZ Medium 9); ST21 AGAR FOR CELLULOSE DEGRADERS (DSMZ Medium 938); POLYANGIUM MEDIUM (DSMZ Medium 223),soil with plant residues; sandy soil from garden; soil with plant residues from olive tree yard; soil; sand
proteome:UP000543174,5,target_bacteria,proteome,priestia aryabhattai,Priestia aryabhattai (Bacillus aryabhattai),bacdive_species_taxid_or_synonym_match,candidate_unvalidated,rescued_to_validated_species,4,0,4,2,2,4,True,1,True,1,1,True,2,3,True,2,2,True,1,2,True,"{""validated_bacdive_species_exact"": 2}",DSM 114786; DSM 21047; JCM 13839; MTCC 7755,MVY-004; B8W22,NUTRIENT AGAR (DSMZ Medium 1),Soil; cryogenic tube used for collecting air from an altitude of 40–41.4 km; Cryogenic tube used for collecting an air sample from an altitude of 40-41.4 km
proteome:UP000037660,2,target_bacteria,proteome,piscinibacter sakaiensis,Piscinibacter sakaiensis (Ideonella sakaiensis),bacdive_species_taxid_or_synonym_match,candidate_unvalidated,rescued_to_validated_species,6,0,4,1,1,3,True,1,True,1,5,True,1,2,True,1,1,True,1,1,True,"{""validated_bacdive_species_exact"": 1}",NBRC 110686; TISTR 2288; DSM 112585,201-F6,R2A MEDIUM (DSMZ Medium 830); NBRC no. 802 agar medium; TRYPTICASE SOY BROTH AGAR (DSMZ Medium 535); NUTRIENT AGAR (DSMZ Medium 1); TRYPTONE SOYA BROTH (TSB) (DSMZ Medium 545),a microbial consortium that degrades poly (ethylene terephthalate) (PET); environmental sediment samples contaminated with PET debris
taxon:391953|organism:aquincola tertiaricarbonis,8,target_bacteria,taxon_organism,aquincola tertiaricarbonis,Aquincola tertiaricarbonis,bacdive_species_exact_name_match,validated_species_exact_name,not_candidate_row,2,0,2,1,1,2,True,1,True,1,3,True,1,2,True,1,1,True,0,0,False,"{""normalized_species_exact"": 1}",DSM 18512; CIP 109243,L10,AQUINCOLA MEDIUM (DSMZ Medium 1178); MEDIUM 670 - for Aquicola Tertiaricarbonis; CIP Medium 670,"MTBE-contaminated aquifer; Environment, Groundwater"
taxon:134601|organism:mycolicibacterium goodii (mycobacterium goodii),8,target_bacteria,taxon_organism,mycolicibacterium goodii,Mycolicibacterium goodii (Mycobacterium goodii),bacdive_species_taxid_or_synonym_match,candidate_unvalidated,rescued_to_validated_species,2,0,4,2,2,7,True,1,True,1,3,True,2,2,True,2,2,True,1,2,True,"{""validated_bacdive_species_exact"": 2}",CCUG 52054; DSM 44492; ATCC 700504; CCUG 58730; CDC 860673; JCM 12689; CIP 106349,M069,PEPTONE MEAT EXTRACT GLYCEROL AGAR (DSMZ Medium 250); MIDDLEBROOK MEDIUM (DSMZ Medium 645); MEDIUM 55 - for Mycobacterium,"Human blood,70-yr-old woman,fatal infection,cancer; patient with a post-traumatic osteomyelitis of the calcaneus (heel)"
proteome:UP000000757,4,target_bacteria,proteome,mycolicibacterium smegmatis,Mycolicibacterium smegmatis (strain ATCC 700084 / mc(2)155) (Mycobacterium smegmatis),bacdive_species_exact_name_match,validated_species_exact_name,not_candidate_row,5,0,70,35,33,96,True,1,True,21,13,True,7,8,True,2,2,True,3,4,True,"{""normalized_species_exact"": 8, ""validated_bacdive_id_from_closure"": 27}",ST033721; ST033720; ST033719; ST033718; CIP 56.6; CCTM La 690; JCM 31864; CCUG 28062; NCTC 3821; CCUG 27786; CCUG 21824; ATCC 23037; CCUG 21823; ATCC 23032; CCUG 21822; ATCC 23028; CCUG 21821; ATCC 19979; NCTC 333; CIP 73.26,"SG987 4a; SG1013; SG989; SG98; F21; SF002767; STI11112(IMET), B344; 987-M10; GA 735, Cornell 3, 14 133 0010; 7449; 114; 607; 169, Schering 275; 74C, Schering 250; 52-Q-1; 52-L-1; Minetti 41",MEDIUM 72- for trypto casein soja agar; CIP Medium 3; CIP Medium 72; MEDIUM 55 - for Mycobacterium; CIP Medium 55,Derived from <I>Mycobacterium smegmatis</I> strain Jucho; Guinea pig inoculated with butter; human; clinical material; Human
taxon:818|organism:bacteroides thetaiotaomicron,3,target_bacteria,taxon_organism,bacteroides thetaiotaomicron,Bacteroides thetaiotaomicron,bacdive_species_exact_name_match,validated_species_exact_name,not_candidate_row,2,0,24,12,12,24,True,1,True,5,5,True,12,10,True,10,4,True,2,12,True,"{""normalized_species_exact"": 12}",DSM 24846; DSM 108161; DSM 108160; CCUG 68746; CCUG 68702; CCUG 68684; CCUG 45196; CCUG 38792; CCUG 38386 A; CCUG 34419; DSM 2255; ATCC 29741; WAL 2926; CIP 104207; CCUG 34778; NCTC 13706; DSM 2079; ATCC 29148; NCTC 10582; CCUG 10774,"HM-168, 1/1/14; H5_3; H3_25; E50 (VPI 5482), VPI-5482",COLUMBIA BLOOD MEDIUM (DSMZ Medium 693); CHOPPED MEAT MEDIUM (DSMZ Medium 78); FASTIDIOUS ANAEROBE BROTH (DSMZ Medium 1203a); CIP Medium 20; MEDIUM 20 - for Anaerobic bacteria,"clinical sample, human gut biopsy; human faeces; Human feces,healthy individual; Human blood,suspected urosepsis; Human blood,55-yr-old man"
taxon:1909|organism:streptomyces griseolus,2,target_bacteria,taxon_organism,streptomyces griseolus,Streptomyces griseolus,bacdive_species_exact_name_match,validated_species_exact_name,not_candidate_row,2,0,36,18,15,108,True,2,True,13,11,True,10,6,True,8,4,True,2,2,True,"{""normalized_species_exact"": 1, ""validated_bacdive_id_from_closure"": 17}",ST032190; DSM 118480; DSM 118478; DSM 41978; JCM 4052; CBS 423.34; CGMCC 4.0602; CGMCC 4.1523; HUT 6025; IFM 1032; IFO 3199; KCTC 1138; LMG 19303; NBRC 3199; DSM 41736; DSM 41728; DSM 41726; DSM 41718; DSM 40863; ATCC 13449,"IMET 43446; OG 2.89; OG 2.70; MPBD4-2b; SF002226; SF005569; SF005564; 34C, ID 3847; 30C; 30A; 16B, ID 3825; 49982-22, Schering 345; MA-317; DI-7; 14576-4, Schering 307",GYM STREPTOMYCES MEDIUM (DSMZ Medium 65); ROLLED OATS MINERAL MEDIUM (DSMZ Medium 84); STARCH - MINERAL SALT - AGAR (STMS) (DSMZ Medium 252); ISP2 MEDIUM (DSMZ Medium 987); ISP 2,soil; Mountain pine beetle; compost; piece of aggregated natural rubber; Soil
taxon:45398|organism:streptomyces griseoviridis,1,target_bacteria,taxon_organism,streptomyces griseoviridis,Streptomyces griseoviridis,bacdive_species_exact_name_match,validated_species_exact_name,not_candidate_row,2,0,2,1,1,17,True,1,True,1,2,True,1,2,True,1,1,True,1,2,True,"{""normalized_species_exact"": 1}",DSM 40229; ATCC 23920; CBS 904.68; IFO 12874; ISP 5229; JCM 4250; JCM 4643; NBRC 12874; NRRL 2427; RIA 1170; BCRC 15101; CGMCC 4.1418; HAMBI 1086; KCTC 9780; LMG 19321; NCIMB 9853; VKM Ac-622,P-D 04955,GYM STREPTOMYCES MEDIUM (DSMZ Medium 65); ROLLED OATS MINERAL MEDIUM (DSMZ Medium 84),"soil; Soil, oatfield"
taxon:681288|organism:staphylococcus aureus (strain ed98),1,target_bacteria,taxon_organism,staphylococcus aureus,Staphylococcus aureus (strain ED98),bacdive_species_exact_name_match,validated_species_exact_name,not_candidate_row,4,0,400,200,198,443,True,1,True,147,13,True,125,110,True,112,17,True,41,283,True,"{""base_binomial_match_or_subspecies"": 4, ""normalized_species_exact"": 196}",CIP 81.81; ATCC 12599; NCTC 8531; CCUG 1799; CIP 103811; CIP 103568; ATCC 49476; CIP 107397; CIP 67.7; CIP 65.24; CIP 65.23; CIP 65.12; ATCC 12603; NCTC 6134; CIP 65.10; ATCC 12601; NCTC 6131; CCUG 1801; CIP 65.9; NCTC 6130,"UAA 303, 6615; B17266; A20212-47; 196E; 60-599; MS 69; MS 174; 133; 131N; BM10431, 92.037; N315; BM3327; T2_T7B 2); STH00438; STH00437; STH00435; STI11389(IMET), SA159; STH00432; STH00433; STH00439",MEDIUM 3 - Columbia agar; CIP Medium 3; CIP Medium 72; MEDIUM 72- for trypto casein soja agar; COLUMBIA BLOOD MEDIUM (DSMZ Medium 693),"Human blood,osteomyelitis; Human, Blood; Human, Throat; Human, Unknown source; Human, Skin"
taxon:663951|organism:staphylococcus aureus (strain tw20 / 0582),1,target_bacteria,taxon_organism,staphylococcus aureus,Staphylococcus aureus (strain TW20 / 0582),bacdive_species_exact_name_match,validated_species_exact_name,not_candidate_row,4,0,400,200,198,443,True,1,True,147,13,True,125,110,True,112,17,True,41,283,True,"{""base_binomial_match_or_subspecies"": 4, ""normalized_species_exact"": 196}",CIP 81.81; ATCC 12599; NCTC 8531; CCUG 1799; CIP 103811; CIP 103568; ATCC 49476; CIP 107397; CIP 67.7; CIP 65.24; CIP 65.23; CIP 65.12; ATCC 12603; NCTC 6134; CIP 65.10; ATCC 12601; NCTC 6131; CCUG 1801; CIP 65.9; NCTC 6130,"UAA 303, 6615; B17266; A20212-47; 196E; 60-599; MS 69; MS 174; 133; 131N; BM10431, 92.037; N315; BM3327; T2_T7B 2); STH00438; STH00437; STH00435; STI11389(IMET), SA159; STH00432; STH00433; STH00439",MEDIUM 3 - Columbia agar; CIP Medium 3; CIP Medium 72; MEDIUM 72- for trypto casein soja agar; COLUMBIA BLOOD MEDIUM (DSMZ Medium 693),"Human blood,osteomyelitis; Human, Blood; Human, Throat; Human, Unknown source; Human, Skin"
taxon:523796|organism:staphylococcus aureus (strain mrsa st398 / isolate s0385),1,target_bacteria,taxon_organism,staphylococcus aureus,Staphylococcus aureus (strain MRSA ST398 / isolate S0385),bacdive_species_exact_name_match,validated_species_exact_name,not_candidate_row,4,0,400,200,198,443,True,1,True,147,13,True,125,110,True,112,17,True,41,283,True,"{""base_binomial_match_or_subspecies"": 4, ""normalized_species_exact"": 196}",CIP 81.81; ATCC 12599; NCTC 8531; CCUG 1799; CIP 103811; CIP 103568; ATCC 49476; CIP 107397; CIP 67.7; CIP 65.24; CIP 65.23; CIP 65.12; ATCC 12603; NCTC 6134; CIP 65.10; ATCC 12601; NCTC 6131; CCUG 1801; CIP 65.9; NCTC 6130,"UAA 303, 6615; B17266; A20212-47; 196E; 60-599; MS 69; MS 174; 133; 131N; BM10431, 92.037; N315; BM3327; T2_T7B 2); STH00438; STH00437; STH00435; STI11389(IMET), SA159; STH00432; STH00433; STH00439",MEDIUM 3 - Columbia agar; CIP Medium 3; CIP Medium 72; MEDIUM 72- for trypto casein soja agar; COLUMBIA BLOOD MEDIUM (DSMZ Medium 693),"Human blood,osteomyelitis; Human, Blood; Human, Throat; Human, Unknown source; Human, Skin"
taxon:703339|organism:staphylococcus aureus (strain 04-02981),1,target_bacteria,taxon_organism,staphylococcus aureus,Staphylococcus aureus (strain 04-02981),bacdive_species_exact_name_match,validated_species_exact_name,not_candidate_row,4,0,400,200,198,443,True,1,True,147,13,True,125,110,True,112,17,True,41,283,True,"{""base_binomial_match_or_subspecies"": 4, ""normalized_species_exact"": 196}",CIP 81.81; ATCC 12599; NCTC 8531; CCUG 1799; CIP 103811; CIP 103568; ATCC 49476; CIP 107397; CIP 67.7; CIP 65.24; CIP 65.23; CIP 65.12; ATCC 12603; NCTC 6134; CIP 65.10; ATCC 12601; NCTC 6131; CCUG 1801; CIP 65.9; NCTC 6130,"UAA 303, 6615; B17266; A20212-47; 196E; 60-599; MS 69; MS 174; 133; 131N; BM10431, 92.037; N315; BM3327; T2_T7B 2); STH00438; STH00437; STH00435; STI11389(IMET), SA159; STH00432; STH00433; STH00439",MEDIUM 3 - Columbia agar; CIP Medium 3; CIP Medium 72; MEDIUM 72- for trypto casein soja agar; COLUMBIA BLOOD MEDIUM (DSMZ Medium 693),"Human blood,osteomyelitis; Human, Blood; Human, Throat; Human, Unknown source; Human, Skin"
proteome:UP000008703,1,target_bacteria,proteome,streptomyces violaceusniger,Streptomyces violaceusniger (strain Tu 4113),bacdive_species_exact_name_match,validated_species_exact_name,not_candidate_row,4,0,10,5,5,19,True,1,True,4,8,True,1,1,True,1,1,True,1,2,True,"{""normalized_species_exact"": 5}",ST007038; DSM 41642; DSM 41602; NRRL B-16257; DSM 40699; DSM 40563; ATCC 27477; CBS 760.72; IFO 13459; ISP 5563; NBRC 13459; NRRL B-1476; RIA 1420; JCM 4850; BCRC 15178; CGMCC 4.1423; ICMP 734; LMG 19336; VKM Ac-583,JA10095; U3S-25; TÜ 50,ROLLED OATS MINERAL MEDIUM (DSMZ Medium 84); GYM STREPTOMYCES MEDIUM (DSMZ Medium 65); ISP 2; ISP 3; ISP 4,"rose root (rhizosphere, <I>Rosa canina</I> ""Inermis"")"
taxon:92644|organism:streptomyces malaysiensis,1,target_bacteria,taxon_organism,streptomyces malaysiensis,Streptomyces malaysiensis,bacdive_species_exact_name_match,validated_species_exact_name,not_candidate_row,2,0,10,5,5,15,True,3,True,4,12,True,4,5,True,3,2,True,3,4,True,"{""base_binomial_match_or_subspecies"": 1, ""normalized_species_exact"": 2, ""validated_bacdive_id_from_closure"": 2}",KCTC 39905; CCTCC AA 2016045; DSM 42107; DSM 42010; NRRL B-24803; DSM 41697; ATCC BAA-13; JCM 10672; CGMCC 4.1900; IFO 16446; KCTC 9934; NBRC 16446; NCIMB 14455; DSM 41534; ATCC 31955,HNM0141; S3812; M1463; ATB-11; MA 5285,GYM STREPTOMYCES MEDIUM (DSMZ Medium 65); ISP 2; ISP 3; ISP 4; ISP 5,marine sediment; rhizosphere of <i>Robinia pseudoacacia</i>; soil sample from Tasek Bera; Soil; soil
taxon:66377|organism:streptomyces violens (chainia violens),1,target_bacteria,taxon_organism,streptomyces violens,Streptomyces violens (Chainia violens),bacdive_species_exact_name_match,validated_species_exact_name,not_candidate_row,2,0,22,11,1,25,True,1,True,1,7,True,1,1,True,1,1,True,1,1,True,"{""normalized_species_exact"": 11}",DSM 40597; ATCC 15898; CBS 451.65; CBS 787.72; IFO 12557; IFO 13486; IMET 43407; ISP 5597; JCM 3072; JCM 4852; NBRC 12557; NBRC 13486; NRRL B-3484; RIA 1447; RIA 565; BCRC 12540; CGMCC 4.1786; HAMBI 1073; INMI 1212; MTCC 6916,SF002303; SF001049; SF004604; SF002016; SF001760; SF004314; SF001236; SF005174; SF005570; SF001147,GYM STREPTOMYCES MEDIUM (DSMZ Medium 65); ISP 2; ISP 3; ISP 4; ISP 5,Soil
taxon:84531|organism:lysobacter antibioticus,24,target_bacteria,taxon_organism,lysobacter antibioticus,Lysobacter antibioticus,bacdive_species_exact_name_match,validated_species_exact_name,not_candidate_row,2,0,4,2,2,13,True,1,True,2,2,True,2,1,True,2,1,True,1,1,True,"{""normalized_species_exact"": 2}",DSM 2045; ATCC 29480; Ly a1; UASM L17; DSM 2044; ATCC 29479; NBRC 100085; VKM B-2273; CCUG 55583; LMG 8760; HAMBI 1957; Ly a2; UASM 3C,3C,CY-AGAR (DSMZ Medium 67); NUTRIENT AGAR (DSMZ Medium 1),soil
proteome:UP000007254,1,target_bacteria,proteome,winmispira thermophila,Winmispira thermophila (strain ATCC 700085 / DSM 6578 / Z-1203) (Spirochaeta thermophila),bacdive_species_taxid_or_synonym_match,validated_species_taxid_or_synonym,not_candidate_row,7,0,8,2,2,4,True,1,True,2,2,True,2,2,True,2,2,True,2,2,True,"{""validated_bacdive_species_exact"": 2}",DSM 6578; ATCC 700085; DSM 6192; ATCC 49972,Z-1203; RI 19.B1,SPIROCHAETA THERMOPHILA MEDIUM (DSMZ Medium 509); SPIROCHAETA RI 19.B1 MEDIUM (DSMZ Medium 509a),marine hot spring; water of thermal spring
proteome:UP000004525,3,target_bacteria,proteome,lacticaseibacillus rhamnosus,Lacticaseibacillus rhamnosus (strain LMS2-1),bacdive_species_exact_name_match,validated_species_exact_name,not_candidate_row,6,0,358,179,179,266,True,1,True,61,9,True,165,96,True,146,8,True,4,9,True,"{""normalized_species_exact"": 21, ""validated_bacdive_id_from_closure"": 158}",CCUG 34682; ATCC 11982; JCM 8135; NCFB 252; NCIMB 8103; CCUG 34627; CCUG 34509; CCUG 34440; CCUG 34333; CCUG 34291; ATCC 53103; LMG 18243; CCUG 34241; CCUG 33766; CCUG 33698; CCUG 33684; CCUG 33683; CCUG 33617; CCUG 33615; CCUG 33570,"707-87; 183-80; FEV; 342.82; 582.81; 743.86; 146-86; 784.81; 644.86; 431-86; 331-86; P64-P74, 93-86; 77-86; 217-86; 171-86; 973.85; 237.85; 599-86; 60F; 575.86",MEDIUM 40- for Lactobacillus and Leuconostoc; CIP Medium 40; COLUMBIA BLOOD MEDIUM (DSMZ Medium 693); MRS MEDIUM (DSMZ Medium 11); TRYPTICASE SOY YEAST EXTRACT MEDIUM (DSMZ Medium 92),"Milk products; Human blood; Human urine; Human feces; Human blood,32-yr-w.,morbus Behçet,multiple isol."
taxon:1346|organism:streptococcus iniae (streptococcus shiloi),2,target_bacteria,taxon_organism,streptococcus iniae,Streptococcus iniae (Streptococcus shiloi),bacdive_species_exact_name_match,validated_species_exact_name,not_candidate_row,2,0,22,11,11,22,True,1,True,3,5,True,11,10,True,10,4,True,0,0,False,"{""normalized_species_exact"": 11}",CCUG 47774; CCUG 47773; CCUG 47772; CCUG 47771; CCUG 47770; CCUG 47769; CCUG 47768; CCUG 44699; CIP 103769; ATCC 51499; CIP 105804; ATCC 29177; CCUG 27623; CNCTC 8/84; LMG 14521; CCUG 27303; LMG 14520; DSM 20576; ATCC 29178; CECT 7363,ND 2-16; BU; PW,MEDIUM 6 - Columbia agar with 10 % horse blood; CIP Medium 72; CIP Medium 6; COLUMBIA BLOOD MEDIUM (DSMZ Medium 693); TRYPTICASE SOY YEAST EXTRACT MEDIUM (DSMZ Medium 92),"Fish,farm; Fish farm; Human infection; Human blood; Other, Fish, brain"
taxon:67369|organism:streptomyces toxytricini (actinomyces toxytricini),2,target_bacteria,taxon_organism,streptomyces toxytricini,Streptomyces toxytricini (Actinomyces toxytricini),bacdive_species_exact_name_match,validated_species_exact_name,not_candidate_row,2,0,8,4,2,24,True,1,True,1,1,True,1,2,True,3,2,True,1,1,True,"{""normalized_species_exact"": 4}",IMET 40125; INA 3425; DSM 40178; ATCC 19813; CBS 566.68; IFO 12823; INA 13887/54; ISP 5178; KCC S-0421; NBRC 12823; RIA 1093; JCM 4421; BCRC 13472; CGMCC 4.1734; CGMCC 4.1804; NCAIM B.01883; NCAIM B.02267; NCIMB 9847; NRRL B-5426; VKM Ac-1279,STI40125; ST004641; ST004568,GYM STREPTOMYCES MEDIUM (DSMZ Medium 65),soil; Soil
taxon:1887|organism:streptomyces albogriseolus,3,target_bacteria,taxon_organism,streptomyces albogriseolus,Streptomyces albogriseolus,bacdive_species_exact_name_match,validated_species_exact_name,not_candidate_row,2,0,10,5,5,45,True,2,True,5,12,True,4,4,True,2,2,True,3,3,True,"{""normalized_species_exact"": 4, ""validated_bacdive_id_from_closure"": 1}",DSM 41931; CIP 104363; DSM 40249; ATCC 25518; CBS 660.69; IFO 13106; ISP 5249; NBRC 13106; RIA 1298; IPV 334a; JCM 4536; BCRC 12458; CGMCC 4.1780; KCTC 19977; NRRL B-5622; VKM Ac-1749; VTT E-011973; DSM 46449; IMET 40454; DSM 40003,"SD 524; S-3253; BU 1,9 III, No. 1,9 III; 7-A","ROLLED OATS MINERAL MEDIUM (DSMZ Medium 84); GYM STREPTOMYCES MEDIUM (DSMZ Medium 65); MEDIUM 57 - for Streptomyces, Nocardioides, Lentzea albidocapillata and Streptoverticillium reticulum; CIP Medium 57; CIP Medium 236","mycetoma patient; Environment, Soil; soil; Soil"
proteome:UP000017820,8,target_bacteria,proteome,pseudoalteromonas luteoviolacea,Pseudoalteromonas luteoviolacea (strain 2ta16),bacdive_species_exact_name_match,validated_species_exact_name,not_candidate_row,4,0,6,3,3,14,True,1,True,2,3,True,3,4,True,2,1,True,2,3,True,"{""normalized_species_exact"": 3}",JCM 21283; ATCC 33493; IAM 14725; NCIMB 2035; CIP 104257; NCIMB 2036; DSM 6061; ATCC 33492; NCIMB 1893; JCM 21275; CIP 103718; IAM 14710; LMG 2871; NBRC 103183,"CH 124; CH 130, CH130",Marine agar (MA); CIP Medium 13; BACTO MARINE BROTH (DIFCO 2216) (DSMZ Medium 514),"Surface seawater, neritic zone; Environment, Sea water; surface seawater; Environment, Surface seawater"
proteome:UP000673383,2,target_bacteria,proteome,bradyrhizobium elkanii,Bradyrhizobium elkanii,bacdive_species_exact_name_match,validated_species_exact_name,not_candidate_row,4,0,18,9,9,14,True,1,True,1,1,True,9,5,True,9,2,True,2,4,True,"{""normalized_species_exact"": 9}",JCM 10832; USDA 94; CCUG 57705; CCUG 56519; CCUG 56518; CCUG 53411; CCUG 52706; CCUG 52681 B; CCUG 52553 B; DSM 11554; ATCC 49852; USDA 76; JCM 20971; IAM 13629,,RHIZOBIUM MEDIUM (DSMZ Medium 98),"Root nodules of <I>Glycine max</I>; Water,industry; Water for injection,bioburden; Water,pharmacope quality,industry; soybean <I>Glycine max</I>"
proteome:UP000001841,1,target_bacteria,proteome,erwinia amylovora,Erwinia amylovora (strain CFBP1430),bacdive_species_exact_name_match,validated_species_exact_name,not_candidate_row,4,0,14,7,7,19,True,1,True,6,3,True,6,7,True,6,5,True,1,3,True,"{""normalized_species_exact"": 7}",ST035817; IMI 347367; IMI 347365; DSM 101800; DSM 50901; ATCC 15357; ICPB EA137; PDDCC 1392; DSM 30165; ATCC 15580; CCM 1114; IFO 12687; NBRC 12687; NCPPB 683; PDDCC 15; PDDCC 1540; CCUG 4906; IFO 13538; DSM 17948,ATCC 49946; EGYI; S59/5; Ea1/79,Nutrient Agar (NA); TRYPTICASE SOY BROTH AGAR (DSMZ Medium 535); NUTRIENT AGAR (DSMZ Medium 1),Cotoneaster; twig and leaf; Malus; shoot; soil; blighted apple twig (<I>Malus pumila</I>); pear (<I>Pyris communis</I>)
proteome:UP000027602,2,target_bacteria,proteome,bacillus methanolicus,Bacillus methanolicus (strain MGA3 / ATCC 53907),bacdive_species_exact_name_match,validated_species_exact_name,not_candidate_row,5,0,2,1,1,4,True,1,True,1,2,True,1,1,True,0,0,False,1,1,True,"{""normalized_species_exact"": 1}",DSM 16454; ATCC 51375; LMG 24730; NCIMB 13113,PB1,MODIFIED BACTO MARINE BROTH (DSMZ Medium 514d); BM MEDIUM (DSMZ Medium 1192),Waste water treatment system
taxon:1317|organism:streptococcus downei (streptococcus sobrinus),1,target_bacteria,taxon_organism,streptococcus downei,Streptococcus downei (Streptococcus sobrinus),bacdive_species_exact_name_match,validated_species_exact_name,not_candidate_row,2,0,2,1,1,10,True,1,True,1,4,True,1,4,True,1,1,True,1,1,True,"{""normalized_species_exact"": 1}",DSM 5635; ATCC 33748; NCTC 11391; CCUG 24890; JCM 31115; BCRC 14752; CIP 103222; CNCTC 6691; KCTC 3634; LMG 14514,MFe28,TRYPTICASE SOY YEAST EXTRACT MEDIUM (DSMZ Medium 92); MEDIUM 38 - for Streptococcus and Gemella Haemolysans; CIP Medium 72; CIP Medium 38,"dental plaque of monkey; Monkey dental plaque; Dental plaque of monkeys (<I>Macaca fascicularis</I>); Animal, Monkey, dental plaque"
taxon:2741|organism:peptococcus niger,1,target_bacteria,taxon_organism,peptococcus niger,Peptococcus niger,bacdive_species_exact_name_match,validated_species_exact_name,not_candidate_row,2,0,2,1,1,7,True,1,True,1,2,True,1,2,True,0,0,False,1,1,True,"{""normalized_species_exact"": 1}",DSM 20475; ATCC 27731; VPI 7953; JCM 6506; CCM 6019; CIP 105947; NCTC 11805,,RCM MEDIUM (DSMZ Medium 634); CHOPPED MEAT MEDIUM WITH CARBOHYDRATES (DSMZ Medium 110),umbilicus; Navel swab
taxon:865|organism:pectinatus frisingensis,1,target_bacteria,taxon_organism,pectinatus frisingensis,Pectinatus frisingensis,bacdive_species_exact_name_match,validated_species_exact_name,not_candidate_row,2,0,10,5,5,10,True,1,True,5,2,True,5,3,True,5,2,True,1,1,True,"{""normalized_species_exact"": 5}",DSM 20761; DSM 20760; DSM 20759; MU 2; DSM 20465; DSM 6306; ATCC 33332; CCM 6217; VTT E-79100; CCUG 43283,BB 2; WL 2; MKK 1; V1,BIFIDOBACTERIUM MEDIUM (DSMZ Medium 58); MRS MEDIUM WITH CYSTEINE (DSMZ Medium 232),spoilt beer; turbid beer; Turbid beer
taxon:33941|organism:geobacillus thermoleovorans (bacillus thermoleovorans),1,target_bacteria,taxon_organism,geobacillus thermoleovorans,Geobacillus thermoleovorans (Bacillus thermoleovorans),bacdive_species_exact_name_match,validated_species_exact_name,not_candidate_row,2,0,10,5,5,9,True,1,True,5,3,True,5,5,True,5,4,True,0,0,False,"{""normalized_species_exact"": 4, ""validated_bacdive_id_from_closure"": 1}",DSM 15392; PIZZO 70; DSM 16053; ATCC BAA-898; DSM 11668; DSM 11667; DSM 5366; ATCC 43513; VKM B-2230,"PIZZO; Fango; K-3d; HSR; LEH-1, R-35636",CASO AGAR (MERCK 105458) (DSMZ Medium 220); NUTRIENT AGAR (DSMZ Medium 1); trypticase soy agar,"soil close to the crater; mud (60 meters underground); hot spring; soil; soil, near hot water effluent"
taxon:1075|organism:fuscovulum blasticum (rhodobacter blasticus) (rhodopseudomonas blastica),2,target_bacteria,taxon_organism,fuscovulum blasticum,Fuscovulum blasticum (Rhodobacter blasticus) (Rhodopseudomonas blastica),bacdive_species_taxid_or_synonym_match,validated_species_taxid_or_synonym,not_candidate_row,2,0,2,1,1,9,True,1,True,1,2,True,1,2,True,1,1,True,1,2,True,"{""validated_bacdive_species_exact"": 1}",CIP 104374; ATCC 33485; DSM 2131; LMG 4305; NCIMB 11576; UCCCB1; DSM 26431; IFO 16437; NBRC 16437,,MEDIUM 120 - for Rhodobacter blasticus; CIP Medium 12,"Eutrophic freshwater pond; Environment, Small eutrophic freshwater pond"
taxon:592205|organism:helicobacter pylori (strain b38),1,target_bacteria,taxon_organism,helicobacter pylori,Helicobacter pylori (strain B38),bacdive_species_exact_name_match,validated_species_exact_name,not_candidate_row,2,0,140,70,70,117,True,1,True,24,7,True,63,48,True,66,9,True,4,12,True,"{""normalized_species_exact"": 70}",DSM 105471; DSM 105470; DSM 105400; ATCC 51932; DSM 105297; DSM 105296; DSM 105294; DSM 105293; DSM 105292; DSM 105261; DSM 105260; DSM 105200; DSM 105199; DSM 105198; DSM 105197; DSM 105196; DSM 105195; CCUG 64957; CCUG 48166; CCUG 41936,"85866; 85593; Tx30; Sydney strain, SS1; 2808; PMSS1; J166; G27; 83321; 86153; 85592; 85369; 86298; 87041; 85107; 82894; CGLO-1; 26695; N6; 85P",COLUMBIA BLOOD MEDIUM (DSMZ Medium 693); MEDIUM 45 - for Columbia agar with sheep blood; CIP Medium 45; Brucella broth; MEDIUM 6 - Columbia agar with 10 % horse blood,"patient, specimen; clinical isolate; clinical isolate, mouse adapted (Recovered from mice inoculated with PMSS1); Mouse-passed strain originating from a patient diagnosed with ulcer; wild-type rodent-adapted cag + H. pylori strain derived from the parental strain of the mouse Sydney strain (SS1)"
proteome:UP000002743,2,target_bacteria,proteome,methylovorus glucosotrophus,Methylovorus glucosotrophus (strain SIP3-4),bacdive_species_exact_name_match,validated_species_exact_name,not_candidate_row,4,0,4,2,2,9,True,1,True,2,2,True,0,0,False,1,1,True,1,1,True,"{""normalized_species_exact"": 2}",DSM 6874; BKM 1745; VKM B-1745; ATCC 49758; NCIMB 13222; UCM B-1745; DSM 5897; BKM B-1609; VKM B-1609,6B1,NUTRIENT AGAR (DSMZ Medium 1); 2% MH MEDIUM (DSMZ Medium 620),
proteome:UP000001489,1,target_bacteria,proteome,bartonella grahamii,Bartonella grahamii (strain as4aup),bacdive_species_exact_name_match,validated_species_exact_name,not_candidate_row,4,0,2,1,1,4,True,1,True,1,2,True,1,2,True,0,0,False,1,1,True,"{""normalized_species_exact"": 1}",CIP 107024; NCTC 12 860; CCUG 50771; NCTC 12860,V2,MEDIUM 45 - for Columbia agar with sheep blood; CIP Medium 45,"Clethrionomys glareolus blood; Clethrionomys glareolus, blood"
proteome:UP000002256,2,target_bacteria,proteome,rhizobium leguminosarum,Rhizobium leguminosarum bv. trifolii (strain WSM1325),bacdive_species_exact_name_match,validated_species_exact_name,not_candidate_row,4,0,34,17,17,46,True,2,True,14,8,True,4,4,True,1,1,True,4,6,True,"{""normalized_species_exact"": 16, ""validated_bacdive_id_from_closure"": 1}",CIP 106959; ATCC 10004; IAM 12609; OUT 30008; IFO 14778; DSM 106839; LMG 14904; CIP 108029; AS 1.3045; CCBAU 71042; DSM 30143; DSM 60273; DSM 30141; ATCC 14480; JCM 20684; IAM 12613; NBRC 14784; DSM 30139; ATCC 14481; DSM 30138,"3Hoq18; 580; 3D1k22a; 3D1r1; 3D1k5; 3HOa1; 92A3; 175F1; NZ 29; 3D1q25a; 3D1K2; RCR 3622; LPR5035, pRtr5a::Tn5; ANU618, pBR1AN",Rhizobium medium (DSMZ Medium 1848); RHIZOBIUM MEDIUM (DSMZ Medium 98); R2A MEDIUM (DSMZ Medium 830); MEDIUM 296 - for Rhizobium; CIP Medium 296,Effective nodules of Pisum sativum; Indigofera amblyantha; <I>Vicia sativa</I>; <I>Cicer arietinum</I>
taxon:46680|organism:pseudomonas nitroreducens,2,target_bacteria,taxon_organism,pseudomonas nitroreducens,Pseudomonas nitroreducens,bacdive_species_exact_name_match,validated_species_exact_name,not_candidate_row,2,0,22,11,11,45,True,1,True,7,8,True,8,13,True,8,7,True,4,8,True,"{""normalized_species_exact"": 10, ""validated_bacdive_id_from_closure"": 1}",LMG 25966; CGMCC 1.10702; JCM 20557; IAM 12407; CCUG 50378 A; CCUG 30561; DSM 23662; CCUG 51655; DSM 17553; ATCC 700690; CIP 106706; JCM 21620; IAM 15165; LMG 20221; NBRC 103160; DSM 14399; ATCC 33634; IAM 1439; JCM 2782; CCUG 12538,"WZBFD3-5A2; TA12-C; IpA-1; KS 0050, P-6; HBP1 Prp; HBP1; 926",TRYPTICASE SOY BROTH AGAR (DSMZ Medium 535); LB (Luria-Bertani) MEDIUM (DSMZ Medium 381); MEDIUM 72- for trypto casein soja agar; CIP Medium 72; CASO AGAR (MERCK 105458) (DSMZ Medium 220),"Soil,agricultural; Human blood,peaks of fever,32-yr-old woman; soil; sequencing batch reactor; Sequencing batch bioreactor"
taxon:76761|organism:pseudomonas veronii,2,target_bacteria,taxon_organism,pseudomonas veronii,Pseudomonas veronii,bacdive_species_exact_name_match,validated_species_exact_name,not_candidate_row,2,0,18,9,9,23,True,2,True,8,9,True,9,11,True,8,5,True,3,4,True,"{""base_binomial_match_or_subspecies"": 1, ""normalized_species_exact"": 8}",DSM 114734; JCM 13987; JCM 11828; CIP 107594; INA 06; CIP 107595; JCM 11829; INA 05; DSM 9960; DSM 16273; DSM 16272; DSM 11331; CIP 104663; CCUG 43519; LMG 17761; ATCC 700474; ATCC 700272; CFML 92-134; JCM 11942; CCM 7013,G2; Z-0064; 16-6A; MG61; 92-134; PWD35,NUTRIENT AGAR (DSMZ Medium 1); TRYPTICASE SOY BROTH AGAR (DSMZ Medium 535); R2A MEDIUM (DSMZ Medium 830); PSEUDOMONAS AGAR F (DSMZ Medium 907); CIP Medium 72,"soil from plastic landfill site; Turtle feces; Activated sludge; Environment, Activated sludge; vegetative plant debris"
taxon:59205|organism:salmonella houtenae,1,target_bacteria,taxon_organism,salmonella enterica,Salmonella houtenae,bacdive_species_exact_name_match,validated_species_exact_name,not_candidate_row,4,0,400,200,200,376,True,6,True,199,18,True,57,42,True,70,21,True,28,83,True,"{""base_binomial_match_or_subspecies"": 46, ""normalized_species_exact"": 154}",CIP 55.38; NCTC 8386; CIP 107479; CCUG 46434; CIP 55.29; CIP 55.28; NCTC 7309; CIP 55.27; NCTC 7299; CIP 55.26; NCTC 7315; CIP 55.24; CIP 55.23; NCTC 7303; CIP 55.21; NCTC 7332; CIP 107125; CIP 54.143; CIP 54.140; CIP 54.139,"82K; 91K; 585K; 61; 19, M73; 13, M50; 69K; LT2; C52; S-6; Eastafrica; TA1538; 254; I137; M327, 71; 88, M453; 87, M452; M439, 86; M248, 58; M244, 57",MEDIUM 3 - Columbia agar; CIP Medium 3; MEDIUM 72- for trypto casein soja agar; CIP Medium 72; MEDIUM 29- Brain heart agar,"Human, Faeces; Poult, intestine; Gopher snake, lung; Dried egg powder; Turkey, conjunctivitis"
taxon:43767|organism:rhodococcus hoagii (corynebacterium equii),4,target_bacteria,taxon_organism,rhodococcus hoagii,Rhodococcus hoagii (Corynebacterium equii),bacdive_species_exact_name_match,validated_species_exact_name,not_candidate_row,2,0,76,38,38,69,True,1,True,13,15,True,24,17,True,16,6,True,3,3,True,"{""normalized_species_exact"": 32, ""validated_bacdive_id_from_closure"": 6}",JCM 6832; JCM 6829; JCM 6828; JCM 6820; JCM 6819; BCRC 13634; JCM 6818; JCM 6817; JCM 1314; IAM 12446; JCM 1313; IAM 12445; JCM 1312; ATCC 10146; IAM 12444; IMSNU 20113; KCTC 3134; DSM 104936; CCUG 54412; CCUG 50191 A,"PAM1126, 103S; GV2; GV1; CV1; VI1; RW2/1; Gdf C58, Gdf R76, Gordon N4219, R76; VII",TRYPTICASE SOY BROTH AGAR (DSMZ Medium 535); TRYPTICASE SOY YEAST EXTRACT MEDIUM (DSMZ Medium 92); R2A MEDIUM (DSMZ Medium 830); NUTRIENT AGAR (DSMZ Medium 1); ORGANIC MEDIUM 79 (DSMZ Medium 426),"Lung of foal; Clinical case of foal pneumonia [horse]; Human blood,66-yr-old woman; Human blood,61-yr-old woman,port a cath; Human sputum,productive cough,fever,rigors"
taxon:66431|organism:streptomyces thioluteus,6,target_bacteria,taxon_organism,streptomyces thioluteus,Streptomyces thioluteus,bacdive_species_exact_name_match,validated_species_exact_name,not_candidate_row,2,0,2,1,1,22,True,1,True,1,4,True,1,2,True,1,1,True,1,1,True,"{""normalized_species_exact"": 1}",DSM 40027; ATCC 12310; CBS 642.72; DSM 41486; IFO 13341; IFO 3364; ISP 5027; JCM 4087; JCM 4182; NBRC 13341; NBRC 3364; RIA 1302; NIHJ 26A; BCRC 12428; CGMCC 4.1930; CIP 108140; HUT 6071; JCM 4844; NRRL B-1667; VKM Ac-1914,26-A,"GYM STREPTOMYCES MEDIUM (DSMZ Medium 65); MEDIUM 57 - for Streptomyces, Nocardioides, Lentzea albidocapillata and Streptoverticillium reticulum; ROLLED OATS MINERAL MEDIUM (DSMZ Medium 84); CIP Medium 57","Soil; Environment, Soil"
proteome:UP000060513,2,target_bacteria,proteome,streptomyces pristinaespiralis,Streptomyces pristinaespiralis,bacdive_species_taxid_or_synonym_match,validated_species_taxid_or_synonym,not_candidate_row,4,0,3,1,1,11,True,0,False,1,3,True,0,0,False,0,0,False,1,2,True,"{""validated_bacdive_species_exact"": 1}",DSM 40338; ATCC 25486; CBS 914.69; IFO 13074; ISP 5338; JCM 4507; NBRC 13074; NRRL 2958; RIA 1266; BCRC 12096; CGMCC 4.1352,5647,ROLLED OATS MINERAL MEDIUM (DSMZ Medium 84); STARCH - MINERAL SALT - AGAR (STMS) (DSMZ Medium 252); GYM STREPTOMYCES MEDIUM (DSMZ Medium 65),
taxon:762570|organism:rhodothermus marinus (strain sg0.5jp17-172),2,target_bacteria,taxon_organism,rhodothermus marinus,Rhodothermus marinus (strain SG0.5JP17-172),bacdive_species_exact_name_match,validated_species_exact_name,not_candidate_row,2,0,12,6,6,10,True,1,True,4,2,True,6,5,True,4,2,True,4,4,True,"{""normalized_species_exact"": 6}",JCM 33046; JCM 33045; DSM 16675; PRI 493; DSM 12399; JCM 9785; CGMCC 1.3047; DSM 4253; DSM 4252; ATCC 43812,OKD7; R-18; R-10,MODIFIED THERMUS 162 MEDIUM (DSMZ Medium 630); BACTO MARINE BROTH (DIFCO 2216) (DSMZ Medium 514),"Nonvolcanic Arima Onsen (hot spring) in Japan; submarine hot spring, 2 m depth; Hydrothermal vent at a depth of 22 m; Hydrothermal vent at a depth of 22 m (120-125°C); submarine hot spring"
taxon:57045|organism:salmonella paratyphi b (salmonella enterica subsp. enterica serovar paratyphi b),1,target_bacteria,taxon_organism,salmonella enterica,Salmonella paratyphi B (Salmonella enterica subsp. enterica serovar Paratyphi B),bacdive_species_exact_name_match,validated_species_exact_name,not_candidate_row,4,0,400,200,200,376,True,6,True,199,18,True,57,42,True,70,21,True,28,83,True,"{""base_binomial_match_or_subspecies"": 46, ""normalized_species_exact"": 154}",CIP 55.38; NCTC 8386; CIP 107479; CCUG 46434; CIP 55.29; CIP 55.28; NCTC 7309; CIP 55.27; NCTC 7299; CIP 55.26; NCTC 7315; CIP 55.24; CIP 55.23; NCTC 7303; CIP 55.21; NCTC 7332; CIP 107125; CIP 54.143; CIP 54.140; CIP 54.139,"82K; 91K; 585K; 61; 19, M73; 13, M50; 69K; LT2; C52; S-6; Eastafrica; TA1538; 254; I137; M327, 71; 88, M453; 87, M452; M439, 86; M248, 58; M244, 57",MEDIUM 3 - Columbia agar; CIP Medium 3; MEDIUM 72- for trypto casein soja agar; CIP Medium 72; MEDIUM 29- Brain heart agar,"Human, Faeces; Poult, intestine; Gopher snake, lung; Dried egg powder; Turkey, conjunctivitis"
taxon:1400155|organism:enterobacter hormaechei subsp. hoffmannii (strain uci 50),2,target_bacteria,taxon_organism,enterobacter hormaechei,Enterobacter hormaechei subsp. hoffmannii (strain UCI 50),bacdive_species_exact_name_match,validated_species_exact_name,not_candidate_row,2,0,42,21,21,41,True,5,True,10,9,True,16,21,True,18,9,True,6,10,True,"{""base_binomial_match_or_subspecies"": 8, ""normalized_species_exact"": 13}",CIP 68.1; CCUG 60952; CCUG 60271; ATCC 700323; LBM 93.03.067; CCUG 59750; CCUG 58948; CCUG 58650; CCUG 57002; CCUG 56876; CCUG 47028; CCUG 35747; CCUG 31433; CCUG 26643; CCM 4556; ATCC 49163; CIP 104957; CIP 104956; CIP 105536; DSM 101093,Guigini; 4795-84; 4911-84; E444; 10-17; EN-562; EN-314; EN-114; 992-77; 1080M,CIP Medium 72; MEDIUM 72- for trypto casein soja agar; CIP Medium 3; MEDIUM 3 - Columbia agar; NUTRIENT AGAR (DSMZ Medium 1),"Human, Blood culture; Human urine,83-yr-old man; Human infection; Human sputum,93-yr-old man; Human abscess,46-yr-old woman"
proteome:UP000005269,8,target_bacteria,proteome,enterococcus faecium,Enterococcus faecium (strain ATCC BAA-472 / TX0016 / DO),bacdive_species_exact_name_match,validated_species_exact_name,not_candidate_row,7,0,400,200,199,275,True,1,True,88,14,True,178,114,True,138,18,True,12,20,True,"{""normalized_species_exact"": 200}",DSM 115738; CIP 111861; CIP 111811; CIP 111739; CIP 111132; CRBIP22.88; CRBIP22.87; CRBIP22.51; CRBIP22.50; CRBIP22.49; CRBIP22.48; CRBIP22.47; CRBIP22.46; CRBIP22.45; CRBIP22.44; CRBIP22.43; CRBIP22.42; CRBIP22.41; CRBIP22.40; CRBIP22.39,"TX 2494; 18-835; L3; BM4145; BM4107; 459 (0 162); 453 (0 164); 454, 0119; 451, 0125; 450, 9800; 449, 9634; 382, 8500; 381, 8494; 380, 8395; 372, 8336; 370, 8098; 365, 8136; 360, 7952; 359, 7895; 344, 7274",COLUMBIA BLOOD MEDIUM (DSMZ Medium 693); TRYPTICASE SOY YEAST EXTRACT MEDIUM (DSMZ Medium 92); CIP Medium 72; CIP Medium 29; Trypticase Soy Agar,"rectum swab (human); Human, Blood; Food, Fermented milk; Urine sample; Animal, Pigeon"
proteome:UP000001060,1,target_bacteria,proteome,legionella longbeachae,Legionella longbeachae serogroup 1 (strain NSW150),bacdive_species_exact_name_match,validated_species_exact_name,not_candidate_row,5,0,16,7,7,17,True,1,True,4,4,True,5,6,True,6,4,True,2,4,True,"{""normalized_species_exact"": 7}",DSM 25315; ATCC 33484; CCUG 46623; CIP 103881; NCTC 11530; CIP 110150; NSW 150; DSM 109128; CCUG 64423; CCUG 28612; CCUG 13335; CCUG 46622; CIP 103880; DSM 10572; ATCC 33462; NCTC 11477; Long Beach 4,"R21, Tucker 1; R20",BCYE-AGAR (DSMZ Medium 585); MEDIUM 23 - for Afipia and Legionella; CIP Medium 23; CIP Medium 748,"human lung; Human, Clinical sample; Human sputum,70-yr-old female; Human bronchial alveolar lavage,65-yr-old man; Human lung"
proteome:UP000182412,2,target_bacteria,proteome,selenomonas ruminantium,Selenomonas ruminantium,bacdive_species_exact_name_match,validated_species_exact_name,not_candidate_row,4,0,6,3,3,7,True,2,True,2,2,True,3,2,True,2,1,True,2,2,True,"{""base_binomial_match_or_subspecies"": 3}",JCM 7528; ATCC 27209; DSM 2150; ATCC 12561; DSM 2872; ATCC 19205; JCM 6582,GA-192; PC 18,TREPONEMA SACCHAROPHILUM MEDIUM (DSMZ Medium 323); TREPONEMA MEDIUM (DSMZ Medium 159),Bovine rumen; bovine rumen
proteome:UP000194841,6,target_bacteria,proteome,pseudoalteromonas ulvae,Pseudoalteromonas ulvae,bacdive_species_exact_name_match,validated_species_exact_name,not_candidate_row,4,0,2,1,1,4,True,1,True,1,3,True,1,2,True,1,1,True,1,1,True,"{""normalized_species_exact"": 1}",DSM 15557; CIP 107123; NCIMB 13762; UNSW 095600,"UL12, AF 172987, UL 12",BACTO MARINE BROTH (DIFCO 2216) (DSMZ Medium 514); Marine agar (MA); CIP Medium 13,Surface of the marine alga <i>Ulva lactuca</i>; Surface of the marine alga Ulva lactuca
proteome:UP000002506,6,target_bacteria,proteome,dehalococcoides mccartyi,Dehalococcoides mccartyi (strain VS),bacdive_species_exact_name_match,validated_species_exact_name,not_candidate_row,4,0,2,1,1,2,True,1,True,0,0,False,1,2,True,1,1,True,1,1,True,"{""normalized_species_exact"": 1}",ATCC BAA-2266; KCTC 15142,195,,bioreactor; From anaerobic reactor seeded with digester sludge from a wastewater treatment plant
proteome:UP000247485,2,target_bacteria,proteome,klebsiella oxytoca,Klebsiella oxytoca,bacdive_species_exact_name_match,validated_species_exact_name,not_candidate_row,4,0,90,45,45,69,True,1,True,21,11,True,33,31,True,32,6,True,2,3,True,"{""normalized_species_exact"": 45}",ST033704; ST033703; ST033702; CIP 111713; CRBIP19.319; CRBIP19.318; CCUG 65544; CCUG 59935; CCUG 59412; CCUG 51683; CCUG 50735; CCUG 43602; CCUG 42935; CCUG 41957; CCUG 41654; CCUG 33222; CCUG 32516; CCUG 29683 A; CCUG 26858; CCUG 26509,Hoechst 1082E; Wiedemann IV3-23; Hoechst 1522E; U10; U12; SL 781; SL 7811; SL9111; SL911; AmMS 247; AmMS 101; U.910.295092; Belloni; Sobeaut; KER; 1028; BAS-10; Colworth2703; TauN1; M5a1,CIP Medium 72; Luria-Bertani Medium; CIP Medium 368; MEDIUM 3 - Columbia agar; CIP Medium 3,"Environment, Oesophageal bulbs of wild populations of Ceratitis capitata (Diptera Tephritidae) collected from prickly pear; Human urine,68-yr-old woman; Human tongue,50-yr-old woman; Human; Human blood,64-yr-old man"
taxon:55212|organism:erwinia rhapontici (pectobacterium rhapontici),2,target_bacteria,taxon_organism,erwinia rhapontici,Erwinia rhapontici (Pectobacterium rhapontici),bacdive_species_exact_name_match,validated_species_exact_name,not_candidate_row,2,0,2,1,1,7,True,1,True,1,3,True,1,2,True,1,1,True,0,0,False,"{""normalized_species_exact"": 1}",DSM 4484; ATCC 29283; ICPB ER 102; NCPPB 1578; CIP 105202; CFBP 3618; ICMP 1582,"CP/28, CP 28",REACTIVATION WITH LIQUID MEDIUM 1 (DSMZ Medium 1a); MEDIUM 3 - Columbia agar; CIP Medium 3,"rhubarb; Rhubarb, Rheum rhabarbarum"
taxon:66881|organism:streptomyces cremeus,8,target_bacteria,taxon_organism,streptomyces cremeus,Streptomyces cremeus,bacdive_species_exact_name_match,validated_species_exact_name,not_candidate_row,2,0,2,1,1,20,True,1,True,1,1,True,1,2,True,1,2,True,1,2,True,"{""normalized_species_exact"": 1}",DSM 40147; ATCC 19744; ATCC 19897; CBS 483.68; ETH 24195; IFO 12760; INA 815/54; ISP 5147; NBRC 12760; RIA 1025; JCM 4362; BCRC 11466; CBS 111.60; CGMCC 4.1625; IMET 43743; NCIMB 10030; NCIMB 9596; NRRL 3241; NRRL B-2583; VKM Ac-1844,,GYM STREPTOMYCES MEDIUM (DSMZ Medium 65),soil; Soil
taxon:58346|organism:streptomyces platensis,2,target_bacteria,taxon_organism,streptomyces platensis,Streptomyces platensis,bacdive_species_exact_name_match,validated_species_exact_name,not_candidate_row,2,0,10,5,5,70,True,4,True,4,5,True,5,2,True,3,3,True,4,8,True,"{""base_binomial_match_or_subspecies"": 1, ""normalized_species_exact"": 4}",JCM 4914; ATCC 29778; FERM P-289; IFO 13827; IFO 13979; NBRC 13827; NBRC 13979; NRRL 3761; DSM 41230; ATCC 23731; CMI 130; IMRU 3918; IPV 1942; JCM 4325; KCC S-0325; NCIB 10976; NRRL B-3445; CGMCC 4.1993; CMI 130779; IFO 15424,"BJ 6, 12096","GYM STREPTOMYCES MEDIUM (DSMZ Medium 65); ROLLED OATS MINERAL MEDIUM (DSMZ Medium 84); STARCH - MINERAL SALT - AGAR (STMS) (DSMZ Medium 252); MEDIUM 129 - for Pseudonocardia, Nocardia, Skermania and Streptomyces seoulensis, Streptomyces stramineus; CIP Medium 129",Soil; soil
taxon:43663|organism:paenarthrobacter aurescens (arthrobacter aurescens),6,target_bacteria,taxon_organism,paenarthrobacter aurescens,Paenarthrobacter aurescens (Arthrobacter aurescens),bacdive_species_exact_name_match,validated_species_exact_name,not_candidate_row,2,0,2,1,1,25,True,1,True,1,9,True,0,0,False,0,0,False,1,4,True,"{""normalized_species_exact"": 1}",DSM 20116; ATCC 13344; CCM 1649; NCIB 8912; JCM 1330; BCRC 12110; CCUG 23839; CCUG 23885; CDA 579; CGMCC 1.1892; CIP 102364; HAMBI 1850; IAM 12340; IFO 12136; IMSNU 21002; KCCM 41109; KCTC 3378; LMG 3815; NBIMCC 2010; NBRC 12136,579,ISP 2; ISP 3; ISP 4; ISP 5; ISP 6,
taxon:314291|organism:vibrio splendidus (strain 12b01),2,target_bacteria,taxon_organism,vibrio splendidus,Vibrio splendidus (strain 12B01),bacdive_species_exact_name_match,validated_species_exact_name,not_candidate_row,2,0,32,16,16,33,True,1,True,13,4,True,15,6,True,13,2,True,10,11,True,"{""normalized_species_exact"": 16}",DSM 114580; DSM 114578; DSM 114577; DSM 114576; DSM 113778; DSM 113777; DSM 113776; DSM 113775; DSM 113772; DSM 113771; JCM 21194; ATCC 25914; CCUG 20279; IAM 14411; LMD 76.35; LMG 10952; NCIMB 2251; CCUG 20273; ATCC 33870; CCUG 20272,10N.286.52.E3; 10N.286.48.F2; 10N.222.51.F8; 10N.222.51.B4; 10N.261.52.F2; 10N.286.45.A10; 10N.261.48.B5; 10N.286.45.B3; 10N.222.46.B6; 10N.222.46.C2; AlyHP32,BACTO MARINE BROTH (DIFCO 2216) (DSMZ Medium 514); COLUMBIA BLOOD MEDIUM (DSMZ Medium 693); Marine agar (MA); CIP Medium 13,"coastal surface seawater; Seawater; Hollow oyster, Cassostrea gigas; gut of a sea-urchin (<i>Hemicentrotus pulcherimus</i>); marine fish"
taxon:1053222|organism:bacillus cereus (strain msx-d12),1,target_bacteria,taxon_organism,bacillus cereus,Bacillus cereus (strain MSX-D12),bacdive_species_exact_name_match,validated_species_exact_name,not_candidate_row,4,0,400,200,198,324,True,1,True,74,15,True,121,76,True,129,22,True,18,33,True,"{""normalized_species_exact"": 200}",CCUG 36593; CCUG 32532; CCUG 32457; CCUG 31769; CCUG 31713; CCUG 31711; CCUG 31159; CCUG 30772; CCUG 30641; CCUG 30606; CCUG 30532; CCUG 30471; CCUG 29136; CCUG 28208; CCUG 27591; CCUG 27322; CCUG 27240; CCUG 27237; CCUG 27232; CCUG 27175,F 837/76; EC1; 693.86; 724; 124-74; 586.86; 550.86; K250 TR; 210; 932.85; 992.85; D33_2; D33_1; D9_2; D9_1; 17-NRDAF21; T-a3; T3_1; FH 3502/72; SF002760,COLUMBIA BLOOD MEDIUM (DSMZ Medium 693); CASO AGAR (MERCK 105458) (DSMZ Medium 220); CIP Medium 72; CIP Medium 20; NUTRIENT AGAR (DSMZ Medium 1),"Human blood; Cellulose fibre,industrial rayon; Human blood,45-yr-old woman; Industrial product; Human blood,77-yr-old man"
taxon:1590|organism:lactiplantibacillus plantarum (lactobacillus plantarum),23,target_bacteria,taxon_organism,lactiplantibacillus plantarum,Lactiplantibacillus plantarum (Lactobacillus plantarum),bacdive_species_exact_name_match,validated_species_exact_name,not_candidate_row,2,0,176,88,88,207,True,1,True,40,8,True,80,72,True,64,15,True,8,17,True,"{""base_binomial_match_or_subspecies"": 28, ""normalized_species_exact"": 3, ""validated_bacdive_id_from_closure"": 57}",DSM 115560; CIP 111821; CRBIP24.101; JCM 8348; NRIC 1838; TISTR 926; JCM 8347; NRIC 1837; TISTR 864; JCM 8346; TISTR 862; JCM 8345; TISTR 863; JCM 8344; NRIC 1832; TISTR 861; JCM 8343; JCM 8342; NRIC 1829; TISTR 850,"HUN088, AG30; E1CT; Ge 2; T30PCM38; 92702 54/6; 92702 57/5; 61 P; 61 BH2; 64 L; 62 O; Navarro, 63 J; 61 CA; 348.86; 61 BR3; 61 AL; 61 AF; 61 T; P3; 61 BB; P6, P15","MRS pre-reduced (DSMZ Medium 11b); CIP Medium 40; De Man, Rogosa and Sharpe Agar; Trypticase Soy Agar; MRS MEDIUM (DSMZ Medium 11)","Sheep rumen; Human, Faeces; Khaomak (sweetened rice); Hom-dong (pickled spring onion); Thua-ngok-dong (pickled bean sprouts)"
taxon:56812|organism:shewanella frigidimarina,1,target_bacteria,taxon_organism,shewanella frigidimarina,Shewanella frigidimarina,bacdive_species_exact_name_match,validated_species_exact_name,not_candidate_row,2,0,4,2,2,6,True,2,True,1,3,True,2,4,True,2,2,True,1,1,True,"{""normalized_species_exact"": 1, ""validated_bacdive_id_from_closure"": 1}",KCTC 23109; JCM 16723; DSM 12253; ACAM 591; CIP 105515; ATCC 700753,IR 12,BACTO MARINE BROTH (DIFCO 2216) (DSMZ Medium 514); Marine agar (MA); CIP Medium 13,"marine sediment; Arctic marine sediment at Tempelfjorden; sea ice; Environment, Sea ice"
proteome:UP000002970,2,target_bacteria,proteome,clostridium symbiosum,Clostridium symbiosum (strain WAL-14163),bacdive_species_exact_name_match,validated_species_exact_name,not_candidate_row,4,0,22,11,11,18,True,1,True,4,5,True,10,10,True,10,4,True,2,3,True,"{""normalized_species_exact"": 11}",DSM 108200; DSM 108250; CCUG 62167 Q; CCUG 56568; CCUG 50960; CCUG 50474; CCUG 49377; CCUG 45577 B; CCUG 41715; DSM 29356; DSM 934; ATCC 14940; LSU (M. Sebald); JCM 1297; BCRC 14487; CCM 6065; NCTC 13233; VTT E-981051,H4_29; LT0011; SRB539-5-G-R; 2,FASTIDIOUS ANAEROBE BROTH (DSMZ Medium 1203a); COLUMBIA BLOOD MEDIUM (DSMZ Medium 693); FASTIDIOUS ANAEROBE AGAR (DSMZ Medium 1203); CHOPPED MEAT MEDIUM WITH CARBOHYDRATES (DSMZ Medium 110); PYG MEDIUM (MODIFIED) (DSMZ Medium 104),"human faeces; fecal materials collected from healthy vegetarian humans; Human blood,68-yr-old man; Human blood,65-yr-old man; Human blood,80-yr-old woman"
proteome:UP000018690,2,target_bacteria,proteome,mediterraneibacter gnavus,Mediterraneibacter gnavus (strain CC55_001C),bacdive_species_exact_name_match,validated_species_exact_name,not_candidate_row,4,0,98,49,49,52,True,1,True,38,5,True,49,27,True,48,10,True,8,13,True,"{""normalized_species_exact"": 38, ""validated_bacdive_id_from_closure"": 11}",DSM 120343; DSM 120239; DSM 119878; DSM 119877; DSM 119876; DSM 119875; DSM 119874; DSM 119873; DSM 119857; DSM 119856; DSM 119855; DSM 119854; DSM 119853; DSM 119852; DSM 119823; DSM 119822; DSM 119821; DSM 119820; DSM 119819; DSM 119818,CLA-JM-H50; CLA-AP-H37; QRD047; QRD046; QRD045; QRD044; QRD043; QRD042; QRD041; QRD040; QRD039; QRD038; QRD037; QRD036; QRD035; QRD034; QRD033; QRD032; QRD031; QRD030,FASTIDIOUS ANAEROBE BROTH (DSMZ Medium 1203a); COLUMBIA BLOOD MEDIUM (DSMZ Medium 693); CHOPPED MEAT MEDIUM WITH CARBOHYDRATES (DSMZ Medium 110); YCFA-MEDIUM (MODIFIED) (DSMZ Medium 1611); PYG MEDIUM (MODIFIED) (DSMZ Medium 104),"human feces; Human feces, adult with Crohn's disease; Human feces; biopsy, patient with Crohn's disease; Adult with Crohn's disease, terminal ileum"
taxon:61646|organism:lelliottia amnigena (enterobacter amnigenus),2,target_bacteria,taxon_organism,lelliottia amnigena,Lelliottia amnigena (Enterobacter amnigenus),bacdive_species_exact_name_match,validated_species_exact_name,not_candidate_row,2,0,22,11,11,29,True,1,True,8,8,True,7,8,True,3,3,True,3,7,True,"{""normalized_species_exact"": 11}",JCM 24159; CUETM 77-132; JCM 24158; CUETM 77-114; CCUG 55352; CIP 102311; CIP 104958; CUETM 7878; CIP 104982; DSM 30059; DSM 30057; DSM 30055; DSM 30114; DSM 4486; ATCC 33072; LMG 2784; CCUG 14182; CECT 4078; JCM 1237; NCTC 12124,290-86; 78.100; 21824; WS 10225; WS 10111; WS 21711,MEDIUM 72- for trypto casein soja agar; CIP Medium 72; MEDIUM 3 - Columbia agar; CIP Medium 3; REACTIVATION WITH LIQUID MEDIUM 1 (DSMZ Medium 1a),"Human infection,14-yr-old male; Environment, Iris; minced meat; pasteurized milk; chicken"
proteome:UP000194546,3,target_bacteria,proteome,caballeronia sordidicola,Caballeronia sordidicola (Burkholderia sordidicola),bacdive_species_exact_name_match,validated_species_exact_name,not_candidate_row,4,0,6,3,3,9,True,1,True,1,3,True,3,6,True,2,2,True,1,1,True,"{""normalized_species_exact"": 3}",JCM 11779; KCTC 12082; CCUG 59832; DSM 17212; CCUG 49583; JCM 11778; KCTC 12081; CIP 108192; LMG 22029,"BL 011226, S5-B",CASO AGAR (MERCK 105458) (DSMZ Medium 220); MEDIUM 72- for trypto casein soja agar; CIP Medium 72,"White-rot fungus <I>Phanerochaete sordida</I>; Environment,industry; <I>Phanaerochaete sordida</I> culture; White rot fungus,Phanerochaete sordida; From `Phanerochaete sordida`"
proteome:UP000265325,2,target_bacteria,proteome,streptomyces showdoensis,Streptomyces showdoensis,bacdive_species_exact_name_match,validated_species_exact_name,not_candidate_row,5,0,2,1,1,13,True,1,True,1,8,True,1,2,True,1,1,True,1,2,True,"{""normalized_species_exact"": 1}",DSM 40504; ATCC 15105; CBS 718.72; IFO 13417; ISP 5504; JCM 4830; NBRC 13417; RIA 1378; BCRC 11868; CGMCC 4.1757; KCTC 49373; NRRL B-12430; VKM Ac-1219,Z-452,GYM STREPTOMYCES MEDIUM (DSMZ Medium 65); ISP 2; ISP 3; ISP 4; ISP 5,soil; Soil
