source_signature,taxonomy_group,source_resolution_level,uid_count,taxid,organism_name,species_name,direct_taxid_in_ncbi_all,species_name_in_ncbi_all,organism_name_in_ncbi_all,union_in_ncbi_all,union_in_ncbi_no_predictions,union_in_ncbi2gtdb,trait_count_ncbi_all
proteome:UP000000225,target_bacteria,proteome,225,382245,Aeromonas salmonicida (strain A449),aeromonas salmonicida,False,True,True,True,True,True,181
proteome:UP000000230,target_bacteria,proteome,342,399742,Enterobacter sp. (strain 638),enterobacter sp.,False,False,False,False,False,True,0
proteome:UP000000231,target_bacteria,proteome,120,312153,Polynucleobacter asymbioticus (strain DSM 18221 / CIP 109841 / QLW-P1DMWA-1) (Polynucleobacter necessarius subsp. asymbioticus),polynucleobacter asymbioticus,False,True,True,True,True,True,158
proteome:UP000000233,target_bacteria,proteome,196,379731,Stutzerimonas stutzeri (strain A1501) (Pseudomonas stutzeri),stutzerimonas stutzeri,False,True,True,True,True,True,189
proteome:UP000000235,target_bacteria,proteome,100,369723,Salinispora tropica (strain ATCC BAA-916 / DSM 44818 / JCM 13857 / NBRC 105044 / CNB-440),salinispora tropica,False,True,True,True,True,True,147
proteome:UP000000238,target_bacteria,proteome,234,349521,Hahella chejuensis (strain KCTC 2396),hahella chejuensis,False,True,True,True,True,True,134
proteome:UP000000239,target_bacteria,proteome,225,290398,Chromohalobacter israelensis (strain ATCC BAA-138 / DSM 3043 / CIP 106854 / NCIMB 13768 / 1H11) (Chromohalobacter salexigens),chromohalobacter israelensis,False,True,True,True,True,True,159
proteome:UP000000240,target_bacteria,proteome,145,272622,Lactococcus lactis subsp. cremoris (strain SK11),lactococcus lactis subsp. cremoris,False,False,False,False,False,True,0
proteome:UP000000242,target_archaea,proteome,88,399549,Metallosphaera sedula (strain ATCC 51363 / DSM 5348 / JCM 9185 / NBRC 15509 / TH2),metallosphaera sedula,False,True,True,True,True,True,134
proteome:UP000000245,target_bacteria,proteome,131,349163,Acidiphilium cryptum (strain JF-5),acidiphilium cryptum,False,True,True,True,True,True,148
proteome:UP000000247,target_bacteria,proteome,122,412965,Vesicomyosocius okutanii subsp. Calyptogena okutanii (strain HA),vesicomyosocius okutanii,False,False,False,False,False,True,0
proteome:UP000000248,target_bacteria,proteome,101,246195,Dichelobacter nodosus (strain VCS1703A),dichelobacter nodosus,False,True,True,True,True,True,157
proteome:UP000000249,target_bacteria,proteome,226,345073,Vibrio cholerae serotype O1 (strain ATCC 39541 / Classical Ogawa 395 / O395),vibrio cholerae,False,True,False,True,True,True,202
proteome:UP000000253,target_archaea,proteome,141,402880,Methanococcus maripaludis (strain C5 / ATCC BAA-1333),methanococcus maripaludis,False,False,False,False,False,True,0
proteome:UP000000254,target_archaea,proteome,46,399550,Staphylothermus marinus (strain ATCC 43588 / DSM 3639 / JCM 9404 / F1),staphylothermus marinus,False,True,True,True,True,True,134
proteome:UP000000256,target_bacteria,proteome,118,351627,Caldicellulosiruptor saccharolyticus (strain ATCC 43494 / DSM 8903 / Tp8T 6331),caldicellulosiruptor saccharolyticus,False,False,False,False,False,True,0
proteome:UP000000260,target_bacteria,proteome,302,290339,Cronobacter sakazakii (strain ATCC BAA-894) (Enterobacter sakazakii),cronobacter sakazakii,False,True,True,True,True,True,176
proteome:UP000000262,target_archaea,proteome,59,453591,Ignicoccus hospitalis (strain KIN4/I / DSM 18386 / JCM 14125),ignicoccus hospitalis,False,True,True,True,True,True,137
proteome:UP000000263,target_bacteria,proteome,115,383372,Roseiflexus castenholzii (strain DSM 13941 / HLO8),roseiflexus castenholzii,False,True,True,True,True,True,139
proteome:UP000000265,target_bacteria,proteome,343,272620,Klebsiella pneumoniae subsp. pneumoniae (strain ATCC 700721 / MGH 78578),klebsiella pneumoniae,False,False,False,False,False,True,0
proteome:UP000000267,target_fungi,proteome,52,436907,Vanderwaltozyma polyspora (strain ATCC 22028 / DSM 70294 / BCRC 21397 / CBS 2163 / NBRC 10782 / NRRL Y-8283 / UCD 57-17) (Kluyveromyces polysporus),vanderwaltozyma polyspora,False,False,False,False,False,False,0
proteome:UP000000268,target_bacteria,proteome,142,329726,Acaryochloris marina (strain MBIC 11017),acaryochloris marina,False,False,False,False,False,True,0
proteome:UP000000269,target_bacteria,proteome,107,350688,Alkaliphilus oremlandii (strain OhILAs) (Clostridium oremlandii (strain OhILAs)),alkaliphilus oremlandii,False,True,False,True,True,True,134
proteome:UP000000270,target_bacteria,proteome,128,438753,Azorhizobium caulinodans (strain ATCC 43989 / DSM 5975 / JCM 20966 / LMG 6465 / NBRC 14845 / NCIMB 13405 / ORS 571),azorhizobium caulinodans,False,True,True,True,True,True,160
proteome:UP000000271,target_bacteria,proteome,1,439292,Bacillus selenitireducens (strain ATCC 700615 / DSM 15326 / MLS10),salisediminibacterium selenitireducens,False,True,False,True,True,True,135
proteome:UP000000272,target_bacteria,proteome,1,555079,Thermosediminibacter oceani (strain ATCC BAA-1034 / DSM 16646 / JW/IW-1228P),thermosediminibacter oceani,False,True,True,True,True,True,134
proteome:UP000000276,target_bacteria,proteome,2,681645,Corynebacterium pseudotuberculosis (strain C231),corynebacterium pseudotuberculosis,False,True,True,True,True,True,160
proteome:UP000000286,target_fungi,proteome,8,643680,Saccharomyces cerevisiae (strain Lalvin EC1118 / Prise de mousse) (Baker's yeast),saccharomyces cerevisiae,False,False,False,False,False,False,0
proteome:UP000000314,target_fungi,proteome,22,644223,Komagataella phaffii (strain GS115 / ATCC 20864) (Yeast) (Pichia pastoris),komagataella phaffii,False,False,False,False,False,False,0
proteome:UP000000322,target_bacteria,proteome,4,446469,Sanguibacter keddieii (strain ATCC 51767 / DSM 10542 / NCFB 3025 / ST-74),sanguibacter keddieii,False,True,True,True,True,False,155
proteome:UP000000323,target_bacteria,proteome,1,525904,Thermobaculum terrenum (strain ATCC BAA-798 / CCMEE 7001 / YNP1),thermobaculum terrenum,False,True,True,True,True,True,138
proteome:UP000000328,target_bacteria,proteome,1,749927,Amycolatopsis mediterranei (strain U-32),amycolatopsis mediterranei,False,True,True,True,True,True,148
proteome:UP000000329,target_bacteria,proteome,1,757424,Herbaspirillum seropedicae (strain SmR1),herbaspirillum seropedicae,False,True,True,True,True,True,151
proteome:UP000000333,target_bacteria,proteome,1,633147,Olsenella uli (strain ATCC 49627 / DSM 7084 / CCUG 31166 / CIP 109912 / JCM 12494 / LMG 11480 / NCIMB 702895 / VPI D76D-27C) (Lactobacillus uli),olsenella uli,False,True,True,True,True,True,153
proteome:UP000000343,target_bacteria,proteome,1,1198114,Granulicella tundricola (strain ATCC BAA-1859 / DSM 23138 / MP5ACTX9),granulicella tundricola,False,True,True,True,True,True,155
proteome:UP000000345,target_archaea,proteome,59,79929,Methanothermobacter marburgensis (strain ATCC BAA-927 / DSM 2133 / JCM 14651 / NBRC 100331 / OCM 82 / Marburg) (Methanobacterium thermoautotrophicum),methanothermobacter marburgensis,False,False,False,False,False,True,0
proteome:UP000000346,target_archaea,proteome,2,666510,Acidilobus saccharovorans (strain DSM 16705 / JCM 18335 / VKM B-2471 / 345-15),acidilobus saccharovorans,False,True,True,True,True,True,134
proteome:UP000000361,target_bacteria,proteome,160,318586,Paracoccus denitrificans (strain Pd 1222),paracoccus denitrificans,False,True,True,True,True,True,167
proteome:UP000000362,target_bacteria,proteome,98,203120,Leuconostoc mesenteroides subsp. mesenteroides (strain ATCC 8293 / DSM 20343 / BCRC 11652 / CCM 1803 / JCM 6124 / NCDO 523 / NBRC 100496 / NCIMB 8023 / NCTC 12954 / NRRL B-1118 / 37Y),leuconostoc mesenteroides,False,True,False,True,True,True,188
proteome:UP000000364,target_bacteria,proteome,164,416870,Lactococcus lactis subsp. cremoris (strain MG1363),lactococcus lactis subsp. cremoris,False,False,False,False,False,True,0
proteome:UP000000365,target_archaea,proteome,87,410358,Methanocorpusculum labreanum (strain ATCC 43576 / DSM 4855 / Z),methanocorpusculum labreanum,False,False,False,False,False,True,0
proteome:UP000000366,target_bacteria,proteome,153,420662,Methylibium petroleiphilum (strain ATCC BAA-1232 / LMG 22953 / PM1),methylibium petroleiphilum,False,True,True,True,True,True,144
proteome:UP000000370,target_bacteria,proteome,117,357809,Lachnoclostridium phytofermentans (strain ATCC 700394 / DSM 18823 / ISDg) (Clostridium phytofermentans),lachnoclostridium phytofermentans,False,True,True,True,True,True,147
proteome:UP000000374,target_bacteria,proteome,129,391735,Verminephrobacter eiseniae (strain EF01-2),verminephrobacter eiseniae,False,True,True,True,True,True,150
proteome:UP000000376,target_bacteria,proteome,1,644284,Arcanobacterium haemolyticum (strain ATCC 9345 / DSM 20595 / CCM 5947 / CCUG 17215 / LMG 16163 / NBRC 15585 / NCTC 8452 / 11018),arcanobacterium haemolyticum,False,True,True,True,True,True,197
proteome:UP000000377,target_bacteria,proteome,5,749414,Streptomyces bingchenggensis (strain BCW-1),streptomyces bingchenggensis,False,True,True,True,True,True,132
proteome:UP000000390,target_archaea,proteome,3,795797,Halalkalicoccus jeotgali (strain DSM 18796 / CECT 7217 / JCM 14584 / KCTC 4019 / B3),halalkalicoccus jeotgali,False,False,False,False,False,True,0
proteome:UP000000391,target_archaea,proteome,4,644295,Methanohalobium evestigatum (strain ATCC BAA-1072 / DSM 3721 / NBRC 107634 / OCM 161 / Z-7303),methanohalobium evestigatum,False,False,False,False,False,True,0
proteome:UP000000416,target_bacteria,proteome,254,198804,Buchnera aphidicola subsp. Schizaphis graminum (strain Sg),buchnera aphidicola,False,True,False,True,True,True,133
proteome:UP000000417,target_bacteria,proteome,189,292459,Symbiobacterium thermophilum (strain DSM 24528 / JCM 14929 / IAM 14863 / T),symbiobacterium thermophilum,False,True,True,True,True,True,135
proteome:UP000000419,target_bacteria,proteome,270,224914,Brucella melitensis biotype 1 (strain ATCC 23456 / CCUG 17765 / NCTC 10094 / 16M),brucella melitensis,False,False,False,False,False,True,0
proteome:UP000000420,target_bacteria,proteome,263,314565,Xanthomonas campestris pv. campestris (strain 8004),xanthomonas campestris,False,True,False,True,True,True,160
proteome:UP000000421,target_bacteria,proteome,157,283166,Bartonella henselae (strain ATCC 49882 / DSM 28221 / CCUG 30454 / Houston 1) (Rochalimaea henselae),bartonella henselae,False,True,True,True,True,True,159
proteome:UP000000422,target_bacteria,proteome,190,273121,Wolinella succinogenes (strain ATCC 29543 / DSM 1740 / CCUG 13145 / JCM 31913 / LMG 7466 / NCTC 11488 / FDC 602W) (Vibrio succinogenes),wolinella succinogenes,False,True,True,True,True,True,134
proteome:UP000000423,target_bacteria,proteome,76,273119,Ureaplasma parvum serovar 3 (strain ATCC 700970),ureaplasma parvum,False,True,False,True,True,True,133
proteome:UP000000425,target_bacteria,proteome,279,122586,Neisseria meningitidis serogroup B (strain ATCC BAA-335 / MC58),neisseria meningitidis,False,True,False,True,True,True,189
proteome:UP000000426,target_bacteria,proteome,310,205918,Pseudomonas syringae pv. syringae (strain B728a),pseudomonas syringae,False,True,False,True,True,True,164
proteome:UP000000428,target_bacteria,proteome,266,227882,Streptomyces avermitilis (strain ATCC 31267 / DSM 46492 / JCM 5070 / NBRC 14893 / NCIMB 12804 / NRRL 8165 / MA-4680),streptomyces avermitilis,False,True,True,True,True,True,153
proteome:UP000000429,target_bacteria,proteome,274,85962,Helicobacter pylori (strain ATCC 700392 / 26695) (Campylobacter pylori),helicobacter pylori,False,True,True,True,True,True,177
proteome:UP000000430,target_bacteria,proteome,278,62977,Acinetobacter baylyi (strain ATCC 33305 / BD413 / ADP1),acinetobacter baylyi,False,True,True,True,True,True,158
proteome:UP000000431,target_bacteria,proteome,140,272561,Chlamydia trachomatis serovar D (strain ATCC VR-885 / DSM 19411 / UW-3/Cx),chlamydia trachomatis,False,False,False,False,False,True,0
proteome:UP000000432,target_bacteria,proteome,229,220668,Lactiplantibacillus plantarum (strain ATCC BAA-793 / NCIMB 8826 / WCFS1) (Lactobacillus plantarum),lactiplantibacillus plantarum,False,True,True,True,True,True,183
proteome:UP000000433,target_bacteria,proteome,122,255470,Dehalococcoides mccartyi (strain CBDB1),dehalococcoides mccartyi,False,True,True,True,True,True,136
proteome:UP000000435,target_bacteria,proteome,86,269484,Ehrlichia canis (strain Jake),ehrlichia canis,False,True,True,True,True,True,132
proteome:UP000000438,target_archaea,proteome,108,1122961,Picrophilus torridus (strain ATCC 700027 / DSM 9790 / JCM 10055 / NBRC 100828 / KAW 2/3),picrophilus oshimae,False,True,False,True,True,True,134
proteome:UP000000439,target_bacteria,proteome,143,206672,Bifidobacterium longum (strain NCC 2705),bifidobacterium longum,False,True,True,True,True,True,182
proteome:UP000000440,target_bacteria,proteome,216,197221,Thermosynechococcus vestitus (strain NIES-2133 / IAM M-273 / BP-1),thermosynechococcus vestitus,False,False,False,False,False,True,0
proteome:UP000000441,target_bacteria,proteome,183,361100,Bacillus cereus (strain Q1),bacillus cereus,False,True,True,True,True,True,201
proteome:UP000000442,target_bacteria,proteome,59,177437,Desulforapulum autotrophicum (strain ATCC 43914 / DSM 3382 / VKM B-1955 / HRM2) (Desulfobacterium autotrophicum),desulforapulum autotrophicum,False,True,True,True,True,True,134
proteome:UP000000444,target_bacteria,proteome,155,396513,Staphylococcus carnosus (strain TM300),staphylococcus carnosus,False,True,True,True,True,True,164
proteome:UP000000445,target_bacteria,proteome,92,309803,Thermotoga neapolitana (strain ATCC 49049 / DSM 4359 / NBRC 107923 / NS-E),thermotoga neapolitana,False,True,True,True,True,True,134
proteome:UP000000447,target_bacteria,proteome,60,309801,Thermomicrobium roseum (strain ATCC 27502 / DSM 5159 / P-2),thermomicrobium roseum,False,True,True,True,True,True,134
proteome:UP000000448,target_bacteria,proteome,66,598659,Nautilia profundicola (strain ATCC BAA-1463 / DSM 18972 / AmH),nautilia profundicola,False,True,True,True,True,True,138
proteome:UP000000449,target_bacteria,proteome,116,218495,Streptococcus uberis (strain ATCC BAA-854 / 0140J),streptococcus uberis,False,True,True,True,True,True,177
proteome:UP000000450,target_bacteria,proteome,119,535289,Acidovorax ebreus (strain TPSY) (Diaphorobacter sp. (strain TPSY)),[acidovorax] ebreus,False,True,False,True,True,True,133
proteome:UP000000467,target_bacteria,proteome,1,1089553,Thermacetogenium phaeum (strain ATCC BAA-254 / DSM 26808 / PB),thermacetogenium phaeum,False,True,True,True,True,True,137
proteome:UP000000491,target_bacteria,proteome,2,579138,Zymomonas mobilis subsp. pomaceae (strain ATCC 29192 / DSM 22645 / JCM 10191 / CCUG 17912 / NBRC 13757 / NCIMB 11200 / NRRL B-4491 / Barker I),zymomonas mobilis,False,True,False,True,True,True,162
proteome:UP000000499,target_bacteria,proteome,1,1051072,Streptococcus equi subsp. zooepidemicus (strain ATCC 35246 / C74-63),streptococcus equi,False,True,False,True,True,True,174
proteome:UP000000528,target_bacteria,proteome,78,272635,Mycoplasmopsis pulmonis (strain UAB CTIP) (Mycoplasma pulmonis),mycoplasmopsis pulmonis,False,True,True,True,True,True,135
proteome:UP000000529,target_bacteria,proteome,109,264201,Protochlamydia amoebophila (strain UWE25),candidatus protochlamydia amoebophila,False,False,False,False,False,True,0
proteome:UP000000530,target_bacteria,proteome,356,93062,Staphylococcus aureus (strain COL),staphylococcus aureus,False,True,True,True,True,True,202
proteome:UP000000531,target_bacteria,proteome,333,176279,Staphylococcus epidermidis (strain ATCC 35984 / DSM 28319 / BCRC 17069 / CCUG 31568 / BM 3577 / RP62A),staphylococcus epidermidis,False,True,True,True,True,True,200
proteome:UP000000532,target_bacteria,proteome,229,300852,Thermus thermophilus (strain ATCC 27634 / DSM 579 / HB8),thermus thermophilus,False,True,True,True,True,True,156
proteome:UP000000533,target_bacteria,proteome,84,302409,Ehrlichia ruminantium (strain Gardel),ehrlichia ruminantium,False,True,True,True,True,True,132
proteome:UP000000535,target_bacteria,proteome,220,242231,Neisseria gonorrhoeae (strain ATCC 700825 / FA 1090),neisseria gonorrhoeae,False,True,True,True,True,True,194
proteome:UP000000536,target_archaea,proteome,216,69014,Thermococcus kodakarensis (strain ATCC BAA-918 / JCM 12380 / KOD1) (Pyrococcus kodakaraensis (strain KOD1)),thermococcus kodakarensis,False,True,False,True,True,True,133
proteome:UP000000537,target_bacteria,proteome,292,312309,Aliivibrio fischeri (strain ATCC 700601 / ES114) (Vibrio fischeri),aliivibrio fischeri,False,True,True,True,True,True,174
proteome:UP000000538,target_bacteria,proteome,402,321314,Salmonella choleraesuis (strain SC-B67),salmonella enterica,False,True,False,True,True,True,210
proteome:UP000000540,target_bacteria,proteome,231,262698,Brucella abortus biovar 1 (strain 9-941),brucella abortus,False,False,False,False,False,True,0
proteome:UP000000541,target_bacteria,proteome,2,90370,Salmonella typhi,salmonella enterica,False,True,False,True,True,True,210
proteome:UP000000543,target_bacteria,proteome,259,279808,Staphylococcus haemolyticus (strain JCSC1435),staphylococcus haemolyticus,False,True,True,True,True,True,183
proteome:UP000000545,target_bacteria,proteome,139,306537,Corynebacterium jeikeium (strain K411),corynebacterium jeikeium,False,True,True,True,True,True,178
proteome:UP000000546,target_bacteria,proteome,174,259536,Psychrobacter arcticus (strain DSM 17307 / VKM B-2377 / 273-4),psychrobacter arcticus,False,True,True,True,True,True,152
proteome:UP000000547,target_bacteria,proteome,231,167879,Colwellia psychrerythraea (strain 34H / ATCC BAA-681) (Vibrio psychroerythus),colwellia psychrerythraea,False,True,True,True,True,True,145
proteome:UP000000548,target_bacteria,proteome,43,262719,Mesomycoplasma hyopneumoniae (strain J / ATCC 25934 / NCTC 10110) (Mycoplasma hyopneumoniae),mesomycoplasma hyopneumoniae,False,True,True,True,True,True,134
proteome:UP000000549,target_bacteria,proteome,43,262723,Mycoplasmopsis synoviae (strain 53) (Mycoplasma synoviae),mycoplasmopsis synoviae,False,True,True,True,True,True,135
proteome:UP000000551,target_bacteria,proteome,297,264730,Pseudomonas savastanoi pv. phaseolicola (strain 1448A / Race 6) (Pseudomonas syringae pv. phaseolicola (strain 1448A / Race 6)),pseudomonas savastanoi,False,True,False,True,True,True,158
proteome:UP000000552,target_bacteria,proteome,322,266835,Mesorhizobium japonicum (strain LMG 29417 / CECT 9101 / MAFF 303099) (Mesorhizobium loti (strain MAFF 303099)),mesorhizobium japonicum,False,True,False,True,True,True,146
proteome:UP000000553,target_bacteria,proteome,43,262722,Mesomycoplasma hyopneumoniae (strain 7448) (Mycoplasma hyopneumoniae),mesomycoplasma hyopneumoniae,False,True,True,True,True,True,134
proteome:UP000000554,target_archaea,proteome,203,64091,Halobacterium salinarum (strain ATCC 700922 / JCM 11081 / NRC-1) (Halobacterium halobium),halobacterium salinarum,False,False,False,False,False,True,0
proteome:UP000000555,target_bacteria,proteome,224,273068,Caldanaerobacter subterraneus subsp. tengcongensis (strain DSM 15242 / JCM 11007 / NBRC 100824 / MB4) (Thermoanaerobacter tengcongensis),caldanaerobacter subterraneus,False,True,False,True,True,True,140
proteome:UP000000556,target_bacteria,proteome,387,160488,Pseudomonas putida (strain ATCC 47054 / DSM 6125 / CFBP 8728 / NCIMB 11950 / KT2440),pseudomonas putida,False,True,True,True,True,True,194
proteome:UP000000557,target_bacteria,proteome,211,251221,Gloeobacter violaceus (strain ATCC 29082 / PCC 7421),gloeobacter violaceus,False,False,False,False,False,True,0
proteome:UP000000558,target_bacteria,proteome,3,83334,Escherichia coli O157:H7,escherichia coli,False,True,False,True,True,True,218
proteome:UP000000559,target_fungi,proteome,247,237561,Candida albicans (strain SC5314 / ATCC MYA-2876) (Yeast),candida albicans,False,False,False,False,False,False,0
proteome:UP000000560,target_fungi,proteome,240,227321,Emericella nidulans (strain FGSC A4 / ATCC 38163 / CBS 112.46 / NRRL 194 / M139) (Aspergillus nidulans),emericella nidulans,False,False,False,False,False,False,0
proteome:UP000000561,target_fungi,proteome,80,5270,Mycosarcoma maydis (Corn smut fungus) (Ustilago maydis),mycosarcoma maydis,False,False,False,False,False,False,0
proteome:UP000000562,target_bacteria,proteome,147,36870,Wigglesworthia glossinidia brevipalpis,wigglesworthia glossinidia,False,True,False,True,True,True,131
proteome:UP000000564,target_bacteria,proteome,181,198466,Streptococcus pyogenes serotype M3 (strain ATCC BAA-595 / MGAS315),streptococcus pyogenes,False,True,False,True,True,True,184
proteome:UP000000565,target_bacteria,proteome,157,290402,Clostridium beijerinckii (strain ATCC 51743 / NCIMB 8052) (Clostridium acetobutylicum),clostridium beijerinckii,False,True,True,True,True,True,174
proteome:UP000000566,target_bacteria,proteome,120,435591,Parabacteroides distasonis (strain ATCC 8503 / DSM 20701 / CIP 104284 / JCM 5825 / NCTC 11152),parabacteroides distasonis,False,False,False,False,False,True,0
proteome:UP000000576,target_bacteria,proteome,291,190486,Xanthomonas axonopodis pv. citri (strain 306),xanthomonas citri,False,True,False,True,True,True,136
proteome:UP000000577,target_bacteria,proteome,220,243231,Geobacter sulfurreducens (strain ATCC 51573 / DSM 12127 / PCA),geobacter sulfurreducens,False,True,True,True,True,True,134
proteome:UP000000578,target_archaea,proteome,24,228908,Nanoarchaeum equitans (strain Kin4-M),nanoarchaeum equitans,False,True,True,True,True,True,133
proteome:UP000000579,target_bacteria,proteome,516,71421,Haemophilus influenzae (strain ATCC 51907 / DSM 11121 / KW20 / Rd),haemophilus influenzae,False,True,True,True,True,True,183
proteome:UP000000580,target_bacteria,proteome,219,262316,Mycolicibacterium paratuberculosis (strain ATCC BAA-968 / K-10) (Mycobacterium paratuberculosis),mycobacterium avium,False,True,False,True,True,True,159
proteome:UP000000581,target_bacteria,proteome,118,257314,Lactobacillus johnsonii (strain CNCM I-12250 / La1 / NCC 533),lactobacillus johnsonii,False,True,True,True,True,True,168
proteome:UP000000582,target_bacteria,proteome,11,196627,Corynebacterium glutamicum (strain ATCC 13032 / DSM 20300 / JCM 1318 / BCRC 11384 / CCUG 27702 / LMG 3730 / NBRC 12168 / NCIMB 10025 / NRRL B-2784 / 534),corynebacterium glutamicum,False,True,True,True,True,True,179
proteome:UP000000584,target_bacteria,proteome,442,243277,Vibrio cholerae serotype O1 (strain ATCC 39315 / El Tor Inaba N16961),vibrio cholerae,False,True,False,True,True,True,202
proteome:UP000000585,target_bacteria,proteome,215,170187,Streptococcus pneumoniae serotype 4 (strain ATCC BAA-334 / TIGR4),streptococcus pneumoniae,False,True,False,True,True,True,191
proteome:UP000000586,target_bacteria,proteome,215,171101,Streptococcus pneumoniae (strain ATCC BAA-255 / R6),streptococcus pneumoniae,False,True,True,True,True,True,191
proteome:UP000000588,target_bacteria,proteome,126,242619,Porphyromonas gingivalis (strain ATCC BAA-308 / W83),porphyromonas gingivalis,False,False,False,False,False,True,0
proteome:UP000000590,target_archaea,proteome,196,267377,Methanococcus maripaludis (strain DSM 14266 / JCM 13030 / NBRC 101832 / S2 / LL),methanococcus maripaludis,False,False,False,False,False,True,0
proteome:UP000000591,target_fungi,proteome,186,284811,Eremothecium gossypii (strain ATCC 10895 / CBS 109.51 / FGSC 9923 / NRRL Y-1056) (Yeast) (Ashbya gossypii),eremothecium gossypii,False,False,False,False,False,False,0
proteome:UP000000592,target_bacteria,proteome,209,262724,Thermus thermophilus (strain ATCC BAA-163 / DSM 7039 / HB27),thermus thermophilus,False,True,True,True,True,True,156
proteome:UP000000593,target_bacteria,proteome,320,298386,Photobacterium profundum (strain SS9),photobacterium profundum,False,True,True,True,True,True,160
proteome:UP000000594,target_bacteria,proteome,9,1392,Bacillus anthracis,bacillus anthracis,True,True,True,True,True,True,139
proteome:UP000000595,target_archaea,proteome,251,192952,Methanosarcina mazei (strain ATCC BAA-159 / DSM 3647 / Goe1 / Go1 / JCM 11833 / OCM 88) (Methanosarcina frisia),methanosarcina mazei,False,False,False,False,False,True,0
proteome:UP000000596,target_bacteria,proteome,356,282458,Staphylococcus aureus (strain MRSA252),staphylococcus aureus,False,True,True,True,True,True,202
proteome:UP000000597,target_bacteria,proteome,151,283165,Bartonella quintana (strain Toulouse) (Rochalimaea quintana),bartonella quintana,False,True,True,True,True,True,154
proteome:UP000000598,target_fungi,proteome,198,284590,Kluyveromyces lactis (strain ATCC 8585 / CBS 2359 / DSM 70799 / NBRC 1267 / NRRL Y-1140 / WM37) (Yeast) (Candida sphaerica),kluyveromyces lactis,False,False,False,False,False,False,0
proteome:UP000000599,target_fungi,proteome,139,284592,Debaryomyces hansenii (strain ATCC 36239 / CBS 767 / BCRC 21394 / JCM 1990 / NBRC 0083 / IGC 2968) (Yeast) (Torulaspora hansenii),debaryomyces hansenii,False,False,False,False,False,False,0
proteome:UP000000601,target_bacteria,proteome,216,224915,Buchnera aphidicola subsp. Baizongia pistaciae (strain Bp),buchnera aphidicola,False,True,False,True,True,True,133
proteome:UP000000602,target_bacteria,proteome,170,177439,Desulfotalea psychrophila (strain LSv54 / DSM 12343),desulfotalea psychrophila,False,True,True,True,True,True,146
proteome:UP000000603,target_bacteria,proteome,153,267747,Cutibacterium acnes (strain DSM 16379 / KPA171202) (Propionibacterium acnes),cutibacterium acnes,False,True,True,True,True,True,208
proteome:UP000000604,target_bacteria,proteome,156,257363,Rickettsia typhi (strain ATCC VR-144 / Wilmington),rickettsia typhi,False,True,True,True,True,True,134
proteome:UP000000605,target_bacteria,proteome,272,272560,Burkholderia pseudomallei (strain K96243),burkholderia pseudomallei,False,True,True,True,True,True,159
proteome:UP000000606,target_bacteria,proteome,272,279010,Bacillus licheniformis (strain ATCC 14580 / DSM 13 / JCM 2505 / CCUG 7422 / NBRC 12200 / NCIMB 9375 / NCTC 10341 / NRRL NRS-1264 / Gibson 46),bacillus licheniformis,False,True,True,True,True,True,179
proteome:UP000000607,target_bacteria,proteome,243,221988,Mannheimia succiniciproducens (strain KCTC 0769BP / MBEL55E),[mannheimia] succiniciproducens,False,True,False,True,True,True,134
proteome:UP000000609,target_bacteria,proteome,202,272624,Legionella pneumophila subsp. pneumophila (strain Philadelphia 1 / ATCC 33152 / DSM 7513),legionella pneumophila,False,True,False,True,True,True,179
proteome:UP000000611,target_bacteria,proteome,39,412419,Borrelia duttonii (strain Ly),borrelia duttonii,False,True,True,True,True,True,133
proteome:UP000000612,target_bacteria,proteome,38,412418,Borrelia recurrentis (strain A1),borrelia recurrentis,False,True,True,True,True,True,133
proteome:UP000000613,target_bacteria,proteome,336,550537,Salmonella enteritidis PT4 (strain P125109),salmonella enterica,False,True,False,True,True,True,210
proteome:UP000000625,target_bacteria,proteome,1177,83333,Escherichia coli (strain K12),escherichia coli,False,True,True,True,True,True,218
proteome:UP000000626,target_bacteria,proteome,269,122587,Neisseria meningitidis serogroup A / serotype 4A (strain DSM 15465 / Z2491),neisseria meningitidis,False,True,False,True,True,True,189
proteome:UP000000628,target_bacteria,proteome,3,471856,Jonesia denitrificans (strain ATCC 14870 / DSM 20603 / BCRC 15368 / CIP 55.134 / JCM 11481 / NBRC 15587 / NCTC 10816 / Prevot 55134) (Listeria denitrificans),jonesia denitrificans,False,True,True,True,True,True,156
proteome:UP000000637,target_bacteria,proteome,104,290340,Paenarthrobacter aurescens (strain TC1),paenarthrobacter aurescens,False,True,True,True,True,True,152
proteome:UP000000639,target_bacteria,proteome,202,357804,Psychromonas ingrahamii (strain DSM 17664 / CCUG 51855 / 37),psychromonas ingrahamii,False,True,True,True,True,True,157
proteome:UP000000641,target_archaea,proteome,33,368408,Thermofilum pendens (strain DSM 2475 / Hrk 5),thermofilum pendens,False,True,True,True,True,True,134
proteome:UP000000642,target_bacteria,proteome,340,393305,Yersinia enterocolitica serotype O:8 / biotype 1B (strain NCTC 13174 / 8081),yersinia enterocolitica,False,True,False,True,True,True,196
proteome:UP000000643,target_bacteria,proteome,123,360095,"Bartonella bacilliformis (strain ATCC 35685 / KC583 / Herrer 020/F12,63)",bartonella bacilliformis,False,True,True,True,True,True,154
proteome:UP000000644,target_bacteria,proteome,157,365044,Polaromonas naphthalenivorans (strain CJ2),polaromonas naphthalenivorans,False,True,True,True,True,True,152
proteome:UP000000646,target_bacteria,proteome,171,354242,Campylobacter jejuni subsp. jejuni serotype O:23/36 (strain 81-176),campylobacter jejuni,False,True,False,True,True,True,183
proteome:UP000000647,target_bacteria,proteome,174,349124,Halorhodospira halophila (strain DSM 244 / SL1) (Ectothiorhodospira halophila (strain DSM 244 / SL1)),halorhodospira halophila,False,True,False,True,True,True,134
proteome:UP000000653,target_bacteria,proteome,303,208963,Pseudomonas aeruginosa (strain UCBPP-PA14),pseudomonas aeruginosa,False,True,True,True,True,True,219
proteome:UP000000656,target_bacteria,proteome,148,355277,Leptospira borgpetersenii serovar Hardjo-bovis (strain JB197),leptospira borgpetersenii,False,True,False,True,True,True,145
proteome:UP000000657,target_bacteria,proteome,94,326424,Frankia alni (strain DSM 45986 / CECT 9034 / ACN14a),frankia alni,False,True,True,True,True,True,145
proteome:UP000000658,target_bacteria,proteome,258,384676,Pseudomonas entomophila (strain L48),pseudomonas entomophila,False,True,True,True,True,True,146
proteome:UP000000659,target_bacteria,proteome,358,373384,Shigella flexneri serotype 5b (strain 8401),shigella flexneri,False,True,False,True,True,True,180
proteome:UP000000662,target_bacteria,proteome,210,339670,Burkholderia ambifaria (strain ATCC BAA-244 / DSM 16087 / CCUG 44356 / LMG 19182 / AMMD) (Burkholderia cepacia (strain AMMD)),burkholderia ambifaria,False,True,False,True,True,True,155
proteome:UP000000663,target_archaea,proteome,91,351160,Methanocella arvoryzae (strain DSM 22066 / NBRC 105507 / MRE50),methanocella arvoryzae,False,False,False,False,False,True,0
proteome:UP000000664,target_bacteria,proteome,83,324831,Lactobacillus gasseri (strain ATCC 33323 / DSM 20243 / BCRC 14619 / CIP 102991 / JCM 1131 / KCTC 3163 / NCIMB 11718 / NCTC 13722 / AM63),lactobacillus gasseri,False,True,True,True,True,True,183
proteome:UP000000669,target_bacteria,proteome,54,372461,Buchnera aphidicola subsp. Cinara cedri (strain Cc),buchnera aphidicola,False,True,False,True,True,True,133
proteome:UP000000674,target_archaea,proteome,90,349307,Methanothrix thermoacetophila (strain DSM 6194 / JCM 14653 / NBRC 101360 / PT) (Methanosaeta thermophila),methanothrix thermoacetophila,False,False,False,False,False,True,0
proteome:UP000000683,target_bacteria,proteome,1,715451,Alteromonas naphthalenivorans,alteromonas naphthalenivorans,False,False,False,False,False,True,0
proteome:UP000000684,target_bacteria,proteome,228,318167,Shewanella frigidimarina (strain NCIMB 400),shewanella frigidimarina,False,True,True,True,True,True,163
proteome:UP000000716,target_bacteria,proteome,101,360911,Exiguobacterium sp. (strain ATCC BAA-1283 / AT1b),exiguobacterium sp.,False,False,False,False,False,False,0
proteome:UP000000718,target_bacteria,proteome,103,289376,Thermodesulfovibrio yellowstonii (strain ATCC 51303 / DSM 11347 / YP87),thermodesulfovibrio yellowstonii,False,True,True,True,True,True,134
proteome:UP000000719,target_bacteria,proteome,77,373903,Halothermothrix orenii (strain H 168 / OCM 544 / DSM 9562),halothermothrix orenii,False,True,True,True,True,True,135
proteome:UP000000723,target_bacteria,proteome,68,511995,Azobacteroides pseudotrichonymphae genomovar. CFP2,candidatus azobacteroides pseudotrichonymphae,False,False,False,False,False,True,0
proteome:UP000000724,target_fungi,proteome,27,500485,Penicillium rubens (strain ATCC 28089 / DSM 1075 / NRRL 1951 / Wisconsin 54-1255) (Penicillium chrysogenum),penicillium rubens,False,False,False,False,False,False,0
proteome:UP000000738,target_bacteria,proteome,52,465515,Micrococcus luteus (strain ATCC 4698 / DSM 20030 / JCM 1464 / CCM 169 / CCUG 5858 / IAM 1056 / NBRC 3333 / NCIMB 9278 / NCTC 2665 / VKM Ac-2230) (Micrococcus lysodeikticus),micrococcus luteus,False,True,True,True,True,True,190
proteome:UP000000739,target_bacteria,proteome,82,218208,Desulfatibacillum aliphaticivorans,desulfatibacillum aliphaticivorans,True,True,True,True,True,True,143
proteome:UP000000740,target_archaea,proteome,61,416348,Halorubrum lacusprofundi (strain ATCC 49239 / DSM 5036 / JCM 8891 / ACAM 34),halorubrum lacusprofundi,False,False,False,False,False,True,0
proteome:UP000000742,target_bacteria,proteome,108,491915,Anoxybacillus flavithermus (strain DSM 21510 / WK1),anoxybacillus flavithermus,False,True,True,True,True,True,167
proteome:UP000000745,target_bacteria,proteome,320,585054,Escherichia fergusonii (strain ATCC 35469 / DSM 13698 / CCUG 18766 / IAM 14443 / JCM 21226 / LMG 7866 / NBRC 102419 / NCTC 12128 / CDC 0568-73),escherichia fergusonii,False,True,True,True,True,True,180
proteome:UP000000746,target_bacteria,proteome,355,585055,Escherichia coli (strain 55989 / EAEC),escherichia coli,False,True,True,True,True,True,218
proteome:UP000000747,target_bacteria,proteome,353,585035,Escherichia coli O45:K1 (strain S88 / ExPEC),escherichia coli,False,True,False,True,True,True,218
proteome:UP000000748,target_bacteria,proteome,340,585397,Escherichia coli O81 (strain ED1a),escherichia coli,False,True,False,True,True,True,218
proteome:UP000000749,target_bacteria,proteome,354,585057,Escherichia coli O7:K1 (strain IAI39 / ExPEC),escherichia coli,False,True,False,True,True,True,218
proteome:UP000000750,target_bacteria,proteome,184,301447,Streptococcus pyogenes serotype M1,streptococcus pyogenes,False,True,False,True,True,True,184
proteome:UP000000752,target_archaea,proteome,207,70601,Pyrococcus horikoshii (strain ATCC 700860 / DSM 12428 / JCM 9974 / NBRC 100139 / OT-3),pyrococcus horikoshii,False,True,True,True,True,True,134
proteome:UP000000753,target_bacteria,proteome,166,225849,Shewanella piezotolerans (strain WP3 / JCM 13877),shewanella piezotolerans,False,True,True,True,True,True,147
proteome:UP000000755,target_bacteria,proteome,97,411154,Christiangramia forsetii (strain DSM 17595 / CGMCC 1.15422 / KT0803) (Gramella forsetii),christiangramia forsetii,False,False,False,False,False,True,0
proteome:UP000000756,target_bacteria,proteome,234,380703,Aeromonas hydrophila subsp. hydrophila (strain ATCC 7966 / DSM 30187 / BCRC 13018 / CCUG 14551 / JCM 1027 / KCTC 2358 / NCIMB 9240 / NCTC 8049),aeromonas hydrophila,False,True,False,True,True,True,194
proteome:UP000000757,target_bacteria,proteome,8,246196,Mycolicibacterium smegmatis (strain ATCC 700084 / mc(2)155) (Mycobacterium smegmatis),mycolicibacterium smegmatis,False,True,False,True,True,True,154
proteome:UP000000758,target_archaea,proteome,47,414004,Cenarchaeum symbiosum (strain A),cenarchaeum symbiosum,False,False,False,False,False,True,0
proteome:UP000000760,target_bacteria,proteome,118,360106,Campylobacter fetus subsp. fetus (strain 82-40),campylobacter fetus,False,True,False,True,True,True,169
proteome:UP000000762,target_bacteria,proteome,129,401614,Francisella tularensis subsp. novicida (strain ATCC 15482 / CCUG 33449 / U112),francisella tularensis,False,True,False,True,True,True,134
proteome:UP000000765,target_bacteria,proteome,166,362242,Mycobacterium ulcerans (strain Agy99),mycobacterium ulcerans,False,True,True,True,True,True,135
proteome:UP000000770,target_bacteria,proteome,216,399599,Shewanella baltica (strain OS195),shewanella baltica,False,True,True,True,True,True,158
proteome:UP000000771,target_bacteria,proteome,2,525909,Acidimicrobium ferrooxidans (strain DSM 10331 / JCM 15462 / NBRC 103882 / ICP),acidimicrobium ferrooxidans,False,True,True,True,True,False,139
proteome:UP000000773,target_bacteria,proteome,104,278197,Pediococcus pentosaceus (strain ATCC 25745 / CCUG 21536 / LMG 10740 / 183-1w),pediococcus pentosaceus,False,True,True,True,True,True,192
proteome:UP000000774,target_bacteria,proteome,83,203123,Oenococcus oeni (strain ATCC BAA-331 / PSU-1),oenococcus oeni,False,True,True,True,True,True,163
proteome:UP000000775,target_bacteria,proteome,125,382638,Helicobacter acinonychis (strain Sheeba),helicobacter acinonychis,False,True,True,True,True,True,146
proteome:UP000000777,target_bacteria,proteome,5,387662,Carsonella ruddii (strain PV),carsonella ruddii,False,False,False,False,False,True,0
proteome:UP000000779,target_bacteria,proteome,191,386043,Listeria welshimeri serovar 6b (strain ATCC 35897 / DSM 20650 / CCUG 15529 / CIP 8149 / NCTC 11857 / SLCC 5334 / V8),listeria welshimeri,False,True,False,True,True,True,171
proteome:UP000000781,target_bacteria,proteome,12,444179,Karelsulcia muelleri (strain GWSS) (Sulcia muelleri),candidatus karelsulcia muelleri,False,False,False,False,False,True,0
proteome:UP000000784,target_bacteria,proteome,117,398578,Delftia acidovorans (strain DSM 14801 / SPH-1),delftia acidovorans,False,True,True,True,True,True,160
proteome:UP000000787,target_bacteria,proteome,104,316274,Herpetosiphon aurantiacus (strain ATCC 23779 / DSM 785 / 114-95),herpetosiphon aurantiacus,False,True,True,True,True,True,134
proteome:UP000000788,target_bacteria,proteome,98,93059,Prochlorococcus marinus (strain MIT 9211),prochlorococcus marinus,False,False,False,False,False,True,0
proteome:UP000000789,target_bacteria,proteome,87,403833,Petrotoga mobilis (strain DSM 10674 / SJ95),petrotoga mobilis,False,True,True,True,True,True,135
proteome:UP000000790,target_bacteria,proteome,85,405566,Lactobacillus helveticus (strain DPC 4571),lactobacillus helveticus,False,True,True,True,True,True,177
proteome:UP000000792,target_archaea,proteome,44,436308,Nitrosopumilus maritimus (strain SCM1),nitrosopumilus maritimus,False,True,True,True,True,True,141
proteome:UP000000796,target_bacteria,proteome,81,452659,Rickettsia rickettsii (strain Iowa),rickettsia rickettsii,False,True,True,True,True,True,134
proteome:UP000000798,target_bacteria,proteome,302,224324,Aquifex aeolicus (strain VF5),aquifex aeolicus,False,True,True,True,True,True,133
proteome:UP000000799,target_bacteria,proteome,249,192222,Campylobacter jejuni subsp. jejuni serotype O:2 (strain ATCC 700819 / NCTC 11168),campylobacter jejuni,False,True,False,True,True,True,183
proteome:UP000000800,target_bacteria,proteome,140,243161,Chlamydia muridarum (strain MoPn / Nigg),chlamydia muridarum,False,False,False,False,False,True,0
proteome:UP000000804,target_bacteria,proteome,262,85963,Helicobacter pylori (strain J99 / ATCC 700824) (Campylobacter pylori J99),helicobacter pylori,False,True,True,True,True,True,177
proteome:UP000000805,target_archaea,proteome,404,243232,Methanocaldococcus jannaschii (strain ATCC 43067 / DSM 2661 / JAL-1 / JCM 10045 / NBRC 100440) (Methanococcus jannaschii),methanocaldococcus jannaschii,False,False,False,False,False,True,0
proteome:UP000000806,target_bacteria,proteome,293,272631,Mycobacterium leprae (strain TN),mycobacterium leprae,False,True,True,True,True,True,134
proteome:UP000000807,target_bacteria,proteome,131,243273,Mycoplasma genitalium (strain ATCC 33530 / DSM 19775 / NCTC 10195 / G37) (Mycoplasmoides genitalium),mycoplasmoides genitalium,False,True,False,True,True,True,135
proteome:UP000000808,target_bacteria,proteome,142,272634,Mycoplasma pneumoniae (strain ATCC 29342 / M129 / Subtype 1) (Mycoplasmoides pneumoniae),mycoplasmoides pneumoniae,False,True,False,True,True,True,142
proteome:UP000000809,target_bacteria,proteome,322,272843,Pasteurella multocida (strain Pm70),pasteurella multocida,False,True,True,True,True,True,196
proteome:UP000000811,target_bacteria,proteome,131,243276,Treponema pallidum (strain Nichols),treponema pallidum,False,True,True,True,True,True,137
proteome:UP000000812,target_bacteria,proteome,257,160492,Xylella fastidiosa (strain 9a5c),xylella fastidiosa,False,True,True,True,True,True,147
proteome:UP000000813,target_bacteria,proteome,334,176299,Agrobacterium fabrum (strain C58 / ATCC 33970) (Agrobacterium tumefaciens (strain C58)),agrobacterium fabrum,False,False,False,False,False,True,0
proteome:UP000000814,target_bacteria,proteome,270,272562,Clostridium acetobutylicum (strain ATCC 824 / DSM 792 / JCM 1419 / IAM 19013 / LMG 5710 / NBRC 13948 / NRRL B-527 / VKM B-1787 / 2291 / W),clostridium acetobutylicum,False,True,True,True,True,True,152
proteome:UP000000816,target_bacteria,proteome,158,272944,Rickettsia conorii (strain ATCC VR-613 / Malish 7),rickettsia conorii,False,True,True,True,True,True,137
proteome:UP000000817,target_bacteria,proteome,281,169963,Listeria monocytogenes serovar 1/2a (strain ATCC BAA-679 / EGD-e),listeria monocytogenes,False,True,False,True,True,True,204
proteome:UP000000818,target_bacteria,proteome,208,195102,Clostridium perfringens (strain 13 / Type A),clostridium perfringens,False,True,True,True,True,True,190
proteome:UP000000819,target_fungi,proteome,104,284813,Encephalitozoon cuniculi (strain GB-M1) (Microsporidian parasite),encephalitozoon cuniculi,False,False,False,False,False,False,0
proteome:UP000000821,target_bacteria,proteome,174,208435,Streptococcus agalactiae serotype V (strain ATCC BAA-611 / 2603 V/R),streptococcus agalactiae,False,True,False,True,True,True,179
proteome:UP000000822,target_bacteria,proteome,270,221109,Oceanobacillus iheyensis (strain DSM 14371 / CIP 107618 / JCM 11309 / KCTC 3954 / HTE831),oceanobacillus iheyensis,False,True,True,True,True,True,147
proteome:UP000000823,target_bacteria,proteome,179,211110,Streptococcus agalactiae serotype III (strain NEM316),streptococcus agalactiae,False,True,False,True,True,True,179
proteome:UP000000841,target_bacteria,proteome,4,471857,Saccharomonospora viridis (strain ATCC 15386 / DSM 43017 / JCM 3036 / CCUG 5913 / NBRC 12207 / NCIMB 9602 / P101) (Thermoactinomyces viridis),saccharomonospora viridis,False,True,True,True,True,True,134
proteome:UP000000844,target_bacteria,proteome,4,446470,Stackebrandtia nassauensis (strain DSM 44728 / CIP 108903 / NRRL B-16338 / NBRC 102104 / LLR-40K-21),stackebrandtia nassauensis,False,True,True,True,True,True,155
proteome:UP000000845,target_bacteria,proteome,1,526218,Sebaldella termitidis (strain ATCC 33386 / NCTC 11300),sebaldella termitidis,False,True,True,True,True,True,152
proteome:UP000000849,target_bacteria,proteome,3,446466,Cellulomonas flavigena (strain ATCC 482 / DSM 20109 / BCRC 11376 / JCM 18109 / NBRC 3775 / NCIMB 8073 / NRS 134),cellulomonas flavigena,False,True,True,True,True,False,156
proteome:UP000000851,target_bacteria,proteome,10,479433,Catenulispora acidiphila (strain DSM 44928 / JCM 14897 / NBRC 102108 / NRRL B-24433 / ID139908),catenulispora acidiphila,False,True,True,True,True,True,155
proteome:UP000000852,target_bacteria,proteome,2,485917,Pedobacter heparinus (strain ATCC 13125 / DSM 2366 / CIP 104194 / JCM 7457 / NBRC 12017 / NCIMB 9290 / NRRL B-14731 / HIM 762-3),pedobacter heparinus,False,False,False,False,False,True,0
proteome:UP000000925,target_bacteria,proteome,1,583355,Coraliomargarita akajimensis (strain DSM 45221 / IAM 15411 / JCM 23193 / KCTC 12865 / 04OKA010-24),coraliomargarita akajimensis,False,False,False,False,False,True,0
proteome:UP000000933,target_bacteria,proteome,1,761659,Salinibacter ruber (strain M8),salinibacter ruber,False,False,False,False,False,True,0
proteome:UP000000935,target_bacteria,proteome,11,545693,Priestia megaterium (strain ATCC 12872 / QMB1551) (Bacillus megaterium),priestia megaterium,False,True,True,True,True,True,178
proteome:UP000000936,target_bacteria,proteome,4,754252,Propionibacterium freudenreichii subsp. shermanii (strain ATCC 9614 / DSM 4902 / CIP 103027 / NCIMB 8099 / CIRM-BIA1),propionibacterium freudenreichii,False,True,False,True,True,True,182
proteome:UP000000939,target_bacteria,proteome,1,572480,Arcobacter nitrofigilis (strain ATCC 33309 / DSM 7299 / CCUG 15893 / LMG 7604 / NCTC 12251 / CI) (Campylobacter nitrofigilis),arcobacter nitrofigilis,False,True,True,True,True,True,162
proteome:UP000000960,target_bacteria,proteome,1,521095,Lancefieldella parvula (strain ATCC 33793 / DSM 20469 / CCUG 32760 / JCM 10300 / KCTC 3663 / VPI 0546 / 1246) (Atopobium parvulum),lancefieldella parvula,False,True,True,True,True,True,154
proteome:UP000000998,target_bacteria,proteome,181,351348,Marinobacter nauticus (strain ATCC 700491 / DSM 11845 / VT8) (Marinobacter aquaeolei),marinobacter nauticus,False,True,True,True,True,True,185
proteome:UP000001006,target_bacteria,proteome,9,623,Shigella flexneri,shigella flexneri,True,True,True,True,True,True,180
proteome:UP000001007,target_bacteria,proteome,210,194439,Chlorobaculum tepidum (strain ATCC 49652 / DSM 12025 / NBRC 103806 / TLS) (Chlorobium tepidum),chlorobaculum tepidum,False,False,False,False,False,True,0
proteome:UP000001010,target_bacteria,proteome,320,190485,Xanthomonas campestris pv. campestris (strain ATCC 33913 / DSM 3586 / NCPPB 528 / LMG 568 / P 25),xanthomonas campestris,False,True,False,True,True,True,160
proteome:UP000001011,target_bacteria,proteome,400,273123,Yersinia pseudotuberculosis serotype I (strain IP32953),yersinia pseudotuberculosis,False,True,False,True,True,True,187
proteome:UP000001012,target_bacteria,proteome,104,218497,Chlamydia abortus (strain DSM 27085 / S26/3) (Chlamydophila abortus),chlamydia abortus,False,False,False,False,False,True,0
proteome:UP000001013,target_archaea,proteome,232,186497,Pyrococcus furiosus (strain ATCC 43587 / DSM 3638 / JCM 8422 / Vc1),pyrococcus furiosus,False,True,True,True,True,True,135
proteome:UP000001014,target_bacteria,proteome,701,99287,Salmonella typhimurium (strain LT2 / SGSC1412 / ATCC 700720),salmonella enterica,False,True,False,True,True,True,210
proteome:UP000001015,target_archaea,proteome,185,273063,Sulfurisphaera tokodaii (strain DSM 16993 / JCM 10545 / NBRC 100140 / 7) (Sulfolobus tokodaii),sulfurisphaera tokodaii,False,True,True,True,True,True,134
proteome:UP000001016,target_bacteria,proteome,73,272632,Mycoplasma mycoides subsp. mycoides SC (strain CCUG 32753 / NCTC 10114 / PG1),mycoplasma mycoides,False,True,False,True,True,True,144
proteome:UP000001017,target_archaea,proteome,136,273116,Thermoplasma volcanium (strain ATCC 51530 / DSM 4299 / JCM 9571 / NBRC 15438 / GSS1),thermoplasma volcanium,False,True,True,True,True,True,134
proteome:UP000001018,target_archaea,proteome,172,330779,Sulfolobus acidocaldarius (strain ATCC 33909 / DSM 639 / JCM 8929 / NBRC 15157 / NCIMB 11770),sulfolobus acidocaldarius,False,True,True,True,True,True,134
proteome:UP000001020,target_bacteria,proteome,611,83331,Mycobacterium tuberculosis (strain CDC 1551 / Oshkosh),mycobacterium tuberculosis,False,True,True,True,True,True,147
proteome:UP000001021,target_bacteria,proteome,82,254945,Ehrlichia ruminantium (strain Welgevonden),ehrlichia ruminantium,False,True,True,True,True,True,132
proteome:UP000001022,target_bacteria,proteome,223,233412,Haemophilus ducreyi (strain 35000HP / ATCC 700724),haemophilus ducreyi,False,False,False,False,False,True,0
proteome:UP000001023,target_bacteria,proteome,215,246200,Ruegeria pomeroyi (strain ATCC 700808 / DSM 15171 / DSS-3) (Silicibacter pomeroyi),ruegeria pomeroyi,False,True,True,True,True,True,146
proteome:UP000001024,target_archaea,proteome,164,273075,Thermoplasma acidophilum (strain ATCC 25905 / DSM 1728 / JCM 9062 / NBRC 15155 / AMRC-C165),thermoplasma acidophilum,False,True,True,True,True,True,134
proteome:UP000001025,target_bacteria,proteome,188,243090,Rhodopirellula baltica (strain DSM 10527 / NCIMB 13988 / SH1),rhodopirellula baltica,False,False,False,False,False,True,0
proteome:UP000001026,target_bacteria,proteome,179,59919,Prochlorococcus marinus subsp. pastoris (strain CCMP1986 / NIES-2087 / MED4),prochlorococcus marinus,False,False,False,False,False,True,0
proteome:UP000001027,target_bacteria,proteome,274,257310,Bordetella bronchiseptica (strain ATCC BAA-588 / NCTC 13252 / RB50) (Alcaligenes bronchisepticus),bordetella bronchiseptica,False,True,True,True,True,True,173
proteome:UP000001029,target_bacteria,proteome,47,445932,Elusimicrobium minutum (strain Pei191),elusimicrobium minutum,False,True,True,True,True,True,132
proteome:UP000001030,target_bacteria,proteome,322,344609,Shigella boydii serotype 18 (strain CDC 3083-94 / BS512),shigella boydii,False,True,False,True,True,True,179
proteome:UP000001031,target_bacteria,proteome,65,349741,Akkermansia muciniphila (strain ATCC BAA-835 / DSM 22959 / JCM 33894 / BCRC 81048 / CCUG 64013 / CIP 107961 / Muc),akkermansia muciniphila,False,False,False,False,False,True,0
proteome:UP000001033,target_bacteria,proteome,48,334380,Orientia tsutsugamushi (strain Ikeda) (Rickettsia tsutsugamushi),orientia tsutsugamushi,False,True,True,True,True,True,135
proteome:UP000001035,target_bacteria,proteome,176,216591,Burkholderia cenocepacia (strain ATCC BAA-245 / DSM 16553 / LMG 16656 / NCTC 13227 / J2315 / CF5610) (Burkholderia cepacia (strain J2315)),burkholderia cenocepacia,False,True,False,True,True,True,171
proteome:UP000001036,target_bacteria,proteome,120,498211,Cellvibrio japonicus (strain Ueda107) (Pseudomonas fluorescens subsp. cellulosa),cellvibrio japonicus,False,True,True,True,True,True,157
proteome:UP000001039,target_bacteria,proteome,112,471876,Streptococcus pyogenes serotype M49 (strain NZ131),streptococcus pyogenes,False,True,False,True,True,True,184
proteome:UP000001054,target_bacteria,proteome,163,394,Sinorhizobium fredii (strain NBRC 101917 / NGR234),rhizobium fredii,False,False,False,False,False,True,0
proteome:UP000001055,target_fungi,proteome,69,321614,Phaeosphaeria nodorum (strain SN15 / ATCC MYA-4574 / FGSC 10173) (Glume blotch fungus) (Parastagonospora nodorum),phaeosphaeria nodorum,False,False,False,False,False,False,0
proteome:UP000001056,target_fungi,proteome,60,306901,Chaetomium globosum (strain ATCC 6205 / CBS 148.51 / DSM 1962 / NBRC 6347 / NRRL 1970) (Soil fungus),chaetomium globosum,False,False,False,False,False,False,0
proteome:UP000001059,target_archaea,proteome,5,547558,Methanohalophilus mahii (strain ATCC 35705 / DSM 5219 / SLP),methanohalophilus mahii,False,False,False,False,False,True,0
proteome:UP000001060,target_bacteria,proteome,2,661367,Legionella longbeachae serogroup 1 (strain NSW150),legionella longbeachae,False,True,False,True,True,True,145
proteome:UP000001062,target_bacteria,proteome,4,717774,Marinomonas mediterranea (strain ATCC 700492 / JCM 21426 / NBRC 103028 / MMB-1),marinomonas mediterranea,False,True,True,True,True,True,148
proteome:UP000001067,target_fungi,proteome,2,861557,Pyrenophora teres f. teres (strain 0-1) (Barley net blotch fungus) (Drechslera teres f. teres),pyrenophora teres,False,False,False,False,False,False,0
proteome:UP000001068,target_archaea,proteome,1,765177,Desulfurococcus mucosus (strain ATCC 35584 / DSM 2162 / JCM 9187 / O7/1),desulfurococcus mucosus,False,True,True,True,True,True,136
proteome:UP000001072,target_fungi,proteome,3,747676,Melampsora larici-populina (strain 98AG31 / pathotype 3-4-7) (Poplar leaf rust fungus),melampsora laricis-populina,False,False,False,False,False,False,0
proteome:UP000001106,target_archaea,proteome,122,419665,Methanococcus aeolicus (strain ATCC BAA-1280 / DSM 17508 / OCM 812 / Nankai-3),methanococcus aeolicus,False,False,False,False,False,True,0
proteome:UP000001107,target_archaea,proteome,145,406327,Methanococcus vannielii (strain ATCC 35089 / DSM 1224 / JCM 13029 / OCM 148 / SB),methanococcus vannielii,False,False,False,False,False,True,0
proteome:UP000001108,target_bacteria,proteome,182,366394,Sinorhizobium medicae (strain WSM419) (Ensifer medicae),sinorhizobium medicae,False,False,False,False,False,True,0
proteome:UP000001110,target_bacteria,proteome,88,391009,Thermosipho melanesiensis (strain DSM 12029 / CIP 104789 / BI429),thermosipho melanesiensis,False,True,True,True,True,True,134
proteome:UP000001114,target_bacteria,proteome,185,339671,Actinobacillus succinogenes (strain ATCC 55618 / DSM 22257 / CCUG 43843 / 130Z),actinobacillus succinogenes,False,True,True,True,True,True,148
proteome:UP000001116,target_bacteria,proteome,82,266940,Kineococcus radiotolerans (strain ATCC BAA-149 / DSM 14245 / SRS30216),kineococcus radiotolerans,False,True,True,True,True,True,149
proteome:UP000001120,target_bacteria,proteome,231,326423,Bacillus velezensis (strain DSM 23117 / BGSC 10A6 / LMG 26770 / FZB42) (Bacillus amyloliquefaciens subsp. plantarum),bacillus velezensis,False,True,True,True,True,True,154
proteome:UP000001121,target_bacteria,proteome,116,360104,Campylobacter concisus (strain 13826),campylobacter concisus,False,True,True,True,True,True,166
proteome:UP000001122,target_bacteria,proteome,392,331111,Escherichia coli O139:H28 (strain E24377A / ETEC),escherichia coli,False,True,False,True,True,True,218
proteome:UP000001131,target_bacteria,proteome,147,467705,Streptococcus gordonii (strain Challis / ATCC 35105 / BCRC 15272 / CH1 / DL1 / V288),streptococcus gordonii,False,True,True,True,True,True,184
proteome:UP000001136,target_bacteria,proteome,109,367737,Aliarcobacter butzleri (strain RM4018) (Arcobacter butzleri),aliarcobacter butzleri,False,True,True,True,True,True,191
proteome:UP000001137,target_archaea,proteome,57,397948,Caldivirga maquilingensis (strain ATCC 700844 / DSM 13496 / JCM 10307 / IC-167),caldivirga maquilingensis,False,True,True,True,True,True,134
proteome:UP000001167,target_bacteria,proteome,185,286636,Streptococcus pyogenes serotype M6 (strain ATCC BAA-946 / MGAS10394),streptococcus pyogenes,False,True,False,True,True,True,184
proteome:UP000001168,target_bacteria,proteome,252,66692,Shouchella clausii (strain KSM-K16) (Alkalihalobacillus clausii),shouchella clausii,False,True,True,True,True,True,162
proteome:UP000001169,target_archaea,proteome,160,272569,Haloarcula marismortui (strain ATCC 43049 / DSM 3752 / JCM 8966 / VKM B-1809) (Halobacterium marismortui),haloarcula marismortui,False,False,False,False,False,True,0
proteome:UP000001170,target_bacteria,proteome,145,264199,Streptococcus thermophilus (strain ATCC BAA-250 / LMG 18311),streptococcus thermophilus,False,True,True,True,True,True,182
proteome:UP000001171,target_bacteria,proteome,210,283942,Idiomarina loihiensis (strain ATCC BAA-735 / DSM 15497 / L2-TR),idiomarina loihiensis,False,True,True,True,True,True,147
proteome:UP000001172,target_bacteria,proteome,259,235909,Geobacillus kaustophilus (strain HTA426),geobacillus kaustophilus,False,True,True,True,True,True,156
proteome:UP000001173,target_bacteria,proteome,183,264203,Zymomonas mobilis subsp. mobilis (strain ATCC 31821 / ZM4 / CP4),zymomonas mobilis,False,True,False,True,True,True,162
proteome:UP000001174,target_bacteria,proteome,140,177416,Francisella tularensis subsp. tularensis (strain SCHU S4 / Schu 4),francisella tularensis,False,True,False,True,True,True,134
proteome:UP000001175,target_bacteria,proteome,174,269084,Synechococcus sp. (strain ATCC 27144 / PCC 6301 / SAUG 1402/1) (Anacystis nidulans),synechococcus elongatus,False,False,False,False,False,True,0
proteome:UP000001176,target_bacteria,proteome,89,272568,Gluconacetobacter diazotrophicus (strain ATCC 49037 / DSM 5601 / CCUG 37298 / CIP 103539 / LMG 7603 / PAl5),gluconacetobacter diazotrophicus,False,True,True,True,True,True,141
proteome:UP000001177,target_bacteria,proteome,156,374833,Neisseria meningitidis serogroup C (strain 053442),neisseria meningitidis,False,True,False,True,True,True,189
proteome:UP000001188,target_bacteria,proteome,207,509169,Xanthomonas campestris pv. campestris (strain B100),xanthomonas campestris,False,True,False,True,True,True,160
proteome:UP000001190,target_bacteria,proteome,161,216594,Mycobacterium marinum (strain ATCC BAA-535 / M),mycobacterium marinum,False,True,True,True,True,True,154
proteome:UP000001191,target_bacteria,proteome,143,63737,Nostoc punctiforme (strain ATCC 29133 / PCC 73102),nostoc punctiforme,False,False,False,False,False,True,0
proteome:UP000001192,target_bacteria,proteome,174,391038,Paraburkholderia phymatum (strain DSM 17167 / CIP 108236 / LMG 21445 / STM815) (Burkholderia phymatum),paraburkholderia phymatum,False,True,True,True,True,True,152
proteome:UP000001194,target_fungi,proteome,14,486041,Laccaria bicolor (strain S238N-H82 / ATCC MYA-4686) (Bicoloured deceiver) (Laccaria laccata var. bicolor),laccaria bicolor,False,False,False,False,False,False,0
proteome:UP000001197,target_fungi,proteome,21,515849,Podospora anserina (strain S / ATCC MYA-4624 / DSM 980 / FGSC 10383) (Pleurage anserina),podospora anserina,False,False,False,False,False,False,0
proteome:UP000001202,target_bacteria,proteome,61,455434,Treponema pallidum subsp. pallidum (strain SS14),treponema pallidum,False,True,False,True,True,True,137
proteome:UP000001203,target_bacteria,proteome,89,43989,Crocosphaera subtropica (strain ATCC 51142 / BH68) (Cyanothece sp. (strain ATCC 51142)),crocosphaera subtropica,False,False,False,False,False,True,0
proteome:UP000001205,target_bacteria,proteome,36,314724,Borrelia turicatae (strain 91E135),borrelia turicatae,False,True,True,True,True,True,133
proteome:UP000001208,target_bacteria,proteome,108,517418,Chloroherpeton thalassium (strain ATCC 35110 / GB-78),chloroherpeton thalassium,False,False,False,False,False,True,0
proteome:UP000001213,target_bacteria,proteome,4,521096,Tsukamurella paurometabola (strain ATCC 8368 / DSM 20162 / CCUG 35730 / CIP 100753 / JCM 10117 / KCTC 9821 / NBRC 16120 / NCIMB 702349 / NCTC 13040) (Corynebacterium paurometabolum),tsukamurella paurometabola,False,True,True,True,True,True,158
proteome:UP000001217,target_bacteria,proteome,194,579112,Vibrio cholerae serotype O1 (strain M66-2),vibrio cholerae,False,True,False,True,True,True,202
proteome:UP000001219,target_bacteria,proteome,4,526226,Gordonia bronchialis (strain ATCC 25592 / DSM 43247 / BCRC 13721 / JCM 3198 / KCTC 3076 / NBRC 16047 / NCTC 10667) (Rhodococcus bronchialis),gordonia bronchialis,False,True,True,True,True,True,169
proteome:UP000001225,target_bacteria,proteome,145,340100,Bordetella petrii (strain ATCC BAA-461 / DSM 12804 / CCUG 43448 / CIP 107267 / Se-1111R),bordetella petrii,False,True,True,True,True,True,163
proteome:UP000001226,target_bacteria,proteome,183,537457,Actinobacillus pleuropneumoniae serotype 7 (strain AP76),actinobacillus pleuropneumoniae,False,True,False,True,True,True,174
proteome:UP000001227,target_bacteria,proteome,32,452471,Amoebophilus asiaticus (strain 5a2),candidatus amoebophilus asiaticus,False,False,False,False,False,True,0
proteome:UP000001235,target_bacteria,proteome,1,395494,Gallionella capsiferriformans (strain ES-2) (Gallionella ferruginea capsiferriformans (strain ES-2)),gallionella capsiferriformans,False,True,False,True,True,True,133
proteome:UP000001258,target_bacteria,proteome,348,272558,Halalkalibacterium halodurans (strain ATCC BAA-125 / DSM 18197 / FERM 7344 / JCM 9153 / C-125) (Bacillus halodurans),halalkalibacterium halodurans,False,True,True,True,True,True,168
proteome:UP000001259,target_bacteria,proteome,90,390333,Lactobacillus delbrueckii subsp. bulgaricus (strain ATCC 11842 / DSM 20081 / BCRC 10696 / JCM 1002 / NBRC 13953 / NCIMB 11778 / NCTC 12712 / WDCM 00102 / Lb 14),lactobacillus delbrueckii,False,True,False,True,True,True,180
proteome:UP000001260,target_bacteria,proteome,100,264202,Chlamydia felis (strain Fe/C-56) (Chlamydophila felis),chlamydia felis,False,False,False,False,False,True,0
proteome:UP000001261,target_fungi,proteome,64,246410,Coccidioides immitis (strain RS) (Valley fever fungus),coccidioides immitis,False,False,False,False,False,False,0
proteome:UP000001288,target_bacteria,proteome,9,393133,Listeria monocytogenes serotype 1/2a (strain 10403S),listeria monocytogenes,False,True,False,True,True,True,204
proteome:UP000001294,target_fungi,proteome,13,441960,Talaromyces marneffei (strain ATCC 18224 / CBS 334.59 / QM 7333) (Penicillium marneffei),talaromyces marneffei,False,False,False,False,False,False,0
proteome:UP000001296,target_bacteria,proteome,2,665571,Winmispira thermophila (strain ATCC 49972 / DSM 6192 / RI 19.B1) (Spirochaeta thermophila),winmispira thermophila,False,False,False,False,False,True,0
proteome:UP000001300,target_fungi,proteome,162,284591,Yarrowia lipolytica (strain CLIB 122 / E 150) (Yeast) (Candida lipolytica),yarrowia lipolytica,False,False,False,False,False,False,0
proteome:UP000001301,target_bacteria,proteome,295,281309,Bacillus thuringiensis subsp. konkukian (strain 97-27),bacillus thuringiensis,False,True,False,True,True,True,174
proteome:UP000001303,target_bacteria,proteome,1,871271,Zinderia insecticola (strain CARI),candidatus zinderia insecticola,False,True,False,True,True,True,123
proteome:UP000001304,target_archaea,proteome,3,583356,Ignisphaera aggregans (strain DSM 17230 / JCM 13409 / AQ1.S1),ignisphaera aggregans,False,True,True,True,True,True,144
proteome:UP000001306,target_bacteria,proteome,146,281090,Leifsonia xyli subsp. xyli (strain CTCB07),leifsonia xyli,False,True,False,True,True,True,157
proteome:UP000001311,target_bacteria,proteome,56,416276,Rickettsia massiliae (strain Mtu5),rickettsia massiliae,False,True,True,True,True,True,134
proteome:UP000001312,target_fungi,proteome,40,665079,Sclerotinia sclerotiorum (strain ATCC 18683 / 1980 / Ss-1) (White mold) (Whetzelinia sclerotiorum),sclerotinia sclerotiorum,False,False,False,False,False,False,0
proteome:UP000001317,target_bacteria,proteome,217,458817,Shewanella halifaxensis (strain HAW-EB4),shewanella halifaxensis,False,True,True,True,True,True,158
proteome:UP000001318,target_bacteria,proteome,74,31964,Clavibacter sepedonicus (Clavibacter michiganensis subsp. sepedonicus),clavibacter sepedonicus,True,True,True,True,True,True,134
proteome:UP000001319,target_bacteria,proteome,60,334413,Finegoldia magna (strain ATCC 29328 / DSM 20472 / WAL 2508) (Peptostreptococcus magnus),finegoldia magna,False,True,True,True,True,True,170
proteome:UP000001321,target_archaea,proteome,134,478009,Halobacterium salinarum (strain ATCC 29341 / DSM 671 / R1),halobacterium salinarum,False,False,False,False,False,True,0
proteome:UP000001349,target_bacteria,proteome,82,394503,Ruminiclostridium cellulolyticum (strain ATCC 35319 / DSM 5812 / JCM 6584 / H10) (Clostridium cellulolyticum),ruminiclostridium cellulolyticum,False,True,True,True,True,True,152
proteome:UP000001350,target_archaea,proteome,82,427317,Saccharolobus islandicus (strain M.14.25 / Kamchatka #1) (Sulfolobus islandicus),saccharolobus islandicus,False,True,True,True,True,True,134
proteome:UP000001353,target_bacteria,proteome,1,391595,Roseobacter litoralis (strain ATCC 49566 / DSM 6996 / JCM 21268 / NBRC 15278 / OCh 149),roseobacter litoralis,False,True,True,True,True,True,149
proteome:UP000001355,target_bacteria,proteome,192,315750,Bacillus pumilus (strain SAFR-032),bacillus pumilus,False,True,True,True,True,True,173
proteome:UP000001360,target_bacteria,proteome,88,391904,Bifidobacterium longum subsp. infantis (strain ATCC 15697 / DSM 20088 / JCM 1222 / NCTC 11817 / S12),bifidobacterium longum,False,True,False,True,True,True,182
proteome:UP000001362,target_bacteria,proteome,97,243159,Acidithiobacillus ferrooxidans (strain ATCC 23270 / DSM 14882 / CIP 104768 / NCIMB 8455) (Ferrobacillus ferrooxidans (strain ATCC 23270)),acidithiobacillus ferrooxidans,False,True,False,True,True,True,134
proteome:UP000001363,target_bacteria,proteome,192,405535,Bacillus cereus (strain AH820),bacillus cereus,False,True,True,True,True,True,201
proteome:UP000001364,target_bacteria,proteome,147,565050,Caulobacter vibrioides (strain NA1000 / CB15N) (Caulobacter crescentus),caulobacter vibrioides,False,True,True,True,True,True,161
proteome:UP000001365,target_bacteria,proteome,106,553482,Streptococcus equi subsp. equi (strain 4047),streptococcus equi,False,True,False,True,True,True,174
proteome:UP000001366,target_bacteria,proteome,68,123214,Persephonella marina (strain DSM 14350 / EX-H1),persephonella marina,False,True,True,True,True,True,141
proteome:UP000001368,target_bacteria,proteome,107,553483,Streptococcus equi subsp. zooepidemicus (strain H70),streptococcus equi,False,True,False,True,True,True,174
proteome:UP000001369,target_bacteria,proteome,4,204536,Sulfurihydrogenibium azorense (strain DSM 15241 / OCM 825 / Az-Fu1),sulfurihydrogenibium azorense,False,True,True,True,True,True,148
proteome:UP000001374,target_bacteria,proteome,118,536232,Clostridium botulinum (strain Kyoto / Type A2),clostridium botulinum,False,True,True,True,True,True,157
proteome:UP000001377,target_bacteria,proteome,6,479437,Eggerthella lenta (strain ATCC 25559 / DSM 2243 / CCUG 17323 / JCM 9979 / KCTC 3265 / NCTC 11813 / VPI 0255 / 1899 B) (Eubacterium lentum),eggerthella lenta,False,True,True,True,True,True,170
proteome:UP000001382,target_bacteria,proteome,6,526225,Geodermatophilus obscurus (strain ATCC 25078 / DSM 43160 / JCM 3152 / CCUG 61914 / KCC A-0152 / KCTC 9177 / NBRC 13315 / NRRL B-3577 / G-20),geodermatophilus obscurus,False,True,True,True,True,True,156
proteome:UP000001383,target_bacteria,proteome,103,458233,Macrococcus caseolyticus (strain JCSC5402) (Macrococcoides caseolyticum),macrococcoides caseolyticum,False,True,False,True,True,True,169
proteome:UP000001385,target_bacteria,proteome,180,483179,Brucella canis (strain ATCC 23365 / NCTC 10854 / RM-666),brucella canis,False,False,False,False,False,True,0
proteome:UP000001400,target_archaea,proteome,3,439481,Aciduliprofundum boonei (strain DSM 19572 / T469),candidatus aciduliprofundum boonei,False,False,False,False,False,True,0
proteome:UP000001405,target_bacteria,proteome,1,1453429,Atelocyanobacterium thalassa (isolate ALOHA),candidatus atelocyanobacterium thalassae,False,False,False,False,False,True,0
proteome:UP000001407,target_bacteria,proteome,5,216592,Escherichia coli O44:H18 (strain 042 / EAEC),escherichia coli,False,True,False,True,True,True,218
proteome:UP000001408,target_bacteria,proteome,213,189518,Leptospira interrogans serogroup Icterohaemorrhagiae serovar Lai (strain 56601),leptospira interrogans,False,True,False,True,True,True,144
proteome:UP000001409,target_bacteria,proteome,216,196164,Corynebacterium efficiens (strain DSM 44549 / YS-314 / AJ 12310 / JCM 11189 / NBRC 100395),corynebacterium efficiens,False,True,True,True,True,True,159
proteome:UP000001410,target_bacteria,proteome,613,199310,Escherichia coli O6:H1 (strain CFT073 / ATCC 700928 / UPEC),escherichia coli,False,True,False,True,True,True,218
proteome:UP000001411,target_bacteria,proteome,337,176280,Staphylococcus epidermidis (strain ATCC 12228 / FDA PCI 1200),staphylococcus epidermidis,False,True,True,True,True,True,200
proteome:UP000001412,target_bacteria,proteome,171,212717,Clostridium tetani (strain Massachusetts / E88),clostridium tetani,False,True,True,True,True,True,173
proteome:UP000001414,target_bacteria,proteome,207,226186,Bacteroides thetaiotaomicron (strain ATCC 29148 / DSM 2079 / JCM 5827 / CCUG 10774 / NCTC 10582 / VPI-5482 / E50),bacteroides thetaiotaomicron,False,False,False,False,False,True,0
proteome:UP000001415,target_bacteria,proteome,214,226185,Enterococcus faecalis (strain ATCC 700802 / V583),enterococcus faecalis,False,True,True,True,True,True,207
proteome:UP000001416,target_bacteria,proteome,219,228410,Nitrosomonas europaea (strain ATCC 19718 / CIP 103999 / KCTC 2705 / NBRC 14298),nitrosomonas europaea,False,True,True,True,True,True,134
proteome:UP000001417,target_bacteria,proteome,325,226900,Bacillus cereus (strain ATCC 14579 / DSM 31 / CCUG 7414 / JCM 2152 / NBRC 15305 / NCIMB 9373 / NCTC 2599 / NRRL B-3711),bacillus cereus,False,True,True,True,True,True,201
proteome:UP000001418,target_bacteria,proteome,68,710127,Mycoplasmoides gallisepticum (strain R(low / passage 15 / clone 2)) (Mycoplasma gallisepticum),mycoplasmoides gallisepticum,False,True,False,True,True,True,135
proteome:UP000001419,target_bacteria,proteome,455,233413,Mycobacterium bovis (strain ATCC BAA-935 / AF2122/97),mycobacterium tuberculosis,False,True,False,True,True,True,147
proteome:UP000001420,target_bacteria,proteome,187,167539,Prochlorococcus marinus (strain SARG / CCMP1375 / SS120),prochlorococcus marinus,False,False,False,False,False,True,0
proteome:UP000001421,target_bacteria,proteome,256,257311,Bordetella parapertussis (strain 12822 / ATCC BAA-587 / NCTC 13253),bordetella parapertussis,False,True,True,True,True,True,195
proteome:UP000001422,target_bacteria,proteome,196,84588,Parasynechococcus marenigrum (strain WH8102),parasynechococcus marenigrum,False,False,False,False,False,True,0
proteome:UP000001423,target_bacteria,proteome,196,74547,Prochlorococcus marinus (strain MIT 9313),prochlorococcus marinus,False,False,False,False,False,True,0
proteome:UP000001424,target_bacteria,proteome,284,243365,Chromobacterium violaceum (strain ATCC 12472 / DSM 30191 / JCM 1249 / CCUG 213 / NBRC 12614 / NCIMB 9131 / NCTC 9757 / MK),chromobacterium violaceum,False,True,True,True,True,True,166
proteome:UP000001425,target_bacteria,proteome,411,1111708,Synechocystis sp. (strain ATCC 27184 / PCC 6803 / Kazusa),synechocystis sp. pcc 6803,False,False,False,False,False,True,0
proteome:UP000001429,target_fungi,proteome,27,294748,Candida albicans (strain WO-1) (Yeast),candida albicans,False,False,False,False,False,False,0
proteome:UP000001430,target_bacteria,proteome,131,167546,Prochlorococcus marinus (strain MIT 9301),prochlorococcus marinus,False,False,False,False,False,True,0
proteome:UP000001431,target_archaea,proteome,93,410359,Pyrobaculum calidifontis (strain DSM 21063 / JCM 11548 / VA1),pyrobaculum calidifontis,False,True,True,True,True,True,134
proteome:UP000001432,target_bacteria,proteome,200,416269,Actinobacillus pleuropneumoniae serotype 5b (strain L20),actinobacillus pleuropneumoniae,False,True,False,True,True,True,174
proteome:UP000001436,target_bacteria,proteome,317,267608,Ralstonia nicotianae (strain ATCC BAA-1114 / GMI1000) (Ralstonia solanacearum),ralstonia pseudosolanacearum,False,True,False,True,True,True,134
proteome:UP000001441,target_bacteria,proteome,16,572477,Allochromatium vinosum (strain ATCC 17899 / DSM 180 / NBRC 103801 / NCIMB 10441 / D) (Chromatium vinosum),allochromatium vinosum,False,True,True,True,True,True,137
proteome:UP000001444,target_bacteria,proteome,6,680198,Streptomyces scabiei (strain 87.22),streptomyces scabiei,False,True,True,True,True,True,154
proteome:UP000001446,target_bacteria,proteome,2,590409,Dickeya zeae (strain Ech586) (Dickeya dadantii (strain Ech586)),dickeya parazeae,False,True,False,True,True,True,133
proteome:UP000001452,target_bacteria,proteome,157,373153,Streptococcus pneumoniae serotype 2 (strain D39 / NCTC 7466),streptococcus pneumoniae,False,True,False,True,True,True,191
proteome:UP000001471,target_fungi,proteome,15,426418,Pyrenophora tritici-repentis (strain Pt-1C-BFP) (Wheat tan spot fungus) (Drechslera tritici-repentis),pyrenophora tritici-repentis,False,False,False,False,False,False,0
proteome:UP000001472,target_bacteria,proteome,201,410289,Mycobacterium bovis (strain BCG / Pasteur 1173P2),mycobacterium tuberculosis,False,True,False,True,True,True,147
proteome:UP000001473,target_bacteria,proteome,48,645127,Corynebacterium kroppenstedtii (strain DSM 44385 / JCM 11950 / CIP 105744 / CCUG 35717),corynebacterium kroppenstedtii,False,True,True,True,True,True,174
proteome:UP000001476,target_bacteria,proteome,53,515620,Lachnospira eligens (strain ATCC 27750 / DSM 3376 / VPI C15-48 / C15-B4) (Eubacterium eligens),lachnospira eligens,False,True,True,True,True,True,153
proteome:UP000001477,target_bacteria,proteome,52,515619,Agathobacter rectalis (strain ATCC 33656 / DSM 3377 / JCM 17463 / KCTC 5835 / VPI 0990) (Eubacterium rectale),agathobacter rectalis,False,True,True,True,True,True,153
proteome:UP000001479,target_archaea,proteome,81,426118,Saccharolobus islandicus (strain M.16.4 / Kamchatka #3) (Sulfolobus islandicus),saccharolobus islandicus,False,True,True,True,True,True,134
proteome:UP000001485,target_bacteria,proteome,196,634503,Edwardsiella ictaluri (strain 93-146),edwardsiella ictaluri,False,True,True,True,True,True,154
proteome:UP000001488,target_archaea,proteome,79,593117,Thermococcus gammatolerans (strain DSM 15229 / JCM 11827 / EJ3),thermococcus gammatolerans,False,True,True,True,True,True,134
proteome:UP000001489,target_bacteria,proteome,3,634504,Bartonella grahamii (strain as4aup),bartonella grahamii,False,True,True,True,True,True,153
proteome:UP000001491,target_bacteria,proteome,2,572263,Mesomycoplasma conjunctivae (strain ATCC 25834 / NCTC 10147 / HRC/581) (Mycoplasma conjunctivae),mesomycoplasma conjunctivae,False,True,True,True,True,True,134
proteome:UP000001494,target_bacteria,proteome,2,555217,Zymomonas mobilis subsp. mobilis (strain ATCC 10988 / DSM 424 / LMG 404 / NCIMB 8938 / NRRL B-806 / ZM1),zymomonas mobilis,False,True,False,True,True,True,162
proteome:UP000001495,target_archaea,proteome,6,573064,Methanocaldococcus fervens (strain DSM 4213 / JCM 15782 / AG86) (Methanococcus fervens),methanocaldococcus fervens,False,False,False,False,False,True,0
proteome:UP000001502,target_bacteria,proteome,1,760570,Streptococcus parasanguinis (strain ATCC 15912 / DSM 6778 / CIP 104372 / LMG 14537),streptococcus parasanguinis,False,True,True,True,True,True,181
proteome:UP000001510,target_bacteria,proteome,127,449447,Microcystis aeruginosa (strain NIES-843 / IAM M-2473),microcystis aeruginosa,False,False,False,False,False,True,0
proteome:UP000001517,target_bacteria,proteome,1,637909,Streptococcus gallolyticus (strain UCN34),streptococcus gallolyticus,False,True,True,True,True,True,173
proteome:UP000001520,target_bacteria,proteome,1,639282,Deferribacter desulfuricans (strain DSM 14783 / JCM 11476 / NBRC 101012 / SSM1),deferribacter desulfuricans,False,True,True,True,True,True,138
proteome:UP000001522,target_bacteria,proteome,1,679897,Helicobacter mustelae (strain ATCC 43772 / CCUG 25715 / CIP 103759 / LMG 18044 / NCTC 12198 / R85-136P) (Campylobacter mustelae),helicobacter mustelae,False,True,True,True,True,True,151
proteome:UP000001544,target_bacteria,proteome,7,398511,Alkalihalophilus pseudofirmus (strain ATCC BAA-2126 / JCM 17055 / OF4) (Bacillus pseudofirmus),alkalihalophilus pseudofirmus,False,True,True,True,True,True,155
proteome:UP000001556,target_bacteria,proteome,127,349161,Desulforamulus reducens (strain ATCC BAA-1160 / DSM 100696 / MI-1) (Desulfotomaculum reducens),desulforamulus reducens,False,True,True,True,True,True,148
proteome:UP000001557,target_bacteria,proteome,214,325240,Shewanella baltica (strain OS155 / ATCC BAA-1091),shewanella baltica,False,True,True,True,True,True,158
proteome:UP000001558,target_bacteria,proteome,209,323850,Shewanella loihica (strain ATCC BAA-1088 / PV-4),shewanella loihica,False,True,True,True,True,True,155
proteome:UP000001564,target_bacteria,proteome,85,443906,Clavibacter michiganensis subsp. michiganensis (strain NCPPB 382),clavibacter michiganensis,False,True,False,True,True,True,150
proteome:UP000001565,target_bacteria,proteome,54,357244,Orientia tsutsugamushi (strain Boryong) (Rickettsia tsutsugamushi),orientia tsutsugamushi,False,True,True,True,True,True,135
proteome:UP000001567,target_archaea,proteome,80,340102,Pyrobaculum arsenaticum (strain DSM 13514 / JCM 11321 / PZ6),pyrobaculum arsenaticum,False,True,True,True,True,True,134
proteome:UP000001570,target_bacteria,proteome,832,224308,Bacillus subtilis (strain 168),bacillus subtilis,False,True,True,True,True,True,179
proteome:UP000001572,target_bacteria,proteome,139,293826,Alkaliphilus metalliredigens (strain QYMF),alkaliphilus metalliredigens,False,True,True,True,True,True,134
proteome:UP000001574,target_bacteria,proteome,163,243243,Mycobacterium avium (strain 104),mycobacterium avium,False,True,True,True,True,True,159
proteome:UP000001578,target_bacteria,proteome,210,420246,Geobacillus thermodenitrificans (strain NG80-2),geobacillus thermodenitrificans,False,True,True,True,True,True,152
proteome:UP000001582,target_bacteria,proteome,261,381754,Pseudomonas paraeruginosa (strain DSM 24068 / PA7) (Pseudomonas aeruginosa (strain PA7)),pseudomonas paraeruginosa,False,True,False,True,True,True,151
proteome:UP000001584,target_bacteria,proteome,743,83332,Mycobacterium tuberculosis (strain ATCC 25618 / H37Rv),mycobacterium tuberculosis,False,True,True,True,True,True,147
proteome:UP000001589,target_bacteria,proteome,133,167542,Prochlorococcus marinus (strain MIT 9515),prochlorococcus marinus,False,False,False,False,False,True,0
proteome:UP000001591,target_bacteria,proteome,94,414684,Rhodospirillum centenum (strain ATCC 51521 / SW),rhodospirillum centenum,False,True,True,True,True,True,134
proteome:UP000001592,target_bacteria,proteome,122,382640,Bartonella tribocorum (strain DSM 28219 / CCUG 45778 / CIP 105476 / IBS 506),bartonella tribocorum,False,True,True,True,True,True,145
proteome:UP000001596,target_bacteria,proteome,136,311402,Allorhizobium ampelinum (strain ATCC BAA-846 / DSM 112012 / S4) (Agrobacterium vitis (strain S4)),allorhizobium ampelinum,False,False,False,False,False,True,0
proteome:UP000001599,target_bacteria,proteome,278,476213,Salmonella paratyphi C (strain RKS4594),salmonella enterica,False,True,False,True,True,True,210
proteome:UP000001600,target_bacteria,proteome,159,311403,Rhizobium rhizogenes (strain K84 / ATCC BAA-868) (Agrobacterium radiobacter),rhizobium rhizogenes,False,False,False,False,False,True,0
proteome:UP000001610,target_fungi,proteome,1,983644,Cordyceps militaris (strain CM01) (Caterpillar fungus),cordyceps militaris,False,False,False,False,False,False,0
proteome:UP000001611,target_fungi,proteome,2,498257,Verticillium dahliae (strain VdLs.17 / ATCC MYA-4575 / FGSC 10137) (Verticillium wilt),verticillium dahliae,False,False,False,False,False,False,0
proteome:UP000001626,target_bacteria,proteome,7,580327,Thermoanaerobacterium thermosaccharolyticum (strain ATCC 7956 / DSM 571 / NCIMB 9385 / NCA 3814 / NCTC 13789 / WDCM 00135 / 2032) (Clostridium thermosaccharolyticum),thermoanaerobacterium thermosaccharolyticum,False,True,True,True,True,True,134
proteome:UP000001627,target_bacteria,proteome,2,434131,Neorickettsia risticii (strain Illinois),neorickettsia risticii,False,True,True,True,True,True,134
proteome:UP000001628,target_fungi,proteome,9,502780,Paracoccidioides brasiliensis (strain Pb18),paracoccidioides brasiliensis,False,False,False,False,False,False,0
proteome:UP000001631,target_fungi,proteome,18,447093,Ajellomyces capsulatus (strain G186AR / H82 / ATCC MYA-2454 / RMSCC 2432) (Darling's disease fungus) (Histoplasma capsulatum),ajellomyces capsulatus,False,False,False,False,False,False,0
proteome:UP000001635,target_bacteria,proteome,2,880070,Cyclobacterium marinum (strain ATCC 25205 / DSM 745 / LMG 13164 / NCIMB 1802) (Flectobacillus marinus),cyclobacterium marinum,False,False,False,False,False,True,0
proteome:UP000001640,target_fungi,proteome,4,27288,Naumovozyma castellii (Yeast) (Saccharomyces castellii),naumovozyma castellii,False,False,False,False,False,False,0
proteome:UP000001651,target_bacteria,proteome,122,321967,Lacticaseibacillus paracasei (strain ATCC 334 / BCRC 17002 / CCUG 31169 / CIP 107868 / KCTC 3260 / NRRL B-441) (Lactobacillus paracasei),lacticaseibacillus paracasei,False,True,True,True,True,True,187
proteome:UP000001652,target_bacteria,proteome,100,387344,Levilactobacillus brevis (strain ATCC 367 / BCRC 12310 / CIP 105137 / JCM 1170 / LMG 11437 / NCIMB 947 / NCTC 947) (Lactobacillus brevis),levilactobacillus brevis,False,True,True,True,True,True,182
proteome:UP000001654,target_bacteria,proteome,1,655815,Zunongwangia profunda (strain DSM 18752 / CCTCC AB 206139 / SM-A87) (Wangia profunda),zunongwangia profunda,False,False,False,False,False,True,0
proteome:UP000001662,target_bacteria,proteome,1,610130,Lacrimispora saccharolytica (strain ATCC 35040 / DSM 2544 / NRCC 2533 / WM1) (Clostridium saccharolyticum),lacrimispora saccharolytica,False,True,True,True,True,True,157
proteome:UP000001680,target_bacteria,proteome,187,398577,Burkholderia ambifaria (strain MC40-6),burkholderia ambifaria,False,True,True,True,True,True,155
proteome:UP000001681,target_bacteria,proteome,138,262543,Exiguobacterium sibiricum (strain DSM 17290 / CCUG 55495 / CIP 109462 / JCM 13490 / 255-15),exiguobacterium artemiae,False,False,False,False,False,True,0
proteome:UP000001683,target_bacteria,proteome,85,457570,Natranaerobius thermophilus (strain ATCC BAA-1301 / DSM 18059 / JW/NM-WN-LF),natranaerobius thermophilus,False,True,True,True,True,True,135
proteome:UP000001685,target_bacteria,proteome,132,455632,Streptomyces griseus subsp. griseus (strain JCM 4626 / CBS 651.72 / NBRC 13350 / KCC S-0626 / ISP 5235),streptomyces griseus,False,True,False,True,True,True,186
proteome:UP000001686,target_archaea,proteome,38,374847,Korarchaeum cryptofilum (strain OPF8),candidatus korarchaeum cryptofilum,False,True,False,True,True,True,133
proteome:UP000001691,target_bacteria,proteome,68,1408204,Endomicrobium trichonymphae,endomicrobium trichonymphae,True,False,False,True,True,True,130
proteome:UP000001692,target_bacteria,proteome,163,977880,Cupriavidus taiwanensis (strain DSM 17343 / BCRC 17206 / CCUG 44338 / CIP 107171 / LMG 19424 / R1) (Ralstonia taiwanensis (strain LMG 19424)),cupriavidus taiwanensis,False,True,False,True,True,True,154
proteome:UP000001693,target_bacteria,proteome,124,395495,Leptothrix cholodnii (strain ATCC 51168 / LMG 8142 / SP-6) (Leptothrix discophora (strain SP-6)),leptothrix cholodnii,False,True,False,True,True,True,133
proteome:UP000001694,target_archaea,proteome,69,444157,Pyrobaculum neutrophilum (strain DSM 2338 / JCM 9278 / NBRC 100436 / V24Sta) (Thermoproteus neutrophilus),pyrobaculum neutrophilum,False,True,True,True,True,True,134
proteome:UP000001695,target_bacteria,proteome,97,395963,Beijerinckia indica subsp. indica (strain ATCC 9039 / DSM 1715 / NCIMB 8712),beijerinckia indica,False,True,False,True,True,True,134
proteome:UP000001697,target_bacteria,proteome,97,334390,Limosilactobacillus fermentum (strain NBRC 3956 / LMG 18251) (Lactobacillus fermentum),limosilactobacillus fermentum,False,True,True,True,True,True,189
proteome:UP000001698,target_bacteria,proteome,163,405441,Xylella fastidiosa (strain M23),xylella fastidiosa,False,True,True,True,True,True,147
proteome:UP000001699,target_fungi,proteome,48,451804,Aspergillus fumigatus (strain CBS 144.89 / FGSC A1163 / CEA10) (Neosartorya fumigata),aspergillus fumigatus,False,False,False,False,False,False,0
proteome:UP000001700,target_bacteria,proteome,1,515618,Riesia pediculicola (strain USDA),candidatus riesia pediculicola,False,True,False,True,True,True,123
proteome:UP000001702,target_bacteria,proteome,8,706191,Pantoea ananatis (strain LMG 20103),pantoea ananas,False,False,True,True,True,True,165
proteome:UP000001725,target_bacteria,proteome,154,395960,Rhodopseudomonas palustris (strain TIE-1),rhodopseudomonas palustris,False,True,True,True,True,True,151
proteome:UP000001726,target_bacteria,proteome,258,465817,Erwinia tasmaniensis (strain DSM 17950 / CFBP 7177 / CIP 109463 / NCPPB 4357 / Et1/99),erwinia tasmaniensis,False,True,True,True,True,True,152
proteome:UP000001727,target_bacteria,proteome,63,504474,Corynebacterium urealyticum (strain ATCC 43042 / DSM 7109),corynebacterium urealyticum,False,True,True,True,True,True,170
proteome:UP000001730,target_bacteria,proteome,201,316275,Aliivibrio salmonicida (strain LFI1238) (Vibrio salmonicida (strain LFI1238)),aliivibrio salmonicida,False,True,False,True,True,True,153
proteome:UP000001732,target_bacteria,proteome,48,309798,Coprothermobacter proteolyticus (strain ATCC 35245 / DSM 5265 / OCM 4 / BT),coprothermobacter proteolyticus,False,True,True,True,True,True,134
proteome:UP000001733,target_bacteria,proteome,69,309799,Dictyoglomus thermophilum (strain ATCC 35947 / DSM 3960 / H-6-12),dictyoglomus thermophilum,False,True,True,True,True,True,151
proteome:UP000001734,target_bacteria,proteome,328,507522,Klebsiella variicola (strain 342) (Klebsiella pneumoniae),klebsiella variicola,False,False,False,False,False,True,0
proteome:UP000001735,target_bacteria,proteome,113,563041,Helicobacter pylori (strain G27),helicobacter pylori,False,True,True,True,True,True,177
proteome:UP000001739,target_bacteria,proteome,173,398527,Paraburkholderia phytofirmans (strain DSM 17436 / LMG 22146 / PsJN) (Burkholderia phytofirmans),paraburkholderia phytofirmans,False,True,True,True,True,True,154
proteome:UP000001740,target_bacteria,proteome,159,360094,Xanthomonas oryzae pv. oryzae (strain PXO99A),xanthomonas oryzae,False,True,False,True,True,True,134
proteome:UP000001741,target_bacteria,proteome,154,509170,Acinetobacter baumannii (strain SDF),acinetobacter baumannii,False,True,True,True,True,True,186
proteome:UP000001744,target_fungi,proteome,11,402676,Schizosaccharomyces japonicus (strain yFS275 / FY16936) (Fission yeast),schizosaccharomyces japonicus,False,False,False,False,False,False,0
proteome:UP000001745,target_fungi,proteome,17,441959,Talaromyces stipitatus (strain ATCC 10500 / CBS 375.48 / QM 6759 / NRRL 1006) (Penicillium stipitatum),talaromyces stipitatus,False,False,False,False,False,False,0
proteome:UP000001746,target_archaea,proteome,3,485914,Halomicrobium mukohataei (strain ATCC 700874 / DSM 12286 / JCM 9738 / NCIMB 13541) (Haloarcula mukohataei),halomicrobium mukohataei,False,False,False,False,False,True,0
proteome:UP000001747,target_archaea,proteome,80,429572,Saccharolobus islandicus (strain L.S.2.15 / Lassen #1) (Sulfolobus islandicus),saccharolobus islandicus,False,True,True,True,True,True,134
proteome:UP000001748,target_bacteria,proteome,166,546272,Brucella melitensis biotype 2 (strain ATCC 23457),brucella melitensis,False,False,False,False,False,True,0
proteome:UP000001784,target_bacteria,proteome,130,335543,Syntrophobacter fumaroxidans (strain DSM 10017 / MPOB),syntrophobacter fumaroxidans,False,True,True,True,True,True,138
proteome:UP000001798,target_fungi,proteome,39,332648,Botryotinia fuckeliana (strain B05.10) (Noble rot fungus) (Botrytis cinerea),botryotinia fuckeliana,False,False,False,False,False,False,0
proteome:UP000001803,target_bacteria,proteome,60,565034,Brachyspira hyodysenteriae (strain ATCC 49526 / WA1),brachyspira hyodysenteriae,False,True,True,True,True,True,154
proteome:UP000001805,target_fungi,proteome,218,367110,Neurospora crassa (strain ATCC 24698 / 74-OR23-1A / CBS 708.71 / DSM 1257 / FGSC 987),neurospora crassa,False,False,False,False,False,False,0
proteome:UP000001806,target_bacteria,proteome,255,107806,Buchnera aphidicola subsp. Acyrthosiphon pisum (strain APS) (Acyrthosiphon pisum symbiotic bacterium),buchnera aphidicola,False,True,False,True,True,True,133
proteome:UP000001807,target_bacteria,proteome,123,224326,Borreliella burgdorferi (strain ATCC 35210 / DSM 4680 / CIP 102532 / B31) (Borrelia burgdorferi),borreliella burgdorferi,False,True,True,True,True,True,135
proteome:UP000001816,target_bacteria,proteome,273,190650,Caulobacter vibrioides (strain ATCC 19089 / CIP 103742 / CB 15) (Caulobacter crescentus),caulobacter vibrioides,False,True,True,True,True,True,161
proteome:UP000001817,target_bacteria,proteome,234,266265,Paraburkholderia xenovorans (strain LB400),paraburkholderia xenovorans,False,True,True,True,True,True,158
proteome:UP000001818,target_bacteria,proteome,176,316057,Rhodopseudomonas palustris (strain BisB5),rhodopseudomonas palustris,False,True,True,True,True,True,151
proteome:UP000001822,target_bacteria,proteome,123,269798,Cytophaga hutchinsonii (strain ATCC 33406 / DSM 1761 / CIP 103989 / NBRC 15051 / NCIMB 9469 / D465),cytophaga hutchinsonii,False,False,False,False,False,True,0
proteome:UP000001823,target_bacteria,proteome,159,195103,Clostridium perfringens (strain ATCC 13124 / DSM 756 / JCM 1290 / NCIMB 6125 / NCTC 8237 / Type A),clostridium perfringens,False,True,True,True,True,True,190
proteome:UP000001824,target_bacteria,proteome,149,289380,Clostridium perfringens (strain SM101 / Type A),clostridium perfringens,False,True,True,True,True,True,190
proteome:UP000001826,target_archaea,proteome,202,190192,Methanopyrus kandleri (strain AV19 / DSM 6324 / JCM 9639 / NBRC 100938),methanopyrus kandleri,False,False,False,False,False,True,0
proteome:UP000001841,target_bacteria,proteome,2,665029,Erwinia amylovora (strain CFBP1430),erwinia amylovora,False,True,True,True,True,True,153
proteome:UP000001844,target_bacteria,proteome,1,472759,Nitrosococcus halophilus (strain Nc4),nitrosococcus halophilus,False,True,True,True,True,True,134
proteome:UP000001847,target_bacteria,proteome,107,456481,Leptospira biflexa serovar Patoc (strain Patoc 1 / ATCC 23582 / Paris),leptospira biflexa,False,True,False,True,True,True,145
proteome:UP000001857,target_bacteria,proteome,222,388396,Aliivibrio fischeri (strain MJ11) (Vibrio fischeri),aliivibrio fischeri,False,True,True,True,True,True,174
proteome:UP000001861,target_fungi,proteome,28,240176,Coprinopsis cinerea (strain Okayama-7 / 130 / ATCC MYA-4618 / FGSC 9003) (Inky cap fungus) (Hormographiella aspergillata),coprinopsis cinerea,False,False,False,False,False,False,0
proteome:UP000001865,target_bacteria,proteome,330,439843,Salmonella schwarzengrund (strain CVM19633),salmonella enterica,False,True,False,True,True,True,210
proteome:UP000001866,target_bacteria,proteome,331,454169,Salmonella heidelberg (strain SL476),salmonella enterica,False,True,False,True,True,True,210
proteome:UP000001867,target_bacteria,proteome,156,391008,Stenotrophomonas maltophilia (strain R551-3),stenotrophomonas maltophilia,False,True,True,True,True,True,201
proteome:UP000001868,target_bacteria,proteome,96,450851,Phenylobacterium zucineum (strain HLK1),phenylobacterium zucineum,False,True,True,True,True,False,133
proteome:UP000001869,target_bacteria,proteome,327,554290,Salmonella paratyphi A (strain AKU_12601),salmonella enterica,False,True,False,True,True,True,210
proteome:UP000001870,target_bacteria,proteome,108,1774373,Alteromonas mediterranea (strain DSM 17117 / CIP 110805 / LMG 28347 / Deep ecotype),alteromonas mediterranea,False,False,False,False,False,True,0
proteome:UP000001873,target_bacteria,proteome,95,552526,Streptococcus equi subsp. zooepidemicus (strain MGCS10565),streptococcus equi,False,True,False,True,True,True,174
proteome:UP000001877,target_bacteria,proteome,117,358681,Brevibacillus brevis (strain 47 / JCM 6285 / NBRC 100599),brevibacillus brevis,False,True,True,True,True,True,167
proteome:UP000001879,target_archaea,proteome,3,547559,Natrialba magadii (strain ATCC 43099 / DSM 3394 / CCM 3739 / CIP 104546 / IAM 13178 / JCM 8861 / NBRC 102185 / NCIMB 2190 / MS3) (Natronobacterium magadii),natrialba magadii,False,False,False,False,False,True,0
proteome:UP000001880,target_bacteria,proteome,3,502025,Haliangium ochraceum (strain DSM 14365 / JCM 11303 / SMP-2),haliangium ochraceum,False,True,True,True,True,True,140
proteome:UP000001881,target_fungi,proteome,14,771870,Sordaria macrospora (strain ATCC MYA-333 / DSM 997 / K(L3346) / K-hell),sordaria macrospora,False,False,False,False,False,False,0
proteome:UP000001882,target_archaea,proteome,5,304371,Methanocella paludicola (strain DSM 17711 / JCM 13418 / NBRC 101707 / SANAE),methanocella paludicola,False,False,False,False,False,True,0
proteome:UP000001883,target_bacteria,proteome,3,680646,Rothia mucilaginosa (strain DY-18) (Stomatococcus mucilaginosus),rothia mucilaginosa,False,True,True,True,True,True,193
proteome:UP000001889,target_bacteria,proteome,5,637910,Citrobacter rodentium (strain ICC168) (Citrobacter freundii biotype 4280),citrobacter rodentium,False,True,True,True,True,True,170
proteome:UP000001901,target_archaea,proteome,2,572546,Archaeoglobus profundus (strain DSM 5631 / JCM 9629 / NBRC 100127 / Av18),archaeoglobus profundus,False,True,True,True,True,True,136
proteome:UP000001902,target_bacteria,proteome,10,591001,Acidaminococcus fermentans (strain ATCC 25085 / DSM 20731 / CCUG 9996 / CIP 106432 / VR4),acidaminococcus fermentans,False,True,True,True,True,True,160
proteome:UP000001903,target_archaea,proteome,6,543526,Haloterrigena turkmenica (strain ATCC 51198 / DSM 5511 / JCM 9101 / NCIMB 13204 / VKM B-1734 / 4k) (Halococcus turkmenicus),haloterrigena turkmenica,False,False,False,False,False,True,0
proteome:UP000001910,target_bacteria,proteome,2,523794,Leptotrichia buccalis (strain ATCC 14201 / DSM 1135 / JCM 12969 / NCTC 10249 / C-1013-b),leptotrichia buccalis,False,True,True,True,True,True,197
proteome:UP000001916,target_bacteria,proteome,1,526227,Allomeiothermus silvanus (strain ATCC 700542 / DSM 9946 / NBRC 106475 / NCIMB 13440 / VI-R2) (Thermus silvanus),allomeiothermus silvanus,False,True,True,True,True,True,137
proteome:UP000001917,target_bacteria,proteome,2,521098,Alicyclobacillus acidocaldarius subsp. acidocaldarius (strain ATCC 27009 / DSM 446 / BCRC 14685 / JCM 5260 / KCTC 1825 / NBRC 15652 / NCIMB 11725 / NRRL B-14509 / 104-IA) (Bacillus acidocaldarius),alicyclobacillus acidocaldarius,False,True,False,True,True,True,158
proteome:UP000001918,target_bacteria,proteome,8,471852,Thermomonospora curvata (strain ATCC 19995 / DSM 43183 / JCM 3096 / KCTC 9072 / NBRC 15933 / NCIMB 10081 / Henssen B9),thermomonospora curvata,False,True,True,True,True,True,143
proteome:UP000001919,target_bacteria,proteome,2,446465,Brachybacterium faecium (strain ATCC 43885 / DSM 4810 / JCM 11609 / LMG 19847 / NBRC 14762 / NCIMB 9860 / 6-10),brachybacterium faecium,False,True,True,True,True,True,149
proteome:UP000001928,target_bacteria,proteome,70,340047,Mycoplasma capricolum subsp. capricolum (strain California kid / ATCC 27343 / NCTC 10154),mycoplasma capricolum,False,True,False,True,True,True,135
proteome:UP000001929,target_bacteria,proteome,205,269796,Rhodospirillum rubrum (strain ATCC 11170 / ATH 1.1.1 / DSM 467 / LMG 4362 / NCIMB 8255 / S1),rhodospirillum rubrum,False,True,True,True,True,True,148
proteome:UP000001930,target_bacteria,proteome,224,271848,Burkholderia thailandensis (strain ATCC 700388 / DSM 13276 / CCUG 48851 / CIP 106301 / E264),burkholderia thailandensis,False,True,True,True,True,True,153
proteome:UP000001931,target_archaea,proteome,107,339860,Methanosphaera stadtmanae (strain ATCC 43021 / DSM 3091 / JCM 11832 / MCB-3),methanosphaera stadtmanae,False,False,False,False,False,True,0
proteome:UP000001932,target_bacteria,proteome,254,343509,Sodalis glossinidius (strain morsitans),sodalis glossinidius,False,True,True,True,True,True,135
proteome:UP000001933,target_bacteria,proteome,128,56780,Syntrophus aciditrophicus (strain SB),syntrophus aciditrophicus,False,True,True,True,True,True,134
proteome:UP000001934,target_bacteria,proteome,42,322098,Aster yellows witches'-broom phytoplasma (strain AYWB),aster yellows witches'-broom phytoplasma,False,True,True,True,True,True,133
proteome:UP000001935,target_bacteria,proteome,165,290397,Anaeromyxobacter dehalogenans (strain 2CP-C),anaeromyxobacter dehalogenans,False,True,True,True,True,True,134
proteome:UP000001936,target_bacteria,proteome,220,347834,Rhizobium etli (strain ATCC 51251 / DSM 11541 / JCM 21823 / NBRC 15573 / CFN 42),rhizobium etli,False,False,False,False,False,True,0
proteome:UP000001937,target_bacteria,proteome,118,106370,Frankia casuarinae (strain DSM 45818 / CECT 9043 / HFP020203 / CcI3),frankia casuarinae,True,True,True,True,True,True,145
proteome:UP000001939,target_bacteria,proteome,255,367830,Staphylococcus aureus (strain USA300),staphylococcus aureus,False,True,True,True,True,True,202
proteome:UP000001941,target_archaea,proteome,112,323259,Methanospirillum hungatei JF-1 (strain ATCC 27890 / DSM 864 / NBRC 100397 / JF-1),methanospirillum hungatei,False,False,False,False,False,True,0
proteome:UP000001942,target_bacteria,proteome,64,222891,Ehrlichia sennetsu (strain ATCC VR-367 / Miyayama) (Neorickettsia sennetsu),ehrlichia sennetsu,False,True,True,True,True,True,133
proteome:UP000001943,target_bacteria,proteome,65,212042,Anaplasma phagocytophilum (strain HZ),anaplasma phagocytophilum,False,True,True,True,True,True,133
proteome:UP000001944,target_bacteria,proteome,134,376619,Francisella tularensis subsp. holarctica (strain LVS),francisella tularensis,False,True,False,True,True,True,134
proteome:UP000001946,target_bacteria,proteome,148,138119,Desulfitobacterium hafniense (strain Y51),desulfitobacterium hafniense,False,True,True,True,True,True,146
proteome:UP000001947,target_bacteria,proteome,195,203122,Saccharophagus degradans (strain 2-40 / ATCC 43961 / DSM 17024),saccharophagus degradans,False,True,True,True,True,True,149
proteome:UP000001951,target_bacteria,proteome,150,336407,Rickettsia bellii (strain RML369-C),rickettsia bellii,False,True,True,True,True,True,132
proteome:UP000001952,target_bacteria,proteome,371,364106,Escherichia coli (strain UTI89 / UPEC),escherichia coli,False,True,True,True,True,True,218
proteome:UP000001953,target_bacteria,proteome,173,323097,Nitrobacter hamburgensis (strain DSM 10229 / NCIMB 13809 / X14),nitrobacter hamburgensis,False,True,True,True,True,True,134
proteome:UP000001955,target_bacteria,proteome,1,630626,Shimwellia blattae (strain ATCC 29907 / DSM 4481 / JCM 1650 / NBRC 105725 / CDC 9005-74) (Escherichia blattae),shimwellia blattae,False,True,True,True,True,True,158
proteome:UP000001959,target_bacteria,proteome,145,228405,Hyphomonas neptunium (strain ATCC 15444),hyphomonas neptunium,False,True,True,True,True,True,134
proteome:UP000001962,target_bacteria,proteome,187,187272,Alkalilimnicola ehrlichii (strain ATCC BAA-1101 / DSM 17681 / MLHE-1),alkalilimnicola ehrlichii,False,True,True,True,True,True,140
proteome:UP000001963,target_bacteria,proteome,128,391165,Granulibacter bethesdensis (strain ATCC BAA-1260 / CGDNIH1),granulibacter bethesdensis,False,True,True,True,True,True,146
proteome:UP000001964,target_bacteria,proteome,136,394221,Maricaulis maris (strain MCS10) (Caulobacter maris),maricaulis maris,False,True,True,True,True,False,144
proteome:UP000001966,target_bacteria,proteome,163,335283,Nitrosomonas eutropha (strain DSM 101675 / C91 / Nm57),nitrosomonas eutropha,False,True,True,True,True,True,133
proteome:UP000001968,target_bacteria,proteome,124,335541,Syntrophomonas wolfei subsp. wolfei (strain DSM 2245B / Goettingen),syntrophomonas wolfei,False,True,False,True,True,True,133
proteome:UP000001971,target_bacteria,proteome,336,360102,Yersinia pestis bv. Antiqua (strain Antiqua),yersinia pestis,False,True,False,True,True,True,135
proteome:UP000001973,target_bacteria,proteome,372,100226,Streptomyces coelicolor (strain ATCC BAA-471 / A3(2) / M145),streptomyces coelicolor,False,True,False,True,True,True,133
proteome:UP000001974,target_archaea,proteome,217,273057,Saccharolobus solfataricus (strain ATCC 35092 / DSM 1617 / JCM 11322 / P2) (Sulfolobus solfataricus),saccharolobus solfataricus,False,True,True,True,True,True,140
proteome:UP000001975,target_archaea,proteome,98,362976,Haloquadratum walsbyi (strain DSM 16790 / HBSQ001),haloquadratum walsbyi,False,False,False,False,False,True,0
proteome:UP000001976,target_bacteria,proteome,408,266834,Rhizobium meliloti (strain 1021) (Ensifer meliloti) (Sinorhizobium meliloti),rhizobium meliloti,False,False,False,False,False,True,0
proteome:UP000001977,target_bacteria,proteome,184,360910,Bordetella avium (strain 197N),bordetella avium,False,True,True,True,True,True,177
proteome:UP000001978,target_bacteria,proteome,135,272563,Clostridioides difficile (strain 630) (Peptoclostridium difficile),clostridioides difficile,False,True,True,True,True,True,183
proteome:UP000001979,target_archaea,proteome,136,259564,Methanococcoides burtonii (strain DSM 6242 / NBRC 107633 / OCM 468 / ACE-M),methanococcoides burtonii,False,False,False,False,False,True,0
proteome:UP000001982,target_bacteria,proteome,209,318161,Shewanella denitrificans (strain OS217 / ATCC BAA-1090 / DSM 15013),shewanella denitrificans,False,True,True,True,True,True,146
proteome:UP000001986,target_bacteria,proteome,126,441771,Clostridium botulinum (strain Hall / ATCC 3502 / NCTC 13319 / Type A),clostridium botulinum,False,True,True,True,True,True,157
proteome:UP000001988,target_bacteria,proteome,209,419947,Mycobacterium tuberculosis (strain ATCC 25177 / H37Ra),mycobacterium tuberculosis,False,True,True,True,True,True,147
proteome:UP000001989,target_bacteria,proteome,128,392499,Rhizorhabdus wittichii (strain DSM 6014 / CCUG 31198 / JCM 15750 / NBRC 105917 / EY 4224 / RW1) (Sphingomonas wittichii),rhizorhabdus wittichii,False,True,True,True,True,True,151
proteome:UP000001990,target_bacteria,proteome,179,374931,Haemophilus influenzae (strain PittGG),haemophilus influenzae,False,True,True,True,True,True,183
proteome:UP000001991,target_bacteria,proteome,100,557436,Limosilactobacillus reuteri (strain DSM 20016) (Lactobacillus reuteri),limosilactobacillus reuteri,False,True,True,True,True,True,180
proteome:UP000001992,target_archaea,proteome,95,420247,Methanobrevibacter smithii (strain ATCC 35061 / DSM 861 / OCM 144 / PS),methanobrevibacter smithii,False,False,False,False,False,True,0
proteome:UP000001996,target_fungi,proteome,49,379508,Lodderomyces elongisporus (strain ATCC 11503 / CBS 2605 / JCM 1781 / NBRC 1676 / NRRL YB-4239) (Yeast) (Saccharomyces elongisporus),lodderomyces elongisporus,False,False,False,False,False,False,0
proteome:UP000001997,target_fungi,proteome,63,294746,Meyerozyma guilliermondii (strain ATCC 6260 / CBS 566 / DSM 6381 / JCM 1539 / NBRC 10279 / NRRL Y-324) (Yeast) (Candida guilliermondii),meyerozyma guilliermondii,False,False,False,False,False,False,0
proteome:UP000002007,target_bacteria,proteome,64,288705,Renibacterium salmoninarum (strain ATCC 33209 / DSM 20767 / JCM 11484 / NBRC 15589 / NCIMB 2235),renibacterium salmoninarum,False,True,True,True,True,True,147
proteome:UP000002008,target_bacteria,proteome,120,324602,Chloroflexus aurantiacus (strain ATCC 29366 / DSM 635 / J-10-fl),chloroflexus aurantiacus,False,True,True,True,True,True,134
proteome:UP000002010,target_bacteria,proteome,133,557598,Laribacter hongkongensis (strain HLHK9),laribacter hongkongensis,False,True,True,True,True,True,151
proteome:UP000002011,target_bacteria,proteome,1,471854,Dyadobacter fermentans (strain ATCC 700827 / DSM 18053 / CIP 107007 / KCTC 52180 / NS114),dyadobacter fermentans,False,False,False,False,False,True,0
proteome:UP000002012,target_bacteria,proteome,1,522772,Denitrovibrio acetiphilus (strain DSM 12809 / NBRC 114555 / N2460),denitrovibrio acetiphilus,False,True,True,True,True,True,139
proteome:UP000002014,target_bacteria,proteome,130,93060,Prochlorococcus marinus (strain MIT 9215),prochlorococcus marinus,False,False,False,False,False,True,0
proteome:UP000002015,target_bacteria,proteome,201,425104,Shewanella sediminis (strain HAW-EB3),shewanella sediminis,False,True,True,True,True,True,147
proteome:UP000002016,target_bacteria,proteome,86,416591,Pseudothermotoga lettingae (strain ATCC BAA-301 / DSM 14385 / NBRC 107922 / TMO) (Thermotoga lettingae),pseudothermotoga lettingae,False,True,True,True,True,True,134
proteome:UP000002018,target_bacteria,proteome,44,565575,Ureaplasma urealyticum serovar 10 (strain ATCC 33699 / Western),ureaplasma urealyticum,False,True,False,True,True,True,134
proteome:UP000002019,target_bacteria,proteome,2,459349,Cloacimonas acidaminovorans (strain Evry),candidatus cloacimonas acidaminovorans,False,False,False,False,False,True,0
proteome:UP000002020,target_bacteria,proteome,19,482235,Phytoplasma mali (strain AT),apple proliferation phytoplasma,False,False,False,False,False,False,0
proteome:UP000002027,target_bacteria,proteome,2,479434,Sphaerobacter thermophilus (strain ATCC 49802 / DSM 20745 / KCCM 41009 / NCIMB 13125 / S 6022),sphaerobacter thermophilus,False,True,True,True,True,True,141
proteome:UP000002028,target_bacteria,proteome,2,504472,Spirosoma linguale (strain ATCC 33905 / DSM 74 / LMG 10896 / Claus 1),spirosoma linguale,False,False,False,False,False,True,0
proteome:UP000002029,target_bacteria,proteome,7,479432,Streptosporangium roseum (strain ATCC 12428 / DSM 43021 / JCM 3005 / KCTC 9067 / NCIMB 10171 / NRRL 2505 / NI 9100),streptosporangium roseum,False,True,True,True,True,True,153
proteome:UP000002030,target_bacteria,proteome,1,525903,Thermanaerovibrio acidaminovorans (strain ATCC 49978 / DSM 6589 / Su883) (Selenomonas acidaminovorans),thermanaerovibrio acidaminovorans,False,True,True,True,True,True,138
proteome:UP000002035,target_fungi,proteome,15,554155,Arthroderma otae (strain ATCC MYA-4605 / CBS 113480) (Microsporum canis),arthroderma otae,False,False,False,False,False,False,0
proteome:UP000002036,target_fungi,proteome,10,559295,Lachancea thermotolerans (strain ATCC 56472 / CBS 6340 / NRRL Y-8284) (Yeast) (Kluyveromyces thermotolerans),lachancea thermotolerans,False,False,False,False,False,False,0
proteome:UP000002037,target_fungi,proteome,10,294747,Candida tropicalis (strain ATCC MYA-3404 / T1) (Yeast),candida tropicalis,False,False,False,False,False,False,0
proteome:UP000002038,target_fungi,proteome,9,559298,Blastomyces gilchristii (strain SLH14081) (Blastomyces dermatitidis),blastomyces gilchristii,False,False,False,False,False,False,0
proteome:UP000002039,target_fungi,proteome,8,559297,Ajellomyces dermatitidis (strain ER-3 / ATCC MYA-2586) (Blastomyces dermatitidis),ajellomyces dermatitidis,False,False,False,False,False,False,0
proteome:UP000002043,target_bacteria,proteome,1,638303,Thermocrinis albus (strain DSM 14484 / JCM 11386 / HI 11/12),thermocrinis albus,False,True,True,True,True,True,138
proteome:UP000002045,target_bacteria,proteome,1,406818,Xenorhabdus bovienii (strain SS-2004) (Xenorhabdus nematophila subsp. bovienii),xenorhabdus bovienii,False,True,True,True,True,True,153
proteome:UP000002058,target_fungi,proteome,15,336963,Uncinocarpus reesii (strain UAMH 1704),uncinocarpus reesii,False,False,False,False,False,False,0
proteome:UP000002059,target_fungi,proteome,10,502779,Paracoccidioides lutzii (strain ATCC MYA-826 / Pb01) (Paracoccidioides brasiliensis),paracoccidioides lutzii,False,False,False,False,False,False,0
proteome:UP000002061,target_archaea,proteome,5,573063,Methanocaldococcus infernus (strain DSM 11812 / JCM 15783 / ME),methanocaldococcus infernus,False,False,False,False,False,True,0
proteome:UP000002063,target_archaea,proteome,6,579137,Methanocaldococcus vulcanius (strain ATCC 700851 / DSM 12094 / M7) (Methanococcus vulcanius),methanocaldococcus vulcanius,False,False,False,False,False,True,0
proteome:UP000002066,target_bacteria,proteome,1,591167,Streptomyces pratensis (strain ATCC 33331 / IAF-45CD),streptomyces pratensis,False,True,True,True,True,True,134
proteome:UP000002068,target_bacteria,proteome,2,645462,Clostridioides difficile (strain CD196) (Peptoclostridium difficile),clostridioides difficile,False,True,True,True,True,True,183
proteome:UP000002069,target_bacteria,proteome,7,693216,Cronobacter turicensis (strain DSM 18703 / CCUG 55852 / LMG 23827 / z3032),cronobacter turicensis,False,True,True,True,True,True,150
proteome:UP000002070,target_bacteria,proteome,3,645463,Clostridioides difficile (strain R20291) (Peptoclostridium difficile),clostridioides difficile,False,True,True,True,True,True,183
proteome:UP000002071,target_archaea,proteome,2,519442,Halorhabdus utahensis (strain DSM 12940 / JCM 11049 / AX-2),halorhabdus utahensis,False,False,False,False,False,True,0
proteome:UP000002076,target_bacteria,proteome,1,604162,Neisseria meningitidis serogroup C (strain 8013),neisseria meningitidis,False,True,False,True,True,True,189
proteome:UP000002077,target_bacteria,proteome,72,548476,Corynebacterium aurimucosum (strain ATCC 700975 / DSM 44827 / CIP 107346 / CN-1) (Corynebacterium nigricans),corynebacterium aurimucosum,False,True,True,True,True,False,180
proteome:UP000002084,target_bacteria,proteome,301,41514,Salmonella arizonae (strain ATCC BAA-731 / CDC346-86 / RSK2980),salmonella enterica,False,True,False,True,True,True,210
proteome:UP000002139,target_bacteria,proteome,104,448385,Sorangium cellulosum (strain So ce56) (Polyangium cellulosum (strain So ce56)),sorangium cellulosum,False,True,False,True,True,True,137
proteome:UP000002145,target_bacteria,proteome,127,203119,Acetivibrio thermocellus (strain ATCC 27405 / DSM 1237 / JCM 9322 / NBRC 103400 / NCIMB 10682 / NRRL B-4536 / VPI 7372) (Clostridium thermocellum),acetivibrio thermocellus,False,True,True,True,True,True,144
proteome:UP000002146,target_archaea,proteome,91,368407,Methanoculleus marisnigri (strain ATCC 35101 / DSM 1498 / JR1),methanoculleus marisnigri,False,False,False,False,False,True,0
proteome:UP000002148,target_bacteria,proteome,142,388919,Streptococcus sanguinis (strain SK36),streptococcus sanguinis,False,True,True,True,True,True,186
proteome:UP000002149,target_fungi,proteome,98,214684,Cryptococcus deneoformans (strain JEC21 / ATCC MYA-565) (Cryptococcus neoformans var. neoformans serotype D),cryptococcus deneoformans,False,False,False,False,False,False,0
proteome:UP000002154,target_bacteria,proteome,211,315730,Bacillus mycoides (strain KBAB4) (Bacillus weihenstephanensis),bacillus mycoides,False,True,True,True,True,True,168
proteome:UP000002156,target_bacteria,proteome,135,340099,Thermoanaerobacter pseudethanolicus (strain ATCC 33223 / 39E) (Clostridium thermohydrosulfuricum),thermoanaerobacter pseudethanolicus,False,True,True,True,True,True,139
proteome:UP000002157,target_bacteria,proteome,248,76869,Pseudomonas putida (strain GB-1),pseudomonas putida,False,True,True,True,True,True,194
proteome:UP000002162,target_bacteria,proteome,52,505682,Ureaplasma parvum serovar 3 (strain ATCC 27815 / 27 / NCTC 11736),ureaplasma parvum,False,True,False,True,True,True,133
proteome:UP000002163,target_bacteria,proteome,140,487214,Streptococcus pneumoniae (strain Hungary19A-6),streptococcus pneumoniae,False,True,True,True,True,True,191
proteome:UP000002164,target_bacteria,proteome,119,444177,Lysinibacillus sphaericus (strain C3-41),lysinibacillus sphaericus,False,True,True,True,True,True,195
proteome:UP000002166,target_bacteria,proteome,76,349519,Leuconostoc citreum (strain KM20),leuconostoc citreum,False,True,True,True,True,True,174
proteome:UP000002168,target_bacteria,proteome,204,392500,Shewanella woodyi (strain ATCC 51908 / MS32),shewanella woodyi,False,True,True,True,True,True,155
proteome:UP000002169,target_bacteria,proteome,192,406425,Burkholderia orbicola (strain MC0-3),burkholderia orbicola,False,True,True,True,True,True,133
proteome:UP000002171,target_bacteria,proteome,1,207954,Neptuniibacter caesariensis,neptuniibacter caesariensis,True,True,True,True,True,True,158
proteome:UP000002186,target_bacteria,proteome,1,164330,Thauera aminoaromatica,thauera aminoaromatica,True,True,True,True,True,True,148
proteome:UP000002189,target_archaea,proteome,5,644281,Methanocaldococcus sp. (strain FS406-22),methanocaldococcus sp.,False,False,False,False,False,True,0
proteome:UP000002192,target_bacteria,proteome,155,203907,Blochmanniella floridana,blochmanniella floridana,False,False,False,False,False,True,0
proteome:UP000002193,target_bacteria,proteome,115,227941,Chlamydia caviae (strain ATCC VR-813 / DSM 19441 / 03DC25 / GPIC) (Chlamydophila caviae),chlamydia caviae,False,False,False,False,False,True,0
proteome:UP000002194,target_bacteria,proteome,182,882,Nitratidesulfovibrio vulgaris (strain ATCC 29579 / DSM 644 / CCUG 34227 / NCIMB 8303 / VKM B-1760 / Hildenborough) (Desulfovibrio vulgaris),nitratidesulfovibrio vulgaris,False,True,True,True,True,True,134
proteome:UP000002196,target_bacteria,proteome,256,272623,Lactococcus lactis subsp. lactis (strain IL1403) (Streptococcus lactis),lactococcus lactis,False,True,False,True,True,True,186
proteome:UP000002197,target_bacteria,proteome,169,295405,Bacteroides fragilis (strain YCH46),bacteroides fragilis,False,False,False,False,False,True,0
proteome:UP000002198,target_bacteria,proteome,161,257309,Corynebacterium diphtheriae (strain ATCC 700971 / NCTC 13129 / Biotype gravis),corynebacterium diphtheriae,False,True,True,True,True,True,181
proteome:UP000002199,target_archaea,proteome,280,224325,Archaeoglobus fulgidus (strain ATCC 49558 / DSM 4304 / JCM 9628 / NBRC 100126 / VC-16),archaeoglobus fulgidus,False,True,True,True,True,True,136
proteome:UP000002200,target_bacteria,proteome,90,203267,Tropheryma whipplei (strain Twist) (Whipple's bacillus),tropheryma whipplei,False,True,True,True,True,True,133
proteome:UP000002204,target_bacteria,proteome,93,234621,Rhodococcus erythropolis (strain PR4 / NBRC 100887),rhodococcus erythropolis,False,True,True,True,True,True,170
proteome:UP000002206,target_bacteria,proteome,130,488222,Streptococcus pneumoniae (strain JJA),streptococcus pneumoniae,False,True,True,True,True,True,191
proteome:UP000002207,target_bacteria,proteome,63,240015,Acidobacterium capsulatum (strain ATCC 51196 / DSM 11244 / BCRC 80197 / JCM 7670 / NBRC 15755 / NCIMB 13165 / 161),acidobacterium capsulatum,False,True,True,True,True,False,153
proteome:UP000002208,target_bacteria,proteome,72,546414,Deinococcus deserti (strain DSM 17065 / CIP 109153 / LMG 22923 / VCD115),deinococcus deserti,False,True,True,True,True,True,142
proteome:UP000002209,target_bacteria,proteome,38,379066,Gemmatimonas aurantiaca (strain DSM 14586 / JCM 11422 / NBRC 100505 / T-27),gemmatimonas aurantiaca,False,False,False,False,False,True,0
proteome:UP000002210,target_bacteria,proteome,196,572264,Bacillus cereus (strain 03BB102),bacillus cereus,False,True,True,True,True,True,201
proteome:UP000002211,target_bacteria,proteome,134,488221,Streptococcus pneumoniae (strain 70585),streptococcus pneumoniae,False,True,True,True,True,True,191
proteome:UP000002212,target_bacteria,proteome,116,632772,Rhodococcus opacus (strain B4),rhodococcus opacus,False,True,True,True,True,True,178
proteome:UP000002213,target_bacteria,proteome,5,446462,Actinosynnema mirum (strain ATCC 29888 / DSM 43827 / JCM 3225 / NBRC 14064 / NCIMB 13271 / NRRL B-12336 / IMRU 3971 / 101),actinosynnema mirum,False,True,True,True,True,True,151
proteome:UP000002214,target_bacteria,proteome,194,405534,Bacillus cereus (strain AH187),bacillus cereus,False,True,True,True,True,True,201
proteome:UP000002215,target_bacteria,proteome,4,485918,Chitinophaga pinensis (strain ATCC 43595 / DSM 2588 / LMG 13176 / NBRC 15968 / NCIMB 11800 / UQM 2034),chitinophaga pinensis,False,False,False,False,False,True,0
proteome:UP000002216,target_bacteria,proteome,1,525897,Desulfomicrobium baculatum (strain DSM 4028 / VKM B-1378 / X) (Desulfovibrio baculatus),desulfomicrobium baculatum,False,True,True,True,True,True,137
proteome:UP000002218,target_bacteria,proteome,4,479431,Nakamurella multipartita (strain ATCC 700099 / DSM 44233 / CIP 104796 / JCM 9543 / NBRC 105858 / Y-104) (Microsphaera multipartita),nakamurella multipartita,False,True,True,True,True,True,156
proteome:UP000002219,target_bacteria,proteome,5,446468,Nocardiopsis dassonvillei (strain ATCC 23218 / DSM 43111 / CIP 107115 / JCM 7437 / KCTC 9190 / NBRC 14626 / NCTC 10488 / NRRL B-5397 / IMRU 509) (Actinomadura dassonvillei),nocardiopsis dassonvillei,False,True,True,True,True,True,174
proteome:UP000002220,target_bacteria,proteome,1,521674,Planctopirus limnophila (strain ATCC 43296 / DSM 3776 / IFAM 1008 / Mu 290) (Planctomyces limnophilus),planctopirus limnophila,False,False,False,False,False,True,0
proteome:UP000002221,target_bacteria,proteome,1,518766,Rhodothermus marinus (strain ATCC 43812 / DSM 4252 / R-10) (Rhodothermus obamensis),rhodothermus marinus,False,False,False,False,False,True,0
proteome:UP000002230,target_bacteria,proteome,1,718251,Edwardsiella tarda (strain FL6-60),edwardsiella tarda,False,True,True,True,True,True,172
proteome:UP000002233,target_bacteria,proteome,17,655816,Bacillus spizizenii (strain ATCC 23059 / NRRL B-14472 / W23) (Bacillus subtilis subsp. spizizenii),bacillus spizizenii,False,True,True,True,True,True,161
proteome:UP000002247,target_bacteria,proteome,4,640132,Segniliparus rotundus (strain ATCC BAA-972 / CDC 1076 / CIP 108378 / DSM 44985 / JCM 13578),segniliparus rotundus,False,True,True,True,True,True,159
proteome:UP000002255,target_bacteria,proteome,3,446471,Xylanimonas cellulosilytica (strain DSM 15894 / JCM 12276 / CECT 5975 / KCTC 9989 / LMG 20990 / NBRC 107835 / XIL07),xylanimonas cellulosilytica,False,True,True,True,True,True,156
proteome:UP000002256,target_bacteria,proteome,4,395491,Rhizobium leguminosarum bv. trifolii (strain WSM1325),rhizobium leguminosarum,False,False,False,False,False,True,0
proteome:UP000002257,target_bacteria,proteome,97,395965,Methylocella silvestris (strain DSM 15510 / CIP 108128 / LMG 27833 / NCIMB 13906 / BL2),methylocella silvestris,False,True,True,True,True,True,151
proteome:UP000002258,target_fungi,proteome,72,322104,Scheffersomyces stipitis (strain ATCC 58785 / CBS 6054 / NBRC 10063 / NRRL Y-11545) (Yeast) (Pichia stipitis),scheffersomyces stipitis,False,False,False,False,False,False,0
proteome:UP000002274,target_bacteria,proteome,129,59922,Prochlorococcus marinus (strain MIT 9303),prochlorococcus marinus,False,False,False,False,False,True,0
proteome:UP000002275,target_bacteria,proteome,370,216895,Vibrio vulnificus (strain CMCP6),vibrio vulnificus,False,True,True,True,True,True,188
proteome:UP000002276,target_bacteria,proteome,79,290434,Borrelia garinii subsp. bavariensis (strain ATCC BAA-2496 / DSM 23469 / PBi) (Borreliella bavariensis),borreliella bavariensis,False,True,False,True,True,True,9
proteome:UP000002283,target_bacteria,proteome,179,412022,Burkholderia mallei (strain NCTC 10229),burkholderia mallei,False,True,True,True,True,True,140
proteome:UP000002286,target_bacteria,proteome,186,272831,Neisseria meningitidis serogroup C / serotype 2a (strain ATCC 700532 / DSM 15464 / FAM18),neisseria meningitidis,False,True,False,True,True,True,189
proteome:UP000002287,target_bacteria,proteome,200,269482,Burkholderia vietnamiensis (strain G4 / LMG 22486) (Burkholderia cepacia (strain R1808)),burkholderia vietnamiensis,False,True,False,True,True,True,163
proteome:UP000002300,target_bacteria,proteome,218,315749,Bacillus cytotoxicus (strain DSM 22905 / CIP 110041 / 391-98 / NVH 391-98),bacillus cytotoxicus,False,True,True,True,True,True,156
proteome:UP000002301,target_bacteria,proteome,170,439375,Brucella anthropi (strain ATCC 49188 / DSM 6882 / CCUG 24695 / JCM 21032 / LMG 3331 / NBRC 15819 / NCTC 12168 / Alc 37) (Ochrobactrum anthropi),brucella anthropi,False,False,False,False,False,True,0
proteome:UP000002302,target_bacteria,proteome,155,360109,Campylobacter jejuni subsp. doylei (strain ATCC BAA-1458 / RM4099 / 269.97),campylobacter jejuni,False,True,False,True,True,True,183
proteome:UP000002305,target_bacteria,proteome,80,347255,Rickettsia africae (strain ESF-5),rickettsia africae,False,True,True,True,True,True,133
proteome:UP000002307,target_archaea,proteome,80,427318,Saccharolobus islandicus (strain M.16.27) (Sulfolobus islandicus),saccharolobus islandicus,False,True,True,True,True,True,134
proteome:UP000002308,target_archaea,proteome,81,439386,Saccharolobus islandicus (strain Y.G.57.14 / Yellowstone #1) (Sulfolobus islandicus),saccharolobus islandicus,False,True,True,True,True,True,134
proteome:UP000002311,target_fungi,proteome,1071,559292,Saccharomyces cerevisiae (strain ATCC 204508 / S288c) (Baker's yeast),saccharomyces cerevisiae,False,False,False,False,False,False,0
proteome:UP000002313,target_fungi,proteome,1,876142,Encephalitozoon intestinalis (strain ATCC 50506) (Microsporidian parasite) (Septata intestinalis),encephalitozoon intestinalis,False,False,False,False,False,False,0
proteome:UP000002315,target_archaea,proteome,12,523846,Methanothermus fervidus (strain ATCC 43054 / DSM 2088 / JCM 10308 / V24 S),methanothermus fervidus,False,False,False,False,False,True,0
proteome:UP000002318,target_bacteria,proteome,1,573413,Sediminispirochaeta smaragdinae (strain DSM 11293 / JCM 15392 / SEBR 4228) (Spirochaeta smaragdinae),sediminispirochaeta smaragdinae,False,True,True,True,True,True,134
proteome:UP000002333,target_bacteria,proteome,116,515621,Clostridium botulinum (strain 657 / Type Ba4),clostridium botulinum,False,True,True,True,True,True,157
proteome:UP000002334,target_bacteria,proteome,99,572265,Hamiltonella defensa subsp. Acyrthosiphon pisum (strain 5AT),candidatus williamhamiltonella defendens,False,False,False,False,False,True,0
proteome:UP000002350,target_bacteria,proteome,8,637905,Shewanella violacea (strain JCM 10179 / CIP 106290 / LMG 19151 / DSS12),shewanella violacea,False,True,True,True,True,True,145
proteome:UP000002357,target_bacteria,proteome,8,1901,Streptomyces clavuligerus,streptomyces clavuligerus,True,True,True,True,True,True,139
proteome:UP000002361,target_bacteria,proteome,53,272942,Rhodobacter capsulatus (strain ATCC BAA-309 / NBRC 16581 / SB1003),rhodobacter capsulatus,False,False,False,False,False,True,0
proteome:UP000002363,target_bacteria,proteome,7,716541,Enterobacter cloacae subsp. cloacae (strain ATCC 13047 / DSM 30054 / NBRC 13535 / NCTC 10005 / WDCM 00083 / NCDC 279-56),enterobacter cloacae,False,True,False,True,True,True,184
proteome:UP000002365,target_bacteria,proteome,9,592022,Priestia megaterium (strain DSM 319 / IMG 1521) (Bacillus megaterium),priestia megaterium,False,True,True,True,True,True,178
proteome:UP000002368,target_bacteria,proteome,1,562970,Kyrpidia tusciae (strain DSM 2912 / NBRC 15312 / T2) (Bacillus tusciae),kyrpidia tusciae,False,True,True,True,True,True,135
proteome:UP000002376,target_archaea,proteome,1,633148,Thermosphaera aggregans (strain DSM 11486 / M11TL),thermosphaera aggregans,False,True,True,True,True,False,139
proteome:UP000002382,target_bacteria,proteome,55,521045,Kosmotoga olearia (strain ATCC BAA-1733 / DSM 21960 / TBF 19.5.1),kosmotoga olearia,False,True,True,True,True,True,144
proteome:UP000002383,target_bacteria,proteome,116,396588,Thioalkalivibrio sulfidiphilus (strain HL-EbGR7),thioalkalivibrio sulfidiphilus,False,True,True,True,True,True,141
proteome:UP000002384,target_bacteria,proteome,115,65393,Gloeothece citriformis (strain PCC 7424) (Cyanothece sp. (strain PCC 7424)),gloeothece citriformis,False,False,False,False,False,True,0
proteome:UP000002385,target_bacteria,proteome,102,440085,Methylorubrum extorquens (strain CM4 / NCIMB 13688) (Methylobacterium extorquens),methylorubrum extorquens,False,True,True,True,True,True,166
proteome:UP000002402,target_bacteria,proteome,138,246197,Myxococcus xanthus (strain DK1622),myxococcus xanthus,False,True,True,True,True,True,152
proteome:UP000002407,target_bacteria,proteome,113,360107,Campylobacter hominis (strain ATCC BAA-381 / DSM 21671 / CCUG 45161 / LMG 19568 / NCTC 13146 / CH001A),campylobacter hominis,False,True,True,True,True,True,160
proteome:UP000002408,target_archaea,proteome,89,456442,Methanoregula boonei (strain DSM 21154 / JCM 14090 / 6A8),methanoregula boonei,False,False,False,False,False,True,0
proteome:UP000002410,target_bacteria,proteome,138,441772,Clostridium botulinum (strain Langeland / NCTC 10281 / Type F),clostridium botulinum,False,True,True,True,True,True,157
proteome:UP000002411,target_bacteria,proteome,138,431943,Clostridium kluyveri (strain ATCC 8527 / DSM 555 / NBRC 12016 / NCIMB 10680 / K1),clostridium kluyveri,False,True,True,True,True,True,135
proteome:UP000002412,target_bacteria,proteome,334,349747,Yersinia pseudotuberculosis serotype O:1b (strain IP 31758),yersinia pseudotuberculosis,False,True,False,True,True,True,187
proteome:UP000002415,target_bacteria,proteome,79,381764,Fervidobacterium nodosum (strain ATCC 35602 / DSM 5306 / Rt17-B1),fervidobacterium nodosum,False,True,True,True,True,True,150
proteome:UP000002417,target_bacteria,proteome,113,78245,Xanthobacter autotrophicus (strain ATCC BAA-1158 / Py2),xanthobacter autotrophicus,False,True,True,True,True,False,156
proteome:UP000002419,target_bacteria,proteome,87,205913,Bifidobacterium longum (strain DJO10A),bifidobacterium longum,False,True,True,True,True,True,182
proteome:UP000002420,target_bacteria,proteome,125,398767,Trichlorobacter lovleyi (strain ATCC BAA-1151 / DSM 17278 / SZ) (Geobacter lovleyi),trichlorobacter lovleyi,False,True,True,True,True,True,135
proteome:UP000002424,target_bacteria,proteome,187,322710,Azotobacter vinelandii (strain DJ / ATCC BAA-1303),azotobacter vinelandii,False,True,True,True,True,True,143
proteome:UP000002425,target_bacteria,proteome,165,335284,Psychrobacter cryohalolentis (strain ATCC BAA-1226 / DSM 17306 / VKM B-2378 / K5),psychrobacter cryohalolentis,False,True,True,True,True,True,145
proteome:UP000002427,target_bacteria,proteome,132,374463,Baumannia cicadellinicola subsp. Homalodisca coagulata,candidatus palibaumannia cicadellinicola,False,False,False,False,False,True,0
proteome:UP000002428,target_fungi,proteome,179,284593,Candida glabrata (strain ATCC 2001 / BCRC 20586 / JCM 3761 / NBRC 0622 / NRRL Y-65 / CBS 138) (Yeast) (Nakaseomyces glabratus),candida glabrata,False,False,False,False,False,False,0
proteome:UP000002429,target_bacteria,proteome,196,266264,Cupriavidus metallidurans (strain ATCC 43123 / DSM 2839 / NBRC 102507 / CH34) (Ralstonia metallidurans),cupriavidus metallidurans,False,True,True,True,True,True,171
proteome:UP000002430,target_bacteria,proteome,94,363253,Lawsonia intracellularis (strain PHE/MN1-00),lawsonia intracellularis,False,True,True,True,True,True,134
proteome:UP000002431,target_bacteria,proteome,133,319795,Deinococcus geothermalis (strain DSM 11300 / CIP 105573 / AG-3a),deinococcus geothermalis,False,True,True,True,True,True,174
proteome:UP000002432,target_bacteria,proteome,123,204669,Koribacter versatilis (strain Ellin345),candidatus korobacter versatilis,False,True,False,True,True,True,152
proteome:UP000002433,target_bacteria,proteome,120,370551,Streptococcus pyogenes serotype M12 (strain MGAS9429),streptococcus pyogenes,False,True,False,True,True,True,184
proteome:UP000002434,target_bacteria,proteome,119,370554,Streptococcus pyogenes serotype M4 (strain MGAS10750),streptococcus pyogenes,False,True,False,True,True,True,184
proteome:UP000002436,target_bacteria,proteome,114,370552,Streptococcus pyogenes serotype M2 (strain MGAS10270),streptococcus pyogenes,False,True,False,True,True,True,184
proteome:UP000002438,target_bacteria,proteome,656,208964,Pseudomonas aeruginosa (strain ATCC 15692 / DSM 22644 / CIP 104116 / JCM 14847 / LMG 12228 / 1C / PRS 101 / PAO1),pseudomonas aeruginosa,False,True,True,True,True,True,219
proteome:UP000002439,target_archaea,proteome,153,178306,Pyrobaculum aerophilum (strain ATCC 51768 / DSM 7523 / JCM 9630 / CIP 104966 / NBRC 100827 / IM2),pyrobaculum aerophilum,False,True,True,True,True,True,134
proteome:UP000002440,target_bacteria,proteome,180,265072,Methylobacillus flagellatus (strain ATCC 51484 / DSM 6875 / VKM B-1610 / KT),methylobacillus flagellatus,False,True,True,True,True,True,134
proteome:UP000002453,target_bacteria,proteome,80,484019,Thermosipho africanus (strain TCF52B),thermosipho africanus,False,True,True,True,True,True,134
proteome:UP000002456,target_bacteria,proteome,64,442563,Bifidobacterium animalis subsp. lactis (strain AD011),bifidobacterium animalis,False,True,False,True,True,True,184
proteome:UP000002457,target_archaea,proteome,58,521011,Methanosphaerula palustris (strain ATCC BAA-1556 / DSM 19958 / E1-9c),methanosphaerula palustris,False,False,False,False,False,True,0
proteome:UP000002480,target_bacteria,proteome,167,272947,Rickettsia prowazekii (strain Madrid E),rickettsia prowazekii,False,True,True,True,True,True,135
proteome:UP000002481,target_bacteria,proteome,361,158878,Staphylococcus aureus (strain Mu50 / ATCC 700699),staphylococcus aureus,False,True,True,True,True,True,202
proteome:UP000002484,target_bacteria,proteome,1,298654,Pseudofrankia inefficax (strain DSM 45817 / CECT 9037 / DDB 130130 / EuI1c) (Frankia inefficax),pseudofrankia inefficax,True,True,True,True,True,True,134
proteome:UP000002485,target_fungi,proteome,880,284812,Schizosaccharomyces pombe (strain 972 / ATCC 24843) (Fission yeast),schizosaccharomyces pombe,False,False,False,False,False,False,0
proteome:UP000002487,target_archaea,proteome,260,188937,Methanosarcina acetivorans (strain ATCC 35395 / DSM 2834 / JCM 12185 / C2A),methanosarcina acetivorans,False,False,False,False,False,True,0
proteome:UP000002489,target_fungi,proteome,1,660025,Fusarium oxysporum (strain Fo5176) (Fusarium vascular wilt),fusarium oxysporum,False,False,False,False,False,False,0
proteome:UP000002493,target_bacteria,proteome,383,223926,Vibrio parahaemolyticus serotype O3:K6 (strain RIMD 2210633),vibrio parahaemolyticus,False,True,False,True,True,True,198
proteome:UP000002495,target_bacteria,proteome,167,235279,Helicobacter hepaticus (strain ATCC 51449 / 3B1),helicobacter hepaticus,False,True,True,True,True,True,146
proteome:UP000002497,target_fungi,proteome,4,443226,Coccidioides posadasii (strain RMSCC 757 / Silveira) (Valley fever fungus),coccidioides posadasii,False,False,False,False,False,False,0
proteome:UP000002498,target_fungi,proteome,4,655844,Metarhizium robertsii (strain ARSEF 23 / ATCC MYA-3075) (Metarhizium anisopliae (strain ARSEF 23)),metarhizium robertsii,False,False,False,False,False,False,0
proteome:UP000002499,target_fungi,proteome,1,655827,Metarhizium acridum (strain CQMa 102),metarhizium acridum,False,False,False,False,False,False,0
proteome:UP000002505,target_bacteria,proteome,79,452863,Pseudarthrobacter chlorophenolicus (strain ATCC 700700 / DSM 12829 / CIP 107037 / JCM 12360 / KCTC 9906 / NCIMB 13794 / A6) (Arthrobacter chlorophenolicus),pseudarthrobacter chlorophenolicus,False,True,True,True,True,True,152
proteome:UP000002506,target_bacteria,proteome,1,311424,Dehalococcoides mccartyi (strain VS),dehalococcoides mccartyi,False,True,True,True,True,True,136
proteome:UP000002507,target_bacteria,proteome,191,407976,Shewanella baltica (strain OS223),shewanella baltica,False,True,True,True,True,True,158
proteome:UP000002508,target_bacteria,proteome,93,326427,Chloroflexus aggregans (strain MD-66 / DSM 9485),chloroflexus aggregans,False,True,True,True,True,True,145
proteome:UP000002512,target_bacteria,proteome,213,210007,Streptococcus mutans serotype c (strain ATCC 700610 / UA159),streptococcus mutans,False,True,False,True,True,True,182
proteome:UP000002513,target_bacteria,proteome,273,272626,Listeria innocua serovar 6a (strain ATCC BAA-680 / CLIP 11262),listeria innocua,False,True,False,True,True,True,184
proteome:UP000002514,target_bacteria,proteome,379,243265,Photorhabdus laumondii subsp. laumondii (strain DSM 15139 / CIP 105565 / TT01) (Photorhabdus luminescens subsp. laumondii),photorhabdus laumondii,False,True,False,True,True,True,157
proteome:UP000002515,target_bacteria,proteome,363,223283,Pseudomonas syringae pv. tomato (strain ATCC BAA-871 / DC3000),pseudomonas syringae group genomosp. 3,False,True,False,True,True,True,134
proteome:UP000002516,target_bacteria,proteome,257,183190,Xylella fastidiosa (strain Temecula1 / ATCC 700964),xylella fastidiosa,False,True,True,True,True,True,147
proteome:UP000002517,target_bacteria,proteome,191,297245,Legionella pneumophila (strain Lens),legionella pneumophila,False,True,True,True,True,True,179
proteome:UP000002518,target_archaea,proteome,163,272557,Aeropyrum pernix (strain ATCC 700893 / DSM 11879 / JCM 9820 / NBRC 100138 / K1),aeropyrum pernix,False,True,True,True,True,True,138
proteome:UP000002519,target_bacteria,proteome,2,83334,Escherichia coli O157:H7,escherichia coli,False,True,False,True,True,True,218
proteome:UP000002522,target_bacteria,proteome,84,272633,Malacoplasma penetrans (strain HF-2) (Mycoplasma penetrans),malacoplasma penetrans,False,True,True,True,True,True,135
proteome:UP000002523,target_bacteria,proteome,45,262768,Onion yellows phytoplasma (strain OY-M),onion yellows phytoplasma,False,True,True,True,True,True,133
proteome:UP000002524,target_bacteria,proteome,261,243230,Deinococcus radiodurans (strain ATCC 13939 / DSM 20539 / JCM 16871 / CCUG 27074 / LMG 4051 / NBRC 15346 / NCIMB 9279 / VKM B-1422 / R1),deinococcus radiodurans,False,True,True,True,True,True,169
proteome:UP000002525,target_bacteria,proteome,232,281310,Haemophilus influenzae (strain 86-028NP),haemophilus influenzae,False,True,True,True,True,True,183
proteome:UP000002526,target_bacteria,proteome,311,224911,Bradyrhizobium diazoefficiens (strain JCM 10833 / BCRC 13528 / IAM 13628 / NBRC 14792 / USDA 110),bradyrhizobium diazoefficiens,False,True,True,True,True,True,145
proteome:UP000002527,target_bacteria,proteome,301,222523,Bacillus cereus (strain ATCC 10987 / NRS 248),bacillus cereus,False,True,True,True,True,True,201
proteome:UP000002528,target_bacteria,proteome,128,335992,Pelagibacter ubique (strain HTCC1062),pelagibacter ubique,False,False,False,False,False,True,0
proteome:UP000002529,target_bacteria,proteome,418,300269,Shigella sonnei (strain Ss046),shigella sonnei,False,True,True,True,True,True,179
proteome:UP000002530,target_fungi,proteome,227,330879,Aspergillus fumigatus (strain ATCC MYA-4609 / CBS 101355 / FGSC A1100 / Af293) (Neosartorya fumigata),aspergillus fumigatus,False,False,False,False,False,False,0
proteome:UP000002531,target_bacteria,proteome,180,323098,Nitrobacter winogradskyi (strain ATCC 25391 / DSM 10237 / CIP 104748 / NCIMB 11846 / Nb-255),nitrobacter winogradskyi,False,True,True,True,True,True,134
proteome:UP000002532,target_bacteria,proteome,100,315277,Chlamydia trachomatis serovar A (strain ATCC VR-571B / DSM 19440 / HAR-13),chlamydia trachomatis,False,False,False,False,False,True,0
proteome:UP000002533,target_bacteria,proteome,208,240292,Trichormus variabilis (strain ATCC 29413 / PCC 7937) (Anabaena variabilis),anabaena variabilis,False,False,False,False,False,True,0
proteome:UP000002534,target_bacteria,proteome,192,338963,Syntrophotalea carbinolica (strain DSM 2380 / NBRC 103641 / GraBd1) (Pelobacter carbinolicus),syntrophotalea carbinolica,False,True,True,True,True,True,134
proteome:UP000002535,target_bacteria,proteome,163,59920,Prochlorococcus marinus (strain NATL2A),prochlorococcus marinus,False,False,False,False,False,True,0
proteome:UP000002564,target_bacteria,proteome,135,521006,Neisseria gonorrhoeae (strain NCCP11945),neisseria gonorrhoeae,False,True,True,True,True,True,194
proteome:UP000002565,target_bacteria,proteome,162,430066,Brucella abortus (strain S19),brucella abortus,False,False,False,False,False,True,0
proteome:UP000002574,target_bacteria,proteome,9,608538,Hydrogenobacter thermophilus (strain DSM 6534 / IAM 12695 / TK-6),hydrogenobacter thermophilus,False,True,True,True,True,True,148
proteome:UP000002586,target_bacteria,proteome,132,156889,Magnetococcus marinus (strain ATCC BAA-1437 / JCM 17883 / MC-1),magnetococcus marinus,False,True,True,True,True,True,133
proteome:UP000002587,target_bacteria,proteome,124,413404,Ruthia magnifica subsp. Calyptogena magnifica,candidatus ruthturnera calyptogenae,False,False,False,False,False,True,0
proteome:UP000002588,target_bacteria,proteome,180,418699,Azoarcus sp. (strain BH72),azoarcus sp.,True,False,False,True,True,True,149
proteome:UP000002590,target_bacteria,proteome,131,146891,Prochlorococcus marinus (strain AS9601),prochlorococcus marinus,False,False,False,False,False,True,0
proteome:UP000002592,target_bacteria,proteome,133,167555,Prochlorococcus marinus (strain NATL1A),prochlorococcus marinus,False,False,False,False,False,True,0
proteome:UP000002593,target_archaea,proteome,50,415426,Hyperthermus butylicus (strain DSM 5456 / JCM 9403 / PLM1-5),hyperthermus butylicus,False,True,True,True,True,True,135
proteome:UP000002595,target_archaea,proteome,83,384616,Pyrobaculum islandicum (strain DSM 4184 / JCM 9189 / GEO3),pyrobaculum islandicum,False,True,True,True,True,True,134
proteome:UP000002596,target_bacteria,proteome,157,397945,Paracidovorax citrulli (strain AAC00-1) (Acidovorax citrulli),paracidovorax citrulli,False,True,True,True,True,True,149
proteome:UP000002601,target_bacteria,proteome,95,526222,Maridesulfovibrio salexigens (strain ATCC 14822 / DSM 2638 / NCIMB 8403 / VKM B-1763) (Desulfovibrio salexigens),maridesulfovibrio salexigens,False,True,True,True,True,True,134
proteome:UP000002605,target_fungi,proteome,15,573826,Candida dubliniensis (strain CD36 / ATCC MYA-646 / CBS 7987 / NCPF 3949 / NRRL Y-17841) (Yeast),candida dubliniensis,False,False,False,False,False,False,0
proteome:UP000002608,target_bacteria,proteome,207,398579,Shewanella pealeana (strain ATCC 700345 / ANG-SQ1),shewanella pealeana,False,True,True,True,True,True,149
proteome:UP000002612,target_bacteria,proteome,296,288681,Bacillus cereus (strain ZK / E33L),bacillus cereus,False,True,True,True,True,True,201
proteome:UP000002613,target_archaea,proteome,3,589924,Ferroglobus placidus (strain DSM 10642 / AEDII12DO),ferroglobus placidus,False,True,True,True,True,True,133
proteome:UP000002622,target_bacteria,proteome,1,568708,Salmonella typhimurium (strain D23580),salmonella enterica,False,True,False,True,True,True,210
proteome:UP000002624,target_fungi,proteome,7,544712,Ajellomyces capsulatus (strain H143) (Darling's disease fungus) (Histoplasma capsulatum),ajellomyces capsulatus,False,False,False,False,False,False,0
proteome:UP000002629,target_bacteria,proteome,4,509190,Caulobacter segnis (strain ATCC 21756 / DSM 7131 / JCM 7823 / NBRC 15250 / LMG 17158 / TK0059) (Mycoplana segnis),caulobacter segnis,False,True,True,True,True,True,154
proteome:UP000002631,target_bacteria,proteome,5,347256,Metamycoplasma hominis (strain ATCC 23114 / DSM 25592 / NBRC 14850 / NCTC 10111 / PG21) (Mycoplasma hominis),metamycoplasma hominis,False,True,True,True,True,True,165
proteome:UP000002634,target_bacteria,proteome,2,1263550,Edwardsiella piscicida,edwardsiella piscicida,True,True,True,True,True,True,151
proteome:UP000002654,target_archaea,proteome,6,768679,Thermoproteus tenax (strain ATCC 35583 / DSM 2078 / JCM 9277 / NBRC 100435 / Kra 1),thermoproteus tenax,False,True,True,True,True,True,133
proteome:UP000002664,target_archaea,proteome,4,930945,Saccharolobus islandicus (strain REY15A) (Sulfolobus islandicus),saccharolobus islandicus,False,True,True,True,True,True,134
proteome:UP000002668,target_fungi,proteome,2,985895,Leptosphaeria maculans (strain JN3 / isolate v23.1.3 / race Av1-4-5-6-7-8) (Blackleg fungus) (Phoma lingam),leptosphaeria maculans,False,False,False,False,False,False,0
proteome:UP000002669,target_fungi,proteome,3,535722,Arthroderma gypseum (strain ATCC MYA-4604 / CBS 118893) (Microsporum gypseum),arthroderma gypseum,False,False,False,False,False,False,0
proteome:UP000002670,target_bacteria,proteome,1,90370,Salmonella typhi,salmonella enterica,False,True,False,True,True,True,210
proteome:UP000002671,target_bacteria,proteome,185,227377,Coxiella burnetii (strain RSA 493 / Nine Mile phase I),coxiella burnetii,False,True,True,True,True,True,135
proteome:UP000002673,target_bacteria,proteome,2,623,Shigella flexneri,shigella flexneri,True,True,True,True,True,True,180
proteome:UP000002675,target_bacteria,proteome,363,196600,Vibrio vulnificus (strain YJ016),vibrio vulnificus,False,True,True,True,True,True,188
proteome:UP000002676,target_bacteria,proteome,251,257313,Bordetella pertussis (strain Tohama I / ATCC BAA-589 / NCTC 13251),bordetella pertussis,False,True,True,True,True,True,199
proteome:UP000002695,target_bacteria,proteome,8,588858,Salmonella typhimurium (strain 14028s / SGSC 2262),salmonella enterica,False,True,False,True,True,True,210
proteome:UP000002698,target_archaea,proteome,136,348780,Natronomonas pharaonis (strain ATCC 35678 / DSM 2160 / CIP 103997 / JCM 8858 / NBRC 14720 / NCIMB 2260 / Gabara) (Halobacterium pharaonis),natronomonas pharaonis,False,False,False,False,False,True,0
proteome:UP000002700,target_bacteria,proteome,229,320372,Burkholderia pseudomallei (strain 1710b),burkholderia pseudomallei,False,True,True,True,True,True,159
proteome:UP000002703,target_bacteria,proteome,243,272943,Cereibacter sphaeroides (strain ATCC 17023 / DSM 158 / JCM 6121 / CCUG 31486 / LMG 2827 / NBRC 12203 / NCIMB 8253 / ATH 2.4.1.) (Rhodobacter sphaeroides),cereibacter sphaeroides,False,True,True,True,True,True,159
proteome:UP000002704,target_bacteria,proteome,295,205922,Pseudomonas fluorescens (strain Pf0-1),pseudomonas fluorescens,False,True,True,True,True,True,199
proteome:UP000002705,target_bacteria,proteome,274,482957,Burkholderia lata (strain ATCC 17760 / DSM 23089 / LMG 22485 / NCIMB 9086 / R18194 / 383),burkholderia lata,True,True,True,True,True,False,157
proteome:UP000002706,target_bacteria,proteome,182,246194,Carboxydothermus hydrogenoformans (strain ATCC BAA-161 / DSM 6008 / Z-2901),carboxydothermus hydrogenoformans,False,True,True,True,True,True,133
proteome:UP000002707,target_bacteria,proteome,142,314315,Latilactobacillus sakei subsp. sakei (strain 23K) (Lactobacillus sakei subsp. sakei),latilactobacillus sakei,False,True,False,True,True,True,173
proteome:UP000002709,target_bacteria,proteome,151,319225,Chlorobium luteolum (strain DSM 273 / BCRC 81028 / 2530) (Pelodictyon luteolum),pelodictyon luteolum,False,False,False,False,False,True,0
proteome:UP000002710,target_bacteria,proteome,150,207559,Oleidesulfovibrio alaskensis (strain ATCC BAA-1058 / DSM 17464 / G20) (Desulfovibrio alaskensis),oleidesulfovibrio alaskensis,False,True,True,True,True,True,150
proteome:UP000002714,target_bacteria,proteome,161,326298,Sulfurimonas denitrificans (strain ATCC 33889 / DSM 1251) (Thiomicrospira denitrificans (strain ATCC 33889 / DSM 1251)),sulfurimonas denitrificans,False,True,False,True,True,True,134
proteome:UP000002715,target_bacteria,proteome,152,74546,Prochlorococcus marinus (strain MIT 9312),prochlorococcus marinus,False,False,False,False,False,True,0
proteome:UP000002716,target_bacteria,proteome,384,300267,Shigella dysenteriae serotype 1 (strain Sd197),shigella dysenteriae,False,True,False,True,True,True,175
proteome:UP000002718,target_bacteria,proteome,189,323848,Nitrosospira multiformis (strain ATCC 25196 / NCIMB 11849 / C 71),nitrosospira multiformis,False,True,True,True,True,True,138
proteome:UP000002719,target_bacteria,proteome,229,359391,Brucella abortus (strain 2308),brucella abortus,False,False,False,False,False,True,0
proteome:UP000002724,target_bacteria,proteome,126,324925,Pelodictyon phaeoclathratiforme (strain DSM 5477 / BU-1),pelodictyon phaeoclathratiforme,False,False,False,False,False,True,0
proteome:UP000002725,target_bacteria,proteome,107,290512,Prosthecochloris aestuarii (strain DSM 271 / SK 413),prosthecochloris aestuarii,False,False,False,False,False,True,0
proteome:UP000002727,target_archaea,proteome,82,523850,Thermococcus onnurineus (strain NA1),thermococcus onnurineus,False,True,True,True,True,True,133
proteome:UP000002734,target_bacteria,proteome,9,579405,Musicola paradisiaca (strain Ech703) (Dickeya paradisiaca) (Dickeya dadantii),musicola paradisiaca,False,True,True,True,True,True,151
proteome:UP000002735,target_bacteria,proteome,8,561229,Dickeya chrysanthemi (strain Ech1591) (Dickeya zeae (strain Ech1591)),dickeya chrysanthemi,False,True,False,True,True,True,163
proteome:UP000002736,target_bacteria,proteome,265,561230,Pectobacterium carotovorum subsp. carotovorum (strain PC1),pectobacterium carotovorum,False,True,False,True,True,True,163
proteome:UP000002742,target_bacteria,proteome,1,583345,Methylotenera mobilis (strain JLW8 / ATCC BAA-1282 / DSM 17540),methylotenera mobilis,False,True,True,True,True,True,134
proteome:UP000002743,target_bacteria,proteome,3,582744,Methylovorus glucosotrophus (strain SIP3-4),methylovorus glucosotrophus,False,True,True,True,True,True,134
proteome:UP000002744,target_bacteria,proteome,1,537021,Liberibacter asiaticus (strain psy62),liberibacter asiaticus,False,False,False,False,False,True,0
proteome:UP000002745,target_bacteria,proteome,2,582402,Hirschia baltica (strain ATCC 49814 / DSM 5838 / IFAM 1418),hirschia baltica,False,True,True,True,True,True,160
proteome:UP000002747,target_bacteria,proteome,4,553480,Photorhabdus asymbiotica subsp. asymbiotica (strain ATCC 43949 / 3105-77) (Xenorhabdus luminescens (strain 2)),photorhabdus asymbiotica,False,True,False,True,True,True,154
proteome:UP000002753,target_fungi,proteome,1,226230,Saccharomyces kudriavzevii (strain ATCC MYA-4449 / AS 2.2408 / CBS 8840 / NBRC 1802 / NCYC 2889) (Yeast),saccharomyces kudriavzevii,False,False,False,False,False,False,0
proteome:UP000002762,target_fungi,proteome,4,655819,Beauveria bassiana (strain ARSEF 2860) (White muscardine disease fungus) (Tritirachium shiotae),beauveria bassiana,False,False,False,False,False,False,0
proteome:UP000002785,target_bacteria,proteome,1,463191,Streptomyces sviceus (strain ATCC 29083 / DSM 924 / JCM 4929 / NBRC 13980 / NCIMB 11184 / NRRL 5439 / UC 5370),streptomyces sviceus,False,True,True,True,True,True,133
proteome:UP000002805,target_bacteria,proteome,2,457429,Streptomyces pristinaespiralis (strain ATCC 25486 / DSM 40338 / CBS 914.69 / JCM 4507 / KCC S-0507 / NBRC 13074 / NRRL 2958 / 5647),streptomyces pristinaespiralis,False,True,True,True,True,True,134
proteome:UP000002861,target_bacteria,proteome,138,435590,Phocaeicola vulgatus (strain ATCC 8482 / DSM 1447 / JCM 5826 / CCUG 4940 / NBRC 14291 / NCTC 11154) (Bacteroides vulgatus),phocaeicola vulgatus,False,False,False,False,False,True,0
proteome:UP000002895,target_bacteria,proteome,6,768486,Enterococcus hirae (strain ATCC 9790 / DSM 20160 / JCM 8729 / LMG 6399 / NBRC 3181 / NCIMB 6459 / NCDO 1258 / NCTC 12367 / WDCM 00089 / R),enterococcus hirae,False,True,True,True,True,True,177
proteome:UP000002970,target_bacteria,proteome,1,742740,Clostridium symbiosum (strain WAL-14163),clostridium symbiosum,False,False,False,False,False,True,0
proteome:UP000002979,target_bacteria,proteome,1,411903,Collinsella aerofaciens (strain ATCC 25986 / DSM 3979 / JCM 10188 / KCTC 3647 / NCTC 11838 / VPI 1003),collinsella aerofaciens,False,True,True,True,True,False,168
proteome:UP000003039,target_bacteria,proteome,1,399795,Comamonas testosteroni (strain DSM 14576 / KF-1) (Pseudomonas testosteroni),comamonas testosteroni,False,True,True,True,True,True,164
proteome:UP000003042,target_bacteria,proteome,1,502347,Escherichia albertii (strain TW07627),escherichia albertii,False,True,True,True,True,True,154
proteome:UP000003100,target_bacteria,proteome,2,476272,Blautia hydrogenotrophica (strain DSM 10507 / JCM 14656 / S5a33) (Ruminococcus hydrogenotrophicus),blautia hydrogenotrophica,False,True,True,True,True,True,148
proteome:UP000003614,target_bacteria,proteome,1,465517,Salmonella virchow (strain SL491),salmonella enterica,False,True,False,True,True,True,210
proteome:UP000003635,target_bacteria,proteome,1,314256,Oceanicola granulosus (strain ATCC BAA-861 / DSM 15982 / KCTC 12143 / HTCC2516),oceanicola granulosus,False,True,True,True,True,True,148
proteome:UP000003752,target_bacteria,proteome,1,1423757,Lentilactobacillus hilgardii (strain ATCC 8290 / DSM 20176 / CCUG 30140 / JCM 1155 / KCTC 3500 / NBRC 15886 / NCIMB 8040 / NRRL B-1843 / 9),lentilactobacillus hilgardii,False,True,True,True,True,True,168
proteome:UP000003824,target_bacteria,proteome,1,566461,Streptomyces viridosporus (strain ATCC 14672 / DSM 40746 / JCM 4963 / KCTC 9882 / NRRL B-12104 / FH 1290) (Streptomyces ghanaensis),streptomyces viridosporus,False,True,True,True,True,True,166
proteome:UP000003828,target_bacteria,proteome,5,1077972,Arthrobacter globiformis (strain ATCC 8010 / DSM 20124 / JCM 1332 / NBRC 12137 / NCIMB 8907 / NRRL B-2979 / 168),arthrobacter globiformis,False,True,True,True,True,True,165
proteome:UP000004070,target_bacteria,proteome,1,553184,Lancefieldella rimae (strain ATCC 49626 / DSM 7090 / CCUG 31168 / NBRC 15546 / VPI D140H-11A) (Atopobium rimae),lancefieldella rimae,False,True,True,True,True,True,151
proteome:UP000004184,target_bacteria,proteome,8,591159,Streptomyces viridochromogenes (strain DSM 40736 / JCM 4977 / BCRC 1201 / Tue 494),streptomyces viridochromogenes,False,True,True,True,True,True,138
proteome:UP000004410,target_bacteria,proteome,6,411470,Mediterraneibacter gnavus (strain ATCC 29149 / DSM 114966 / JCM 6515 / VPI C7-9) (Ruminococcus gnavus),mediterraneibacter gnavus,False,True,True,True,True,True,166
proteome:UP000004455,target_bacteria,proteome,1,272951,Rickettsia sibirica (strain ATCC VR-151 / 246),rickettsia sibirica,False,True,True,True,True,True,134
proteome:UP000004478,target_bacteria,proteome,1,1225176,Cecembia lonarensis (strain CCUG 58316 / KCTC 22772 / LW9),cecembia lonarensis,False,False,False,False,False,True,0
proteome:UP000004525,target_bacteria,proteome,1,525361,Lacticaseibacillus rhamnosus (strain LMS2-1),lacticaseibacillus rhamnosus,False,True,True,True,True,True,202
proteome:UP000004550,target_bacteria,proteome,6,861109,Sphingobium indicum (strain DSM 16412 / CCM 7286 / MTCC 6364 / B90A),sphingobium indicum,False,True,True,True,True,True,180
proteome:UP000004664,target_bacteria,proteome,1,697282,Methylobacter tundripaludum (strain ATCC BAA-1195 / DSM 17260 / SV96),methylobacter tundripaludum,False,True,True,True,True,True,140
proteome:UP000004687,target_bacteria,proteome,1,345072,Vibrio cholerae (strain MO10),vibrio cholerae,False,True,True,True,True,True,202
proteome:UP000004837,target_bacteria,proteome,1,1156937,Methylacidiphilum fumariolicum (strain SolV),candidatus methylacidiphilum fumarolicum,False,False,False,False,False,True,0
proteome:UP000004848,target_bacteria,proteome,3,384765,Roseibium aggregatum (strain ATCC 25650 / DSM 13394 / JCM 20685 / NBRC 16684 / NCIMB 2208 / IAM 12614 / B1) (Stappia aggregata),roseibium aggregatum,False,True,True,True,True,False,137
proteome:UP000004870,target_bacteria,proteome,1,638300,Cardiobacterium hominis (strain ATCC 15826 / DSM 8339 / NCTC 10426 / 6573),cardiobacterium hominis,False,True,True,True,True,True,169
proteome:UP000004915,target_bacteria,proteome,1,1078020,Mycolicibacterium thermoresistibile (strain ATCC 19527 / DSM 44167 / CIP 105390 / JCM 6362 / NCTC 10409 / 316) (Mycobacterium thermoresistibile),mycolicibacterium thermoresistibile,False,True,True,True,True,True,152
proteome:UP000004935,target_bacteria,proteome,1,411490,Anaerostipes caccae (strain DSM 14662 / CCUG 47493 / JCM 13470 / NCIMB 13811 / L1-92),anaerostipes caccae,False,True,True,True,True,True,149
proteome:UP000005012,target_bacteria,proteome,1,1157951,Providencia stuartii (strain MRSN 2154),providencia stuartii,False,True,True,True,True,True,178
proteome:UP000005015,target_bacteria,proteome,77,562019,Rickettsia peacockii (strain Rustic),rickettsia peacockii,False,True,True,True,True,True,133
proteome:UP000005019,target_bacteria,proteome,1,1000565,Methyloversatilis universalis (strain ATCC BAA-1314 / DSM 25237 / JCM 13912 / CCUG 52030 / FAM5),methyloversatilis universalis,False,True,True,True,True,True,155
proteome:UP000005045,target_bacteria,proteome,3,396598,Paraburkholderia graminis (strain ATCC 700544 / DSM 17151 / LMG 18924 / NCIMB 13744 / C4D1M),paraburkholderia graminis,False,True,True,True,True,True,174
proteome:UP000005206,target_fungi,proteome,22,660122,Fusarium vanettenii (strain ATCC MYA-4622 / CBS 123669 / FGSC 9596 / NRRL 45880 / 77-13-4) (Fusarium solani subsp. pisi),fusarium vanettenii,False,False,False,False,False,False,0
proteome:UP000005216,target_bacteria,proteome,70,390236,Borreliella afzelii (strain PKo) (Borrelia afzelii),borreliella afzelii,False,True,True,True,True,True,135
proteome:UP000005223,target_archaea,proteome,286,187420,Methanothermobacter thermautotrophicus (strain ATCC 29096 / DSM 1053 / JCM 10044 / NBRC 100330 / Delta H) (Methanobacterium thermoautotrophicum),methanothermobacter thermautotrophicus,False,False,False,False,False,True,0
proteome:UP000005234,target_bacteria,proteome,1,767434,Frateuria aurantia (strain ATCC 33424 / DSM 6220 / KCTC 2777 / LMG 1558 / NBRC 3245 / NCIMB 13370) (Acetobacter aurantius),frateuria aurantia,False,True,True,True,True,True,133
proteome:UP000005250,target_bacteria,proteome,1,568706,Bordetella pertussis (strain ATCC 9797 / DSM 5571 / CCUG 30873 / LMG 14455 / NCTC 10739 / 18323),bordetella pertussis,False,True,True,True,True,True,199
proteome:UP000005269,target_bacteria,proteome,2,333849,Enterococcus faecium (strain ATCC BAA-472 / TX0016 / DO),enterococcus faecium,False,True,True,True,True,True,201
proteome:UP000005306,target_bacteria,proteome,1,314261,Pelagibacter ubique (strain HTCC1002),pelagibacter ubique,False,False,False,False,False,True,0
proteome:UP000005317,target_bacteria,proteome,1,870187,Thiothrix nivea (strain ATCC 35100 / DSM 5205 / JP2),thiothrix nivea,False,True,True,True,True,True,80
proteome:UP000005426,target_fungi,proteome,2,452589,Hypocrea atroviridis (strain ATCC 20476 / IMI 206040) (Trichoderma atroviride),hypocrea atroviridis,False,False,False,False,False,False,0
proteome:UP000005438,target_bacteria,proteome,2,700598,Niastella koreensis (strain DSM 17620 / KACC 11465 / NBRC 106392 / GR20-10),niastella koreensis,False,False,False,False,False,True,0
proteome:UP000005443,target_bacteria,proteome,1,941638,Rickettsia slovaca (strain 13-B),rickettsia slovaca,False,True,True,True,True,True,133
proteome:UP000005475,target_bacteria,proteome,1,411476,Bacteroides ovatus (strain ATCC 8483 / DSM 1896 / JCM 5824 / BCRC 10623 / CCUG 4943 / NCTC 11153),bacteroides ovatus,False,False,False,False,False,True,0
proteome:UP000005522,target_bacteria,proteome,1,637389,Acidithiobacillus caldus (strain ATCC 51756 / DSM 8584 / KU),acidithiobacillus caldus,False,True,True,True,True,True,133
proteome:UP000005629,target_archaea,proteome,3,634497,Haloarcula hispanica (strain ATCC 33960 / DSM 4426 / JCM 8911 / NBRC 102182 / NCIMB 2187 / VKM B-1755),haloarcula hispanica,False,False,False,False,False,True,0
proteome:UP000005633,target_bacteria,proteome,1,640081,Azospira oryzae (strain ATCC BAA-33 / DSM 13638 / PS) (Dechlorosoma suillum),azospira oryzae,False,True,True,True,True,True,161
proteome:UP000005713,target_bacteria,proteome,1,388399,Sagittula stellata (strain ATCC 700073 / DSM 11524 / E-37),sagittula stellata,False,True,True,True,True,True,154
proteome:UP000005740,target_bacteria,proteome,3,575584,Acinetobacter baumannii (strain ATCC 19606 / DSM 30007 / JCM 6841 / CCUG 19606 / CIP 70.34 / NBRC 109757 / NCIMB 12457 / NCTC 12156 / 81),acinetobacter baumannii,False,True,True,True,True,True,186
proteome:UP000005753,target_bacteria,proteome,2,633697,Eubacterium cellulosolvens (strain ATCC 43171 / JCM 9499 / 6) (Cillobacterium cellulosolvens),eubacterium cellulosolvens,False,False,False,False,False,True,0
proteome:UP000005933,target_bacteria,proteome,1,342110,Ralstonia solanacearum (strain UW551),ralstonia solanacearum,False,True,True,True,True,True,159
proteome:UP000005940,target_bacteria,proteome,1,1114943,Streptomyces tsukubensis (strain DSM 42081 / NBRC 108919 / NRRL 18488 / 9993),streptomyces tsukubensis,False,True,True,True,True,True,132
proteome:UP000005954,target_bacteria,proteome,6,89187,Roseovarius nubinhibens (strain ATCC BAA-591 / DSM 15170 / ISM),roseovarius nubinhibens,False,True,True,True,True,True,147
proteome:UP000006001,target_bacteria,proteome,1,649764,Slackia exigua (strain ATCC 700122 / DSM 15923 / CIP 105133 / JCM 11022 / KCTC 5966 / S-7),slackia exigua,False,True,True,True,True,True,160
proteome:UP000006034,target_bacteria,proteome,9,563192,Bilophila wadsworthia (strain 3_1_6),bilophila wadsworthia,False,True,True,True,True,True,153
proteome:UP000006064,target_archaea,proteome,1,163003,Thermococcus cleftensis (strain DSM 27260 / KACC 17922 / CL1),thermococcus cleftensis,True,True,True,True,True,True,134
proteome:UP000006073,target_bacteria,proteome,1,1189612,Indibacter alkaliphilus (strain CCUG 57479 / KCTC 22604 / LW1),indibacter alkaliphilus,False,False,False,False,False,True,0
proteome:UP000006138,target_bacteria,proteome,6,713604,Amycolatopsis mediterranei (strain S699) (Nocardia mediterranei),amycolatopsis mediterranei,False,True,True,True,True,True,148
proteome:UP000006158,target_bacteria,proteome,1,246196,Mycolicibacterium smegmatis (strain ATCC 700084 / mc(2)155) (Mycobacterium smegmatis),mycolicibacterium smegmatis,False,True,False,True,True,True,154
proteome:UP000006178,target_bacteria,proteome,1,1094508,Thermoanaerobacterium saccharolyticum (strain DSM 8691 / JW/SL-YS485),thermoanaerobacterium saccharolyticum,False,True,True,True,True,True,133
proteome:UP000006180,target_bacteria,proteome,1,1185652,Sinorhizobium fredii (strain USDA 257),rhizobium fredii,False,False,False,False,False,True,0
proteome:UP000006265,target_bacteria,proteome,3,1122247,Mycolicibacterium hassiacum (strain DSM 44199 / CIP 105218 / JCM 12690 / 3849) (Mycobacterium hassiacum),mycolicibacterium hassiacum,False,True,True,True,True,True,152
proteome:UP000006281,target_bacteria,proteome,1,1179773,Saccharothrix espanaensis (strain ATCC 51144 / DSM 44229 / JCM 9112 / NBRC 15066 / NRRL 15764),saccharothrix espanaensis,False,True,True,True,True,True,152
proteome:UP000006294,target_bacteria,proteome,1,698758,Amphibacillus xylanus (strain ATCC 51415 / DSM 6626 / JCM 7361 / LMG 17667 / NBRC 15112 / Ep01),amphibacillus xylanus,False,True,True,True,True,True,146
proteome:UP000006304,target_bacteria,proteome,1,1133849,Nocardia brasiliensis (strain ATCC 700358 / HUJEG-1),nocardia brasiliensis,False,True,True,True,True,True,173
proteome:UP000006371,target_bacteria,proteome,256,342451,Staphylococcus saprophyticus subsp. saprophyticus (strain ATCC 15305 / DSM 20229 / NCIMB 8711 / NCTC 7292 / S-41),staphylococcus saprophyticus,False,True,False,True,True,True,175
proteome:UP000006375,target_bacteria,proteome,173,290633,Gluconobacter oxydans (strain 621H) (Gluconobacter suboxydans),gluconobacter oxydans,False,True,True,True,True,True,191
proteome:UP000006377,target_bacteria,proteome,130,402881,Parvibaculum lavamentivorans (strain DS-1 / DSM 13023 / NCIMB 13966),parvibaculum lavamentivorans,False,True,True,True,True,True,143
proteome:UP000006380,target_bacteria,proteome,113,360105,Campylobacter curvus (strain 525.92),campylobacter curvus,False,True,True,True,True,True,173
proteome:UP000006381,target_bacteria,proteome,117,272621,Lactobacillus acidophilus (strain ATCC 700396 / NCK56 / N2 / NCFM),lactobacillus acidophilus,False,True,True,True,True,True,174
proteome:UP000006383,target_bacteria,proteome,162,444178,Brucella ovis (strain ATCC 25840 / 63/290 / NCTC 10512),brucella ovis,False,False,False,False,False,True,0
proteome:UP000006386,target_bacteria,proteome,203,426430,Staphylococcus aureus (strain Newman),staphylococcus aureus,False,True,True,True,True,True,202
proteome:UP000006394,target_bacteria,proteome,106,402612,Flavobacterium psychrophilum (strain ATCC 49511 / DSM 21280 / CIP 103535 / JIP02/86),flavobacterium psychrophilum,False,False,False,False,False,True,0
proteome:UP000006469,target_archaea,proteome,3,523841,Haloferax mediterranei (strain ATCC 33500 / DSM 1411 / JCM 8866 / NBRC 14739 / NCIMB 2177 / R-4) (Halobacterium mediterranei),haloferax mediterranei,False,False,False,False,False,True,0
proteome:UP000006552,target_bacteria,proteome,219,76114,Aromatoleum aromaticum (strain DSM 19018 / LMG 30748 / EbN1) (Azoarcus sp. (strain EbN1)),aromatoleum aromaticum,False,True,False,True,True,True,134
proteome:UP000006556,target_bacteria,proteome,110,370438,Pelotomaculum thermopropionicum (strain DSM 13744 / JCM 10971 / SI),pelotomaculum thermopropionicum,False,True,True,True,True,True,134
proteome:UP000006558,target_bacteria,proteome,141,390874,Thermotoga petrophila (strain ATCC BAA-488 / DSM 13995 / JCM 10881 / RKU-1),thermotoga petrophila,False,True,True,True,True,True,151
proteome:UP000006559,target_bacteria,proteome,117,362948,Ligilactobacillus salivarius (strain UCC118) (Lactobacillus salivarius),ligilactobacillus salivarius,False,True,True,True,True,True,181
proteome:UP000006562,target_bacteria,proteome,1,692420,Bacillus amyloliquefaciens (strain ATCC 23350 / DSM 7 / BCRC 11601 / CCUG 28519 / NBRC 15535 / NRRL B-14393 / F),bacillus amyloliquefaciens,False,True,True,True,True,True,177
proteome:UP000006564,target_fungi,proteome,125,510516,Aspergillus oryzae (strain ATCC 42149 / RIB 40) (Yellow koji mold),aspergillus oryzae,False,False,False,False,False,False,0
proteome:UP000006565,target_archaea,proteome,1,679926,Methanolacinia petrolearia (strain DSM 11571 / OCM 486 / SEBR 4847) (Methanoplanus petrolearius),methanolacinia petrolearia,False,False,False,False,False,True,0
proteome:UP000006575,target_bacteria,proteome,211,216596,Rhizobium johnstonii (strain DSM 114642 / LMG 32736 / 3841) (Rhizobium leguminosarum bv. viciae),rhizobium johnstonii,False,False,False,False,False,True,0
proteome:UP000006578,target_bacteria,proteome,137,317655,Sphingopyxis alaskensis (strain DSM 13593 / LMG 18877 / RB2256) (Sphingomonas alaskensis),sphingopyxis alaskensis,False,True,True,True,True,True,150
proteome:UP000006589,target_bacteria,proteome,100,426355,Methylobacterium radiotolerans (strain ATCC 27329 / DSM 1819 / JCM 2831 / NBRC 15690 / NCIMB 10815 / 0-1),methylobacterium radiotolerans,False,True,True,True,True,True,155
proteome:UP000006622,target_archaea,proteome,2,679901,Methanosalsum zhilinae (strain DSM 4017 / NBRC 107636 / OCM 62 / WeN5) (Methanohalophilus zhilinae),methanosalsum zhilinae,False,False,False,False,False,True,0
proteome:UP000006633,target_bacteria,proteome,6,639283,Ancylobacter novellus (strain ATCC 8093 / DSM 506 / JCM 20403 / CCM 1077 / IAM 12100 / NBRC 12443 / NCIMB 10456) (Starkeya novella),ancylobacter novellus,False,True,True,True,True,True,136
proteome:UP000006637,target_bacteria,proteome,130,266117,Rubrobacter xylanophilus (strain DSM 9941 / JCM 11954 / NBRC 16129 / PRD-1),rubrobacter xylanophilus,False,True,True,True,True,False,157
proteome:UP000006640,target_bacteria,proteome,5,469371,Thermobispora bispora (strain ATCC 19993 / DSM 43833 / CBS 139.67 / JCM 10125 / KCTC 9307 / NBRC 14880 / R51),thermobispora bispora,False,True,True,True,True,True,136
proteome:UP000006647,target_bacteria,proteome,66,265311,Mesoplasma florum (strain ATCC 33453 / NBRC 100688 / NCTC 11704 / L1) (Acholeplasma florum),mesoplasma florum,False,True,True,True,True,True,133
proteome:UP000006650,target_bacteria,proteome,2,521097,Capnocytophaga ochracea (strain ATCC 27872 / DSM 7271 / CCUG 9716 / JCM 12966 / NCTC 12371 / SS31 / VPI 2845) (Bacteroides ochraceus),capnocytophaga ochracea,False,False,False,False,False,True,0
proteome:UP000006666,target_bacteria,proteome,2,478801,Kytococcus sedentarius (strain ATCC 14392 / DSM 20547 / JCM 11482 / CCUG 33030 / NBRC 15357 / NCTC 11040 / CCM 314 / 541) (Micrococcus sedentarius),kytococcus sedentarius,False,True,True,True,True,True,168
proteome:UP000006681,target_archaea,proteome,2,572478,Vulcanisaeta distributa (strain DSM 14429 / JCM 11212 / NBRC 100878 / IC-017),vulcanisaeta distributa,False,True,True,True,True,True,134
proteome:UP000006683,target_bacteria,proteome,1,550540,Ferrimonas balearica (strain DSM 9799 / CCM 4581 / KCTC 23876 / PAT),ferrimonas balearica,False,True,True,True,True,True,138
proteome:UP000006690,target_bacteria,proteome,3,932677,Pantoea ananatis (strain AJ13355),pantoea ananas,False,False,True,True,True,True,165
proteome:UP000006693,target_bacteria,proteome,256,243160,Burkholderia mallei (strain ATCC 23344),burkholderia mallei,False,True,True,True,True,True,140
proteome:UP000006694,target_bacteria,proteome,119,376686,Flavobacterium johnsoniae (strain ATCC 17061 / DSM 2064 / JCM 8514 / BCRC 14874 / CCUG 350202 / NBRC 14942 / NCIMB 11054 / UW101) (Cytophaga johnsonae),flavobacterium johnsoniae,False,False,False,False,False,True,0
proteome:UP000006695,target_bacteria,proteome,153,351605,Geotalea uraniireducens (strain Rf4) (Geobacter uraniireducens),geotalea uraniireducens,False,True,True,True,True,True,135
proteome:UP000006697,target_bacteria,proteome,156,204773,Herminiimonas arsenicoxydans,herminiimonas arsenicoxydans,True,True,True,True,True,False,154
proteome:UP000006698,target_bacteria,proteome,152,340322,Corynebacterium glutamicum (strain R),corynebacterium glutamicum,False,True,True,True,True,True,179
proteome:UP000006701,target_fungi,proteome,78,344612,Aspergillus clavatus (strain ATCC 1007 / CBS 513.65 / DSM 816 / NCTC 3887 / NRRL 1 / QM 1276 / 107),aspergillus clavatus,False,False,False,False,False,False,0
proteome:UP000006702,target_fungi,proteome,78,331117,Neosartorya fischeri (strain ATCC 1020 / DSM 3700 / CBS 544.65 / FGSC A1164 / JCM 1740 / NRRL 181 / WB 181) (Aspergillus fischerianus),aspergillus fischeri,False,False,False,False,False,False,0
proteome:UP000006706,target_fungi,proteome,83,425011,Aspergillus niger (strain ATCC MYA-4892 / CBS 513.88 / FGSC A1513),aspergillus niger,False,False,False,False,False,False,0
proteome:UP000006728,target_bacteria,proteome,127,405948,Saccharopolyspora erythraea (strain ATCC 11635 / DSM 40517 / JCM 4748 / NBRC 13426 / NCIMB 8594 / NRRL 2338),saccharopolyspora erythraea,False,True,True,True,True,True,164
proteome:UP000006731,target_bacteria,proteome,164,272559,Bacteroides fragilis (strain ATCC 25285 / DSM 2151 / CCUG 4856 / JCM 11019 / LMG 10263 / NCTC 9343 / Onslow / VPI 2553 / EN-2),bacteroides fragilis,False,False,False,False,False,True,0
proteome:UP000006732,target_bacteria,proteome,137,338966,Pelobacter propionicus (strain DSM 2379 / NBRC 103807 / OttBd1),pelobacter propionicus,False,True,True,True,True,True,135
proteome:UP000006735,target_bacteria,proteome,207,291331,Xanthomonas oryzae pv. oryzae (strain KACC10331 / KXO85),xanthomonas oryzae,False,True,False,True,True,True,134
proteome:UP000006738,target_bacteria,proteome,192,357348,Burkholderia pseudomallei (strain 1106a),burkholderia pseudomallei,False,True,True,True,True,True,159
proteome:UP000006743,target_bacteria,proteome,123,557723,Glaesserella parasuis serovar 5 (strain SH0165) (Haemophilus parasuis),glaesserella parasuis,False,True,False,True,True,True,163
proteome:UP000006744,target_bacteria,proteome,195,405531,Bacillus cereus (strain G9842),bacillus cereus,False,True,True,True,True,True,201
proteome:UP000006790,target_fungi,proteome,1,931890,Eremothecium cymbalariae (strain CBS 270.75 / DBVPG 7215 / KCTC 17166 / NRRL Y-17582) (Yeast),eremothecium cymbalariae,False,False,False,False,False,False,0
proteome:UP000006794,target_archaea,proteome,3,797210,Halopiger xanaduensis (strain DSM 18323 / JCM 14033 / SH-6),halopiger xanaduensis,False,False,False,False,False,True,0
proteome:UP000006798,target_bacteria,proteome,2,1042878,Cupriavidus necator (strain ATCC 43291 / DSM 13513 / CCUG 52238 / LMG 8453 / N-1) (Ralstonia eutropha),cupriavidus necator,False,True,True,True,True,True,158
proteome:UP000006810,target_bacteria,proteome,3,496833,Mycoplasmopsis fermentans (strain ATCC 19989 / NBRC 14854 / NCTC 10117 / PG18) (Mycoplasma fermentans),mycoplasmopsis fermentans,False,True,True,True,True,True,134
proteome:UP000006818,target_archaea,proteome,79,419942,Saccharolobus islandicus (strain Y.N.15.51 / Yellowstone #2) (Sulfolobus islandicus),saccharolobus islandicus,False,True,True,True,True,True,134
proteome:UP000006820,target_bacteria,proteome,202,247156,Nocardia farcinica (strain IFM 10152),nocardia farcinica,False,True,True,True,True,True,173
proteome:UP000006821,target_bacteria,proteome,243,243233,Methylococcus capsulatus (strain ATCC 33009 / NCIMB 11132 / Bath),methylococcus capsulatus,False,True,True,True,True,True,134
proteome:UP000006822,target_bacteria,proteome,46,295358,Mesomycoplasma hyopneumoniae (strain 232) (Mycoplasma hyopneumoniae),mesomycoplasma hyopneumoniae,False,True,True,True,True,True,134
proteome:UP000006830,target_bacteria,proteome,90,293614,Rickettsia akari (strain Hartford),rickettsia akari,False,True,True,True,True,True,133
proteome:UP000006832,target_bacteria,proteome,87,392021,Rickettsia rickettsii (strain Sheila Smith),rickettsia rickettsii,False,True,True,True,True,True,134
proteome:UP000006833,target_bacteria,proteome,141,398580,Dinoroseobacter shibae (strain DSM 16493 / NCIMB 14021 / DFL 12),dinoroseobacter shibae,False,True,True,True,True,True,151
proteome:UP000006838,target_bacteria,proteome,213,323261,Nitrosococcus oceani (strain ATCC 19707 / BCRC 17464 / JCM 30415 / NCIMB 11848 / C-107),nitrosococcus oceani,False,True,True,True,True,True,134
proteome:UP000006843,target_bacteria,proteome,235,326442,Pseudoalteromonas translucida (strain TAC 125),pseudoalteromonas translucida,False,True,True,True,True,True,156
proteome:UP000006853,target_fungi,proteome,2,981350,Komagataella phaffii (strain ATCC 76273 / CBS 7435 / CECT 11047 / NRRL Y-11430 / Wegner 21-1) (Yeast) (Pichia pastoris),komagataella phaffii,False,False,False,False,False,False,0
proteome:UP000006854,target_bacteria,proteome,7,953739,Streptomyces venezuelae (strain ATCC 10712 / CBS 650.69 / DSM 40230 / JCM 4526 / NBRC 13096 / PD 04745),streptomyces venezuelae,False,True,True,True,True,True,148
proteome:UP000006859,target_bacteria,proteome,18,198628,Dickeya dadantii (strain 3937) (Erwinia chrysanthemi (strain 3937)),dickeya dadantii,False,True,False,True,True,True,172
proteome:UP000006867,target_bacteria,proteome,1,720555,Bacillus atrophaeus (strain 1942),bacillus atrophaeus,False,True,True,True,True,True,173
proteome:UP000006872,target_bacteria,proteome,4,701347,Enterobacter lignolyticus (strain SCF1),[enterobacter] lignolyticus,False,True,False,True,True,True,133
proteome:UP000006875,target_bacteria,proteome,4,572544,Ilyobacter polytropus (strain ATCC 51220 / DSM 2926 / LMG 16218 / CuHBu1),ilyobacter polytropus,False,True,True,True,True,True,9
proteome:UP000006876,target_bacteria,proteome,1,762376,Achromobacter xylosoxidans (strain A8),alcaligenes xylosoxydans xylosoxydans,False,False,True,True,True,True,187
proteome:UP000006900,target_bacteria,proteome,117,561304,Mycobacterium leprae (strain Br4923),mycobacterium leprae,False,True,True,True,True,True,134
proteome:UP000006901,target_bacteria,proteome,56,445985,Borreliella burgdorferi (strain ZS7) (Borrelia burgdorferi),borreliella burgdorferi,False,True,True,True,True,True,135
proteome:UP000006903,target_archaea,proteome,12,490899,Desulfurococcus amylolyticus (strain DSM 18924 / JCM 16383 / VKM B-2413 / 1221n) (Desulfurococcus kamchatkensis),desulfurococcus amylolyticus,False,True,True,True,True,True,160
proteome:UP000006904,target_bacteria,proteome,116,563178,Buchnera aphidicola subsp. Acyrthosiphon pisum (strain 5A),buchnera aphidicola,False,True,False,True,True,True,133
proteome:UP000006911,target_fungi,proteome,5,656061,Tuber melanosporum (strain Mel28) (Perigord black truffle),tuber melanosporum,False,False,False,False,False,False,0
proteome:UP000006919,target_bacteria,proteome,1,697329,Ruminococcus albus (strain ATCC 27210 / DSM 20455 / JCM 14654 / NCDO 2250 / 7),ruminococcus albus,False,True,True,True,True,True,155
proteome:UP000006924,target_bacteria,proteome,146,557600,Acinetobacter baumannii (strain AB307-0294),acinetobacter baumannii,False,True,True,True,True,True,186
proteome:UP000007011,target_bacteria,proteome,376,439855,Escherichia coli (strain SMS-3-5 / SECEC),escherichia coli,False,True,True,True,True,True,218
proteome:UP000007013,target_bacteria,proteome,61,452637,Opitutus terrae (strain DSM 11246 / JCM 15787 / PB90-1),opitutus terrae,False,False,False,False,False,True,0
proteome:UP000007029,target_bacteria,proteome,183,375451,Roseobacter denitrificans (strain ATCC 33942 / OCh 114) (Erythrobacter sp. (strain OCh 114)) (Roseobacter denitrificans),roseobacter denitrificans,False,True,False,True,True,True,155
proteome:UP000007037,target_bacteria,proteome,200,267671,Leptospira interrogans serogroup Icterohaemorrhagiae serovar copenhageni (strain Fiocruz L1-130),leptospira interrogans,False,True,False,True,True,True,144
proteome:UP000007039,target_bacteria,proteome,1,768670,Calditerrivibrio nitroreducens (strain DSM 19672 / NBRC 101217 / Yu37-1),calditerrivibrio nitroreducens,False,True,True,True,True,True,143
proteome:UP000007041,target_bacteria,proteome,18,499177,Acetoanaerobium sticklandii (strain ATCC 12662 / DSM 519 / JCM 1433 / CCUG 9281 / NCIMB 10654 / HF) (Clostridium sticklandii),acetoanaerobium sticklandii,False,True,True,True,True,True,134
proteome:UP000007052,target_bacteria,proteome,1,862965,Haemophilus parainfluenzae (strain T3T1),haemophilus parainfluenzae,False,True,True,True,True,True,182
proteome:UP000007056,target_bacteria,proteome,88,293613,Rickettsia canadensis (strain McKiel),rickettsia canadensis,False,True,True,True,True,True,134
proteome:UP000007058,target_bacteria,proteome,158,342108,Paramagnetospirillum magneticum (strain ATCC 700264 / AMB-1) (Magnetospirillum magneticum),paramagnetospirillum magneticum,False,True,True,True,True,True,133
proteome:UP000007060,target_fungi,proteome,72,307796,Saccharomyces cerevisiae (strain YJM789) (Baker's yeast),saccharomyces cerevisiae,False,False,False,False,False,False,0
proteome:UP000007061,target_bacteria,proteome,3,634499,Erwinia pyrifoliae (strain DSM 12162 / Ep1/96),erwinia pyrifoliae,False,True,True,True,True,True,154
proteome:UP000007065,target_bacteria,proteome,29,347257,Mycoplasmopsis agalactiae (strain NCTC 10123 / CIP 59.7 / PG2) (Mycoplasma agalactiae),mycoplasmopsis agalactiae,False,True,True,True,True,True,134
proteome:UP000007067,target_bacteria,proteome,393,300268,Shigella boydii serotype 4 (strain Sb227),shigella boydii,False,True,False,True,True,True,179
proteome:UP000007069,target_bacteria,proteome,245,316273,Xanthomonas euvesicatoria pv. vesicatoria (strain 85-10) (Xanthomonas campestris pv. vesicatoria),xanthomonas euvesicatoria,False,True,False,True,True,True,134
proteome:UP000007073,target_bacteria,proteome,201,269799,Geobacter metallireducens (strain ATCC 53774 / DSM 7210 / GS-15),geobacter metallireducens,False,True,True,True,True,True,134
proteome:UP000007076,target_bacteria,proteome,2,452652,Kitasatospora setae (strain ATCC 33774 / DSM 43861 / JCM 3304 / KCC A-0304 / NBRC 14216 / KM-6054) (Streptomyces setae),kitasatospora setae,False,True,True,True,True,True,149
proteome:UP000007077,target_bacteria,proteome,1,225937,Marinobacter adhaerens (strain DSM 23420 / HP15),marinobacter adhaerens,False,True,True,True,True,True,158
proteome:UP000007089,target_bacteria,proteome,116,455488,Anaeromyxobacter dehalogenans (strain ATCC BAA-258 / DSM 21875 / 2CP-1),anaeromyxobacter dehalogenans,False,True,True,True,True,True,134
proteome:UP000007094,target_bacteria,proteome,145,480119,Acinetobacter baumannii (strain AB0057),acinetobacter baumannii,False,True,True,True,True,True,186
proteome:UP000007096,target_bacteria,proteome,195,405532,Bacillus cereus (strain B4264),bacillus cereus,False,True,True,True,True,True,201
proteome:UP000007097,target_bacteria,proteome,360,585056,Escherichia coli O17:K52:H18 (strain UMN026 / ExPEC),escherichia coli,False,True,False,True,True,True,218
proteome:UP000007104,target_bacteria,proteome,269,204722,Brucella suis biovar 1 (strain 1330),brucella suis,False,False,False,False,False,True,0
proteome:UP000007115,target_fungi,proteome,3,413071,Hypocrea virens (strain Gv29-8 / FGSC 10586) (Gliocladium virens) (Trichoderma virens),hypocrea virens,False,False,False,False,False,False,0
proteome:UP000007129,target_fungi,proteome,3,1126212,Macrophomina phaseolina (strain MS6) (Charcoal rot fungus),macrophomina phaseolina,False,False,False,False,False,False,0
proteome:UP000007136,target_bacteria,proteome,102,441620,Methylorubrum populi (strain ATCC BAA-705 / NCIMB 13946 / BJ001) (Methylobacterium populi),methylorubrum populi,False,True,True,True,True,True,151
proteome:UP000007137,target_bacteria,proteome,105,561007,Mycobacteroides abscessus (strain ATCC 19977 / DSM 44196 / CCUG 20993 / CIP 104536 / JCM 13569 / NCTC 13031 / TMC 1543 / L948) (Mycobacterium abscessus),mycobacteroides abscessus,False,True,True,True,True,True,161
proteome:UP000007177,target_bacteria,proteome,11,931626,Acetobacterium woodii (strain ATCC 29683 / DSM 1030 / JCM 2381 / KCTC 1655 / WB1),acetobacterium woodii,False,True,True,True,True,True,132
proteome:UP000007241,target_fungi,proteome,4,684364,Batrachochytrium dendrobatidis (strain JAM81 / FGSC 10211) (Frog chytrid fungus),batrachochytrium dendrobatidis,False,False,False,False,False,False,0
proteome:UP000007254,target_bacteria,proteome,1,869211,Winmispira thermophila (strain ATCC 700085 / DSM 6578 / Z-1203) (Spirochaeta thermophila),winmispira thermophila,False,False,False,False,False,True,0
proteome:UP000007307,target_bacteria,proteome,48,320483,Anaplasma marginale (strain Florida),anaplasma marginale,False,True,True,True,True,True,133
proteome:UP000007322,target_fungi,proteome,5,573729,Thermothelomyces thermophilus (strain ATCC 42464 / BCRC 31852 / DSM 1799) (Sporotrichum thermophile),thermothelomyces thermophilus,False,False,False,False,False,False,0
proteome:UP000007360,target_archaea,proteome,1,1204725,Methanobacterium formicicum (strain DSM 3637 / PP1),methanobacterium formicicum,False,False,False,False,False,True,0
proteome:UP000007384,target_bacteria,proteome,1,771875,Fervidobacterium pennivorans (strain DSM 9078 / Ven5),fervidobacterium pennivorans,False,True,True,True,True,True,132
proteome:UP000007397,target_bacteria,proteome,1,866895,Halobacillus halophilus (strain ATCC 35676 / DSM 2266 / JCM 20832 / KCTC 3685 / LMG 17431 / NBRC 102448 / NCIMB 2269) (Sporosarcina halophila),halobacillus halophilus,False,True,True,True,True,True,87
proteome:UP000007431,target_fungi,proteome,1,578458,Schizophyllum commune (strain H4-8 / FGSC 9210) (Split gill fungus),schizophyllum commune,False,False,False,False,False,False,0
proteome:UP000007435,target_bacteria,proteome,1,649349,Leadbetterella byssophila (strain DSM 17132 / JCM 16389 / KACC 11308 / NBRC 106382 / 4M15),leadbetterella byssophila,False,False,False,False,False,True,0
proteome:UP000007437,target_bacteria,proteome,1,882378,Mycetohabitans rhizoxinica (strain DSM 19002 / CIP 109453 / HKI 454) (Paraburkholderia rhizoxinica),mycetohabitans rhizoxinica,False,True,True,True,True,True,39
proteome:UP000007477,target_bacteria,proteome,4,871585,Acinetobacter pittii (strain PHEA-2),acinetobacter pittii,False,True,True,True,True,True,179
proteome:UP000007478,target_archaea,proteome,2,391623,Thermococcus barophilus (strain DSM 11836 / MP),thermococcus barophilus,False,True,True,True,True,True,133
proteome:UP000007485,target_archaea,proteome,2,985053,Vulcanisaeta moutnovskia (strain 768-28),vulcanisaeta moutnovskia,False,True,True,True,True,True,131
proteome:UP000007490,target_archaea,proteome,1,877455,Methanobacterium lacus (strain AL-21),methanobacterium lacus,False,False,False,False,False,True,0
proteome:UP000007703,target_fungi,proteome,10,306902,Clavispora lusitaniae (strain ATCC 42720) (Yeast) (Candida lusitaniae),clavispora lusitaniae,False,False,False,False,False,False,0
proteome:UP000007719,target_bacteria,proteome,74,515635,Dictyoglomus turgidum (strain DSM 6724 / Z-1310),dictyoglomus turgidum,False,True,True,True,True,True,145
proteome:UP000007721,target_bacteria,proteome,126,316067,Geotalea daltonii (strain DSM 22248 / JCM 15807 / FRC-32) (Geobacter daltonii),geotalea daltonii,False,True,True,True,True,True,136
proteome:UP000007722,target_archaea,proteome,6,456320,Methanococcus voltae (strain ATCC BAA-1334 / A3),methanococcus voltae,False,False,False,False,False,True,0
proteome:UP000007723,target_bacteria,proteome,102,521460,Caldicellulosiruptor bescii (strain ATCC BAA-1888 / DSM 6725 / KCTC 15123 / Z-1320) (Anaerocellum thermophilum),caldicellulosiruptor bescii,False,False,False,False,False,True,0
proteome:UP000007726,target_bacteria,proteome,114,272564,Desulfitobacterium hafniense (strain DSM 10664 / DCB-2),desulfitobacterium hafniense,False,True,True,True,True,True,146
proteome:UP000007727,target_bacteria,proteome,90,306263,Campylobacter lari (strain RM2100 / D67 / ATCC BAA-1060),campylobacter lari,False,True,True,True,True,True,166
proteome:UP000007730,target_bacteria,proteome,113,504832,Afipia carboxidovorans (strain ATCC 49405 / DSM 1227 / KCTC 32145 / OM5) (Oligotropha carboxidovorans),afipia carboxidovorans,False,True,True,True,True,True,133
proteome:UP000007735,target_bacteria,proteome,3,1117943,Sinorhizobium fredii (strain HH103),rhizobium fredii,False,False,False,False,False,True,0
proteome:UP000007753,target_bacteria,proteome,7,452662,Sphingobium indicum (strain DSM 16413 / CCM 7287 / MTCC 6362 / UT26 / NBRC 101211 / UT26S) (Sphingobium japonicum),sphingobium indicum,False,True,True,True,True,True,180
proteome:UP000007756,target_bacteria,proteome,2,722438,Mycoplasmoides pneumoniae (strain ATCC 15531 / DSM 23978 / CIP 103766 / NBRC 14401 / NCTC 10119 / FH) (Mycoplasma pneumoniae),mycoplasmoides pneumoniae,False,True,True,True,True,True,142
proteome:UP000007794,target_bacteria,proteome,145,291272,Blochmanniella pennsylvanica (strain BPEN),candidatus blochmanniella pennsylvanica,False,False,False,False,False,True,0
proteome:UP000007803,target_bacteria,proteome,1,563040,Sulfurimonas autotrophica (strain ATCC BAA-671 / DSM 16294 / JCM 11897 / OK10),sulfurimonas autotrophica,False,True,True,True,True,True,138
proteome:UP000007805,target_fungi,proteome,1,367775,Cryptococcus gattii serotype B (strain WM276 / ATCC MYA-4071) (Filobasidiella gattii) (Cryptococcus bacillisporus),cryptococcus gattii,False,False,False,False,False,False,0
proteome:UP000007807,target_archaea,proteome,1,990316,Methanothrix soehngenii (strain ATCC 5969 / DSM 3671 / JCM 10134 / NBRC 103675 / OCM 69 / GP-6) (Methanosaeta concilii),methanothrix soehngenii,False,False,False,False,False,True,0
proteome:UP000007809,target_bacteria,proteome,2,675635,Pseudonocardia dioxanivorans (strain ATCC 55486 / DSM 44775 / JCM 13855 / CB1190),pseudonocardia dioxanivorans,False,True,True,True,True,True,154
proteome:UP000007842,target_bacteria,proteome,8,1003195,Streptantibioticus cattleyicolor (strain ATCC 35852 / DSM 46488 / JCM 4925 / NBRC 14057 / NRRL 8057) (Streptomyces cattleya),streptantibioticus cattleyicolor,False,True,True,True,True,True,156
proteome:UP000007843,target_bacteria,proteome,4,1006551,Klebsiella michiganensis (strain ATCC 8724 / DSM 4798 / JCM 20051 / NBRC 3318 / NRRL B-199 / KCTC 1686 / BUCSAV 143 / CCM 1901),klebsiella michiganensis,False,False,False,False,False,True,0
proteome:UP000007882,target_bacteria,proteome,2,512565,Actinoplanes missouriensis (strain ATCC 14538 / DSM 43046 / CBS 188.64 / JCM 3121 / NBRC 102363 / NCIMB 12654 / NRRL B-3342 / UNCC 431),actinoplanes missouriensis,False,True,True,True,True,True,101
proteome:UP000007883,target_bacteria,proteome,7,983917,Rubrivivax gelatinosus (strain NBRC 100245 / IL144),rubrivivax gelatinosus,False,True,True,True,True,True,148
proteome:UP000007934,target_bacteria,proteome,2,936155,Helicobacter felis (strain ATCC 49179 / CCUG 28539 / NCTC 12436 / CS1),helicobacter felis,False,True,True,True,True,True,135
proteome:UP000007938,target_bacteria,proteome,2,596154,Alicycliphilus denitrificans (strain DSM 14773 / CIP 107495 / K601),alicycliphilus denitrificans,False,True,True,True,True,True,146
proteome:UP000007954,target_archaea,proteome,1,768065,Haloquadratum walsbyi (strain DSM 16854 / JCM 12705 / C23),haloquadratum walsbyi,False,False,False,False,False,True,0
proteome:UP000007962,target_bacteria,proteome,43,471853,Beutenbergia cavernae (strain ATCC BAA-8 / DSM 12333 / CCUG 43141 / JCM 11478 / NBRC 16432 / NCIMB 13614 / HKI 0122),beutenbergia cavernae,False,True,True,True,True,True,154
proteome:UP000007963,target_fungi,proteome,91,341663,Aspergillus terreus (strain NIH 2624 / FGSC A1156),aspergillus terreus,False,False,False,False,False,False,0
proteome:UP000007966,target_bacteria,proteome,390,218491,Pectobacterium atrosepticum (strain SCRI 1043 / ATCC BAA-672) (Erwinia carotovora subsp. atroseptica),pectobacterium atrosepticum,False,True,True,True,True,True,167
proteome:UP000007967,target_bacteria,proteome,6,479435,Kribbella flavida (strain DSM 17836 / JCM 10339 / NBRC 14399),kribbella flavida,False,True,True,True,True,True,154
proteome:UP000007969,target_bacteria,proteome,100,583346,Clostridium kluyveri (strain NBRC 12016),clostridium kluyveri,False,True,True,True,True,True,135
proteome:UP000007978,target_fungi,proteome,1,1028729,Fusarium pseudograminearum (strain CS3096) (Wheat and barley crown-rot fungus),fusarium pseudograminearum,False,False,False,False,False,False,0
proteome:UP000008004,target_bacteria,proteome,1,487521,Mycobacterium intracellulare (strain ATCC 13950 / DSM 43223 / JCM 6384 / NCTC 13025 / 3600),mycobacterium intracellulare,False,True,True,True,True,True,158
proteome:UP000008043,target_bacteria,proteome,3,1214101,Streptomyces davaonensis (strain DSM 101723 / JCM 4913 / KCC S-0913 / 768),streptomyces davaonensis,False,True,True,True,True,True,152
proteome:UP000008044,target_bacteria,proteome,2,1905730,Pectobacterium parmentieri,pectobacterium parmentieri,True,True,True,True,True,True,141
proteome:UP000008062,target_fungi,proteome,7,336722,Zymoseptoria tritici (strain CBS 115943 / IPO323) (Speckled leaf blotch fungus) (Septoria tritici),zymoseptoria tritici,False,False,False,False,False,False,0
proteome:UP000008064,target_fungi,proteome,1,578457,Serpula lacrymans var. lacrymans (strain S7.9) (Dry rot fungus),serpula lacrymans,False,False,False,False,False,False,0
proteome:UP000008066,target_fungi,proteome,13,759272,Chaetomium thermophilum (strain DSM 1495 / CBS 144.50 / IMI 039719) (Thermochaetoides thermophila),thermochaetoides thermophila,False,False,False,False,False,False,0
proteome:UP000008070,target_bacteria,proteome,9,661410,Methylorubrum extorquens (strain DSM 6343 / CIP 106787 / DM4) (Methylobacterium extorquens),methylorubrum extorquens,False,True,True,True,True,True,166
proteome:UP000008073,target_fungi,proteome,10,574961,Saccharomyces cerevisiae (strain JAY291) (Baker's yeast),saccharomyces cerevisiae,False,False,False,False,False,False,0
proteome:UP000008075,target_bacteria,proteome,7,406817,Xenorhabdus nematophila (strain ATCC 19061 / DSM 3370 / CCUG 14189 / LMG 1036 / NCIMB 9965 / AN6),xenorhabdus nematophila,False,True,True,True,True,True,151
proteome:UP000008080,target_bacteria,proteome,142,264462,Bdellovibrio bacteriovorus (strain ATCC 15356 / DSM 50701 / NCIMB 9529 / HD100),bdellovibrio bacteriovorus,False,True,True,True,True,True,135
proteome:UP000008087,target_bacteria,proteome,1,743525,Thermus scotoductus (strain ATCC 700910 / SA-01),thermus scotoductus,False,True,True,True,True,True,134
proteome:UP000008148,target_bacteria,proteome,315,290338,Citrobacter koseri (strain ATCC BAA-895 / CDC 4225-83 / SGSC4696),citrobacter koseri,False,True,True,True,True,True,190
proteome:UP000008152,target_bacteria,proteome,232,2902295,Vibrio campbellii (strain ATCC BAA-1116),vibrio campbellii,False,True,True,True,True,True,173
proteome:UP000008177,target_fungi,proteome,1,999810,Botryotinia fuckeliana (strain T4) (Noble rot fungus) (Botrytis cinerea),botryotinia fuckeliana,False,False,False,False,False,False,0
proteome:UP000008178,target_bacteria,proteome,1,585394,Roseburia hominis (strain DSM 16839 / JCM 17582 / NCIMB 14029 / A2-183),roseburia hominis,False,True,True,True,True,True,155
proteome:UP000008183,target_bacteria,proteome,277,243274,Thermotoga maritima (strain ATCC 43589 / DSM 3109 / JCM 10099 / NBRC 100826 / MSB8),thermotoga maritima,False,True,True,True,True,True,134
proteome:UP000008185,target_bacteria,proteome,417,295319,Salmonella paratyphi A (strain ATCC 9150 / SARB42),salmonella enterica,False,True,False,True,True,True,210
proteome:UP000008186,target_bacteria,proteome,342,211586,Shewanella oneidensis (strain ATCC 700550 / JCM 31522 / CIP 106686 / LMG 19005 / NCIMB 14063 / MR-1),shewanella oneidensis,False,True,True,True,True,True,146
proteome:UP000008198,target_bacteria,proteome,128,570508,Helicobacter pylori (strain P12),helicobacter pylori,False,True,True,True,True,True,177
proteome:UP000008199,target_bacteria,proteome,352,409438,Escherichia coli (strain SE11),escherichia coli,False,True,True,True,True,True,218
proteome:UP000008204,target_bacteria,proteome,101,41431,Rippkaea orientalis (strain PCC 8801 / RF-1) (Cyanothece sp. (strain PCC 8801)),rippkaea orientalis,False,False,False,False,False,True,0
proteome:UP000008205,target_bacteria,proteome,348,574521,Escherichia coli O127:H6 (strain E2348/69 / EPEC),escherichia coli,False,True,False,True,True,True,218
proteome:UP000008207,target_bacteria,proteome,97,460265,Methylobacterium nodulans (strain LMG 21967 / CNCM I-2342 / ORS 2060),methylobacterium nodulans,False,True,True,True,True,True,143
proteome:UP000008210,target_bacteria,proteome,247,381666,Cupriavidus necator (strain ATCC 17699 / DSM 428 / KCTC 22496 / NCIMB 10442 / H16 / Stanier 337) (Ralstonia eutropha),cupriavidus necator,False,True,True,True,True,True,158
proteome:UP000008212,target_bacteria,proteome,107,243275,Treponema denticola (strain ATCC 35405 / DSM 14222 / CIP 103919 / JCM 8153 / KCTC 15104),treponema denticola,False,True,True,True,True,True,134
proteome:UP000008216,target_bacteria,proteome,339,405955,Escherichia coli O1:K1 / APEC,escherichia coli,False,True,False,True,True,True,218
proteome:UP000008220,target_bacteria,proteome,135,386415,Clostridium novyi (strain NT),clostridium novyi,False,True,True,True,True,True,152
proteome:UP000008221,target_bacteria,proteome,93,351607,Acidothermus cellulolyticus (strain ATCC 43068 / DSM 8971 / 11B),acidothermus cellulolyticus,False,True,True,True,True,True,136
proteome:UP000008229,target_bacteria,proteome,1,469383,Conexibacter woesei (strain DSM 14684 / CCUG 47730 / CIP 108061 / JCM 11494 / NBRC 100937 / ID131577),conexibacter woesei,False,True,True,True,True,True,155
proteome:UP000008243,target_archaea,proteome,45,309800,Haloferax volcanii (strain ATCC 29605 / DSM 3757 / JCM 8879 / NBRC 14742 / NCIMB 2012 / VKM B-1768 / DS2) (Halobacterium volcanii),haloferax volcanii,False,False,False,False,False,True,0
proteome:UP000008289,target_bacteria,proteome,124,243164,Dehalococcoides mccartyi (strain ATCC BAA-2266 / KCTC 15142 / 195) (Dehalococcoides ethenogenes (strain 195)),dehalococcoides mccartyi,False,True,False,True,True,True,136
proteome:UP000008291,target_bacteria,proteome,207,292415,Thiobacillus denitrificans (strain ATCC 25259 / T1),thiobacillus denitrificans,False,True,True,True,True,True,162
proteome:UP000008293,target_archaea,proteome,1,342949,Pyrococcus sp. (strain NA2),pyrococcus sp.,False,False,False,False,False,True,0
proteome:UP000008315,target_bacteria,proteome,3,1091494,Methylotuvimicrobium alcaliphilum (strain DSM 19304 / NCIMB 14124 / VKM B-2133 / 20Z) (Methylomicrobium alcaliphilum),methylotuvimicrobium alcaliphilum,False,True,True,True,True,True,137
proteome:UP000008319,target_bacteria,proteome,232,529507,Proteus mirabilis (strain HI4320),proteus mirabilis,False,True,True,True,True,True,187
proteome:UP000008320,target_bacteria,proteome,82,205920,Ehrlichia chaffeensis (strain ATCC CRL-10679 / Arkansas),ehrlichia chaffeensis,False,True,True,True,True,True,132
proteome:UP000008321,target_bacteria,proteome,325,550538,Salmonella gallinarum (strain 287/91 / NCTC 13346),salmonella enterica,False,True,False,True,True,True,210
proteome:UP000008322,target_bacteria,proteome,330,439851,Salmonella dublin (strain CT_02021853),salmonella enterica,False,True,False,True,True,True,210
proteome:UP000008323,target_bacteria,proteome,24,59748,Phytoplasma australiense,phytoplasma australiense,True,False,False,True,True,True,133
proteome:UP000008330,target_bacteria,proteome,157,395492,Rhizobium leguminosarum bv. trifolii (strain WSM2304),rhizobium leguminosarum,False,False,False,False,False,True,0
proteome:UP000008332,target_bacteria,proteome,197,338969,Albidiferax ferrireducens (strain ATCC BAA-621 / DSM 15236 / T118) (Rhodoferax ferrireducens),rhodoferax ferrireducens,False,True,False,True,True,False,137
proteome:UP000008335,target_fungi,proteome,20,285006,Saccharomyces cerevisiae (strain RM11-1a) (Baker's yeast),saccharomyces cerevisiae,False,False,False,False,False,False,0
proteome:UP000008370,target_fungi,proteome,1,650164,Phanerochaete carnosa (strain HHB-10118-sp) (White-rot fungus) (Peniophora carnosa),phanerochaete carnosa,False,False,False,False,False,False,0
proteome:UP000008383,target_fungi,proteome,6,663202,Trichophyton verrucosum (strain HKI 0517),trichophyton verrucosum,False,False,False,False,False,False,0
proteome:UP000008461,target_bacteria,proteome,1,760192,Haliscomenobacter hydrossis (strain ATCC 27775 / DSM 1100 / LMG 10767 / O),haliscomenobacter hydrossis,False,False,False,False,False,True,0
proteome:UP000008514,target_bacteria,proteome,1,313595,Psychroflexus torquis (strain ATCC 700755 / CIP 106069 / ACAM 623),psychroflexus torquis,False,False,False,False,False,True,0
proteome:UP000008520,target_bacteria,proteome,1,420890,Lactococcus garvieae (strain Lg2) (Enterococcus seriolicida),lactococcus garvieae,False,True,True,True,True,True,170
proteome:UP000008525,target_bacteria,proteome,4,566546,Escherichia coli (strain ATCC 9637 / CCM 2024 / DSM 1116 / LMG 11080 / NBRC 13500 / NCIMB 8666 / NRRL B-766 / W),escherichia coli,False,True,True,True,True,True,218
proteome:UP000008536,target_fungi,proteome,13,559307,Zygosaccharomyces rouxii (strain ATCC 2623 / CBS 732 / NBRC 1130 / NCYC 568 / NRRL Y-229),zygosaccharomyces rouxii,False,False,False,False,False,False,0
proteome:UP000008540,target_bacteria,proteome,297,220664,Pseudomonas fluorescens (strain ATCC BAA-477 / NRRL B-23932 / Pf-5),pseudomonas protegens,False,True,True,True,True,True,147
proteome:UP000008541,target_bacteria,proteome,126,498213,Clostridium botulinum (strain Okra / Type B1),clostridium botulinum,False,True,True,True,True,True,157
proteome:UP000008544,target_bacteria,proteome,86,477974,Desulforudis audaxviator (strain MP104C),candidatus desulforudis audaxviator,False,True,False,True,True,True,132
proteome:UP000008545,target_bacteria,proteome,178,470137,Brucella suis (strain ATCC 23445 / NCTC 10510),brucella suis,False,False,False,False,False,True,0
proteome:UP000008547,target_bacteria,proteome,176,434271,Actinobacillus pleuropneumoniae serotype 3 (strain JL03),actinobacillus pleuropneumoniae,False,True,False,True,True,True,174
proteome:UP000008548,target_bacteria,proteome,156,315456,Rickettsia felis (strain ATCC VR-1525 / URRWXCal2) (Rickettsia azadi),rickettsia felis,False,True,True,True,True,True,132
proteome:UP000008550,target_bacteria,proteome,96,498761,Heliobacterium modesticaldum (strain ATCC 51547 / Ice1),heliomicrobium modesticaldum,False,True,False,True,True,True,134
proteome:UP000008555,target_bacteria,proteome,138,434922,Coxiella burnetii (strain Dugway 5J108-111),coxiella burnetii,False,True,True,True,True,True,135
proteome:UP000008556,target_bacteria,proteome,338,1016998,Salmonella paratyphi B (strain ATCC BAA-1250 / SPB7),salmonella enterica,False,True,False,True,True,True,210
proteome:UP000008558,target_bacteria,proteome,60,441768,Acholeplasma laidlawii (strain PG-8A),acholeplasma laidlawii,False,True,True,True,True,True,140
proteome:UP000008560,target_bacteria,proteome,3,862962,Bacteroides fragilis (strain 638R),bacteroides fragilis,False,False,False,False,False,True,0
proteome:UP000008561,target_bacteria,proteome,84,96561,Desulfosudis oleivorans (strain DSM 6200 / JCM 39069 / Hxd3) (Desulfococcus oleovorans),desulfosudis oleivorans,False,True,True,True,True,False,133
proteome:UP000008630,target_bacteria,proteome,2,693979,Bacteroides helcogenes (strain ATCC 35417 / DSM 20613 / JCM 6297 / CCUG 15421 / P 36-108),bacteroides helcogenes,False,False,False,False,False,True,0
proteome:UP000008634,target_bacteria,proteome,1,688270,Cellulophaga algicola (strain DSM 14237 / IC166 / ACAM 630),cellulophaga algicola,False,False,False,False,False,True,0
proteome:UP000008639,target_bacteria,proteome,1,930171,Pseudarthrobacter phenanthrenivorans (strain DSM 18606 / JCM 16027 / LMG 23796 / Sphe3) (Arthrobacter phenanthrenivorans),pseudarthrobacter phenanthrenivorans,False,True,True,True,True,True,153
proteome:UP000008673,target_fungi,proteome,9,871575,Ogataea parapolymorpha (strain ATCC 26012 / BCRC 20466 / JCM 22074 / NRRL Y-7560 / DL-1) (Yeast) (Hansenula polymorpha),ogataea parapolymorpha,False,False,False,False,False,False,0
proteome:UP000008674,target_bacteria,proteome,129,309807,Salinibacter ruber (strain DSM 13855 / M31),salinibacter ruber,False,False,False,False,False,True,0
proteome:UP000008680,target_archaea,proteome,8,634498,Methanobrevibacter ruminantium (strain ATCC 35063 / DSM 1093 / JCM 13430 / OCM 146 / M1) (Methanobacterium ruminantium),methanobrevibacter ruminantium,False,False,False,False,False,True,0
proteome:UP000008698,target_fungi,proteome,7,526221,Verticillium alfalfae (strain VaMs.102 / ATCC MYA-4576 / FGSC 10136) (Verticillium wilt of alfalfa) (Verticillium albo-atrum),verticillium alfalfae,False,False,False,False,False,False,0
proteome:UP000008701,target_bacteria,proteome,134,290317,Chlorobium phaeobacteroides (strain DSM 266 / SMG 266 / 2430),chlorobium phaeobacteroides,False,False,False,False,False,True,0
proteome:UP000008702,target_bacteria,proteome,79,367928,Bifidobacterium adolescentis (strain ATCC 15703 / DSM 20083 / NCTC 11814 / E194a),bifidobacterium adolescentis,False,True,True,True,True,True,182
proteome:UP000008703,target_bacteria,proteome,1,653045,Streptomyces violaceusniger (strain Tu 4113),streptomyces violaceusniger,False,True,True,True,True,True,143
proteome:UP000008707,target_bacteria,proteome,15,768066,Halomonas elongata (strain ATCC 33173 / DSM 2581 / NBRC 15536 / NCIMB 2198 / 1H9),halomonas elongata,False,True,True,True,True,True,155
proteome:UP000008710,target_bacteria,proteome,195,101510,Rhodococcus jostii (strain RHA1),rhodococcus jostii,False,True,True,True,True,True,154
proteome:UP000008723,target_bacteria,proteome,1,489653,Neisseria lactamica (strain 020-06),neisseria lactamica,False,True,True,True,True,True,173
proteome:UP000008782,target_fungi,proteome,3,645133,Colletotrichum graminicola (strain M1.001 / M2 / FGSC 10212) (Maize anthracnose fungus) (Glomerella graminicola),colletotrichum graminicola,False,False,False,False,False,False,0
proteome:UP000008783,target_fungi,proteome,8,418459,Puccinia graminis f. sp. tritici (strain CRL 75-36-700-3 / race SCCL) (Black stem rust fungus),puccinia graminis,False,False,False,False,False,False,0
proteome:UP000008784,target_fungi,proteome,4,756982,Arthrobotrys oligospora (strain ATCC 24927 / CBS 115.81 / DSM 1491) (Nematode-trapping fungus) (Didymozoophaga oligospora),orbilia oligospora,False,False,False,False,False,False,0
proteome:UP000008793,target_bacteria,proteome,1,634500,Erwinia billingiae (strain Eb661),erwinia billingiae,False,True,True,True,True,True,156
proteome:UP000008808,target_bacteria,proteome,117,314225,Erythrobacter litoralis (strain HTCC2594),erythrobacter litoralis,False,False,False,False,False,True,0
proteome:UP000008809,target_bacteria,proteome,184,316058,Rhodopseudomonas palustris (strain HaA2),rhodopseudomonas palustris,False,True,True,True,True,True,151
proteome:UP000008811,target_bacteria,proteome,133,517417,Chlorobaculum parvum (strain DSM 263 / NCIMB 8327) (Chlorobium vibrioforme subsp. thiosulfatophilum),chlorobaculum parvum,False,False,False,False,False,True,0
proteome:UP000008812,target_bacteria,proteome,24,243272,Metamycoplasma arthritidis (strain 158L3-1) (Mycoplasma arthritidis),metamycoplasma arthritidis,False,True,True,True,True,True,135
proteome:UP000008815,target_bacteria,proteome,181,395019,Burkholderia multivorans (strain ATCC 17616 / 249),burkholderia multivorans,False,True,True,True,True,True,166
proteome:UP000008816,target_bacteria,proteome,293,93061,Staphylococcus aureus (strain NCTC 8325 / PS 47),staphylococcus aureus,False,True,True,True,True,True,202
proteome:UP000008817,target_bacteria,proteome,153,491916,Rhizobium etli (strain CIAT 652),rhizobium etli,False,False,False,False,False,True,0
proteome:UP000008819,target_bacteria,proteome,335,454166,Salmonella agona (strain SL483),salmonella enterica,False,True,False,True,True,True,210
proteome:UP000008824,target_bacteria,proteome,332,423368,Salmonella newport (strain SL254),salmonella enterica,False,True,False,True,True,True,210
proteome:UP000008825,target_bacteria,proteome,140,404380,Citrifermentans bemidjiense (strain ATCC BAA-1014 / DSM 16622 / JCM 12645 / Bem) (Geobacter bemidjiensis),citrifermentans bemidjiense,False,True,True,True,True,True,145
proteome:UP000008834,target_bacteria,proteome,43,314723,Borrelia hermsii (strain HS1 / DAH),borrelia hermsii,False,True,True,True,True,True,134
proteome:UP000008837,target_fungi,proteome,18,425265,Malassezia globosa (strain ATCC MYA-4612 / CBS 7966) (Dandruff-associated fungus),malassezia globosa,False,False,False,False,False,False,0
proteome:UP000008838,target_bacteria,proteome,62,378753,Kocuria rhizophila (strain ATCC 9341 / DSM 348 / NBRC 103217 / DC2201),kocuria rhizophila,False,True,True,True,True,True,174
proteome:UP000008839,target_bacteria,proteome,160,405416,Acinetobacter baumannii (strain ACICU),acinetobacter baumannii,False,True,True,True,True,True,186
proteome:UP000008840,target_bacteria,proteome,163,522373,Stenotrophomonas maltophilia (strain K279a),stenotrophomonas maltophilia,False,True,True,True,True,True,201
proteome:UP000008841,target_bacteria,proteome,116,290315,Chlorobium limicola (strain DSM 245 / NBRC 103803 / 6330),chlorobium limicola,False,False,False,False,False,True,0
proteome:UP000008842,target_bacteria,proteome,92,431947,Porphyromonas gingivalis (strain ATCC 33277 / DSM 20709 / CIP 103683 / JCM 12257 / NCTC 11834 / 2561),porphyromonas gingivalis,False,False,False,False,False,True,0
proteome:UP000008850,target_bacteria,proteome,1,1082931,Pelagibacterium halotolerans (strain DSM 22347 / JCM 15775 / CGMCC 1.7692 / B2),pelagibacterium halotolerans,False,True,True,True,True,True,131
proteome:UP000008851,target_bacteria,proteome,1,383407,Xanthomonas oryzae pv. oryzicola (strain BLS256),xanthomonas oryzae,False,True,False,True,True,True,134
proteome:UP000008864,target_fungi,proteome,2,559305,Trichophyton rubrum (strain ATCC MYA-4607 / CBS 118892) (Athlete's foot fungus),trichophyton rubrum,False,False,False,False,False,False,0
proteome:UP000008866,target_fungi,proteome,29,663331,Arthroderma benhamiae (strain ATCC MYA-4681 / CBS 112371) (Trichophyton mentagrophytes),arthroderma benhamiae,False,False,False,False,False,False,0
proteome:UP000008867,target_fungi,proteome,1,999809,Sporisorium reilianum (strain SRZ2) (Maize head smut fungus),sporisorium reilianum,False,False,False,False,False,False,0
proteome:UP000008871,target_bacteria,proteome,186,393595,Alcanivorax borkumensis (strain ATCC 700651 / DSM 11573 / NCIMB 13689 / SK2),alcanivorax borkumensis,False,True,True,True,True,True,155
proteome:UP000008881,target_bacteria,proteome,1,1028307,Klebsiella aerogenes (strain ATCC 13048 / DSM 30053 / CCUG 1429 / JCM 1235 / KCTC 2190 / NBRC 13534 / NCIMB 10102 / NCTC 10006 / CDC 819-56) (Enterobacter aerogenes),klebsiella aerogenes,False,False,False,False,False,True,0
proteome:UP000008914,target_bacteria,proteome,1,710696,Intrasporangium calvum (strain ATCC 23552 / DSM 43043 / JCM 3097 / NBRC 12989 / NCIMB 10167 / NRRL B-3866 / 7 KIP),intrasporangium calvum,False,True,True,True,True,True,144
proteome:UP000008916,target_bacteria,proteome,1,278137,Mycolicibacterium gilvum (strain DSM 45189 / LMG 24558 / Spyr1) (Mycobacterium gilvum),mycolicibacterium gilvum,False,True,True,True,True,True,158
proteome:UP000008936,target_bacteria,proteome,340,377628,Yersinia pestis bv. Antiqua (strain Nepal516),yersinia pestis,False,True,False,True,True,True,135
proteome:UP000008960,target_bacteria,proteome,1,649756,Anaerostipes hadrus,anaerostipes hadrus,True,True,True,True,True,True,156
proteome:UP000008962,target_bacteria,proteome,9,216597,Salmonella typhimurium (strain SL1344),salmonella enterica,False,True,False,True,True,True,210
proteome:UP000008975,target_bacteria,proteome,1,979556,Microbacterium testaceum (strain StLB037),microbacterium testaceum,False,True,True,True,True,False,163
proteome:UP000008984,target_fungi,proteome,9,431241,Hypocrea jecorina (strain QM6a) (Trichoderma reesei),hypocrea jecorina,False,False,False,False,False,False,0
proteome:UP000008988,target_fungi,proteome,15,545124,Saccharomyces cerevisiae (strain AWRI1631) (Baker's yeast),saccharomyces cerevisiae,False,False,False,False,False,False,0
proteome:UP000009011,target_bacteria,proteome,1,1191523,Melioribacter roseus (strain DSM 23840 / JCM 17771 / VKM B-2668 / P3M-2),melioribacter roseus,False,False,False,False,False,True,0
proteome:UP000009038,target_fungi,proteome,5,380704,Aspergillus niger (strain ATCC 1015 / CBS 113.46 / FGSC A1144 / LSHB Ac4 / NCTC 3858a / NRRL 328 / USDA 3528.7),aspergillus niger,False,False,False,False,False,False,0
proteome:UP000009058,target_fungi,proteome,86,242507,Pyricularia oryzae (strain 70-15 / ATCC MYA-4617 / FGSC 8958) (Rice blast fungus) (Magnaporthe oryzae),pyricularia oryzae,False,False,False,False,False,False,0
proteome:UP000009071,target_bacteria,proteome,78,573370,Solidesulfovibrio magneticus (strain ATCC 700980 / DSM 13731 / RS-1) (Desulfovibrio magneticus),solidesulfovibrio magneticus,False,True,True,True,True,True,133
proteome:UP000009072,target_bacteria,proteome,53,267748,Mycoplasma mobile (strain ATCC 43663 / 163K / NCTC 11711) (Mesomycoplasma mobile),[mycoplasma] mobile,False,True,False,True,True,True,135
proteome:UP000009073,target_bacteria,proteome,173,595494,Tolumonas auensis (strain DSM 9187 / NBRC 110442 / TA 4),tolumonas auensis,False,True,True,True,True,True,153
proteome:UP000009077,target_bacteria,proteome,2,568814,Streptococcus suis (strain BM407),streptococcus suis,False,True,True,True,True,True,184
proteome:UP000009079,target_archaea,proteome,54,604354,Thermococcus sibiricus (strain DSM 12597 / MM 739),thermococcus sibiricus,False,True,True,True,True,True,134
proteome:UP000009080,target_bacteria,proteome,122,377629,Teredinibacter turnerae (strain ATCC 39867 / T7901),teredinibacter turnerae,False,True,True,True,True,True,150
proteome:UP000009081,target_bacteria,proteome,40,272630,Methylorubrum extorquens (strain ATCC 14718 / DSM 1338 / JCM 2805 / NCIMB 9133 / AM1) (Methylobacterium extorquens),methylorubrum extorquens,False,True,True,True,True,True,166
proteome:UP000009082,target_fungi,proteome,13,578460,Vairimorpha ceranae (strain BRL01) (Microsporidian parasite) (Nosema ceranae),vairimorpha ceranae,False,False,False,False,False,False,0
proteome:UP000009084,target_fungi,proteome,14,222929,Coccidioides posadasii (strain C735) (Valley fever fungus),coccidioides posadasii,False,False,False,False,False,False,0
proteome:UP000009096,target_fungi,proteome,8,334819,Gibberella moniliformis (strain M3125 / FGSC 7600) (Maize ear and stalk rot fungus) (Fusarium verticillioides),gibberella moniliformis,False,False,False,False,False,False,0
proteome:UP000009097,target_fungi,proteome,6,426428,Fusarium oxysporum f. sp. lycopersici (strain 4287 / CBS 123668 / FGSC 9935 / NRRL 34936) (Fusarium vascular wilt of tomato),fusarium oxysporum,False,False,False,False,False,False,0
proteome:UP000009100,target_bacteria,proteome,175,575788,Vibrio atlanticus (strain LGP32) (Vibrio splendidus (strain Mel32)),vibrio atlanticus,False,True,False,True,True,True,146
proteome:UP000009102,target_bacteria,proteome,6,555778,Halothiobacillus neapolitanus (strain ATCC 23641 / DSM 15147 / CIP 104769 / NCIMB 8539 / c2) (Thiobacillus neapolitanus),halothiobacillus neapolitanus,False,True,True,True,True,True,156
proteome:UP000009134,target_bacteria,proteome,160,279238,Novosphingobium aromaticivorans (strain ATCC 700278 / DSM 12444 / CCUG 56034 / CIP 105152 / NBRC 16084 / F199),novosphingobium aromaticivorans,False,True,True,True,True,True,156
proteome:UP000009138,target_fungi,proteome,1,246409,Rhizopus delemar (strain RA 99-880 / ATCC MYA-4621 / FGSC 9543 / NRRL 43880) (Mucormycosis agent) (Rhizopus arrhizus var. delemar),rhizopus delemar,False,False,False,False,False,False,0
proteome:UP000009149,target_bacteria,proteome,48,481448,Methylacidiphilum infernorum (isolate V4) (Methylokorus infernorum (strain V4)),candidatus methylacidiphilum infernorum,False,False,False,False,False,True,0
proteome:UP000009159,target_bacteria,proteome,159,350058,Mycolicibacterium vanbaalenii (strain DSM 7251 / JCM 13017 / BCRC 16820 / KCTC 9966 / NRRL B-24157 / PYR-1) (Mycobacterium vanbaalenii),mycolicibacterium vanbaalenii,False,True,True,True,True,True,134
proteome:UP000009173,target_bacteria,proteome,133,391774,Nitratidesulfovibrio vulgaris (strain DP4) (Desulfovibrio vulgaris),nitratidesulfovibrio vulgaris,False,True,True,True,True,True,134
proteome:UP000009175,target_bacteria,proteome,217,326297,Shewanella amazonensis (strain ATCC BAA-1098 / SB2B),shewanella amazonensis,False,True,True,True,True,True,150
proteome:UP000009182,target_bacteria,proteome,404,362663,Escherichia coli O6:K15:H31 (strain 536 / UPEC),escherichia coli,False,True,False,True,True,True,218
proteome:UP000009227,target_archaea,proteome,2,880724,Methanotorris igneus (strain DSM 5666 / JCM 11834 / Kol 5),methanotorris igneus,False,False,False,False,False,True,0
proteome:UP000009230,target_bacteria,proteome,1,491952,Marinomonas posidonica (strain CECT 7376 / NCIMB 14433 / IVIA-Po-181),marinomonas posidonica,False,True,True,True,True,True,133
proteome:UP000009231,target_archaea,proteome,1,868131,Methanobacterium paludis (strain DSM 25820 / JCM 18151 / SWAN1),methanobacterium paludis,False,False,False,False,False,True,0
proteome:UP000009277,target_archaea,proteome,1,246969,Thermococcus sp. (strain AM4),thermococcus sp.,False,False,False,False,False,True,0
proteome:UP000009296,target_archaea,proteome,1,647113,Methanothermococcus okinawensis (strain DSM 14208 / JCM 11175 / IH1),methanothermococcus okinawensis,False,False,False,False,False,True,0
proteome:UP000009328,target_fungi,proteome,2,1206466,Wickerhamomyces ciferrii (strain ATCC 14091 / BCRC 22168 / CBS 111 / JCM 3599 / NBRC 0793 / NRRL Y-1031 F-60-10) (Yeast) (Pichia ciferrii),wickerhamomyces ciferrii,False,False,False,False,False,False,0
proteome:UP000010087,target_bacteria,proteome,3,884204,Burkholderia pseudomallei (strain 1026b),burkholderia pseudomallei,False,True,True,True,True,True,159
proteome:UP000010091,target_fungi,proteome,29,235443,Cryptococcus neoformans (strain H99 / ATCC 208821 / CBS 10515 / FGSC 9487) (Cryptococcus neoformans var. grubii serotype A),cryptococcus neoformans,False,False,False,False,False,False,0
proteome:UP000010296,target_bacteria,proteome,1,888064,Enterococcus italicus (strain DSM 15952 / CCUG 50447 / LMG 22039 / TP 1.5),enterococcus italicus,False,True,True,True,True,True,171
proteome:UP000010716,target_bacteria,proteome,1,986075,Caldalkalibacillus thermarum (strain TA2.A1),caldalkalibacillus thermarum,False,True,True,True,True,True,147
proteome:UP000010809,target_bacteria,proteome,1,1255043,Thioalkalivibrio nitratireducens (strain DSM 14787 / UNIQEM 213 / ALEN2),thioalkalivibrio nitratireducens,False,True,True,True,True,True,132
proteome:UP000010931,target_bacteria,proteome,1,698760,Streptomyces turgidiscabies (strain Car8),streptomyces turgidiscabies,False,True,True,True,True,True,145
proteome:UP000011086,target_fungi,proteome,6,1143189,Pyricularia oryzae (strain Y34) (Rice blast fungus) (Magnaporthe oryzae),pyricularia oryzae,False,False,False,False,False,False,0
proteome:UP000011173,target_bacteria,proteome,1,592029,Nonlabens dokdonensis (strain DSM 17205 / KCTC 12402 / DSW-6) (Donghaeana dokdonensis),nonlabens dokdonensis,False,False,False,False,False,True,0
proteome:UP000011185,target_fungi,proteome,1,72359,Trachipleistophora hominis (Microsporidian parasite),trachipleistophora hominis,False,False,False,False,False,False,0
proteome:UP000011524,target_archaea,proteome,3,1227453,Haloarcula japonica (strain ATCC 49778 / DSM 6131 / JCM 7785 / NBRC 101032 / NCIMB 13157 / TR-1),haloarcula japonica,False,False,False,False,False,True,0
proteome:UP000011559,target_archaea,proteome,1,1227461,Haloferax prahovense (strain DSM 18310 / JCM 13924 / TL6),haloferax prahovense,False,False,False,False,False,True,0
proteome:UP000011571,target_archaea,proteome,1,1227459,Haloferax gibbonsii (strain ATCC 33959 / DSM 4427 / JCM 8863 / NBRC 102184 / NCIMB 2188 / Ma 2.38),haloferax gibbonsii,False,False,False,False,False,True,0
proteome:UP000011740,target_bacteria,proteome,1,1223523,Streptomyces mobaraensis (strain ATCC 29032 / DSM 40847 / JCM 4168 / NBRC 13819 / NCIMB 11159 / IPCR 16-22),streptomyces mobaraensis,False,True,True,True,True,True,164
proteome:UP000011863,target_bacteria,proteome,1,1313172,Ilumatobacter coccineus (strain NBRC 103263 / KCTC 29153 / YM16-304),ilumatobacter coccineus,False,True,True,True,True,True,136
proteome:UP000012076,target_archaea,proteome,1,1054217,Thermoplasmatales archaeon (strain BRNA1),thermoplasmatales archaeon,False,False,False,False,False,True,0
proteome:UP000012174,target_fungi,proteome,1,1287681,Eutypa lata (strain UCR-EL1) (Grapevine dieback disease fungus) (Eutypa armeniacae),eutypa lata,False,False,False,False,False,False,0
proteome:UP000012338,target_fungi,proteome,4,665024,Cochliobolus heterostrophus (strain C4 / ATCC 48331 / race T) (Southern corn leaf blight fungus) (Bipolaris maydis),cochliobolus heterostrophus,False,False,False,False,False,False,0
proteome:UP000012672,target_archaea,proteome,1,1236689,Methanomethylophilus alvi (strain Mx1201),methanomethylophilus alvi,False,True,True,True,True,True,133
proteome:UP000013192,target_fungi,proteome,2,889517,Saccharomyces cerevisiae (strain CEN.PK113-7D) (Baker's yeast),saccharomyces cerevisiae,False,False,False,False,False,False,0
proteome:UP000013232,target_bacteria,proteome,1,1123367,Thauera linaloolentis (strain DSM 12138 / JCM 21573 / CCUG 41526 / CIP 105981 / IAM 15112 / NBRC 102519 / 47Lol),thauera linaloolentis,False,True,True,True,True,True,149
proteome:UP000013940,target_bacteria,proteome,1,1124983,Pseudomonas protegens (strain DSM 19095 / LMG 27888 / CFBP 6595 / CHA0),pseudomonas protegens,False,True,True,True,True,True,147
proteome:UP000014064,target_fungi,proteome,2,1299270,Wallemia ichthyophaga (strain EXF-994 / CBS 113033),wallemia ichthyophaga,False,False,False,False,False,False,0
proteome:UP000014070,target_archaea,proteome,1,1295009,Methanomassiliicoccus intestinalis (strain Issoire-Mx1),candidatus methanomassiliicoccus intestinalis,False,True,False,True,True,True,132
proteome:UP000014463,target_bacteria,proteome,2,1121939,Litchfieldella anticariensis (strain DSM 16096 / CECT 5854 / CIP 108499 / LMG 22089 / FP35) (Halomonas anticariensis),litchfieldella anticariensis,False,True,True,True,True,True,173
proteome:UP000014480,target_fungi,proteome,5,1213857,Colletotrichum orbiculare (strain 104-T / ATCC 96160 / CBS 514.97 / LARS 414 / MAFF 240422) (Cucumber anthracnose fungus) (Colletotrichum lagenarium),colletotrichum orbiculare,False,False,False,False,False,False,0
proteome:UP000014535,target_bacteria,proteome,1,1192586,Salmonella enteritidis (strain 2009K0958),salmonella enterica,False,True,False,True,True,True,210
proteome:UP000015502,target_archaea,proteome,10,523849,Thermococcus litoralis (strain ATCC 51850 / DSM 5473 / JCM 8560 / NS-C),thermococcus litoralis,False,True,True,True,True,True,134
proteome:UP000015530,target_fungi,proteome,1,1237896,Colletotrichum gloeosporioides (strain Cg-14) (Anthracnose fungus) (Glomerella cingulata),colletotrichum gloeosporioides,False,False,False,False,False,False,0
proteome:UP000016160,target_bacteria,proteome,5,1347342,Formosa agariphila (strain DSM 15362 / KCTC 12365 / LMG 23005 / KMM 3901 / M-2Alg 35-1),formosa agariphila,False,False,False,False,False,True,0
proteome:UP000016587,target_bacteria,proteome,1,1121448,Megalodesulfovibrio gigas (strain ATCC 19364 / DSM 1382 / NCIMB 9332 / VKM B-1759) (Desulfovibrio gigas),megalodesulfovibrio gigas,False,True,True,True,True,True,137
proteome:UP000016714,target_bacteria,proteome,1,1219076,Vibrio alginolyticus (strain ATCC 17749 / DSM 2171 / NBRC 15630 / NCIMB 1903 / NCTC 12160 / XII-53),vibrio alginolyticus,False,True,True,True,True,True,184
proteome:UP000016800,target_fungi,proteome,17,1279085,Gibberella fujikuroi (strain CBS 195.34 / IMI 58289 / NRRL A-6831) (Bakanae and foot rot disease fungus) (Fusarium fujikuroi),fusarium fujikuroi,False,False,False,False,False,False,0
proteome:UP000016801,target_fungi,proteome,13,1111077,Claviceps purpurea (strain 20.1) (Ergot fungus) (Sphacelia segetum),claviceps purpurea,False,False,False,False,False,False,0
proteome:UP000016922,target_fungi,proteome,2,1116229,Glarea lozoyensis (strain ATCC 20868 / MF5171),glarea lozoyensis,False,False,False,False,False,False,0
proteome:UP000016930,target_fungi,proteome,1,914234,Ceriporiopsis subvermispora (strain B) (White-rot fungus) (Gelatoporia subvermispora),ceriporiopsis subvermispora,False,False,False,False,False,False,0
proteome:UP000016932,target_fungi,proteome,3,383855,Pseudocercospora fijiensis (strain CIRAD86) (Black leaf streak disease fungus) (Mycosphaerella fijiensis),pseudocercospora fijiensis,False,False,False,False,False,False,0
proteome:UP000016933,target_fungi,proteome,6,675120,Dothistroma septosporum (strain NZE10 / CBS 128990) (Red band needle blight fungus) (Mycosphaerella pini),dothistroma septosporum,False,False,False,False,False,False,0
proteome:UP000016936,target_fungi,proteome,3,701091,Cochliobolus heterostrophus (strain C5 / ATCC 48332 / race O) (Southern corn leaf blight fungus) (Bipolaris maydis),cochliobolus heterostrophus,False,False,False,False,False,False,0
proteome:UP000017396,target_bacteria,proteome,1,1183438,Gloeobacter kilaueensis (strain ATCC BAA-2537 / CCAP 1431/1 / ULC 316 / JS1),gloeobacter kilaueensis,False,False,False,False,False,True,0
proteome:UP000017700,target_bacteria,proteome,2,104623,Serratia sp. (strain ATCC 39006) (Prodigiosinella confusarubida),serratia sp.,True,False,False,True,True,True,130
proteome:UP000017820,target_bacteria,proteome,2,1353533,Pseudoalteromonas luteoviolacea (strain 2ta16),pseudoalteromonas luteoviolacea,False,True,True,True,True,True,153
proteome:UP000018458,target_bacteria,proteome,1,762983,Succinatimonas hippei (strain DSM 22608 / JCM 16073 / KCTC 15190 / YIT 12066),succinatimonas hippei,False,True,True,True,True,True,144
proteome:UP000018690,target_bacteria,proteome,1,1073375,Mediterraneibacter gnavus (strain CC55_001C),mediterraneibacter gnavus,False,True,True,True,True,True,166
proteome:UP000018922,target_bacteria,proteome,2,431944,Magnetospirillum gryphiswaldense (strain DSM 6361 / JCM 21280 / NBRC 15271 / MSR-1),magnetospirillum gryphiswaldense,False,True,True,True,True,True,133
proteome:UP000019095,target_bacteria,proteome,1,1247726,Advenella mimigardefordensis (strain DSM 17166 / LMG 22922 / DPN7),advenella mimigardefordensis,False,True,True,True,True,True,144
proteome:UP000019322,target_bacteria,proteome,1,1150621,Sulfurospirillum multivorans (strain DM 12446 / JCM 15788 / NBRC 109480),sulfurospirillum multivorans,False,True,True,True,True,True,134
proteome:UP000019462,target_fungi,proteome,1,84754,Moesziomyces aphidis (Pseudozyma aphidis),moesziomyces aphidis,False,False,False,False,False,False,0
proteome:UP000019804,target_fungi,proteome,3,1388766,Aspergillus ruber (strain CBS 135680),aspergillus ruber,False,False,False,False,False,False,0
proteome:UP000019805,target_bacteria,proteome,5,1437824,Castellaniella defragrans (strain DSM 12143 / CCUG 39792 / 65Phen) (Alcaligenes defragrans),castellaniella defragrans,False,True,True,True,True,True,165
proteome:UP000020595,target_bacteria,proteome,1,1310613,Acinetobacter baumannii (strain 1295743),acinetobacter baumannii,False,True,True,True,True,True,186
proteome:UP000022141,target_bacteria,proteome,1,522306,Accumulibacter regalis,accumulibacter regalis,False,False,False,False,False,True,0
proteome:UP000024376,target_fungi,proteome,2,1344414,Hypocrea jecorina (strain ATCC 56765 / BCRC 32924 / NRRL 11460 / Rut C-30) (Trichoderma reesei),hypocrea jecorina,False,False,False,False,False,False,0
proteome:UP000025229,target_bacteria,proteome,1,42256,Rubrobacter radiotolerans (Arthrobacter radiotolerans),rubrobacter radiotolerans,True,True,True,True,True,True,101
proteome:UP000025231,target_bacteria,proteome,1,1248823,Escherichia coli O145:H28 (strain RM12581),escherichia coli,False,True,False,True,True,True,218
proteome:UP000027222,target_fungi,proteome,1,685588,Galerina marginata (strain CBS 339.88),galerina marginata,False,False,False,False,False,False,0
proteome:UP000027395,target_bacteria,proteome,1,388467,Planktothrix agardhii (strain NIVA-CYA 126/8),planktothrix agardhii,False,False,False,False,False,True,0
proteome:UP000027602,target_bacteria,proteome,1,796606,Bacillus methanolicus (strain MGA3 / ATCC 53907),bacillus methanolicus,False,True,True,True,True,True,134
proteome:UP000028341,target_bacteria,proteome,2,55952,Streptomyces toyocaensis,streptomyces toyocaensis,True,True,True,True,True,True,133
proteome:UP000028640,target_bacteria,proteome,1,910964,Ewingella americana (strain ATCC 33852 / DSM 4580 / CCUG 14506 / JCM 5911 / LMG 7869 / NCTC 12157 / CDC 1468-78),ewingella americana,False,True,True,True,True,True,172
proteome:UP000029445,target_fungi,proteome,3,294750,Cryptococcus deuterogattii (strain R265) (Cryptococcus gattii VGII (strain R265)),cryptococcus deuterogattii,False,False,False,False,False,False,0
proteome:UP000029482,target_bacteria,proteome,1,1907,Streptomyces glaucescens,streptomyces glaucescens,True,True,True,True,True,False,147
proteome:UP000029518,target_bacteria,proteome,3,160799,Paenibacillus borealis,paenibacillus borealis,True,True,True,True,True,False,160
proteome:UP000030143,target_fungi,proteome,14,27334,Penicillium expansum (Blue mold rot fungus),penicillium expansum,False,False,False,False,False,False,0
proteome:UP000030624,target_archaea,proteome,1,565033,Geoglobus acetivorans,geoglobus acetivorans,True,True,True,True,True,False,132
proteome:UP000030651,target_fungi,proteome,4,1229662,Pestalotiopsis fici (strain W106-1 / CGMCC3.15140),pestalotiopsis fici,False,False,False,False,False,False,0
proteome:UP000030671,target_fungi,proteome,1,747525,Heterobasidion irregulare (strain TC 32-1),heterobasidion irregulare,False,False,False,False,False,False,0
proteome:UP000030686,target_fungi,proteome,20,1365484,Penicillium roqueforti (strain FM164),penicillium roqueforti,False,False,False,False,False,False,0
proteome:UP000031014,target_bacteria,proteome,2,1321606,Mesobacillus selenatarsenatis (strain DSM 18680 / JCM 14380 / FERM P-15431 / SF-1),mesobacillus selenatarsenatis,False,True,True,True,True,True,145
proteome:UP000031192,target_fungi,proteome,1,1276136,Metarhizium guizhouense (strain ARSEF 977),metarhizium guizhouense,False,False,False,False,False,False,0
proteome:UP000031523,target_bacteria,proteome,1,1081613,Streptomyces albus (strain ATCC 21838 / DSM 41398 / FERM P-419 / JCM 4703 / NBRC 107858),streptomyces albus,False,True,True,True,True,True,175
proteome:UP000031563,target_bacteria,proteome,1,1221996,Bacillus thermotolerans (Quasibacillus thermotolerans),bacillus thermotolerans,True,True,True,True,True,True,143
proteome:UP000032522,target_bacteria,proteome,1,1462,Geobacillus kaustophilus,geobacillus kaustophilus,True,True,True,True,True,True,156
proteome:UP000032707,target_bacteria,proteome,4,909420,Neisseria meningitidis serogroup B / serotype 15 (strain H44/76),neisseria meningitidis,False,True,False,True,True,True,189
proteome:UP000032841,target_bacteria,proteome,1,1182590,Ectopseudomonas oleovorans (strain CECT 5344) (Pseudomonas pseudoalcaligenes),ectopseudomonas oleovorans,False,True,True,True,True,True,174
proteome:UP000033540,target_fungi,proteome,9,1403190,Aspergillus parasiticus (strain ATCC 56775 / NRRL 5862 / SRRC 143 / SU-1),aspergillus parasiticus,False,False,False,False,False,False,0
proteome:UP000033699,target_bacteria,proteome,7,359131,Streptomyces rubellomurinus (strain ATCC 31215),streptomyces rubellomurinus,True,True,True,True,True,True,130
proteome:UP000034098,target_bacteria,proteome,3,69370,Microbacterium trichothecenolyticum (Aureobacterium trichothecenolyticum),microbacterium trichothecenolyticum,True,True,True,True,True,False,149
proteome:UP000034112,target_fungi,proteome,1,5544,Trichoderma harzianum (Hypocrea lixii),trichoderma harzianum,False,False,False,False,False,False,0
proteome:UP000035016,target_bacteria,proteome,1,1437453,Streptomyces leeuwenhoekii,streptomyces leeuwenhoekii,True,True,True,True,True,True,135
proteome:UP000035170,target_bacteria,proteome,1,34073,Variovorax paradoxus,variovorax paradoxus,True,True,True,True,True,True,165
proteome:UP000036338,target_bacteria,proteome,2,292,Burkholderia cepacia (Pseudomonas cepacia),burkholderia cepacia,True,True,True,True,True,True,184
proteome:UP000037084,target_bacteria,proteome,1,1961,Streptomyces virginiae (Streptomyces cinnamonensis),streptomyces virginiae,True,True,True,True,True,True,149
proteome:UP000037395,target_bacteria,proteome,2,1894,Kitasatospora aureofaciens (Streptomyces aureofaciens),kitasatospora aureofaciens,True,True,True,True,True,True,167
proteome:UP000037505,target_fungi,proteome,2,1509407,Aspergillus nomiae NRRL (strain ATCC 15546 / NRRL 13137 / CBS 260.88 / M93),aspergillus nomiae,False,False,False,False,False,False,0
proteome:UP000037566,target_bacteria,proteome,1,33995,Komagataeibacter europaeus (Gluconacetobacter europaeus),komagataeibacter europaeus,True,True,True,True,True,True,138
proteome:UP000037660,target_bacteria,proteome,2,1547922,Piscinibacter sakaiensis (Ideonella sakaiensis),piscinibacter sakaiensis,True,True,True,True,True,True,157
proteome:UP000042958,target_fungi,proteome,5,104259,Penicillium brasilianum,penicillium brasilianum,False,False,False,False,False,False,0
proteome:UP000044098,target_bacteria,proteome,1,1287736,Achromobacter aegrifaciens,achromobacter aegrifaciens,True,True,True,True,True,True,153
proteome:UP000051487,target_fungi,proteome,1,293939,Aspergillus lentulus,aspergillus lentulus,False,False,False,False,False,False,0
proteome:UP000052015,target_bacteria,proteome,1,908809,Caloramator mitchellensis,caloramator mitchellensis,True,True,True,True,True,True,146
proteome:UP000053095,target_fungi,proteome,1,128442,Talaromyces pinophilus (Penicillium pinophilum),talaromyces pinophilus,False,False,False,False,False,False,0
proteome:UP000053317,target_fungi,proteome,2,158046,Phaeomoniella chlamydospora (Phaeoacremonium chlamydosporum),phaeomoniella chlamydospora,False,False,False,False,False,False,0
proteome:UP000053475,target_fungi,proteome,2,40382,Aspergillus ustus,aspergillus ustus,False,False,False,False,False,False,0
proteome:UP000053789,target_fungi,proteome,1,1442370,Cladophialophora bantiana (strain ATCC 10958 / CBS 173.52 / CDC B-1940 / NIH 8579) (Xylohypha bantiana),xylohypha bantiana,False,False,False,False,False,False,0
proteome:UP000053831,target_fungi,proteome,5,150374,Escovopsis weberi,escovopsis weberi,False,False,False,False,False,False,0
proteome:UP000053841,target_fungi,proteome,1,930089,Cochliobolus carbonum (strain 26-R-13) (Maize leaf spot fungus) (Bipolaris zeicola),cochliobolus carbonum,False,False,False,False,False,False,0
proteome:UP000053927,target_fungi,proteome,4,721885,Stereum hirsutum (strain FP-91666) (White-rot fungus),stereum hirsutum,False,False,False,False,False,False,0
proteome:UP000053958,target_fungi,proteome,1,1408163,Rasamsonia emersonii (strain ATCC 16479 / CBS 393.64 / IMI 116815),rasamsonia emersonii,False,False,False,False,False,False,0
proteome:UP000054053,target_fungi,proteome,2,1159556,Ustilaginoidea virens (Rice false smut fungus) (Villosiclava virens),ustilaginoidea virens,False,False,False,False,False,False,0
proteome:UP000054078,target_bacteria,proteome,1,1299998,Tractidigestivibacter scatoligenes (Olsenella scatoligenes),tractidigestivibacter scatoligenes,True,True,True,True,True,True,149
proteome:UP000054166,target_fungi,proteome,1,765440,Piloderma croceum (strain F 1598),piloderma croceum,False,False,False,False,False,False,0
proteome:UP000054270,target_fungi,proteome,1,945553,Hypholoma sublateritium (strain FD-334 SS-4),hypholoma sublateritium,False,False,False,False,False,False,0
proteome:UP000054279,target_fungi,proteome,1,990650,Sphaerobolus stellatus (strain SS14),sphaerobolus stellatus,False,False,False,False,False,False,0
proteome:UP000054317,target_fungi,proteome,1,717944,Trametes versicolor (strain FP-101664) (White-rot fungus) (Coriolus versicolor),trametes versicolor,False,False,False,False,False,False,0
proteome:UP000054383,target_fungi,proteome,1,28573,Talaromyces islandicus (Penicillium islandicum),talaromyces islandicus,False,False,False,False,False,False,0
proteome:UP000054454,target_fungi,proteome,1,1408658,Pneumocystis carinii (strain B80) (Rat pneumocystis pneumonia agent) (Pneumocystis carinii f. sp. carinii),pneumocystis carinii,False,False,False,False,False,False,0
proteome:UP000054549,target_fungi,proteome,1,946122,Amanita muscaria (strain Koide BX008),amanita muscaria,False,False,False,False,False,False,0
proteome:UP000054771,target_fungi,proteome,6,454130,Aspergillus calidoustus,aspergillus calidoustus,False,False,False,False,False,False,0
proteome:UP000058290,target_archaea,proteome,1,1495144,Thermoplasmatales archaeon (strain ISO4-H5),thermoplasmatales archaeon,False,False,False,False,False,True,0
proteome:UP000058660,target_bacteria,proteome,2,498848,Thermus aquaticus (strain ATCC BAA-2747 / Y51MC23),thermus aquaticus,False,True,True,True,True,True,135
proteome:UP000060513,target_bacteria,proteome,1,38300,Streptomyces pristinaespiralis,streptomyces pristinaespiralis,True,True,True,True,True,True,134
proteome:UP000061018,target_bacteria,proteome,2,278992,Streptomyces ambofaciens (strain ATCC 23877 / 3486 / DSM 40053 / JCM 4204 / NBRC 12836 / NRRL B-2516),streptomyces ambofaciens,False,True,True,True,True,True,167
proteome:UP000062255,target_bacteria,proteome,2,134601,Mycolicibacterium goodii (Mycobacterium goodii),mycolicibacterium goodii,True,True,True,True,True,False,135
proteome:UP000063234,target_bacteria,proteome,2,1298851,Thermosulfidibacter takaii (strain DSM 17441 / JCM 13301 / NBRC 103674 / ABI70S6),thermosulfidibacter takaii,False,True,True,True,True,True,139
proteome:UP000065495,target_fungi,proteome,3,1003335,Kluyveromyces marxianus (strain DMKU3-1042 / BCC 29191 / NBRC 104275) (Yeast) (Candida kefyr),kluyveromyces marxianus,False,False,False,False,False,False,0
proteome:UP000066042,target_archaea,proteome,1,55802,Thermococcus barophilus,thermococcus barophilus,True,True,True,True,True,True,133
proteome:UP000066529,target_archaea,proteome,3,523844,Methanosarcina thermophila (strain ATCC 43570 / DSM 1825 / OCM 12 / VKM B-1830 / TM-1),methanosarcina thermophila,False,False,False,False,False,True,0
proteome:UP000067626,target_bacteria,proteome,1,52,Chondromyces crocatus,chondromyces crocatus,True,True,True,True,True,True,79
proteome:UP000070720,target_fungi,proteome,102,229533,Gibberella zeae (strain ATCC MYA-4620 / CBS 123657 / FGSC 9075 / NRRL 31084 / PH-1) (Wheat head blight fungus) (Fusarium graminearum),gibberella zeae,False,False,False,False,False,False,0
proteome:UP000072389,target_bacteria,proteome,1,470,Acinetobacter baumannii,acinetobacter baumannii,True,True,True,True,True,True,186
proteome:UP000075539,target_archaea,proteome,1,1803814,Theionarchaea archaeon (strain DG-70-1),theionarchaea archaeon,False,False,False,False,False,False,0
proteome:UP000075583,target_bacteria,proteome,1,279360,Roseivirga ehrenbergii (strain DSM 102268 / JCM 13514 / KCTC 12282 / NCIMB 14502 / KMM 6017),roseivirga ehrenbergii,False,False,False,False,False,True,0
proteome:UP000077428,target_archaea,proteome,1,66851,Methanobrevibacter oralis,methanobrevibacter oralis,False,False,False,False,False,True,0
proteome:UP000078559,target_fungi,proteome,2,578113,Cytospora mali (Apple Valsa canker fungus) (Valsa mali),cytospora mali,False,False,False,False,False,False,0
proteome:UP000093197,target_bacteria,proteome,1,817,Bacteroides fragilis,bacteroides fragilis,False,False,False,False,False,True,0
proteome:UP000094112,target_fungi,proteome,1,683960,Wickerhamomyces anomalus (strain ATCC 58044 / CBS 1984 / NCYC 433 / NRRL Y-366-8) (Yeast) (Hansenula anomala),wickerhamomyces anomalus,False,False,False,False,False,False,0
proteome:UP000094444,target_fungi,proteome,1,158607,Diaporthe helianthi,diaporthe helianthi,False,False,False,False,False,False,0
proteome:UP000094569,target_fungi,proteome,3,573508,Aspergillus cristatus (Chinese Fuzhuan brick tea-fermentation fungus) (Eurotium cristatum),aspergillus cristatus,False,False,False,False,False,False,0
proteome:UP000095358,target_fungi,proteome,3,29833,Hanseniaspora uvarum (Yeast) (Kloeckera apiculata),hanseniaspora uvarum,False,False,False,False,False,False,0
proteome:UP000176944,target_bacteria,proteome,2,1454205,Moorena producens (strain JHB),moorena producens,False,False,False,False,False,True,0
proteome:UP000177622,target_fungi,proteome,1,1835702,Penicillium arizonense,penicillium arizonense,False,False,False,False,False,False,0
proteome:UP000177798,target_fungi,proteome,1,665079,Sclerotinia sclerotiorum (strain ATCC 18683 / 1980 / Ss-1) (White mold) (Whetzelinia sclerotiorum),sclerotinia sclerotiorum,False,False,False,False,False,False,0
proteome:UP000179797,target_bacteria,proteome,1,915059,Flammeovirga pacifica,flammeovirga pacifica,False,False,False,False,False,True,0
proteome:UP000182412,target_bacteria,proteome,1,971,Selenomonas ruminantium,selenomonas ruminantium,True,True,True,True,True,True,156
proteome:UP000183015,target_bacteria,proteome,1,235985,Streptacidiphilus jiangxiensis,streptacidiphilus jiangxiensis,True,True,True,True,True,True,146
proteome:UP000183376,target_bacteria,proteome,2,211114,Allokutzneria albata (Kibdelosporangium albatum),allokutzneria albata,True,True,True,True,True,True,168
proteome:UP000183442,target_archaea,proteome,1,294671,Methanobrevibacter olleyae,methanobrevibacter olleyae,False,False,False,False,False,False,0
proteome:UP000183613,target_bacteria,proteome,2,882211,Pseudomonas deceptionensis,pseudomonas deceptionensis,True,True,True,True,True,True,148
proteome:UP000183971,target_fungi,proteome,2,1227346,Fusarium proliferatum (strain ET1) (Orchid endophyte fungus),gibberella intermedia,False,False,False,False,False,False,0
proteome:UP000183987,target_bacteria,proteome,1,366533,Loktanella atrilutea,loktanella atrilutea,True,True,True,True,True,True,105
proteome:UP000184255,target_fungi,proteome,2,192010,Fusarium mangiferae (Mango malformation disease fungus),fusarium mangiferae,False,False,False,False,False,False,0
proteome:UP000184499,target_fungi,proteome,2,767769,Aspergillus brasiliensis (strain CBS 101740 / IMI 381727 / IBT 21946),aspergillus brasiliensis,False,False,False,False,False,False,0
proteome:UP000184546,target_fungi,proteome,14,690307,Aspergillus aculeatus (strain ATCC 16872 / CBS 172.66 / WB 5094),aspergillus aculeatus,False,False,False,False,False,False,0
proteome:UP000188276,target_bacteria,proteome,1,1123498,Vibrio ruber (strain DSM 16370 / JCM 11486 / BCRC 17186 / CECT 7878 / LMG 23124 / VR1),vibrio ruber,False,True,True,True,True,True,121
proteome:UP000188318,target_fungi,proteome,2,602072,Aspergillus carbonarius (strain ITEM 5010),aspergillus carbonarius,False,False,False,False,False,False,0
proteome:UP000189513,target_fungi,proteome,1,36022,Cyberlindnera fabianii (Yeast) (Hansenula fabianii),cyberlindnera fabianii,False,False,False,False,False,False,0
proteome:UP000190423,target_bacteria,proteome,1,261392,Treponema porcinum,treponema porcinum,True,True,True,True,True,True,143
proteome:UP000192391,target_bacteria,proteome,3,1736,Eubacterium limosum,eubacterium limosum,True,True,True,True,True,False,155
proteome:UP000194546,target_bacteria,proteome,1,196367,Caballeronia sordidicola (Burkholderia sordidicola),caballeronia sordidicola,True,True,True,True,True,False,155
proteome:UP000194841,target_bacteria,proteome,1,107327,Pseudoalteromonas ulvae,pseudoalteromonas ulvae,True,True,True,True,True,True,143
proteome:UP000194857,target_bacteria,proteome,1,287,Pseudomonas aeruginosa,pseudomonas aeruginosa,True,True,True,True,True,True,219
proteome:UP000196240,target_bacteria,proteome,1,40214,Acinetobacter johnsonii,acinetobacter johnsonii,True,True,True,True,True,True,164
proteome:UP000198251,target_bacteria,proteome,1,47858,Micromonospora echinofusca,micromonospora echinofusca,True,True,True,True,True,False,150
proteome:UP000198521,target_bacteria,proteome,1,1038014,Aquimarina amphilecti,aquimarina amphilecti,False,False,False,False,False,True,0
proteome:UP000198757,target_bacteria,proteome,1,1285928,Niabella drilacis (strain DSM 25811 / CCM 8410 / CCUG 62505 / LMG 26954 / E90),niabella drilacis,False,False,False,False,False,False,0
proteome:UP000199213,target_bacteria,proteome,1,995066,Actinopolyspora mzabensis,actinopolyspora mzabensis,True,True,True,True,True,True,91
proteome:UP000199228,target_bacteria,proteome,1,1732,Eubacterium oxidoreducens,eubacterium oxidoreducens,True,True,True,True,True,True,79
proteome:UP000199679,target_bacteria,proteome,1,652787,Mucilaginibacter mallensis,mucilaginibacter mallensis,False,False,False,False,False,True,0
proteome:UP000199700,target_bacteria,proteome,1,629680,Brevibacterium sandarakinum,brevibacterium sandarakinum,True,True,True,True,True,False,99
proteome:UP000214365,target_fungi,proteome,1,1441469,Talaromyces atroroseus,talaromyces atroroseus,False,False,False,False,False,False,0
proteome:UP000214746,target_bacteria,proteome,1,1977292,Paenibacillus xerothermodurans,paenibacillus xerothermodurans,True,True,True,True,True,True,106
proteome:UP000215305,target_fungi,proteome,7,41047,Aspergillus thermomutatus (Neosartorya pseudofischeri),aspergillus thermomutatus,False,False,False,False,False,False,0
proteome:UP000216408,target_archaea,proteome,1,2012527,Thermofilum sp. (strain ex4484_79),thermofilum sp.,False,False,False,False,False,False,0
proteome:UP000217768,target_bacteria,proteome,1,1764,Mycobacterium avium,mycobacterium avium,True,True,True,True,True,True,159
proteome:UP000217790,target_fungi,proteome,3,47427,Armillaria gallica (Bulbous honey fungus) (Armillaria bulbosa),armillaria gallica,False,False,False,False,False,False,0
proteome:UP000218811,target_fungi,proteome,1,742152,Wolfiporia cocos (strain MD-104) (Brown rot fungus),wolfiporia cocos,False,False,False,False,False,False,0
proteome:UP000219286,target_fungi,proteome,1,858221,Trichoderma parareesei (Filamentous fungus),trichoderma parareesei,False,False,False,False,False,False,0
proteome:UP000219338,target_fungi,proteome,1,47428,Armillaria ostoyae (Armillaria root rot fungus),armillaria ostoyae,False,False,False,False,False,False,0
proteome:UP000224634,target_fungi,proteome,2,1447883,Polytolypa hystricis (strain UAMH7299),polytolypa hystricis,False,False,False,False,False,False,0
proteome:UP000225433,target_bacteria,proteome,2,351679,Xenorhabdus hominickii,xenorhabdus hominickii,True,True,True,True,True,True,153
proteome:UP000230605,target_fungi,proteome,1,122368,Cercospora beticola (Sugarbeet leaf spot fungus),cercospora beticola,False,False,False,False,False,False,0
proteome:UP000233786,target_bacteria,proteome,1,60894,Saccharopolyspora spinosa,saccharopolyspora spinosa,True,True,True,True,True,True,152
proteome:UP000234254,target_fungi,proteome,5,1392248,Aspergillus campestris (strain IBT 28561),aspergillus campestris,False,False,False,False,False,False,0
proteome:UP000234474,target_fungi,proteome,13,1392255,Aspergillus novofumigatus (strain IBT 16806),aspergillus novofumigatus,False,False,False,False,False,False,0
proteome:UP000234585,target_fungi,proteome,3,41067,Aspergillus candidus,aspergillus candidus,False,False,False,False,False,False,0
proteome:UP000235786,target_fungi,proteome,1,1149755,Hyaloscypha variabilis (strain UAMH 11265 / GT02V1 / F) (Meliniomyces variabilis),hyaloscypha variabilis,False,False,False,False,False,False,0
proteome:UP000237718,target_bacteria,proteome,1,483013,Tritonibacter scottomollicae (Epibacterium scottomollicae),tritonibacter scottomollicae,True,True,True,True,True,True,150
proteome:UP000243498,target_fungi,proteome,2,1649241,Metarhizium rileyi (strain RCEF 4871) (Nomuraea rileyi),metarhizium rileyi,False,False,False,False,False,False,0
proteome:UP000243650,target_bacteria,proteome,3,1548213,Alkalicoccus urumqiensis (Bacillus urumqiensis),alkalicoccus urumqiensis,True,True,True,True,True,True,151
proteome:UP000247485,target_bacteria,proteome,1,571,Klebsiella oxytoca,klebsiella oxytoca,False,False,False,False,False,True,0
proteome:UP000249363,target_fungi,proteome,1,1196081,Talaromyces amestolkiae,talaromyces amestolkiae,False,False,False,False,False,False,0
proteome:UP000249619,target_fungi,proteome,1,183478,Stemphylium lycopersici (Tomato gray leaf spot disease fungus) (Thyrospora lycopersici),stemphylium lycopersici,False,False,False,False,False,False,0
proteome:UP000251714,target_fungi,proteome,1,948311,Gibberella intermedia (Bulb rot disease fungus) (Fusarium proliferatum),gibberella intermedia,False,False,False,False,False,False,0
proteome:UP000254519,target_bacteria,proteome,1,1474,Sporosarcina pasteurii (Bacillus pasteurii),sporosarcina pasteurii,True,True,True,True,True,True,164
proteome:UP000255518,target_bacteria,proteome,1,573,Klebsiella pneumoniae,klebsiella pneumoniae,False,False,False,False,False,True,0
proteome:UP000265325,target_bacteria,proteome,1,68268,Streptomyces showdoensis,streptomyces showdoensis,True,True,True,True,True,True,147
proteome:UP000268669,target_bacteria,proteome,1,633,Yersinia pseudotuberculosis,yersinia pseudotuberculosis,True,True,True,True,True,True,187
proteome:UP000269793,target_fungi,proteome,5,425264,Malassezia restricta (strain ATCC 96810 / NBRC 103918 / CBS 7877) (Seborrheic dermatitis infection agent),malassezia restricta,False,False,False,False,False,False,0
proteome:UP000272662,target_bacteria,proteome,1,562,Escherichia coli,escherichia coli,True,True,True,True,True,True,218
proteome:UP000275480,target_fungi,proteome,1,5059,Aspergillus flavus,aspergillus flavus,False,False,False,False,False,False,0
proteome:UP000276254,target_bacteria,proteome,1,2319844,Sphingomonas paeninsulae,sphingomonas paeninsulae,True,True,True,True,True,True,149
proteome:UP000280188,target_bacteria,proteome,1,1232575,Acidithiobacillus ferridurans,acidithiobacillus ferridurans,True,True,True,True,True,True,136
proteome:UP000283090,target_fungi,proteome,1,97331,Arthrobotrys flagrans (Nematode-trapping fungus) (Trichothecium flagrans),arthrobotrys flagrans,False,False,False,False,False,False,0
proteome:UP000283841,target_fungi,proteome,3,264951,Byssochlamys spectabilis (Paecilomyces variotii),byssochlamys spectabilis,False,False,False,False,False,False,0
proteome:UP000284375,target_fungi,proteome,3,252740,Cytospora chrysosperma (Cytospora canker fungus) (Sphaeria chrysosperma),cytospora chrysosperma,False,False,False,False,False,False,0
proteome:UP000287296,target_bacteria,proteome,2,1914933,Siminovitchia terrae (Bacillus terrae),siminovitchia terrae,True,True,True,True,True,True,156
proteome:UP000287701,target_bacteria,proteome,1,28251,Ornithobacterium rhinotracheale,ornithobacterium rhinotracheale,False,False,False,False,False,True,0
proteome:UP000291933,target_bacteria,proteome,1,433330,Propioniciclava tarda,propioniciclava tarda,True,True,True,True,True,True,146
proteome:UP000294847,target_fungi,proteome,2,318829,Pyricularia oryzae (Rice blast fungus) (Magnaporthe oryzae),pyricularia oryzae,False,False,False,False,False,False,0
proteome:UP000297245,target_fungi,proteome,1,1314807,Dendrothele bispora (strain CBS 962.96),dendrothele bispora,False,False,False,False,False,False,0
proteome:UP000298551,target_bacteria,proteome,1,303,Pseudomonas putida (Arthrobacter siderocapsulatus),pseudomonas putida,True,True,True,True,True,True,194
proteome:UP000305881,target_bacteria,proteome,1,95641,Methylotuvimicrobium buryatense (Methylomicrobium buryatense),methylotuvimicrobium buryatense,True,True,True,True,True,True,131
proteome:UP000309847,target_bacteria,proteome,1,941280,Escherichia coli O25b:H4,escherichia coli,False,True,False,True,True,True,218
proteome:UP000316968,target_bacteria,proteome,1,2583377,Saccharibacillus brassicae,saccharibacillus brassicae,True,True,True,True,True,True,156
proteome:UP000320707,target_fungi,proteome,1,61366,Fusarium oxysporum f. sp. cubense,fusarium oxysporum,False,False,False,False,False,False,0
proteome:UP000321555,target_bacteria,proteome,1,1742359,Cytobacillus dafuensis (Bacillus dafuensis),cytobacillus dafuensis,True,True,True,True,True,True,133
proteome:UP000321893,target_bacteria,proteome,1,33962,Lentilactobacillus kefiri (Lactobacillus kefiri),lentilactobacillus kefiri,True,True,True,True,True,True,157
proteome:UP000323483,target_bacteria,proteome,1,66821,Sulfurospirillum multivorans (Dehalospirillum multivorans),sulfurospirillum multivorans,True,True,True,True,True,True,134
proteome:UP000323946,target_bacteria,proteome,1,1837,Saccharopolyspora hirsuta,saccharopolyspora hirsuta,True,True,True,True,True,False,98
proteome:UP000324646,target_bacteria,proteome,1,2599308,Crassaminicella thermophila,crassaminicella thermophila,True,True,True,True,True,True,76
proteome:UP000325780,target_fungi,proteome,4,36643,Aspergillus avenaceus,aspergillus avenaceus,False,False,False,False,False,False,0
proteome:UP000325787,target_bacteria,proteome,1,103733,Saccharothrix syringae (Nocardiopsis syringae),saccharothrix syringae,True,True,True,True,True,True,153
proteome:UP000327236,target_bacteria,proteome,1,109790,Lactobacillus jensenii,lactobacillus jensenii,True,True,True,True,True,True,184
proteome:UP000471190,target_bacteria,proteome,1,398,Rhizobium tropici,rhizobium tropici,False,False,False,False,False,True,0
proteome:UP000501982,target_bacteria,proteome,1,823,Parabacteroides distasonis,parabacteroides distasonis,False,False,False,False,False,True,0
proteome:UP000543174,target_bacteria,proteome,3,412384,Priestia aryabhattai (Bacillus aryabhattai),priestia aryabhattai,True,True,True,True,True,True,150
proteome:UP000565468,target_bacteria,proteome,1,1330551,Paenibacillus lemnae,paenibacillus lemnae,True,True,True,True,True,True,131
proteome:UP000593892,target_bacteria,proteome,1,1473598,Paludibaculum fermentans,paludibaculum fermentans,True,True,True,True,True,True,99
proteome:UP000596276,target_fungi,proteome,5,332952,Aspergillus flavus (strain ATCC 200026 / FGSC A1120 / IAM 13836 / NRRL 3357 / JCM 12722 / SRRC 167),aspergillus flavus,False,False,False,False,False,False,0
proteome:UP000613401,target_fungi,proteome,1,474922,Colletotrichum gloeosporioides (Anthracnose fungus) (Glomerella cingulata),colletotrichum gloeosporioides,False,False,False,False,False,False,0
proteome:UP000637239,target_fungi,proteome,2,182096,Aspergillus chevalieri (Eurotium chevalieri),aspergillus chevalieri,False,False,False,False,False,False,0
proteome:UP000664032,target_fungi,proteome,12,181762,Psilocybe cubensis (Psychedelic mushroom) (Stropharia cubensis),psilocybe cubensis,False,False,False,False,False,False,0
proteome:UP000673383,target_bacteria,proteome,1,29448,Bradyrhizobium elkanii,bradyrhizobium elkanii,True,True,True,True,True,True,152
proteome:UP000694018,target_archaea,proteome,3,523848,Saccharolobus shibatae (strain ATCC 51178 / DSM 5389 / JCM 8931 / NBRC 15437 / B12) (Sulfolobus shibatae),saccharolobus shibatae,False,True,True,True,True,True,131
proteome:UP000756132,target_fungi,proteome,3,5499,Passalora fulva (Tomato leaf mold) (Cladosporium fulvum),passalora fulva,False,False,False,False,False,False,0
proteome:UP000800092,target_fungi,proteome,2,1048519,Viridothelium virens (Speckled blister lichen) (Trypethelium virens),viridothelium virens,False,False,False,False,False,False,0
proteome:UP000803844,target_fungi,proteome,1,660469,Cryphonectria parasitica (strain ATCC 38755 / EP155),cryphonectria parasitica,False,False,False,False,False,False,0
proteome:UP000825438,target_fungi,proteome,1,498019,Candidozyma auris (Yeast) (Candida auris),candidozyma auris,False,False,False,False,False,False,0
proteome:UP000839563,target_bacteria,proteome,1,623,Shigella flexneri,shigella flexneri,True,True,True,True,True,True,180
proteome:UP000889800,target_bacteria,proteome,199,1140,Synechococcus elongatus (strain ATCC 33912 / PCC 7942 / FACHB-805) (Anacystis nidulans R2),synechococcus elongatus,False,False,False,False,False,True,0
proteome:UP001154400,target_bacteria,proteome,1,685727,Rhodococcus hoagii (strain 103S) (Rhodococcus equi),rhodococcus hoagii,False,False,False,False,False,True,0
proteome:UP001154401,target_bacteria,proteome,85,471473,Chlamydia trachomatis serovar L2b (strain UCH-1/proctitis),chlamydia trachomatis,False,False,False,False,False,True,0
proteome:UP001154402,target_bacteria,proteome,90,471472,Chlamydia trachomatis serovar L2 (strain ATCC VR-902B / DSM 19102 / 434/Bu),chlamydia trachomatis,False,False,False,False,False,True,0
proteome:UP001179946,target_bacteria,proteome,1,562,Escherichia coli,escherichia coli,True,True,True,True,True,True,218
proteome:UP001221413,target_fungi,proteome,7,74499,Drechslerella dactyloides (Nematode-trapping fungus) (Arthrobotrys dactyloides),drechslerella dactyloides,False,False,False,False,False,False,0
proteome:UP001253851,target_bacteria,proteome,1,37734,Enterococcus casseliflavus (Enterococcus flavescens),enterococcus casseliflavus,True,True,True,True,True,True,178
proteome:UP001265746,target_fungi,proteome,1,1214568,Phomopsis amygdali (Fusicoccum amygdali),phomopsis amygdali,False,False,False,False,False,False,0
proteome:UP001305002,target_bacteria,proteome,3,116188,Streptomyces coeruleorubidus,streptomyces coeruleorubidus,True,True,True,True,True,True,151
proteome:UP001319861,target_bacteria,proteome,4,322009,Sinomonas cyclohexanicum (Corynebacterium cyclohexanicum),sinomonas cyclohexanicum,False,False,False,False,False,True,0
taxon:1001937|organism:hypoxylon sp. (strain ec38),target_fungi,taxon_organism,2,1001937,Hypoxylon sp. (strain EC38),hypoxylon sp.,False,False,False,False,False,False,0
taxon:100363|organism:prochlorococcus marinus subsp. pastoris (strain pcc 9511),target_bacteria,taxon_organism,2,100363,Prochlorococcus marinus subsp. pastoris (strain PCC 9511),prochlorococcus marinus,False,False,False,False,False,True,0
taxon:1004011|organism:mycobacterium sp. (strain js330),target_bacteria,taxon_organism,1,1004011,Mycobacterium sp. (strain JS330),mycobacterium sp.,False,False,False,False,False,False,0
taxon:100906|organism:nitrosomonas sp. (strain eni-11),target_bacteria,taxon_organism,1,100906,Nitrosomonas sp. (strain ENI-11),nitrosomonas sp.,False,False,False,False,False,False,0
taxon:100|organism:ancylobacter aquaticus,target_bacteria,taxon_organism,1,100,Ancylobacter aquaticus,ancylobacter aquaticus,True,True,True,True,True,False,78
taxon:101028|organism:fusarium pseudograminearum (wheat and barley crown-rot fungus),target_fungi,taxon_organism,1,101028,Fusarium pseudograminearum (Wheat and barley crown-rot fungus),fusarium pseudograminearum,False,False,False,False,False,False,0
taxon:101162|organism:cochliobolus miyabeanus (brown spot disease fungus) (bipolaris oryzae),target_fungi,taxon_organism,1,101162,Cochliobolus miyabeanus (Brown spot disease fungus) (Bipolaris oryzae),cochliobolus miyabeanus,False,False,False,False,False,False,0
taxon:1017264|organism:bordetella pertussis (strain cs),target_bacteria,taxon_organism,1,1017264,Bordetella pertussis (strain CS),bordetella pertussis,False,True,True,True,True,True,199
taxon:102632|organism:nocardioides sp. (strain kp7),target_bacteria,taxon_organism,3,102632,Nocardioides sp. (strain KP7),nocardioides sp.,False,False,False,False,False,False,0
taxon:1033177|organism:aspergillus kawachii (strain nbrc 4308) (white koji mold) (aspergillus awamori var. kawachi),target_fungi,taxon_organism,2,1033177,Aspergillus kawachii (strain NBRC 4308) (White koji mold) (Aspergillus awamori var. kawachi),aspergillus kawachii,False,False,False,False,False,False,0
taxon:103690|organism:nostoc sp. (strain pcc 7120 / sag 25.82 / utex 2576),target_bacteria,taxon_organism,277,103690,Nostoc sp. (strain PCC 7120 / SAG 25.82 / UTEX 2576),nostoc sp.,False,False,False,False,False,True,0
taxon:103796|organism:pseudomonas syringae pv. actinidiae,target_bacteria,taxon_organism,1,103796,Pseudomonas syringae pv. actinidiae,pseudomonas syringae,False,True,False,True,True,True,164
taxon:103798|organism:rhizobium sp. (strain n33),target_bacteria,taxon_organism,2,103798,Rhizobium sp. (strain N33),rhizobium sp.,False,False,False,False,False,False,0
taxon:103808|organism:rhodococcus sp. (strain ad45),target_bacteria,taxon_organism,2,103808,Rhodococcus sp. (strain AD45),rhodococcus sp.,False,False,False,False,False,True,0
taxon:104109|organism:rhodococcus sp. (strain mb1 bresler),target_bacteria,taxon_organism,1,104109,Rhodococcus sp. (strain MB1 Bresler),rhodococcus sp.,False,False,False,False,False,False,0
taxon:104259|organism:penicillium brasilianum,target_fungi,taxon_organism,6,104259,Penicillium brasilianum,penicillium brasilianum,False,False,False,False,False,False,0
taxon:1042876|organism:pseudomonas putida (strain dsm 28022 / s16),target_bacteria,taxon_organism,2,1042876,Pseudomonas putida (strain DSM 28022 / S16),pseudomonas putida,False,True,True,True,True,True,194
taxon:1044|organism:erythrobacter longus,target_bacteria,taxon_organism,1,1044,Erythrobacter longus,erythrobacter longus,False,False,False,False,False,True,0
taxon:104623|organism:serratia sp. (strain atcc 39006) (prodigiosinella confusarubida),target_bacteria,taxon_organism,3,104623,Serratia sp. (strain ATCC 39006) (Prodigiosinella confusarubida),serratia sp.,True,False,False,True,True,True,130
taxon:1046629|organism:streptococcus salivarius (strain 57.i),target_bacteria,taxon_organism,3,1046629,Streptococcus salivarius (strain 57.I),streptococcus salivarius,False,True,True,True,True,True,184
taxon:1047171|organism:zymoseptoria tritici (speckled leaf blotch fungus) (septoria tritici),target_fungi,taxon_organism,4,1047171,Zymoseptoria tritici (Speckled leaf blotch fungus) (Septoria tritici),zymoseptoria tritici,False,False,False,False,False,False,0
taxon:1048|organism:marichromatium gracile (chromatium gracile),target_bacteria,taxon_organism,2,1048,Marichromatium gracile (Chromatium gracile),marichromatium gracile,True,True,True,True,True,True,132
taxon:1049|organism:allochromatium vinosum (chromatium vinosum),target_bacteria,taxon_organism,1,1049,Allochromatium vinosum (Chromatium vinosum),allochromatium vinosum,True,True,True,True,True,True,137
taxon:1052|organism:halorhodospira halochloris (ectothiorhodospira halochloris),target_bacteria,taxon_organism,2,1052,Halorhodospira halochloris (Ectothiorhodospira halochloris),halorhodospira halochloris,True,True,True,True,True,True,133
taxon:1053222|organism:bacillus cereus (strain msx-d12),target_bacteria,taxon_organism,2,1053222,Bacillus cereus (strain MSX-D12),bacillus cereus,False,True,True,True,True,True,201
taxon:105351|organism:aspergillus awamori (black koji mold),target_fungi,taxon_organism,5,105351,Aspergillus awamori (Black koji mold),aspergillus awamori,False,False,False,False,False,False,0
taxon:1053|organism:halorhodospira halophila (ectothiorhodospira halophila),target_bacteria,taxon_organism,1,1053,Halorhodospira halophila (Ectothiorhodospira halophila),halorhodospira halophila,True,True,True,True,True,True,134
taxon:1057002|organism:rhizobium sp. (strain br816),target_bacteria,taxon_organism,2,1057002,Rhizobium sp. (strain BR816),rhizobium sp.,False,False,False,False,False,True,0
taxon:1058|organism:thiocapsa roseopersicina,target_bacteria,taxon_organism,7,1058,Thiocapsa roseopersicina,thiocapsa roseopersicina,True,True,True,True,True,True,81
taxon:1061|organism:rhodobacter capsulatus (rhodopseudomonas capsulata),target_bacteria,taxon_organism,53,1061,Rhodobacter capsulatus (Rhodopseudomonas capsulata),rhodobacter capsulatus,False,False,False,False,False,True,0
taxon:106323|organism:mycobacterium sp. (strain gp1),target_bacteria,taxon_organism,1,106323,Mycobacterium sp. (strain GP1),mycobacterium sp.,False,False,False,False,False,False,0
taxon:106355|organism:streptomyces thermocyaneoviolaceus,target_bacteria,taxon_organism,1,106355,Streptomyces thermocyaneoviolaceus,streptomyces thermocyaneoviolaceus,False,False,False,False,False,False,0
taxon:1063|organism:cereibacter sphaeroides (rhodobacter sphaeroides),target_bacteria,taxon_organism,33,1063,Cereibacter sphaeroides (Rhodobacter sphaeroides),cereibacter sphaeroides,True,True,True,True,True,True,159
taxon:106590|organism:cupriavidus necator (alcaligenes eutrophus) (ralstonia eutropha),target_bacteria,taxon_organism,14,106590,Cupriavidus necator (Alcaligenes eutrophus) (Ralstonia eutropha),cupriavidus necator,True,True,True,True,True,True,158
taxon:106592|organism:ensifer adhaerens (sinorhizobium morelense),target_bacteria,taxon_organism,2,106592,Ensifer adhaerens (Sinorhizobium morelense),ensifer adhaerens,False,False,False,False,False,True,0
taxon:106649|organism:acinetobacter guillouiae (acinetobacter genomosp. 11),target_bacteria,taxon_organism,5,106649,Acinetobacter guillouiae (Acinetobacter genomosp. 11),acinetobacter guillouiae,True,True,True,True,True,True,164
taxon:106654|organism:acinetobacter nosocomialis,target_bacteria,taxon_organism,1,106654,Acinetobacter nosocomialis,acinetobacter nosocomialis,True,True,True,True,True,True,148
taxon:1069201|organism:aspergillus kawachii (white koji mold) (aspergillus awamori var. kawachi),target_fungi,taxon_organism,2,1069201,Aspergillus kawachii (White koji mold) (Aspergillus awamori var. kawachi),aspergillus kawachii,False,False,False,False,False,False,0
taxon:1071056|organism:acidianus sp. (strain a1-3),target_archaea,taxon_organism,1,1071056,Acidianus sp. (strain A1-3),acidianus sp.,False,False,False,False,False,False,0
taxon:1075091|organism:clostridium sporogenes (strain atcc 7955 / dsm 767 / nbrc 16411 / ncimb 8053 / nctc 8594 / pa 3679),target_bacteria,taxon_organism,2,1075091,Clostridium sporogenes (strain ATCC 7955 / DSM 767 / NBRC 16411 / NCIMB 8053 / NCTC 8594 / PA 3679),clostridium sporogenes,False,True,True,True,True,True,180
taxon:1075|organism:fuscovulum blasticum (rhodobacter blasticus) (rhodopseudomonas blastica),target_bacteria,taxon_organism,3,1075,Fuscovulum blasticum (Rhodobacter blasticus) (Rhodopseudomonas blastica),fuscovulum blasticum,True,False,False,True,True,True,152
taxon:107673|organism:acinetobacter calcoaceticus subsp. anitratus,target_bacteria,taxon_organism,2,107673,Acinetobacter calcoaceticus subsp. anitratus,acinetobacter calcoaceticus,False,True,False,True,True,True,169
taxon:1076|organism:rhodopseudomonas palustris,target_bacteria,taxon_organism,1,1076,Rhodopseudomonas palustris,rhodopseudomonas palustris,True,True,True,True,True,True,151
taxon:1078016|organism:rhodococcus erythropolis (strain xp),target_bacteria,taxon_organism,4,1078016,Rhodococcus erythropolis (strain XP),rhodococcus erythropolis,False,True,True,True,True,True,170
taxon:1079|organism:blastochloris viridis (rhodopseudomonas viridis),target_bacteria,taxon_organism,2,1079,Blastochloris viridis (Rhodopseudomonas viridis),blastochloris viridis,True,True,True,True,True,False,139
taxon:1081613|organism:streptomyces albus (strain atcc 21838 / dsm 41398 / ferm p-419 / jcm 4703 / nbrc 107858),target_bacteria,taxon_organism,1,1081613,Streptomyces albus (strain ATCC 21838 / DSM 41398 / FERM P-419 / JCM 4703 / NBRC 107858),streptomyces albus,False,True,True,True,True,True,175
taxon:1081927|organism:pseudomonas aeruginosa (strain atcc 29260 / bcrc 12902 / cip 102967 / ncimb 11965 / pa103),target_bacteria,taxon_organism,1,1081927,Pseudomonas aeruginosa (strain ATCC 29260 / BCRC 12902 / CIP 102967 / NCIMB 11965 / PA103),pseudomonas aeruginosa,False,True,True,True,True,True,219
taxon:1081940|organism:pseudomonas putida (strain dsm 28064 / b6-2),target_bacteria,taxon_organism,1,1081940,Pseudomonas putida (strain DSM 28064 / B6-2),pseudomonas putida,False,True,True,True,True,True,194
taxon:1083|organism:magnetospirillum molischianum (rhodospirillum molischianum),target_bacteria,taxon_organism,1,1083,Magnetospirillum molischianum (Rhodospirillum molischianum),magnetospirillum molischianum,True,True,True,True,True,True,79
taxon:1085564|organism:virgaria nigra (botrytis nigra),target_fungi,taxon_organism,3,1085564,Virgaria nigra (Botrytis nigra),virgaria nigra,False,False,False,False,False,False,0
taxon:1085|organism:rhodospirillum rubrum,target_bacteria,taxon_organism,16,1085,Rhodospirillum rubrum,rhodospirillum rubrum,True,True,True,True,True,True,148
taxon:1092|organism:chlorobium limicola,target_bacteria,taxon_organism,2,1092,Chlorobium limicola,chlorobium limicola,False,False,False,False,False,True,0
taxon:109791|organism:burkholderia sp. (strain th2),target_bacteria,taxon_organism,1,109791,Burkholderia sp. (strain TH2),burkholderia sp.,False,False,False,False,False,False,0
taxon:1098|organism:prosthecochloris vibrioformis (chlorobium vibrioforme),target_bacteria,taxon_organism,2,1098,Prosthecochloris vibrioformis (Chlorobium vibrioforme),prosthecochloris vibrioformis,False,False,False,False,False,True,0
taxon:1105031|organism:clostridium sp. (strain mste9),target_bacteria,taxon_organism,5,1105031,Clostridium sp. (strain MSTE9),clostridium sp.,False,False,False,False,False,True,0
taxon:110662|organism:synechococcus sp. (strain cc9605),target_bacteria,taxon_organism,153,110662,Synechococcus sp. (strain CC9605),synechococcus sp.,False,False,False,False,False,True,0
taxon:1108|organism:chloroflexus aurantiacus,target_bacteria,taxon_organism,4,1108,Chloroflexus aurantiacus,chloroflexus aurantiacus,True,True,True,True,True,True,134
taxon:1111707|organism:synechocystis sp. (strain pcc 6803 / gt-s),target_bacteria,taxon_organism,2,1111707,Synechocystis sp. (strain PCC 6803 / GT-S),synechocystis sp. pcc 6803,False,False,False,False,False,True,0
taxon:111291|organism:moritella profunda,target_bacteria,taxon_organism,6,111291,Moritella profunda,moritella profunda,True,True,True,True,True,False,21
taxon:111292|organism:moritella abyssi,target_bacteria,taxon_organism,6,111292,Moritella abyssi,moritella abyssi,True,True,True,True,True,False,23
taxon:111519|organism:caldanaerobacter subterraneus subsp. yonseiensis (thermoanaerobacter yonseiensis),target_bacteria,taxon_organism,1,111519,Caldanaerobacter subterraneus subsp. yonseiensis (Thermoanaerobacter yonseiensis),caldanaerobacter subterraneus,False,True,False,True,True,True,140
taxon:1116375|organism:vibrio sp. (strain ejy3),target_bacteria,taxon_organism,2,1116375,Vibrio sp. (strain EJY3),vibrio sp.,False,False,False,False,False,True,0
taxon:1117943|organism:sinorhizobium fredii (strain hh103),target_bacteria,taxon_organism,1,1117943,Sinorhizobium fredii (strain HH103),rhizobium fredii,False,False,False,False,False,True,0
taxon:1120948|organism:actinomycetospora chiangmaiensis (strain dsm 45062 / jcm 15998 / cctcc aa 205017 / nbrc 104400 / yim 0006),target_bacteria,taxon_organism,1,1120948,Actinomycetospora chiangmaiensis (strain DSM 45062 / JCM 15998 / CCTCC AA 205017 / NBRC 104400 / YIM 0006),actinomycetospora chiangmaiensis,False,True,True,True,True,True,153
taxon:1121448|organism:megalodesulfovibrio gigas (strain atcc 19364 / dsm 1382 / ncimb 9332 / vkm b-1759) (desulfovibrio gigas),target_bacteria,taxon_organism,1,1121448,Megalodesulfovibrio gigas (strain ATCC 19364 / DSM 1382 / NCIMB 9332 / VKM B-1759) (Desulfovibrio gigas),megalodesulfovibrio gigas,False,True,True,True,True,True,137
taxon:112175|organism:humicola fuscoatra (tomato root rot fungus),target_fungi,taxon_organism,3,112175,Humicola fuscoatra (Tomato root rot fungus),humicola fuscoatra,False,False,False,False,False,False,0
taxon:1122179|organism:lewinella persica (strain atcc 23167 / dsm 23188 / nbrc 102663 / ncimb 1396 / t-3) (herpetosiphon persicus),target_bacteria,taxon_organism,1,1122179,Lewinella persica (strain ATCC 23167 / DSM 23188 / NBRC 102663 / NCIMB 1396 / T-3) (Herpetosiphon persicus),neolewinella persica,False,False,False,False,False,True,0
taxon:1123033|organism:psychrobacter lutiphocae (strain dsm 21542 / ccug 56590 / immib l-1110),target_bacteria,taxon_organism,1,1123033,Psychrobacter lutiphocae (strain DSM 21542 / CCUG 56590 / IMMIB L-1110),psychrobacter lutiphocae,False,True,True,True,True,True,144
taxon:1124983|organism:pseudomonas protegens (strain dsm 19095 / lmg 27888 / cfbp 6595 / cha0),target_bacteria,taxon_organism,4,1124983,Pseudomonas protegens (strain DSM 19095 / LMG 27888 / CFBP 6595 / CHA0),pseudomonas protegens,False,True,True,True,True,True,147
taxon:1126|organism:microcystis aeruginosa,target_bacteria,taxon_organism,5,1126,Microcystis aeruginosa,microcystis aeruginosa,False,False,False,False,False,True,0
taxon:1131|organism:synechococcus sp,target_bacteria,taxon_organism,1,1131,Synechococcus sp,synechococcus sp,False,False,False,False,False,False,0
taxon:1133850|organism:streptomyces hygroscopicus subsp. jinggangensis (strain 5008),target_bacteria,taxon_organism,5,1133850,Streptomyces hygroscopicus subsp. jinggangensis (strain 5008),streptomyces hygroscopicus,False,True,False,True,True,True,201
taxon:1133853|organism:escherichia coli o104:h4 (strain 2009el-2071),target_bacteria,taxon_organism,1,1133853,Escherichia coli O104:H4 (strain 2009EL-2071),escherichia coli,False,True,False,True,True,True,218
taxon:1134445|organism:streptomyces somaliensis (strain atcc 33201 / dsm 40738 / jcm 12659 / kctc 9044 / nctc 11332 / nrrl b-12077 / ip 733),target_bacteria,taxon_organism,1,1134445,Streptomyces somaliensis (strain ATCC 33201 / DSM 40738 / JCM 12659 / KCTC 9044 / NCTC 11332 / NRRL B-12077 / IP 733),streptomyces somaliensis,False,True,True,True,True,False,146
taxon:1144313|organism:flavobacterium sp. (strain cf136),target_bacteria,taxon_organism,1,1144313,Flavobacterium sp. (strain CF136),flavobacterium sp.,False,False,False,False,False,False,0
taxon:1144708|organism:pseudomonas sp. (strain gm41(2012)),target_bacteria,taxon_organism,1,1144708,Pseudomonas sp. (strain GM41(2012)),pseudomonas sp.),False,False,False,False,False,False,0
taxon:114525|organism:saccharomyces mikatae (yeast),target_fungi,taxon_organism,2,114525,Saccharomyces mikatae (Yeast),saccharomyces mikatae,False,False,False,False,False,False,0
taxon:114615|organism:bradyrhizobium sp. (strain ors 278),target_bacteria,taxon_organism,163,114615,Bradyrhizobium sp. (strain ORS 278),bradyrhizobium sp.,False,False,False,False,False,True,0
taxon:114630|organism:bacillus sp. (strain neb-606),target_bacteria,taxon_organism,1,114630,Bacillus sp. (strain NEB-606),bacillus sp.,False,False,False,False,False,False,0
taxon:1147|organism:synechocystis sp. (strain pcc 6714) (aphanocapsa sp. (strain pcc 6714)),target_bacteria,taxon_organism,1,1147,Synechocystis sp. (strain PCC 6714) (Aphanocapsa sp. (strain PCC 6714)),synechocystis sp.),False,False,False,False,False,True,0
taxon:1149133|organism:metapseudomonas furukawaii (pseudomonas furukawaii),target_bacteria,taxon_organism,8,1149133,Metapseudomonas furukawaii (Pseudomonas furukawaii),metapseudomonas furukawaii,True,True,True,True,True,True,150
taxon:1151187|organism:enterococcus faecalis (strain engen0062 / b16457),target_bacteria,taxon_organism,1,1151187,Enterococcus faecalis (strain EnGen0062 / B16457),enterococcus faecalis,False,True,True,True,True,True,207
taxon:1151252|organism:clostridioides difficile (strain cd3),target_bacteria,taxon_organism,1,1151252,Clostridioides difficile (strain CD3),clostridioides difficile,False,True,True,True,True,True,183
taxon:1151743|organism:burkholderia sp. (strain hme13),target_bacteria,taxon_organism,5,1151743,Burkholderia sp. (strain HME13),burkholderia sp.,False,False,False,False,False,False,0
taxon:1156966|organism:ogataea methanolica (yeast) (pichia methanolica),target_fungi,taxon_organism,1,1156966,Ogataea methanolica (Yeast) (Pichia methanolica),ogataea methanolica,False,False,False,False,False,False,0
taxon:1157|organism:spirulina sp,target_bacteria,taxon_organism,2,1157,Spirulina sp,spirulina sp,False,False,False,False,False,False,0
taxon:115852|organism:chlorobaculum thiosulfatiphilum (chlorobium limicola f.sp. thiosulfatophilum),target_bacteria,taxon_organism,1,115852,Chlorobaculum thiosulfatiphilum (Chlorobium limicola f.sp. thiosulfatophilum),chlorobaculum thiosulfatiphilum,False,False,False,False,False,True,0
taxon:1158653|organism:enterococcus faecalis (strain engen0310 / mmh594),target_bacteria,taxon_organism,1,1158653,Enterococcus faecalis (strain EnGen0310 / MMH594),enterococcus faecalis,False,True,True,True,True,True,207
taxon:115981|organism:salmonella montevideo,target_bacteria,taxon_organism,2,115981,Salmonella montevideo,salmonella enterica,False,True,False,True,True,True,210
taxon:116188|organism:streptomyces coeruleorubidus,target_bacteria,taxon_organism,4,116188,Streptomyces coeruleorubidus,streptomyces coeruleorubidus,True,True,True,True,True,True,151
taxon:1161912|organism:thermosipho africanus (strain h17ap60334),target_bacteria,taxon_organism,1,1161912,Thermosipho africanus (strain H17ap60334),thermosipho africanus,False,True,True,True,True,True,134
taxon:1164|organism:trichormus azollae (anabaena azollae),target_bacteria,taxon_organism,1,1164,Trichormus azollae (Anabaena azollae),trichormus azollae,False,False,False,False,False,True,0
taxon:1165|organism:anabaena cylindrica,target_bacteria,taxon_organism,1,1165,Anabaena cylindrica,anabaena cylindrica,False,False,False,False,False,True,0
taxon:1166|organism:dolichospermum flosaquae (anabaena flos-aquae),target_bacteria,taxon_organism,1,1166,Dolichospermum flosaquae (Anabaena flos-aquae),dolichospermum flosaquae,False,False,False,False,False,False,0
taxon:1168|organism:nostoc sp. (strain atcc 29151 / pcc 7119) (anabaena sp.),target_bacteria,taxon_organism,2,1168,Nostoc sp. (strain ATCC 29151 / PCC 7119) (Anabaena sp.),nostoc sp.,False,False,False,False,False,False,0
taxon:117187|organism:gibberella moniliformis (maize ear and stalk rot fungus) (fusarium verticillioides),target_fungi,taxon_organism,3,117187,Gibberella moniliformis (Maize ear and stalk rot fungus) (Fusarium verticillioides),gibberella moniliformis,False,False,False,False,False,False,0
taxon:1173061|organism:geotrichum candidum (oospora lactis) (dipodascus geotrichum),target_fungi,taxon_organism,2,1173061,Geotrichum candidum (Oospora lactis) (Dipodascus geotrichum),geotrichum candidum,False,False,False,False,False,False,0
taxon:1178|organism:nostoc commune,target_bacteria,taxon_organism,2,1178,Nostoc commune,nostoc commune,False,False,False,False,False,True,0
taxon:118101|organism:buchnera aphidicola subsp. diuraphis noxia,target_bacteria,taxon_organism,15,118101,Buchnera aphidicola subsp. Diuraphis noxia,buchnera aphidicola,False,True,False,True,True,True,133
taxon:118103|organism:buchnera aphidicola subsp. melaphis rhois,target_bacteria,taxon_organism,10,118103,Buchnera aphidicola subsp. Melaphis rhois,buchnera aphidicola,False,True,False,True,True,True,133
taxon:118105|organism:buchnera aphidicola subsp. macrosiphoniella ludovicianae,target_bacteria,taxon_organism,4,118105,Buchnera aphidicola subsp. Macrosiphoniella ludovicianae,buchnera aphidicola,False,True,False,True,True,True,133
taxon:118109|organism:buchnera aphidicola subsp. rhopalosiphum maidis,target_bacteria,taxon_organism,2,118109,Buchnera aphidicola subsp. Rhopalosiphum maidis,buchnera aphidicola,False,True,False,True,True,True,133
taxon:118110|organism:buchnera aphidicola subsp. schlechtendalia chinensis,target_bacteria,taxon_organism,13,118110,Buchnera aphidicola subsp. Schlechtendalia chinensis,buchnera aphidicola,False,True,False,True,True,True,133
taxon:118111|organism:buchnera aphidicola subsp. tetraneura caerulescens,target_bacteria,taxon_organism,1,118111,Buchnera aphidicola subsp. Tetraneura caerulescens,buchnera aphidicola,False,True,False,True,True,True,133
taxon:118112|organism:buchnera aphidicola subsp. uroleucon aeneum,target_bacteria,taxon_organism,2,118112,Buchnera aphidicola subsp. Uroleucon aeneum,buchnera aphidicola,False,True,False,True,True,True,133
taxon:118114|organism:buchnera aphidicola subsp. uroleucon rudbeckiae,target_bacteria,taxon_organism,2,118114,Buchnera aphidicola subsp. Uroleucon rudbeckiae,buchnera aphidicola,False,True,False,True,True,True,133
taxon:118115|organism:buchnera aphidicola subsp. uroleucon helianthicola,target_bacteria,taxon_organism,2,118115,Buchnera aphidicola subsp. Uroleucon helianthicola,buchnera aphidicola,False,True,False,True,True,True,133
taxon:118117|organism:buchnera aphidicola subsp. uroleucon ambrosiae,target_bacteria,taxon_organism,4,118117,Buchnera aphidicola subsp. Uroleucon ambrosiae,buchnera aphidicola,False,True,False,True,True,True,133
taxon:118118|organism:buchnera aphidicola subsp. uroleucon sonchi,target_bacteria,taxon_organism,4,118118,Buchnera aphidicola subsp. Uroleucon sonchi,buchnera aphidicola,False,True,False,True,True,True,133
taxon:118119|organism:buchnera aphidicola subsp. uroleucon obscurum,target_bacteria,taxon_organism,2,118119,Buchnera aphidicola subsp. Uroleucon obscurum,buchnera aphidicola,False,True,False,True,True,True,133
taxon:118121|organism:buchnera aphidicola subsp. uroleucon solidaginis,target_bacteria,taxon_organism,2,118121,Buchnera aphidicola subsp. Uroleucon solidaginis,buchnera aphidicola,False,True,False,True,True,True,133
taxon:118127|organism:chryseobacterium proteolyticum,target_bacteria,taxon_organism,1,118127,Chryseobacterium proteolyticum,chryseobacterium proteolyticum,False,False,False,False,False,False,0
taxon:118147|organism:moraxella sp. (strain b),target_bacteria,taxon_organism,2,118147,Moraxella sp. (strain B),moraxella sp.,False,False,False,False,False,False,0
taxon:1181734|organism:escherichia coli (strain kte188),target_bacteria,taxon_organism,1,1181734,Escherichia coli (strain KTE188),escherichia coli,False,True,True,True,True,True,218
taxon:1184|organism:leptolyngbya boryana (plectonema boryanum),target_bacteria,taxon_organism,5,1184,Leptolyngbya boryana (Plectonema boryanum),leptolyngbya boryana,False,False,False,False,False,True,0
taxon:118562|organism:limnospira platensis (arthrospira platensis),target_bacteria,taxon_organism,6,118562,Limnospira platensis (Arthrospira platensis),limnospira platensis,False,False,False,False,False,True,0
taxon:1191460|organism:acinetobacter venetianus (strain atcc 31012 / dsm 23050 / bcrc 14357 / ccug 45561 / cip 110063 / kctc 2702 / lmg 19082 / rag-1),target_bacteria,taxon_organism,1,1191460,Acinetobacter venetianus (strain ATCC 31012 / DSM 23050 / BCRC 14357 / CCUG 45561 / CIP 110063 / KCTC 2702 / LMG 19082 / RAG-1),acinetobacter venetianus,False,True,True,True,True,True,152
taxon:119602|organism:streptococcus dysgalactiae subsp. equisimilis (streptococcus equisimilis),target_bacteria,taxon_organism,4,119602,Streptococcus dysgalactiae subsp. equisimilis (Streptococcus equisimilis),streptococcus dysgalactiae,False,True,False,True,True,True,175
taxon:1197|organism:microchaete diplosiphon (fremyella diplosiphon),target_bacteria,taxon_organism,3,1197,Microchaete diplosiphon (Fremyella diplosiphon),microchaete diplosiphon,False,False,False,False,False,True,0
taxon:1202|organism:leptolyngbya ectocarpi (phormidium ectocarpi),target_bacteria,taxon_organism,1,1202,Leptolyngbya ectocarpi (Phormidium ectocarpi),leptolyngbya ectocarpi,False,False,False,False,False,True,0
taxon:1204414|organism:corynebacterium glutamicum (strain atcc 13032 / k051),target_bacteria,taxon_organism,3,1204414,Corynebacterium glutamicum (strain ATCC 13032 / K051),corynebacterium glutamicum,False,True,True,True,True,True,179
taxon:120645|organism:fusarium solani subsp. phaseoli (nectria haematococca),target_fungi,taxon_organism,3,120645,Fusarium solani subsp. phaseoli (Nectria haematococca),fusarium solani,False,False,False,False,False,False,0
taxon:1208|organism:trichodesmium thiebautii,target_bacteria,taxon_organism,1,1208,Trichodesmium thiebautii,trichodesmium thiebautii,False,False,False,False,False,True,0
taxon:121290|organism:hyphomicrobium sulfonivorans,target_bacteria,taxon_organism,1,121290,Hyphomicrobium sulfonivorans,hyphomicrobium sulfonivorans,True,True,True,True,True,True,135
taxon:121428|organism:sphingobium xenophagum,target_bacteria,taxon_organism,3,121428,Sphingobium xenophagum,sphingobium xenophagum,True,True,True,True,True,True,164
taxon:1214568|organism:phomopsis amygdali (fusicoccum amygdali),target_fungi,taxon_organism,5,1214568,Phomopsis amygdali (Fusicoccum amygdali),phomopsis amygdali,False,False,False,False,False,False,0
taxon:1216|organism:prochloron didemni,target_bacteria,taxon_organism,1,1216,Prochloron didemni,prochloron didemni,False,False,False,False,False,True,0
taxon:121759|organism:paracoccidioides brasiliensis,target_fungi,taxon_organism,4,121759,Paracoccidioides brasiliensis,paracoccidioides brasiliensis,False,False,False,False,False,False,0
taxon:1219356|organism:thauera butanivorans (strain atcc 43655 / dsm 2080 / jcm 20651 / ccug 51053 / nbrc 103042 / iam 12574 / bu b1211) (pseudomonas butanovora),target_bacteria,taxon_organism,2,1219356,Thauera butanivorans (strain ATCC 43655 / DSM 2080 / JCM 20651 / CCUG 51053 / NBRC 103042 / IAM 12574 / Bu B1211) (Pseudomonas butanovora),thauera butanivorans,False,True,True,True,True,True,153
taxon:1220575|organism:sphingobacterium faecium (strain dsm 11690 / jcm 21820 / nbrc 15299 / ncimb 13408 / ks 0470),target_bacteria,taxon_organism,1,1220575,Sphingobacterium faecium (strain DSM 11690 / JCM 21820 / NBRC 15299 / NCIMB 13408 / KS 0470),sphingobacterium faecium,False,False,False,False,False,True,0
taxon:1223|organism:prochlorothrix hollandica,target_bacteria,taxon_organism,3,1223,Prochlorothrix hollandica,prochlorothrix hollandica,False,False,False,False,False,True,0
taxon:122658|organism:clonostachys rogersoniana,target_fungi,taxon_organism,3,122658,Clonostachys rogersoniana,clonostachys rogersoniana,False,False,False,False,False,False,0
taxon:122866|organism:arthrobacter keyseri,target_bacteria,taxon_organism,1,122866,Arthrobacter keyseri,arthrobacter keyseri,False,False,False,False,False,False,0
taxon:1232575|organism:acidithiobacillus ferridurans,target_bacteria,taxon_organism,5,1232575,Acidithiobacillus ferridurans,acidithiobacillus ferridurans,True,True,True,True,True,True,136
taxon:1232713|organism:xanthomonas citri pv. viticola (strain lmg 965 / ncppb 2475 / icmp 3867 / cfbp 7660) (xanthomonas campestris pv. viticola),target_bacteria,taxon_organism,1,1232713,Xanthomonas citri pv. viticola (strain LMG 965 / NCPPB 2475 / ICMP 3867 / CFBP 7660) (Xanthomonas campestris pv. viticola),xanthomonas citri,False,True,False,True,True,True,136
taxon:1236608|organism:moraxella catarrhalis (strain bbh18),target_bacteria,taxon_organism,1,1236608,Moraxella catarrhalis (strain BBH18),moraxella catarrhalis,False,True,True,True,True,True,202
taxon:1243767|organism:hypoxylon pulicicidum,target_fungi,taxon_organism,1,1243767,Hypoxylon pulicicidum,hypoxylon pulicicidum,False,False,False,False,False,False,0
taxon:1245|organism:leuconostoc mesenteroides,target_bacteria,taxon_organism,4,1245,Leuconostoc mesenteroides,leuconostoc mesenteroides,True,True,True,True,True,True,188
taxon:1247|organism:oenococcus oeni (leuconostoc oenos),target_bacteria,taxon_organism,3,1247,Oenococcus oeni (Leuconostoc oenos),oenococcus oeni,True,True,True,True,True,True,163
taxon:1249|organism:weissella paramesenteroides (leuconostoc paramesenteroides),target_bacteria,taxon_organism,1,1249,Weissella paramesenteroides (Leuconostoc paramesenteroides),weissella paramesenteroides,True,True,True,True,True,True,161
taxon:1254|organism:pediococcus acidilactici,target_bacteria,taxon_organism,2,1254,Pediococcus acidilactici,pediococcus acidilactici,True,True,True,True,True,True,192
taxon:1255|organism:pediococcus pentosaceus,target_bacteria,taxon_organism,2,1255,Pediococcus pentosaceus,pediococcus pentosaceus,True,True,True,True,True,True,192
taxon:1258|organism:peptoniphilus asaccharolyticus (peptostreptococcus asaccharolyticus),target_bacteria,taxon_organism,3,1258,Peptoniphilus asaccharolyticus (Peptostreptococcus asaccharolyticus),peptoniphilus asaccharolyticus,True,True,True,True,True,True,160
taxon:1265868|organism:streptomyces rimosus subsp. rimosus (strain atcc 10970 / dsm 40260 / jcm 4667 / nrrl 2234),target_bacteria,taxon_organism,1,1265868,Streptomyces rimosus subsp. rimosus (strain ATCC 10970 / DSM 40260 / JCM 4667 / NRRL 2234),streptomyces rimosus,False,True,False,True,True,True,138
taxon:1265|organism:ruminococcus flavefaciens,target_bacteria,taxon_organism,3,1265,Ruminococcus flavefaciens,ruminococcus flavefaciens,True,True,True,True,True,True,155
taxon:126740|organism:thermotoga sp. (strain rq2),target_bacteria,taxon_organism,128,126740,Thermotoga sp. (strain RQ2),thermotoga sp.,False,False,False,False,False,True,0
taxon:126782|organism:bacillus sp. (strain mga3),target_bacteria,taxon_organism,1,126782,Bacillus sp. (strain MGA3),bacillus sp.,False,False,False,False,False,False,0
taxon:126783|organism:bacillus sp. (strain s),target_bacteria,taxon_organism,1,126783,Bacillus sp. (strain S),bacillus sp.,False,False,False,False,False,False,0
taxon:126830|organism:shewanella sp. (strain db6705),target_bacteria,taxon_organism,2,126830,Shewanella sp. (strain DB6705),shewanella sp.,False,False,False,False,False,False,0
taxon:1270|organism:micrococcus luteus (micrococcus lysodeikticus),target_bacteria,taxon_organism,3,1270,Micrococcus luteus (Micrococcus lysodeikticus),micrococcus luteus,True,True,True,True,True,True,190
taxon:1271|organism:micrococcus sp,target_bacteria,taxon_organism,1,1271,Micrococcus sp,micrococcus sp,False,False,False,False,False,False,0
taxon:1272|organism:kocuria varians (micrococcus varians),target_bacteria,taxon_organism,1,1272,Kocuria varians (Micrococcus varians),kocuria varians,True,True,True,True,True,False,166
taxon:1275|organism:kocuria rosea (deinococcus erythromyxa) (micrococcus rubens),target_bacteria,taxon_organism,1,1275,Kocuria rosea (Deinococcus erythromyxa) (Micrococcus rubens),kocuria rosea,True,True,True,True,True,True,179
taxon:1276141|organism:metarhizium brunneum (strain arsef 3297),target_fungi,taxon_organism,3,1276141,Metarhizium brunneum (strain ARSEF 3297),metarhizium brunneum,False,False,False,False,False,False,0
taxon:1276143|organism:metarhizium majus (strain arsef 297),target_fungi,taxon_organism,3,1276143,Metarhizium majus (strain ARSEF 297),metarhizium majus,False,False,False,False,False,False,0
taxon:127907|organism:vibrio sp. (strain ant-300),target_bacteria,taxon_organism,1,127907,Vibrio sp. (strain ANT-300),vibrio sp.,False,False,False,False,False,False,0
taxon:1279365|organism:bacillus thuringiensis serovar kurstaki (strain atcc 35866 / nrrl b-4488 / hd73),target_bacteria,taxon_organism,3,1279365,Bacillus thuringiensis serovar kurstaki (strain ATCC 35866 / NRRL B-4488 / HD73),bacillus thuringiensis,False,True,False,True,True,True,174
taxon:1280|organism:staphylococcus aureus,target_bacteria,taxon_organism,90,1280,Staphylococcus aureus,staphylococcus aureus,True,True,True,True,True,True,202
taxon:1281|organism:staphylococcus carnosus,target_bacteria,taxon_organism,2,1281,Staphylococcus carnosus,staphylococcus carnosus,True,True,True,True,True,True,164
taxon:1282|organism:staphylococcus epidermidis,target_bacteria,taxon_organism,10,1282,Staphylococcus epidermidis,staphylococcus epidermidis,True,True,True,True,True,True,200
taxon:1283312|organism:rhizorhabdus wittichii (strain dc-6 / kacc 16600) (sphingomonas wittichii),target_bacteria,taxon_organism,2,1283312,Rhizorhabdus wittichii (strain DC-6 / KACC 16600) (Sphingomonas wittichii),rhizorhabdus wittichii,False,True,True,True,True,True,151
taxon:1283|organism:staphylococcus haemolyticus,target_bacteria,taxon_organism,5,1283,Staphylococcus haemolyticus,staphylococcus haemolyticus,True,True,True,True,True,True,183
taxon:1284|organism:staphylococcus hyicus,target_bacteria,taxon_organism,1,1284,Staphylococcus hyicus,staphylococcus hyicus,True,True,True,True,True,True,170
taxon:1285|organism:staphylococcus intermedius,target_bacteria,taxon_organism,2,1285,Staphylococcus intermedius,staphylococcus intermedius,True,True,True,True,True,True,161
taxon:1288|organism:staphylococcus xylosus,target_bacteria,taxon_organism,17,1288,Staphylococcus xylosus,staphylococcus xylosus,True,True,True,True,True,True,173
taxon:129026|organism:achromobacter sp. (strain lbaa),target_bacteria,taxon_organism,1,129026,Achromobacter sp. (strain LBAA),achromobacter sp.,False,False,False,False,False,False,0
taxon:1290|organism:staphylococcus hominis,target_bacteria,taxon_organism,1,1290,Staphylococcus hominis,staphylococcus hominis,True,True,True,True,True,True,179
taxon:1292|organism:staphylococcus warneri,target_bacteria,taxon_organism,2,1292,Staphylococcus warneri,staphylococcus warneri,True,True,True,True,True,True,182
taxon:1295550|organism:streptomyces arginensis,target_bacteria,taxon_organism,2,1295550,Streptomyces arginensis,streptomyces arginensis,True,True,True,True,True,False,1
taxon:1295|organism:staphylococcus schleiferi,target_bacteria,taxon_organism,1,1295,Staphylococcus schleiferi,staphylococcus schleiferi,True,True,True,True,True,True,162
taxon:1296|organism:mammaliicoccus sciuri (staphylococcus sciuri),target_bacteria,taxon_organism,1,1296,Mammaliicoccus sciuri (Staphylococcus sciuri),mammaliicoccus sciuri,True,True,True,True,True,False,179
taxon:129886|organism:buttiauxella sp. (strain pnbs),target_bacteria,taxon_organism,1,129886,Buttiauxella sp. (strain PNBS),buttiauxella sp.,False,False,False,False,False,False,0
taxon:1301098|organism:pseudomonas knackmussii (strain dsm 6978 / ccug 54928 / lmg 23759 / b13),target_bacteria,taxon_organism,5,1301098,Pseudomonas knackmussii (strain DSM 6978 / CCUG 54928 / LMG 23759 / B13),pseudomonas knackmussii,False,True,True,True,True,True,152
taxon:1302|organism:streptococcus gordonii,target_bacteria,taxon_organism,6,1302,Streptococcus gordonii,streptococcus gordonii,True,True,True,True,True,True,184
taxon:1303|organism:streptococcus oralis,target_bacteria,taxon_organism,1,1303,Streptococcus oralis,streptococcus oralis,True,True,True,True,True,True,190
taxon:1304|organism:streptococcus salivarius,target_bacteria,taxon_organism,4,1304,Streptococcus salivarius,streptococcus salivarius,True,True,True,True,True,True,184
taxon:1305|organism:streptococcus sanguinis,target_bacteria,taxon_organism,3,1305,Streptococcus sanguinis,streptococcus sanguinis,True,True,True,True,True,True,186
taxon:1307|organism:streptococcus suis,target_bacteria,taxon_organism,4,1307,Streptococcus suis,streptococcus suis,True,True,True,True,True,True,184
taxon:1308|organism:streptococcus thermophilus,target_bacteria,taxon_organism,16,1308,Streptococcus thermophilus,streptococcus thermophilus,True,True,True,True,True,True,182
taxon:1310692|organism:acinetobacter baumannii (strain 532279),target_bacteria,taxon_organism,1,1310692,Acinetobacter baumannii (strain 532279),acinetobacter baumannii,False,True,True,True,True,True,186
taxon:1311|organism:streptococcus agalactiae,target_bacteria,taxon_organism,7,1311,Streptococcus agalactiae,streptococcus agalactiae,True,True,True,True,True,True,179
taxon:1313|organism:streptococcus pneumoniae,target_bacteria,taxon_organism,11,1313,Streptococcus pneumoniae,streptococcus pneumoniae,True,True,True,True,True,True,191
taxon:1314|organism:streptococcus pyogenes,target_bacteria,taxon_organism,13,1314,Streptococcus pyogenes,streptococcus pyogenes,True,True,True,True,True,True,184
taxon:1317|organism:streptococcus downei (streptococcus sobrinus),target_bacteria,taxon_organism,1,1317,Streptococcus downei (Streptococcus sobrinus),streptococcus downei,True,True,True,True,True,True,153
taxon:1318|organism:streptococcus parasanguinis,target_bacteria,taxon_organism,2,1318,Streptococcus parasanguinis,streptococcus parasanguinis,True,True,True,True,True,True,181
taxon:1322345|organism:escherichia coli (strain atcc 25922 / dsm 1103 / lmg 8223 / ncimb 12210 / nctc 12241 / wdcm 00013 / seattle 1946),target_bacteria,taxon_organism,2,1322345,Escherichia coli (strain ATCC 25922 / DSM 1103 / LMG 8223 / NCIMB 12210 / NCTC 12241 / WDCM 00013 / Seattle 1946),escherichia coli,False,True,True,True,True,True,218
taxon:132473|organism:streptomyces alboniger,target_bacteria,taxon_organism,1,132473,Streptomyces alboniger,streptomyces alboniger,True,True,True,True,True,True,152
taxon:1332765|organism:glaciozyma antarctica (strain pi12) (antarctic psychrophilic yeast) (leucosporidium antarcticum),target_fungi,taxon_organism,1,1332765,Glaciozyma antarctica (strain PI12) (Antarctic psychrophilic yeast) (Leucosporidium antarcticum),glaciozyma antarctica,False,False,False,False,False,False,0
taxon:13335|organism:anaerobiospirillum succiniciproducens,target_bacteria,taxon_organism,1,13335,Anaerobiospirillum succiniciproducens,anaerobiospirillum succiniciproducens,True,True,True,True,True,True,157
taxon:1334|organism:streptococcus dysgalactiae,target_bacteria,taxon_organism,1,1334,Streptococcus dysgalactiae,streptococcus dysgalactiae,True,True,True,True,True,True,175
taxon:133552|organism:methylocapsa acidiphila,target_bacteria,taxon_organism,1,133552,Methylocapsa acidiphila,methylocapsa acidiphila,True,True,True,True,True,True,141
taxon:1335|organism:streptococcus equinus (streptococcus bovis),target_bacteria,taxon_organism,4,1335,Streptococcus equinus (Streptococcus bovis),streptococcus equinus,True,True,True,True,True,True,173
taxon:133804|organism:gamma-proteobacterium ebac31a08,target_bacteria,taxon_organism,5,133804,Gamma-proteobacterium EBAC31A08,gamma-proteobacterium ebac31a08,False,False,False,False,False,False,0
taxon:1338|organism:streptococcus intermedius,target_bacteria,taxon_organism,1,1338,Streptococcus intermedius,streptococcus intermedius,True,True,True,True,True,True,155
taxon:1341|organism:streptococcus ratti,target_bacteria,taxon_organism,2,1341,Streptococcus ratti,streptococcus ratti,True,True,True,True,True,True,168
taxon:1343740|organism:streptomyces rapamycinicus (strain atcc 29253 / dsm 41530 / nrrl 5491 / ayb-994) (streptomyces hygroscopicus (strain atcc 29253)),target_bacteria,taxon_organism,2,1343740,Streptomyces rapamycinicus (strain ATCC 29253 / DSM 41530 / NRRL 5491 / AYB-994) (Streptomyces hygroscopicus (strain ATCC 29253)),streptomyces rapamycinicus,False,True,False,True,True,True,150
taxon:134601|organism:mycolicibacterium goodii (mycobacterium goodii),target_bacteria,taxon_organism,2,134601,Mycolicibacterium goodii (Mycobacterium goodii),mycolicibacterium goodii,True,True,True,True,True,False,135
taxon:134676|organism:actinoplanes sp. (strain atcc 31044 / cbs 674.73 / se50/110),target_bacteria,taxon_organism,6,134676,Actinoplanes sp. (strain ATCC 31044 / CBS 674.73 / SE50/110),actinoplanes sp.,False,False,False,False,False,True,0
taxon:1346|organism:streptococcus iniae (streptococcus shiloi),target_bacteria,taxon_organism,1,1346,Streptococcus iniae (Streptococcus shiloi),streptococcus iniae,True,True,True,True,True,True,177
taxon:1351|organism:enterococcus faecalis (streptococcus faecalis),target_bacteria,taxon_organism,8,1351,Enterococcus faecalis (Streptococcus faecalis),enterococcus faecalis,True,True,True,True,True,True,207
taxon:1352|organism:enterococcus faecium (streptococcus faecium),target_bacteria,taxon_organism,8,1352,Enterococcus faecium (Streptococcus faecium),enterococcus faecium,True,True,True,True,True,True,201
taxon:1353886|organism:caballeronia cordobensis (burkholderia cordobensis),target_bacteria,taxon_organism,1,1353886,Caballeronia cordobensis (Burkholderia cordobensis),caballeronia cordobensis,True,True,True,True,True,True,78
taxon:1353|organism:enterococcus gallinarum,target_bacteria,taxon_organism,3,1353,Enterococcus gallinarum,enterococcus gallinarum,True,True,True,True,True,True,185
taxon:1354|organism:enterococcus hirae,target_bacteria,taxon_organism,5,1354,Enterococcus hirae,enterococcus hirae,True,True,True,True,True,True,177
taxon:135579|organism:aminomonas aminovorus,target_bacteria,taxon_organism,1,135579,Aminomonas aminovorus,aminomonas aminovorus,False,False,False,False,False,False,0
taxon:135720|organism:neisseria meningitidis serogroup c,target_bacteria,taxon_organism,6,135720,Neisseria meningitidis serogroup C,neisseria meningitidis,False,True,False,True,True,True,189
taxon:135835|organism:acinetobacter sp. (strain se19),target_bacteria,taxon_organism,5,135835,Acinetobacter sp. (strain SE19),acinetobacter sp.,False,False,False,False,False,False,0
taxon:1359|organism:lactococcus lactis subsp. cremoris (streptococcus cremoris),target_bacteria,taxon_organism,18,1359,Lactococcus lactis subsp. cremoris (Streptococcus cremoris),lactococcus lactis,True,True,False,True,True,True,168
taxon:1360|organism:lactococcus lactis subsp. lactis (streptococcus lactis),target_bacteria,taxon_organism,13,1360,Lactococcus lactis subsp. lactis (Streptococcus lactis),lactococcus lactis,False,True,False,True,True,True,186
taxon:13689|organism:sphingomonas paucimobilis (pseudomonas paucimobilis),target_bacteria,taxon_organism,4,13689,Sphingomonas paucimobilis (Pseudomonas paucimobilis),sphingomonas paucimobilis,True,True,True,True,True,True,173
taxon:13690|organism:sphingobium yanoikuyae (sphingomonas yanoikuyae),target_bacteria,taxon_organism,4,13690,Sphingobium yanoikuyae (Sphingomonas yanoikuyae),sphingobium yanoikuyae,True,True,True,True,True,True,166
taxon:136926|organism:micromonospora megalomicea subsp. nigra,target_bacteria,taxon_organism,1,136926,Micromonospora megalomicea subsp. nigra,micromonospora megalomicea,False,True,False,True,True,False,1
taxon:1371|organism:marinococcus halophilus,target_bacteria,taxon_organism,3,1371,Marinococcus halophilus,marinococcus halophilus,True,True,True,True,True,True,103
taxon:13725|organism:thiocystis violacea,target_bacteria,taxon_organism,1,13725,Thiocystis violacea,thiocystis violacea,True,True,True,True,True,False,78
taxon:138282|organism:aspergillus sclerotiorum,target_fungi,taxon_organism,2,138282,Aspergillus sclerotiorum,aspergillus sclerotiorum,False,False,False,False,False,False,0
taxon:139061|organism:ascocoryne sarcoides (purple jellydisc fungus) (bulgaria sarcoides),target_fungi,taxon_organism,1,139061,Ascocoryne sarcoides (Purple jellydisc fungus) (Bulgaria sarcoides),ascocoryne sarcoides,False,False,False,False,False,False,0
taxon:1390|organism:bacillus amyloliquefaciens (bacillus velezensis),target_bacteria,taxon_organism,19,1390,Bacillus amyloliquefaciens (Bacillus velezensis),bacillus amyloliquefaciens,True,True,True,True,True,True,177
taxon:1391|organism:aneurinibacillus aneurinilyticus (bacillus aneurinolyticus),target_bacteria,taxon_organism,2,1391,Aneurinibacillus aneurinilyticus (Bacillus aneurinolyticus),aneurinibacillus aneurinilyticus,False,False,False,False,False,True,0
taxon:139229|organism:pyrenophora dematioidea (helminthosporium dematioideum),target_fungi,taxon_organism,1,139229,Pyrenophora dematioidea (Helminthosporium dematioideum),pyrenophora dematioidea,False,False,False,False,False,False,0
taxon:1392|organism:bacillus anthracis,target_bacteria,taxon_organism,326,1392,Bacillus anthracis,bacillus anthracis,True,True,True,True,True,True,139
taxon:1393|organism:brevibacillus brevis (bacillus brevis),target_bacteria,taxon_organism,3,1393,Brevibacillus brevis (Bacillus brevis),brevibacillus brevis,True,True,True,True,True,True,167
taxon:1394|organism:bacillus caldolyticus,target_bacteria,taxon_organism,12,1394,Bacillus caldolyticus,bacillus caldolyticus,True,False,False,True,True,True,90
taxon:1395|organism:bacillus caldotenax,target_bacteria,taxon_organism,6,1395,Bacillus caldotenax,bacillus caldotenax,False,False,False,False,False,False,0
taxon:1396|organism:bacillus cereus,target_bacteria,taxon_organism,29,1396,Bacillus cereus,bacillus cereus,True,True,True,True,True,True,201
taxon:1397|organism:niallia circulans (bacillus circulans),target_bacteria,taxon_organism,18,1397,Niallia circulans (Bacillus circulans),niallia circulans,True,True,True,True,True,True,170
taxon:1398|organism:heyndrickxia coagulans (weizmannia coagulans),target_bacteria,taxon_organism,5,1398,Heyndrickxia coagulans (Weizmannia coagulans),heyndrickxia coagulans,True,True,True,True,True,True,183
taxon:1399|organism:cytobacillus firmus (bacillus firmus),target_bacteria,taxon_organism,3,1399,Cytobacillus firmus (Bacillus firmus),cytobacillus firmus,True,True,True,True,True,True,174
taxon:1400155|organism:enterobacter hormaechei subsp. hoffmannii (strain uci 50),target_bacteria,taxon_organism,1,1400155,Enterobacter hormaechei subsp. hoffmannii (strain UCI 50),enterobacter hormaechei,False,True,False,True,True,True,187
taxon:1402511|organism:pseudomonas aeruginosa (strain bwhpsa011 / pa011),target_bacteria,taxon_organism,2,1402511,Pseudomonas aeruginosa (strain BWHPSA011 / Pa011),pseudomonas aeruginosa,False,True,True,True,True,True,219
taxon:1402|organism:bacillus licheniformis,target_bacteria,taxon_organism,12,1402,Bacillus licheniformis,bacillus licheniformis,True,True,True,True,True,True,179
taxon:1404|organism:priestia megaterium (bacillus megaterium),target_bacteria,taxon_organism,28,1404,Priestia megaterium (Bacillus megaterium),priestia megaterium,True,True,True,True,True,True,178
taxon:1405|organism:bacillus mycoides,target_bacteria,taxon_organism,1,1405,Bacillus mycoides,bacillus mycoides,True,True,True,True,True,True,168
taxon:1406|organism:paenibacillus polymyxa (bacillus polymyxa),target_bacteria,taxon_organism,2,1406,Paenibacillus polymyxa (Bacillus polymyxa),paenibacillus polymyxa,True,True,True,True,True,True,171
taxon:1407|organism:peribacillus psychrosaccharolyticus (bacillus psychrosaccharolyticus),target_bacteria,taxon_organism,2,1407,Peribacillus psychrosaccharolyticus (Bacillus psychrosaccharolyticus),peribacillus psychrosaccharolyticus,True,True,True,True,True,True,158
taxon:140892|organism:rickettsia conorii subsp. caspia (strain a-167) (astrakhan rickettsia),target_bacteria,taxon_organism,1,140892,Rickettsia conorii subsp. caspia (strain A-167) (Astrakhan rickettsia),rickettsia conorii,False,True,False,True,True,True,137
taxon:1408|organism:bacillus pumilus (bacillus mesentericus),target_bacteria,taxon_organism,6,1408,Bacillus pumilus (Bacillus mesentericus),bacillus pumilus,True,True,True,True,True,True,173
taxon:1409|organism:bacillus sp,target_bacteria,taxon_organism,5,1409,Bacillus sp,bacillus sp,False,False,False,False,False,False,0
taxon:140|organism:borrelia hermsii,target_bacteria,taxon_organism,1,140,Borrelia hermsii,borrelia hermsii,True,True,True,True,True,True,134
taxon:1419|organism:bacillus sp. (strain ns-129),target_bacteria,taxon_organism,1,1419,Bacillus sp. (strain NS-129),bacillus sp.,False,False,False,False,False,False,0
taxon:1420901|organism:pseudogymnoascus sp. (strain vkm f-3775),target_fungi,taxon_organism,1,1420901,Pseudogymnoascus sp. (strain VKM F-3775),pseudogymnoascus sp.,False,False,False,False,False,False,0
taxon:1421|organism:lysinibacillus sphaericus (bacillus sphaericus),target_bacteria,taxon_organism,16,1421,Lysinibacillus sphaericus (Bacillus sphaericus),lysinibacillus sphaericus,True,True,True,True,True,True,195
taxon:1422|organism:geobacillus stearothermophilus (bacillus stearothermophilus),target_bacteria,taxon_organism,98,1422,Geobacillus stearothermophilus (Bacillus stearothermophilus),geobacillus stearothermophilus,True,True,True,True,True,True,178
taxon:1423800|organism:fructilactobacillus sanfranciscensis (strain atcc 27651 / dsm 20451 / jcm 5668 / ccug 30143 / kctc 3205 / ncimb 702811 / nrrl b-3934 / l-12) (lactobacillus sanfranciscensis),target_bacteria,taxon_organism,1,1423800,Fructilactobacillus sanfranciscensis (strain ATCC 27651 / DSM 20451 / JCM 5668 / CCUG 30143 / KCTC 3205 / NCIMB 702811 / NRRL B-3934 / L-12) (Lactobacillus sanfranciscensis),fructilactobacillus sanfranciscensis,False,True,True,True,True,True,158
taxon:1423|organism:bacillus subtilis,target_bacteria,taxon_organism,16,1423,Bacillus subtilis,bacillus subtilis,True,True,True,True,True,True,179
taxon:142679|organism:puccinia recondita f. sp. triseti,target_fungi,taxon_organism,1,142679,Puccinia recondita f. sp. triseti,puccinia recondita,False,False,False,False,False,False,0
taxon:1426|organism:parageobacillus thermoglucosidasius (geobacillus thermoglucosidasius),target_bacteria,taxon_organism,1,1426,Parageobacillus thermoglucosidasius (Geobacillus thermoglucosidasius),parageobacillus thermoglucosidasius,True,True,True,True,True,True,158
taxon:1428|organism:bacillus thuringiensis,target_bacteria,taxon_organism,4,1428,Bacillus thuringiensis,bacillus thuringiensis,True,True,True,True,True,True,174
taxon:1429090|organism:saccharomyces pastorianus (strain atcc 76670 / carlsberg bottom yeast no.2 / cbs 1503 / clib 180 / nbrc 10610 / nrrl y-1525) (saaz-type lager yeast) (saccharomyces monacensis),target_fungi,taxon_organism,1,1429090,Saccharomyces pastorianus (strain ATCC 76670 / Carlsberg bottom yeast no.2 / CBS 1503 / CLIB 180 / NBRC 10610 / NRRL Y-1525) (Saaz-type lager yeast) (Saccharomyces monacensis),saccharomyces pastorianus,False,False,False,False,False,False,0
taxon:1430|organism:bacillus thuringiensis subsp. israelensis,target_bacteria,taxon_organism,1,1430,Bacillus thuringiensis subsp. israelensis,bacillus thuringiensis,False,True,False,True,True,True,174
taxon:1433|organism:bacillus thuringiensis subsp. aizawai,target_bacteria,taxon_organism,1,1433,Bacillus thuringiensis subsp. aizawai,bacillus thuringiensis,False,True,False,True,True,True,174
taxon:143495|organism:aneurinibacillus thermoaerophilus,target_bacteria,taxon_organism,8,143495,Aneurinibacillus thermoaerophilus,aneurinibacillus thermoaerophilus,False,False,False,False,False,True,0
taxon:144185|organism:leifsonia aquatica (corynebacterium aquaticum),target_bacteria,taxon_organism,1,144185,Leifsonia aquatica (Corynebacterium aquaticum),leifsonia aquatica,True,True,True,True,True,True,164
taxon:1445|organism:alkalihalobacillus alcalophilus (bacillus alcalophilus),target_bacteria,taxon_organism,1,1445,Alkalihalobacillus alcalophilus (Bacillus alcalophilus),alkalihalobacillus alcalophilus,True,True,True,True,True,True,152
taxon:144786|organism:thermobifida cellulosilytica,target_bacteria,taxon_organism,2,144786,Thermobifida cellulosilytica,thermobifida cellulosilytica,True,True,True,True,True,True,77
taxon:145261|organism:methanothermobacter wolfeii (methanobacterium wolfei),target_archaea,taxon_organism,4,145261,Methanothermobacter wolfeii (Methanobacterium wolfei),methanothermobacter wolfeii,False,False,False,False,False,True,0
taxon:145262|organism:methanothermobacter thermautotrophicus (methanobacterium thermoformicicum),target_archaea,taxon_organism,3,145262,Methanothermobacter thermautotrophicus (Methanobacterium thermoformicicum),methanothermobacter thermautotrophicus,False,False,False,False,False,True,0
taxon:1452|organism:bacillus atrophaeus,target_bacteria,taxon_organism,2,1452,Bacillus atrophaeus,bacillus atrophaeus,True,True,True,True,True,True,173
taxon:1455|organism:bacillus badius,target_bacteria,taxon_organism,1,1455,Bacillus badius,bacillus badius,True,False,False,True,True,True,157
taxon:1459|organism:sporosarcina globispora (bacillus globisporus),target_bacteria,taxon_organism,1,1459,Sporosarcina globispora (Bacillus globisporus),sporosarcina globispora,True,True,True,True,True,True,156
taxon:1462|organism:geobacillus kaustophilus,target_bacteria,taxon_organism,1,1462,Geobacillus kaustophilus,geobacillus kaustophilus,True,True,True,True,True,True,156
taxon:146537|organism:streptomyces azureus,target_bacteria,taxon_organism,1,146537,Streptomyces azureus,streptomyces azureus,True,True,True,True,True,True,147
taxon:1468|organism:paenibacillus macquariensis (bacillus macquariensis),target_bacteria,taxon_organism,1,1468,Paenibacillus macquariensis (Bacillus macquariensis),paenibacillus macquariensis,False,True,True,True,True,True,104
taxon:1470456|organism:streptomyces cyslabdanicus,target_bacteria,taxon_organism,2,1470456,Streptomyces cyslabdanicus,streptomyces cyslabdanicus,True,True,True,True,True,False,2
taxon:1471|organism:bacillus methanolicus,target_bacteria,taxon_organism,2,1471,Bacillus methanolicus,bacillus methanolicus,True,True,True,True,True,True,134
taxon:1473|organism:virgibacillus pantothenticus,target_bacteria,taxon_organism,3,1473,Virgibacillus pantothenticus,virgibacillus pantothenticus,True,True,True,True,True,True,106
taxon:1474|organism:sporosarcina pasteurii (bacillus pasteurii),target_bacteria,taxon_organism,5,1474,Sporosarcina pasteurii (Bacillus pasteurii),sporosarcina pasteurii,True,True,True,True,True,True,164
taxon:1476|organism:sporosarcina psychrophila (bacillus psychrophilus),target_bacteria,taxon_organism,2,1476,Sporosarcina psychrophila (Bacillus psychrophilus),sporosarcina psychrophila,True,True,True,True,True,False,131
taxon:147|organism:spirochaeta aurantia,target_bacteria,taxon_organism,4,147,Spirochaeta aurantia,spirochaeta aurantia,True,True,True,True,True,False,8
taxon:148444|organism:flavobacterium sp. (strain sk1022),target_bacteria,taxon_organism,1,148444,Flavobacterium sp. (strain SK1022),flavobacterium sp.,False,False,False,False,False,False,0
taxon:148960|organism:wallemia sebi (sporendonema sebi),target_fungi,taxon_organism,1,148960,Wallemia sebi (Sporendonema sebi),wallemia sebi,False,False,False,False,False,False,0
taxon:1490|organism:paraclostridium bifermentans (clostridium bifermentans),target_bacteria,taxon_organism,1,1490,Paraclostridium bifermentans (Clostridium bifermentans),paraclostridium bifermentans,True,True,True,True,True,True,172
taxon:1492|organism:clostridium butyricum,target_bacteria,taxon_organism,2,1492,Clostridium butyricum,clostridium butyricum,True,True,True,True,True,True,156
taxon:1494|organism:clostridium cochlearium,target_bacteria,taxon_organism,2,1494,Clostridium cochlearium,clostridium cochlearium,True,True,True,True,True,True,152
taxon:149539|organism:salmonella enteritidis,target_bacteria,taxon_organism,8,149539,Salmonella enteritidis,salmonella enterica,False,True,False,True,True,True,210
taxon:1495|organism:clostridium cylindrosporum,target_bacteria,taxon_organism,1,1495,Clostridium cylindrosporum,clostridium cylindrosporum,True,True,True,True,True,True,136
taxon:149682|organism:streptomyces roseochromogenus subsp. oscitans,target_bacteria,taxon_organism,2,149682,Streptomyces roseochromogenus subsp. oscitans,streptomyces roseochromogenus,False,True,False,True,True,True,131
taxon:1496|organism:clostridioides difficile (peptoclostridium difficile),target_bacteria,taxon_organism,14,1496,Clostridioides difficile (Peptoclostridium difficile),clostridioides difficile,True,True,True,True,True,True,183
taxon:1498|organism:hathewaya histolytica (clostridium histolyticum),target_bacteria,taxon_organism,2,1498,Hathewaya histolytica (Clostridium histolyticum),hathewaya histolytica,True,True,True,True,True,True,139
taxon:1499|organism:ruminiclostridium josui (clostridium josui),target_bacteria,taxon_organism,3,1499,Ruminiclostridium josui (Clostridium josui),ruminiclostridium josui,True,True,True,True,True,True,132
taxon:14|organism:dictyoglomus thermophilum,target_bacteria,taxon_organism,1,14,Dictyoglomus thermophilum,dictyoglomus thermophilum,True,True,True,True,True,True,151
taxon:1501233|organism:bacillus sp. (strain md1),target_bacteria,taxon_organism,1,1501233,Bacillus sp. (strain MD1),bacillus sp.,False,False,False,False,False,False,0
taxon:1501|organism:clostridium pasteurianum,target_bacteria,taxon_organism,20,1501,Clostridium pasteurianum,clostridium pasteurianum,True,True,True,True,True,True,141
taxon:1502|organism:clostridium perfringens,target_bacteria,taxon_organism,7,1502,Clostridium perfringens,clostridium perfringens,True,True,True,True,True,True,190
taxon:150395|organism:terrabacter sp. (strain dbf63),target_bacteria,taxon_organism,2,150395,Terrabacter sp. (strain DBF63),terrabacter sp.,False,False,False,False,False,True,0
taxon:1503|organism:gottschalkia purinilytica (clostridium purinilyticum),target_bacteria,taxon_organism,2,1503,Gottschalkia purinilytica (Clostridium purinilyticum),gottschalkia purinilytica,True,True,True,True,True,True,104
taxon:1505|organism:paraclostridium sordellii (clostridium sordellii),target_bacteria,taxon_organism,2,1505,Paraclostridium sordellii (Clostridium sordellii),paraclostridium sordellii,True,True,True,True,True,True,177
taxon:1507|organism:clostridium sp. (strain atcc 29733 / vpi c48-50),target_bacteria,taxon_organism,1,1507,Clostridium sp. (strain ATCC 29733 / VPI C48-50),clostridium sp.,False,False,False,False,False,True,0
taxon:1509|organism:clostridium sporogenes,target_bacteria,taxon_organism,3,1509,Clostridium sporogenes,clostridium sporogenes,True,True,True,True,True,True,180
taxon:1512|organism:clostridium symbiosum (bacteroides symbiosus),target_bacteria,taxon_organism,2,1512,Clostridium symbiosum (Bacteroides symbiosus),clostridium symbiosum,True,False,False,True,True,True,152
taxon:1515|organism:acetivibrio thermocellus (hungateiclostridium thermocellum) (clostridium thermocellum),target_bacteria,taxon_organism,2,1515,Acetivibrio thermocellus (Hungateiclostridium thermocellum) (Clostridium thermocellum),acetivibrio thermocellus,True,True,True,True,True,True,144
taxon:1517491|organism:nocardioides sp. (strain js1661),target_bacteria,taxon_organism,2,1517491,Nocardioides sp. (strain JS1661),nocardioides sp.,False,False,False,False,False,False,0
taxon:1517|organism:thermoanaerobacterium thermosaccharolyticum (clostridium thermosaccharolyticum),target_bacteria,taxon_organism,1,1517,Thermoanaerobacterium thermosaccharolyticum (Clostridium thermosaccharolyticum),thermoanaerobacterium thermosaccharolyticum,True,True,True,True,True,True,134
taxon:1519|organism:clostridium tyrobutyricum,target_bacteria,taxon_organism,1,1519,Clostridium tyrobutyricum,clostridium tyrobutyricum,True,True,True,True,True,True,152
taxon:1520|organism:clostridium beijerinckii (clostridium mp),target_bacteria,taxon_organism,2,1520,Clostridium beijerinckii (Clostridium MP),clostridium beijerinckii,True,True,True,True,True,True,174
taxon:1523|organism:clostridium longisporum,target_bacteria,taxon_organism,2,1523,Clostridium longisporum,clostridium longisporum,False,False,False,False,False,False,0
taxon:1525|organism:neomoorella thermoacetica (clostridium thermoaceticum),target_bacteria,taxon_organism,7,1525,Neomoorella thermoacetica (Clostridium thermoaceticum),neomoorella thermoacetica,True,True,True,True,True,True,151
taxon:1528|organism:eubacterium barkeri (clostridium barkeri),target_bacteria,taxon_organism,12,1528,Eubacterium barkeri (Clostridium barkeri),eubacterium barkeri,True,True,True,True,True,True,78
taxon:1532906|organism:aphanizomenon flos-aquae (strain 2012/km1/d3),target_bacteria,taxon_organism,2,1532906,Aphanizomenon flos-aquae (strain 2012/KM1/D3),aphanizomenon flos-aquae,False,False,False,False,False,True,0
taxon:1536|organism:hathewaya limosa (clostridium limosum),target_bacteria,taxon_organism,1,1536,Hathewaya limosa (Clostridium limosum),hathewaya limosa,True,True,True,True,True,True,23
taxon:1538424|organism:pholiota microspora (white-rot fungus) (pholiota nameko),target_fungi,taxon_organism,1,1538424,Pholiota microspora (White-rot fungus) (Pholiota nameko),pholiota microspora,False,False,False,False,False,False,0
taxon:1542|organism:clostridium novyi,target_bacteria,taxon_organism,2,1542,Clostridium novyi,clostridium novyi,True,True,True,True,True,True,152
taxon:154538|organism:trametes pubescens (white-rot fungus),target_fungi,taxon_organism,1,154538,Trametes pubescens (White-rot fungus),trametes pubescens,False,False,False,False,False,False,0
taxon:1548|organism:clostridium scatologenes,target_bacteria,taxon_organism,2,1548,Clostridium scatologenes,clostridium scatologenes,True,True,True,True,True,True,132
taxon:1549217|organism:emericella variicolor (aspergillus stellatus),target_fungi,taxon_organism,5,1549217,Emericella variicolor (Aspergillus stellatus),emericella variicolor,False,False,False,False,False,False,0
taxon:1550|organism:clostridium subterminale,target_bacteria,taxon_organism,1,1550,Clostridium subterminale,clostridium subterminale,True,True,True,True,True,True,20
taxon:1553|organism:clostridium tetanomorphum,target_bacteria,taxon_organism,3,1553,Clostridium tetanomorphum,clostridium tetanomorphum,True,True,True,True,True,True,151
taxon:1556|organism:clostridium acidurici (gottschalkia acidurici),target_bacteria,taxon_organism,1,1556,Clostridium acidurici (Gottschalkia acidurici),clostridium acidurici,True,False,False,True,True,True,157
taxon:1557|organism:peptoclostridium litorale (clostridium litorale),target_bacteria,taxon_organism,3,1557,Peptoclostridium litorale (Clostridium litorale),peptoclostridium litorale,True,True,True,True,True,True,89
taxon:155922|organism:nitrosospira sp. (strain tch716),target_bacteria,taxon_organism,1,155922,Nitrosospira sp. (strain TCH716),nitrosospira sp.,False,False,False,False,False,False,0
taxon:1571|organism:sporosarcina ureae,target_bacteria,taxon_organism,1,1571,Sporosarcina ureae,sporosarcina ureae,True,True,True,True,True,True,133
taxon:1577051|organism:thermus sp. (strain 2.9),target_bacteria,taxon_organism,1,1577051,Thermus sp. (strain 2.9),thermus sp.,False,False,False,False,False,True,0
taxon:1579|organism:lactobacillus acidophilus,target_bacteria,taxon_organism,3,1579,Lactobacillus acidophilus,lactobacillus acidophilus,True,True,True,True,True,True,174
taxon:1580|organism:levilactobacillus brevis (lactobacillus brevis),target_bacteria,taxon_organism,5,1580,Levilactobacillus brevis (Lactobacillus brevis),levilactobacillus brevis,True,True,True,True,True,True,182
taxon:1581|organism:lentilactobacillus buchneri (lactobacillus buchneri),target_bacteria,taxon_organism,1,1581,Lentilactobacillus buchneri (Lactobacillus buchneri),lentilactobacillus buchneri,True,True,True,True,True,True,170
taxon:1582|organism:lacticaseibacillus casei (lactobacillus casei),target_bacteria,taxon_organism,25,1582,Lacticaseibacillus casei (Lactobacillus casei),lacticaseibacillus casei,True,True,True,True,True,True,166
taxon:1585|organism:lactobacillus delbrueckii subsp. bulgaricus,target_bacteria,taxon_organism,8,1585,Lactobacillus delbrueckii subsp. bulgaricus,lactobacillus delbrueckii,False,True,False,True,True,True,180
taxon:1587|organism:lactobacillus helveticus (lactobacillus suntoryeus),target_bacteria,taxon_organism,5,1587,Lactobacillus helveticus (Lactobacillus suntoryeus),lactobacillus helveticus,True,True,True,True,True,True,177
taxon:158879|organism:staphylococcus aureus (strain n315),target_bacteria,taxon_organism,357,158879,Staphylococcus aureus (strain N315),staphylococcus aureus,False,True,True,True,True,True,202
taxon:1588|organism:lentilactobacillus hilgardii (lactobacillus hilgardii),target_bacteria,taxon_organism,3,1588,Lentilactobacillus hilgardii (Lactobacillus hilgardii),lentilactobacillus hilgardii,True,True,True,True,True,True,168
taxon:1589|organism:lactiplantibacillus pentosus (lactobacillus pentosus),target_bacteria,taxon_organism,5,1589,Lactiplantibacillus pentosus (Lactobacillus pentosus),lactiplantibacillus pentosus,True,True,True,True,True,True,179
taxon:159087|organism:dechloromonas aromatica (strain rcb),target_bacteria,taxon_organism,239,159087,Dechloromonas aromatica (strain RCB),dechloromonas aromatica (nom. nud.),False,True,False,True,True,True,137
taxon:1590|organism:lactiplantibacillus plantarum (lactobacillus plantarum),target_bacteria,taxon_organism,6,1590,Lactiplantibacillus plantarum (Lactobacillus plantarum),lactiplantibacillus plantarum,True,True,True,True,True,True,183
taxon:1593|organism:lactobacillus sp. (strain 30a),target_bacteria,taxon_organism,2,1593,Lactobacillus sp. (strain 30a),lactobacillus sp.,False,False,False,False,False,False,0
taxon:1597|organism:lacticaseibacillus paracasei (lactobacillus paracasei),target_bacteria,taxon_organism,1,1597,Lacticaseibacillus paracasei (Lactobacillus paracasei),lacticaseibacillus paracasei,True,True,True,True,True,True,187
taxon:1598|organism:limosilactobacillus reuteri (lactobacillus reuteri),target_bacteria,taxon_organism,6,1598,Limosilactobacillus reuteri (Lactobacillus reuteri),limosilactobacillus reuteri,True,True,True,True,True,True,180
taxon:1599|organism:latilactobacillus sakei (lactobacillus sakei),target_bacteria,taxon_organism,9,1599,Latilactobacillus sakei (Lactobacillus sakei),latilactobacillus sakei,True,True,True,True,True,True,173
taxon:159|organism:brachyspira hyodysenteriae (treponema hyodysenteriae),target_bacteria,taxon_organism,1,159,Brachyspira hyodysenteriae (Treponema hyodysenteriae),brachyspira hyodysenteriae,True,True,True,True,True,True,154
taxon:160491|organism:streptococcus pyogenes serotype m5 (strain manfredo),target_bacteria,taxon_organism,129,160491,Streptococcus pyogenes serotype M5 (strain Manfredo),streptococcus pyogenes,False,True,False,True,True,True,184
taxon:1608308|organism:fusarium sp. (strain fn080326),target_fungi,taxon_organism,1,1608308,Fusarium sp. (strain FN080326),fusarium sp.,False,False,False,False,False,False,0
taxon:1613|organism:limosilactobacillus fermentum (lactobacillus fermentum),target_bacteria,taxon_organism,4,1613,Limosilactobacillus fermentum (Lactobacillus fermentum),limosilactobacillus fermentum,True,True,True,True,True,True,189
taxon:162425|organism:emericella nidulans (aspergillus nidulans),target_fungi,taxon_organism,7,162425,Emericella nidulans (Aspergillus nidulans),emericella nidulans,False,False,False,False,False,False,0
taxon:1625|organism:fructilactobacillus sanfranciscensis (lactobacillus sanfranciscensis),target_bacteria,taxon_organism,2,1625,Fructilactobacillus sanfranciscensis (Lactobacillus sanfranciscensis),fructilactobacillus sanfranciscensis,True,True,True,True,True,True,158
taxon:1629|organism:weissella viridescens (lactobacillus viridescens),target_bacteria,taxon_organism,1,1629,Weissella viridescens (Lactobacillus viridescens),weissella viridescens,True,True,True,True,True,True,172
taxon:163164|organism:wolbachia pipientis wmel,target_bacteria,taxon_organism,101,163164,Wolbachia pipientis wMel,wolbachia pipientis,False,True,False,True,True,True,131
taxon:1638|organism:listeria ivanovii,target_bacteria,taxon_organism,4,1638,Listeria ivanovii,listeria ivanovii,True,True,True,True,True,True,174
taxon:1639|organism:listeria monocytogenes,target_bacteria,taxon_organism,2,1639,Listeria monocytogenes,listeria monocytogenes,True,True,True,True,True,True,204
taxon:1643|organism:listeria welshimeri,target_bacteria,taxon_organism,1,1643,Listeria welshimeri,listeria welshimeri,True,True,True,True,True,True,171
taxon:164608|organism:novosphingobium sp. (strain ka1) (sphingomonas sp. (strain ka1)),target_bacteria,taxon_organism,1,164608,Novosphingobium sp. (strain KA1) (Sphingomonas sp. (strain KA1)),novosphingobium sp.),False,False,False,False,False,True,0
taxon:164756|organism:mycobacterium sp. (strain mcs),target_bacteria,taxon_organism,146,164756,Mycobacterium sp. (strain MCS),mycobacterium sp.,False,False,False,False,False,True,0
taxon:164757|organism:mycobacterium sp. (strain jls),target_bacteria,taxon_organism,141,164757,Mycobacterium sp. (strain JLS),mycobacterium sp.,False,False,False,False,False,True,0
taxon:165468|organism:pseudomonas sp. (strain wbc-3),target_bacteria,taxon_organism,2,165468,Pseudomonas sp. (strain WBC-3),pseudomonas sp.,False,False,False,False,False,False,0
taxon:1655|organism:actinomyces naeslundii,target_bacteria,taxon_organism,1,1655,Actinomyces naeslundii,actinomyces naeslundii,True,True,True,True,True,True,182
taxon:165757|organism:sulfolobus sp. (strain rc3),target_archaea,taxon_organism,1,165757,Sulfolobus sp. (strain RC3),sulfolobus sp.,False,False,False,False,False,True,0
taxon:165778|organism:nakataea oryzae (rice stem rot fungus) (magnaporthe salvinii),target_fungi,taxon_organism,1,165778,Nakataea oryzae (Rice stem rot fungus) (Magnaporthe salvinii),nakataea oryzae,False,False,False,False,False,False,0
taxon:1665|organism:arthrobacter globiformis,target_bacteria,taxon_organism,8,1665,Arthrobacter globiformis,arthrobacter globiformis,True,True,True,True,True,True,165
taxon:166626|organism:apiospora sacchari (arthrinium sacchari),target_fungi,taxon_organism,1,166626,Apiospora sacchari (Arthrinium sacchari),apiospora sacchari,False,False,False,False,False,False,0
taxon:1667|organism:arthrobacter sp,target_bacteria,taxon_organism,12,1667,Arthrobacter sp,arthrobacter sp,False,False,False,False,False,False,0
taxon:1669|organism:arthrobacter sp. (strain nrrl b3728),target_bacteria,taxon_organism,2,1669,Arthrobacter sp. (strain NRRL B3728),arthrobacter sp.,False,False,False,False,False,False,0
taxon:1673|organism:rhizobium viscosum (arthrobacter viscosus),target_bacteria,taxon_organism,1,1673,Rhizobium viscosum (Arthrobacter viscosus),rhizobium viscosum,False,False,False,False,False,True,0
taxon:1677|organism:arthrobacter pascens,target_bacteria,taxon_organism,1,1677,Arthrobacter pascens,arthrobacter pascens,True,True,True,True,True,False,103
taxon:1682391|organism:microdochium sorghi (zonate leaf spot disease fungus) (gloeocercospora sorghi),target_fungi,taxon_organism,1,1682391,Microdochium sorghi (Zonate leaf spot disease fungus) (Gloeocercospora sorghi),microdochium sorghi,False,False,False,False,False,False,0
taxon:168385|organism:buchnera aphidicola subsp. uroleucon erigeronensis,target_bacteria,taxon_organism,4,168385,Buchnera aphidicola subsp. Uroleucon erigeronensis,buchnera aphidicola,False,True,False,True,True,True,133
taxon:168386|organism:buchnera aphidicola subsp. uroleucon rurale,target_bacteria,taxon_organism,4,168386,Buchnera aphidicola subsp. Uroleucon rurale,buchnera aphidicola,False,True,False,True,True,True,133
taxon:168927|organism:escherichia coli o111:h-,target_bacteria,taxon_organism,2,168927,Escherichia coli O111:H-,escherichia coli,False,True,False,True,True,True,218
taxon:169388|organism:fusarium solani (filamentous fungus),target_fungi,taxon_organism,3,169388,Fusarium solani (Filamentous fungus),fusarium solani,False,False,False,False,False,False,0
taxon:169679|organism:clostridium saccharobutylicum,target_bacteria,taxon_organism,1,169679,Clostridium saccharobutylicum,clostridium saccharobutylicum,True,True,True,True,True,True,141
taxon:1697|organism:corynebacterium ammoniagenes (brevibacterium ammoniagenes),target_bacteria,taxon_organism,15,1697,Corynebacterium ammoniagenes (Brevibacterium ammoniagenes),corynebacterium ammoniagenes,True,True,True,True,True,True,171
taxon:1698|organism:brevibacterium epidermidis,target_bacteria,taxon_organism,1,1698,Brevibacterium epidermidis,brevibacterium epidermidis,True,True,True,True,True,True,153
taxon:1702|organism:brevibacterium sterolicum,target_bacteria,taxon_organism,1,1702,Brevibacterium sterolicum,brevibacterium sterolicum,False,False,False,False,False,False,0
taxon:1703|organism:brevibacterium linens,target_bacteria,taxon_organism,2,1703,Brevibacterium linens,brevibacterium linens,True,True,True,True,True,True,159
taxon:1707701|organism:phoma sp,target_fungi,taxon_organism,1,1707701,Phoma sp,phoma sp,False,False,False,False,False,False,0
taxon:1707703|organism:sarocladium sp,target_fungi,taxon_organism,1,1707703,Sarocladium sp,sarocladium sp,False,False,False,False,False,False,0
taxon:1710|organism:cellulosimicrobium cellulans (arthrobacter luteus),target_bacteria,taxon_organism,1,1710,Cellulosimicrobium cellulans (Arthrobacter luteus),cellulosimicrobium cellulans,True,True,True,True,True,True,175
taxon:1718|organism:corynebacterium glutamicum (brevibacterium saccharolyticum),target_bacteria,taxon_organism,8,1718,Corynebacterium glutamicum (Brevibacterium saccharolyticum),corynebacterium glutamicum,True,True,True,True,True,True,179
taxon:1719|organism:corynebacterium pseudotuberculosis,target_bacteria,taxon_organism,1,1719,Corynebacterium pseudotuberculosis,corynebacterium pseudotuberculosis,True,True,True,True,True,True,160
taxon:172045|organism:elizabethkingia miricola (chryseobacterium miricola),target_bacteria,taxon_organism,1,172045,Elizabethkingia miricola (Chryseobacterium miricola),elizabethkingia miricola,False,False,False,False,False,True,0
taxon:1729595|organism:fungal sp. (strain atcc 74256),target_fungi,taxon_organism,5,1729595,Fungal sp. (strain ATCC 74256),fungal sp.,False,False,False,False,False,False,0
taxon:172|organism:leptospira biflexa,target_bacteria,taxon_organism,4,172,Leptospira biflexa,leptospira biflexa,True,True,True,True,True,True,145
taxon:1731|organism:peptoclostridium acidaminophilum (eubacterium acidaminophilum),target_bacteria,taxon_organism,21,1731,Peptoclostridium acidaminophilum (Eubacterium acidaminophilum),peptoclostridium acidaminophilum,True,True,True,True,True,True,145
taxon:1735992|organism:neonectria sp. (strain dh2),target_fungi,taxon_organism,3,1735992,Neonectria sp. (strain DH2),neonectria sp.,False,False,False,False,False,False,0
taxon:1736392|organism:paenibacillus sp. (strain soil724d2),target_bacteria,taxon_organism,4,1736392,Paenibacillus sp. (strain Soil724D2),paenibacillus sp.,False,False,False,False,False,True,0
taxon:173|organism:leptospira interrogans,target_bacteria,taxon_organism,3,173,Leptospira interrogans,leptospira interrogans,True,True,True,True,True,True,144
taxon:1747|organism:cutibacterium acnes (propionibacterium acnes),target_bacteria,taxon_organism,1,1747,Cutibacterium acnes (Propionibacterium acnes),cutibacterium acnes,True,True,True,True,True,True,208
taxon:174933|organism:nitrosospira sp. (strain 40ki),target_bacteria,taxon_organism,1,174933,Nitrosospira sp. (strain 40KI),nitrosospira sp.,False,False,False,False,False,False,0
taxon:174|organism:leptospira borgpetersenii,target_bacteria,taxon_organism,2,174,Leptospira borgpetersenii,leptospira borgpetersenii,True,True,True,True,True,True,145
taxon:1752|organism:propionibacterium freudenreichii subsp. shermanii,target_bacteria,taxon_organism,5,1752,Propionibacterium freudenreichii subsp. shermanii,propionibacterium freudenreichii,False,True,False,True,True,True,182
taxon:1755444|organism:nectria sp,target_fungi,taxon_organism,1,1755444,Nectria sp,nectria sp,False,False,False,False,False,False,0
taxon:1756131|organism:arthrinium sp,target_fungi,taxon_organism,1,1756131,Arthrinium sp,arthrinium sp,False,False,False,False,False,False,0
taxon:1757|organism:thermoanaerobacter ethanolicus (clostridium thermohydrosulfuricum),target_bacteria,taxon_organism,1,1757,Thermoanaerobacter ethanolicus (Clostridium thermohydrosulfuricum),thermoanaerobacter ethanolicus,True,True,True,True,True,True,134
taxon:176275|organism:beauveria bassiana (white muscardine disease fungus) (tritirachium shiotae),target_fungi,taxon_organism,3,176275,Beauveria bassiana (White muscardine disease fungus) (Tritirachium shiotae),beauveria bassiana,False,False,False,False,False,False,0
taxon:176298|organism:agrobacterium tumefaciens (strain ach5),target_bacteria,taxon_organism,4,176298,Agrobacterium tumefaciens (strain Ach5),agrobacterium tumefaciens,False,False,False,False,False,True,0
taxon:176300|organism:agrobacterium tumefaciens (strain t37),target_bacteria,taxon_organism,3,176300,Agrobacterium tumefaciens (strain T37),agrobacterium tumefaciens,False,False,False,False,False,True,0
taxon:1764|organism:mycobacterium avium,target_bacteria,taxon_organism,13,1764,Mycobacterium avium,mycobacterium avium,True,True,True,True,True,True,159
taxon:1766|organism:mycolicibacterium fortuitum (mycobacterium fortuitum),target_bacteria,taxon_organism,5,1766,Mycolicibacterium fortuitum (Mycobacterium fortuitum),mycolicibacterium fortuitum,True,True,True,True,True,True,165
taxon:1767|organism:mycobacterium intracellulare,target_bacteria,taxon_organism,5,1767,Mycobacterium intracellulare,mycobacterium intracellulare,True,True,True,True,True,True,158
taxon:1768|organism:mycobacterium kansasii,target_bacteria,taxon_organism,1,1768,Mycobacterium kansasii,mycobacterium kansasii,True,True,True,True,True,True,148
taxon:1771|organism:mycolicibacterium phlei (mycobacterium phlei),target_bacteria,taxon_organism,1,1771,Mycolicibacterium phlei (Mycobacterium phlei),mycolicibacterium phlei,True,True,True,True,True,True,161
taxon:1772|organism:mycolicibacterium smegmatis (mycobacterium smegmatis),target_bacteria,taxon_organism,17,1772,Mycolicibacterium smegmatis (Mycobacterium smegmatis),mycolicibacterium smegmatis,True,True,True,True,True,True,154
taxon:1774|organism:mycobacteroides chelonae (mycobacterium chelonae),target_bacteria,taxon_organism,1,1774,Mycobacteroides chelonae (Mycobacterium chelonae),mycobacteroides chelonae,True,True,True,True,True,True,155
taxon:1777|organism:mycobacterium gastri,target_bacteria,taxon_organism,2,1777,Mycobacterium gastri,mycobacterium gastri,True,True,True,True,True,True,142
taxon:1778|organism:mycobacterium gordonae,target_bacteria,taxon_organism,1,1778,Mycobacterium gordonae,mycobacterium gordonae,True,True,True,True,True,False,149
taxon:1781|organism:mycobacterium marinum,target_bacteria,taxon_organism,1,1781,Mycobacterium marinum,mycobacterium marinum,True,True,True,True,True,True,154
taxon:1783|organism:mycobacterium scrofulaceum,target_bacteria,taxon_organism,1,1783,Mycobacterium scrofulaceum,mycobacterium scrofulaceum,True,True,True,True,True,False,145
taxon:1792307|organism:bosea sp. (strain pamc 26642),target_bacteria,taxon_organism,1,1792307,Bosea sp. (strain PAMC 26642),bosea sp.,False,False,False,False,False,True,0
taxon:1795|organism:mycolicibacterium neoaurum (mycobacterium neoaurum),target_bacteria,taxon_organism,2,1795,Mycolicibacterium neoaurum (Mycobacterium neoaurum),mycolicibacterium neoaurum,True,True,True,True,True,True,164
taxon:179878|organism:sphingomonas elodea,target_bacteria,taxon_organism,3,179878,Sphingomonas elodea,sphingomonas elodea,True,True,True,True,True,False,132
taxon:17|organism:methylophilus methylotrophus (bacterium w3a1),target_bacteria,taxon_organism,7,17,Methylophilus methylotrophus (Bacterium W3A1),methylophilus methylotrophus,True,True,True,True,True,True,137
taxon:180850|organism:bacillus thuringiensis subsp. indiana,target_bacteria,taxon_organism,1,180850,Bacillus thuringiensis subsp. indiana,bacillus thuringiensis,False,True,False,True,True,True,174
taxon:1809|organism:mycobacterium ulcerans,target_bacteria,taxon_organism,1,1809,Mycobacterium ulcerans,mycobacterium ulcerans,True,True,True,True,True,True,135
taxon:1810909|organism:aspergillus desertorum (emericella desertorum),target_fungi,taxon_organism,1,1810909,Aspergillus desertorum (Emericella desertorum),aspergillus desertorum,False,False,False,False,False,False,0
taxon:1814|organism:amycolatopsis methanolica,target_bacteria,taxon_organism,9,1814,Amycolatopsis methanolica,amycolatopsis methanolica,True,True,True,True,True,True,144
taxon:1818|organism:nocardia globerula,target_bacteria,taxon_organism,1,1818,Nocardia globerula,nocardia globerula,True,True,True,True,True,True,92
taxon:182058|organism:mycetinis scorodonius (garlic mushroom) (marasmius scorodonius),target_fungi,taxon_organism,1,182058,Mycetinis scorodonius (Garlic mushroom) (Marasmius scorodonius),mycetinis scorodonius,False,False,False,False,False,False,0
taxon:1824|organism:nocardia asteroides,target_bacteria,taxon_organism,1,1824,Nocardia asteroides,nocardia asteroides,True,True,True,True,True,True,157
taxon:1828523|organism:phoma sp. (strain atcc 20986 / mf5453),target_fungi,taxon_organism,3,1828523,Phoma sp. (strain ATCC 20986 / MF5453),phoma sp.,False,False,False,False,False,False,0
taxon:1828|organism:rhodococcoides fascians (rhodococcus fascians),target_bacteria,taxon_organism,8,1828,Rhodococcoides fascians (Rhodococcus fascians),rhodococcoides fascians,True,True,True,True,True,True,160
taxon:1829|organism:rhodococcus rhodochrous,target_bacteria,taxon_organism,14,1829,Rhodococcus rhodochrous,rhodococcus rhodochrous,True,True,True,True,True,True,193
taxon:1831|organism:rhodococcus sp,target_bacteria,taxon_organism,8,1831,Rhodococcus sp,rhodococcus sp,False,False,False,False,False,False,0
taxon:1833|organism:rhodococcus erythropolis (arthrobacter picolinophilus),target_bacteria,taxon_organism,32,1833,Rhodococcus erythropolis (Arthrobacter picolinophilus),rhodococcus erythropolis,True,True,True,True,True,True,170
taxon:183417|organism:proteus hauseri,target_bacteria,taxon_organism,6,183417,Proteus hauseri,proteus hauseri,True,True,True,True,True,True,168
taxon:1836|organism:saccharopolyspora erythraea (streptomyces erythraeus),target_bacteria,taxon_organism,2,1836,Saccharopolyspora erythraea (Streptomyces erythraeus),saccharopolyspora erythraea,True,True,True,True,True,True,164
taxon:184077|organism:methylovorus mays,target_bacteria,taxon_organism,1,184077,Methylovorus mays,methylovorus mays,True,True,True,True,True,True,3
taxon:1848|organism:pseudonocardia thermophila,target_bacteria,taxon_organism,1,1848,Pseudonocardia thermophila,pseudonocardia thermophila,True,True,True,True,True,False,104
taxon:1850362|organism:paenibacillus sp. (strain dsm 101736 / fjat-27264),target_bacteria,taxon_organism,1,1850362,Paenibacillus sp. (strain DSM 101736 / FJAT-27264),paenibacillus sp.,False,False,False,False,False,True,0
taxon:1850|organism:actinopolyspora halophila,target_bacteria,taxon_organism,1,1850,Actinopolyspora halophila,actinopolyspora halophila,True,True,True,True,True,True,132
taxon:1857|organism:frankia sp. (strain fac1),target_bacteria,taxon_organism,1,1857,Frankia sp. (strain FaC1),frankia sp.,False,False,False,False,False,False,0
taxon:1859699|organism:albifimbria verrucaria (myrothecium leaf spot and pod blight fungus) (myrothecium verrucaria),target_fungi,taxon_organism,2,1859699,Albifimbria verrucaria (Myrothecium leaf spot and pod blight fungus) (Myrothecium verrucaria),albifimbria verrucaria,False,False,False,False,False,False,0
taxon:1859971|organism:paramyrothecium roridum (myrothecium leaf spot fungus) (myrothecium roridum),target_fungi,taxon_organism,1,1859971,Paramyrothecium roridum (Myrothecium leaf spot fungus) (Myrothecium roridum),paramyrothecium roridum,False,False,False,False,False,False,0
taxon:1859|organism:frankia alni,target_bacteria,taxon_organism,3,1859,Frankia alni,frankia alni,True,True,True,True,True,True,145
taxon:186103|organism:streptococcus pyogenes serotype m18 (strain mgas8232),target_bacteria,taxon_organism,182,186103,Streptococcus pyogenes serotype M18 (strain MGAS8232),streptococcus pyogenes,False,True,False,True,True,True,184
taxon:186497|organism:pyrococcus furiosus (strain atcc 43587 / dsm 3638 / jcm 8422 / vc1),target_archaea,taxon_organism,1,186497,Pyrococcus furiosus (strain ATCC 43587 / DSM 3638 / JCM 8422 / Vc1),pyrococcus furiosus,False,True,True,True,True,True,135
taxon:1866|organism:actinoplanes missouriensis,target_bacteria,taxon_organism,2,1866,Actinoplanes missouriensis,actinoplanes missouriensis,True,True,True,True,True,True,101
taxon:1867|organism:actinoplanes teichomyceticus,target_bacteria,taxon_organism,2,1867,Actinoplanes teichomyceticus,actinoplanes teichomyceticus,True,True,True,True,True,True,148
taxon:1872086|organism:ensifer sp,target_bacteria,taxon_organism,1,1872086,Ensifer sp,ensifer sp,False,False,False,False,False,False,0
taxon:1872490|organism:aminobacter sp,target_bacteria,taxon_organism,1,1872490,Aminobacter sp,aminobacter sp,False,False,False,False,False,False,0
taxon:1872|organism:actinoplanes sp. (strain atcc 31351 / 3876) (ampullariella sp.),target_bacteria,taxon_organism,2,1872,Actinoplanes sp. (strain ATCC 31351 / 3876) (Ampullariella sp.),actinoplanes sp.,False,False,False,False,False,False,0
taxon:1873369|organism:aspergillus hancockii,target_fungi,taxon_organism,3,1873369,Aspergillus hancockii,aspergillus hancockii,False,False,False,False,False,False,0
taxon:187400|organism:paracoccus zeaxanthinifaciens,target_bacteria,taxon_organism,2,187400,Paracoccus zeaxanthinifaciens,paracoccus zeaxanthinifaciens,True,True,True,True,True,True,130
taxon:1874|organism:micromonospora chalcea,target_bacteria,taxon_organism,1,1874,Micromonospora chalcea,micromonospora chalcea,True,True,True,True,True,True,145
taxon:1877|organism:micromonospora echinospora (micromonospora purpurea),target_bacteria,taxon_organism,5,1877,Micromonospora echinospora (Micromonospora purpurea),micromonospora echinospora,True,True,True,True,True,False,150
taxon:1878|organism:micromonospora rosea,target_bacteria,taxon_organism,1,1878,Micromonospora rosea,micromonospora rosea,False,False,False,False,False,False,0
taxon:1879|organism:micromonospora zionensis,target_bacteria,taxon_organism,1,1879,Micromonospora zionensis,micromonospora zionensis,True,True,True,True,True,False,24
taxon:1880|organism:micromonospora olivasterospora,target_bacteria,taxon_organism,2,1880,Micromonospora olivasterospora,micromonospora olivasterospora,True,True,True,True,True,True,151
taxon:1884|organism:streptomyces acrimycini,target_bacteria,taxon_organism,1,1884,Streptomyces acrimycini,streptomyces acrimycini,True,True,True,True,True,False,1
taxon:1885|organism:streptomyces actuosus,target_bacteria,taxon_organism,1,1885,Streptomyces actuosus,streptomyces actuosus,True,True,True,True,True,False,171
taxon:1887|organism:streptomyces albogriseolus,target_bacteria,taxon_organism,1,1887,Streptomyces albogriseolus,streptomyces albogriseolus,True,True,True,True,True,True,105
taxon:1889|organism:streptomyces ambofaciens,target_bacteria,taxon_organism,1,1889,Streptomyces ambofaciens,streptomyces ambofaciens,True,True,True,True,True,True,167
taxon:188|organism:paramagnetospirillum magnetotacticum (aquaspirillum magnetotacticum),target_bacteria,taxon_organism,1,188,Paramagnetospirillum magnetotacticum (Aquaspirillum magnetotacticum),paramagnetospirillum magnetotacticum,True,True,True,True,True,True,79
taxon:1890|organism:streptomyces antibioticus,target_bacteria,taxon_organism,8,1890,Streptomyces antibioticus,streptomyces antibioticus,True,True,True,True,True,True,138
taxon:1892|organism:streptomyces anulatus (streptomyces chrysomallus),target_bacteria,taxon_organism,8,1892,Streptomyces anulatus (Streptomyces chrysomallus),streptomyces anulatus,True,True,True,True,True,False,153
taxon:189385|organism:tremblaya princeps,target_bacteria,taxon_organism,5,189385,Tremblaya princeps,tremblaya princeps,False,False,False,False,False,False,0
taxon:1893|organism:streptomyces atratus,target_bacteria,taxon_organism,2,1893,Streptomyces atratus,streptomyces atratus,True,True,True,True,True,False,145
taxon:1894|organism:kitasatospora aureofaciens (streptomyces aureofaciens),target_bacteria,taxon_organism,6,1894,Kitasatospora aureofaciens (Streptomyces aureofaciens),kitasatospora aureofaciens,True,True,True,True,True,True,167
taxon:1895941|organism:cutaneotrichosporon moniliiforme (yeast) (trichosporon moniliiforme),target_fungi,taxon_organism,1,1895941,Cutaneotrichosporon moniliiforme (Yeast) (Trichosporon moniliiforme),cutaneotrichosporon moniliiforme,False,False,False,False,False,False,0
taxon:1896212|organism:fibrobacter sp. (strain uwh6),target_bacteria,taxon_organism,1,1896212,Fibrobacter sp. (strain UWH6),fibrobacter sp.,False,False,False,False,False,True,0
taxon:1896|organism:streptomyces bikiniensis,target_bacteria,taxon_organism,1,1896,Streptomyces bikiniensis,streptomyces bikiniensis,True,True,True,True,True,True,148
taxon:1897|organism:streptomyces carzinostaticus,target_bacteria,taxon_organism,3,1897,Streptomyces carzinostaticus,streptomyces carzinostaticus,True,True,True,True,True,False,1
taxon:1898|organism:streptomyces cacaoi,target_bacteria,taxon_organism,2,1898,Streptomyces cacaoi,streptomyces cacaoi,True,True,True,True,True,True,133
taxon:189918|organism:mycobacterium sp. (strain kms),target_bacteria,taxon_organism,142,189918,Mycobacterium sp. (strain KMS),mycobacterium sp.,False,False,False,False,False,True,0
taxon:1901|organism:streptomyces clavuligerus,target_bacteria,taxon_organism,21,1901,Streptomyces clavuligerus,streptomyces clavuligerus,True,True,True,True,True,True,139
taxon:190304|organism:fusobacterium nucleatum subsp. nucleatum (strain atcc 25586 / dsm 15643 / bcrc 10681 / cip 101130 / jcm 8532 / kctc 2640 / lmg 13131 / vpi 4355),target_bacteria,taxon_organism,175,190304,Fusobacterium nucleatum subsp. nucleatum (strain ATCC 25586 / DSM 15643 / BCRC 10681 / CIP 101130 / JCM 8532 / KCTC 2640 / LMG 13131 / VPI 4355),fusobacterium nucleatum,False,True,False,True,True,True,170
taxon:190386|organism:agrobacterium tumefaciens (strain 15955),target_bacteria,taxon_organism,3,190386,Agrobacterium tumefaciens (strain 15955),agrobacterium tumefaciens,False,False,False,False,False,True,0
taxon:1903|organism:streptomyces corchorusii (streptomyces chibaensis),target_bacteria,taxon_organism,1,1903,Streptomyces corchorusii (Streptomyces chibaensis),streptomyces corchorusii,True,True,True,True,True,True,104
taxon:1905|organism:streptomyces exfoliatus (streptomyces hydrogenans),target_bacteria,taxon_organism,6,1905,Streptomyces exfoliatus (Streptomyces hydrogenans),streptomyces exfoliatus,True,True,True,True,True,True,156
taxon:1906|organism:streptomyces fradiae (streptomyces roseoflavus),target_bacteria,taxon_organism,26,1906,Streptomyces fradiae (Streptomyces roseoflavus),streptomyces fradiae,True,True,True,True,True,True,151
taxon:1907|organism:streptomyces glaucescens,target_bacteria,taxon_organism,8,1907,Streptomyces glaucescens,streptomyces glaucescens,True,True,True,True,True,False,147
taxon:1908|organism:streptomyces globisporus,target_bacteria,taxon_organism,5,1908,Streptomyces globisporus,streptomyces globisporus,True,True,True,True,True,True,162
taxon:1909|organism:streptomyces griseolus,target_bacteria,taxon_organism,1,1909,Streptomyces griseolus,streptomyces griseolus,True,True,True,True,True,True,154
taxon:1911|organism:streptomyces griseus,target_bacteria,taxon_organism,33,1911,Streptomyces griseus,streptomyces griseus,True,True,True,True,True,True,186
taxon:1912|organism:streptomyces hygroscopicus,target_bacteria,taxon_organism,12,1912,Streptomyces hygroscopicus,streptomyces hygroscopicus,True,True,True,True,True,True,201
taxon:1913|organism:amycolatopsis lactamdurans (nocardia lactamdurans),target_bacteria,taxon_organism,5,1913,Amycolatopsis lactamdurans (Nocardia lactamdurans),amycolatopsis lactamdurans,False,False,False,False,False,True,0
taxon:1914933|organism:siminovitchia terrae (bacillus terrae),target_bacteria,taxon_organism,1,1914933,Siminovitchia terrae (Bacillus terrae),siminovitchia terrae,True,True,True,True,True,True,156
taxon:1914|organism:streptomyces lavendulae,target_bacteria,taxon_organism,12,1914,Streptomyces lavendulae,streptomyces lavendulae,True,True,True,True,True,True,136
taxon:1915362|organism:epichloe typhina x neotyphodium lolii (neotyphodium sp. (strain lp1)),target_fungi,taxon_organism,1,1915362,Epichloe typhina x Neotyphodium lolii (Neotyphodium sp. (strain Lp1)),epichloe typhina,False,False,False,False,False,False,0
taxon:191545|organism:moraxella sp. (strain tae123),target_bacteria,taxon_organism,2,191545,Moraxella sp. (strain TAE123),moraxella sp.,False,False,False,False,False,False,0
taxon:1915|organism:streptomyces lincolnensis,target_bacteria,taxon_organism,1,1915,Streptomyces lincolnensis,streptomyces lincolnensis,True,True,True,True,True,True,132
taxon:1916|organism:streptomyces lividans,target_bacteria,taxon_organism,15,1916,Streptomyces lividans,streptomyces lividans,True,True,True,True,True,True,133
taxon:1919|organism:streptomyces microflavus (streptomyces lipmanii),target_bacteria,taxon_organism,1,1919,Streptomyces microflavus (Streptomyces lipmanii),streptomyces microflavus,True,True,True,True,True,True,164
taxon:1921421|organism:geobacillus genomosp. 3,target_bacteria,taxon_organism,3,1921421,Geobacillus genomosp. 3,geobacillus genomosp.,True,False,True,True,True,True,130
taxon:1921|organism:streptomyces olivaceoviridis (streptomyces corchorusii),target_bacteria,taxon_organism,1,1921,Streptomyces olivaceoviridis (Streptomyces corchorusii),streptomyces olivaceoviridis,True,True,True,True,True,True,93
taxon:1922|organism:streptomyces plicatus,target_bacteria,taxon_organism,1,1922,Streptomyces plicatus,streptomyces plicatus,True,True,True,True,True,True,100
taxon:1924|organism:streptomyces purpurascens,target_bacteria,taxon_organism,3,1924,Streptomyces purpurascens,streptomyces purpurascens,True,True,True,True,True,True,145
taxon:1925|organism:streptomyces ramocissimus,target_bacteria,taxon_organism,3,1925,Streptomyces ramocissimus,streptomyces ramocissimus,False,False,False,False,False,False,0
taxon:1926491|organism:hahella sp. (strain ccb-mm4),target_bacteria,taxon_organism,2,1926491,Hahella sp. (strain CCB-MM4),hahella sp.,False,False,False,False,False,True,0
taxon:1927|organism:streptomyces rimosus,target_bacteria,taxon_organism,6,1927,Streptomyces rimosus,streptomyces rimosus,True,True,True,True,True,True,138
taxon:1928|organism:streptomyces rochei (streptomyces parvullus),target_bacteria,taxon_organism,2,1928,Streptomyces rochei (Streptomyces parvullus),streptomyces rochei,True,True,True,True,True,True,130
taxon:192952|organism:methanosarcina mazei (strain atcc baa-159 / dsm 3647 / goe1 / go1 / jcm 11833 / ocm 88) (methanosarcina frisia),target_archaea,taxon_organism,1,192952,Methanosarcina mazei (strain ATCC BAA-159 / DSM 3647 / Goe1 / Go1 / JCM 11833 / OCM 88) (Methanosarcina frisia),methanosarcina mazei,False,False,False,False,False,True,0
taxon:192|organism:azospirillum brasilense,target_bacteria,taxon_organism,42,192,Azospirillum brasilense,azospirillum brasilense,True,True,True,True,True,True,174
taxon:1930|organism:streptomyces scabiei,target_bacteria,taxon_organism,1,1930,Streptomyces scabiei,streptomyces scabiei,True,True,True,True,True,True,154
taxon:1931|organism:streptomyces sp,target_bacteria,taxon_organism,29,1931,Streptomyces sp,streptomyces sp,False,False,False,False,False,False,0
taxon:1932|organism:streptomyces tendae,target_bacteria,taxon_organism,1,1932,Streptomyces tendae,streptomyces tendae,True,True,True,True,True,False,96
taxon:193393|organism:hypomyces subiculosus (nectria subiculosa),target_fungi,taxon_organism,1,193393,Hypomyces subiculosus (Nectria subiculosa),hypomyces subiculosus,False,False,False,False,False,False,0
taxon:1933|organism:streptoalloteichus tenebrarius (strain atcc 17920 / dsm 40477 / jcm 4838 / cbs 697.72 / nbrc 16177 / ncimb 11028 / nrrl b-12390 / a12253. 1 / isp 5477) (streptomyces tenebrarius),target_bacteria,taxon_organism,6,1933,Streptoalloteichus tenebrarius (strain ATCC 17920 / DSM 40477 / JCM 4838 / CBS 697.72 / NBRC 16177 / NCIMB 11028 / NRRL B-12390 / A12253. 1 / ISP 5477) (Streptomyces tenebrarius),streptoalloteichus tenebrarius,True,True,True,True,True,True,31
taxon:193462|organism:streptomyces niveus (streptomyces spheroides),target_bacteria,taxon_organism,9,193462,Streptomyces niveus (Streptomyces spheroides),streptomyces niveus,True,True,True,True,True,True,150
taxon:193567|organism:streptococcus pyogenes serotype m3 (strain ssi-1),target_bacteria,taxon_organism,181,193567,Streptococcus pyogenes serotype M3 (strain SSI-1),streptococcus pyogenes,False,True,False,True,True,True,184
taxon:1935|organism:streptomyces violaceoruber,target_bacteria,taxon_organism,3,1935,Streptomyces violaceoruber,streptomyces violaceoruber,True,True,True,True,True,False,130
taxon:1938|organism:streptomyces viridochromogenes,target_bacteria,taxon_organism,4,1938,Streptomyces viridochromogenes,streptomyces viridochromogenes,True,True,True,True,True,True,138
taxon:1941|organism:streptomyces badius,target_bacteria,taxon_organism,1,1941,Streptomyces badius,streptomyces badius,True,True,True,True,True,False,146
taxon:1945|organism:streptomyces jumonjinensis,target_bacteria,taxon_organism,1,1945,Streptomyces jumonjinensis,streptomyces jumonjinensis,True,True,True,True,True,True,130
taxon:1946|organism:streptomyces kasugaensis,target_bacteria,taxon_organism,1,1946,Streptomyces kasugaensis,streptomyces kasugaensis,True,True,True,True,True,True,109
taxon:195099|organism:campylobacter jejuni (strain rm1221),target_bacteria,taxon_organism,184,195099,Campylobacter jejuni (strain RM1221),campylobacter jejuni,False,True,True,True,True,True,183
taxon:1950|organism:streptomyces peucetius,target_bacteria,taxon_organism,8,1950,Streptomyces peucetius,streptomyces peucetius,True,True,True,True,True,True,135
taxon:1956|organism:streptomyces diastaticus,target_bacteria,taxon_organism,1,1956,Streptomyces diastaticus,streptomyces diastaticus,True,True,True,True,True,True,146
taxon:195709|organism:xanthomonas campestris pv. juglandis (xanthomonas arboricola pv. juglandis),target_bacteria,taxon_organism,1,195709,Xanthomonas campestris pv. juglandis (Xanthomonas arboricola pv. juglandis),xanthomonas arboricola,False,True,False,True,True,True,134
taxon:195|organism:campylobacter coli,target_bacteria,taxon_organism,2,195,Campylobacter coli,campylobacter coli,True,True,True,True,True,True,180
taxon:1960|organism:streptomyces vinaceus,target_bacteria,taxon_organism,3,1960,Streptomyces vinaceus,streptomyces vinaceus,True,True,True,True,True,False,153
taxon:196162|organism:nocardioides sp. (strain atcc baa-499 / js614),target_bacteria,taxon_organism,116,196162,Nocardioides sp. (strain ATCC BAA-499 / JS614),nocardioides sp.,False,False,False,False,False,True,0
taxon:1961|organism:streptomyces virginiae (streptomyces cinnamonensis),target_bacteria,taxon_organism,7,1961,Streptomyces virginiae (Streptomyces cinnamonensis),streptomyces virginiae,True,True,True,True,True,True,149
taxon:1962|organism:streptomyces albus g,target_bacteria,taxon_organism,3,1962,Streptomyces albus G,streptomyces albus,False,True,False,True,True,True,175
taxon:1963|organism:streptomyces olivochromogenes,target_bacteria,taxon_organism,1,1963,Streptomyces olivochromogenes,streptomyces olivochromogenes,True,True,True,True,True,False,148
taxon:196607|organism:rhizobium sp. (strain nhg3),target_bacteria,taxon_organism,1,196607,Rhizobium sp. (strain NHG3),rhizobium sp.,False,False,False,False,False,False,0
taxon:196620|organism:staphylococcus aureus (strain mw2),target_bacteria,taxon_organism,352,196620,Staphylococcus aureus (strain MW2),staphylococcus aureus,False,True,True,True,True,True,202
taxon:196627|organism:corynebacterium glutamicum (strain atcc 13032 / dsm 20300 / jcm 1318 / bcrc 11384 / ccug 27702 / lmg 3730 / nbrc 12168 / ncimb 10025 / nrrl b-2784 / 534),target_bacteria,taxon_organism,269,196627,Corynebacterium glutamicum (strain ATCC 13032 / DSM 20300 / JCM 1318 / BCRC 11384 / CCUG 27702 / LMG 3730 / NBRC 12168 / NCIMB 10025 / NRRL B-2784 / 534),corynebacterium glutamicum,False,True,True,True,True,True,179
taxon:196628|organism:arthrobacter sp. (strain kuj 8602),target_bacteria,taxon_organism,1,196628,Arthrobacter sp. (strain KUJ 8602),arthrobacter sp.,False,False,False,False,False,False,0
taxon:1967|organism:streptomyces kanamyceticus,target_bacteria,taxon_organism,9,1967,Streptomyces kanamyceticus,streptomyces kanamyceticus,True,True,True,True,True,True,155
taxon:1968|organism:streptomyces cellulosae,target_bacteria,taxon_organism,1,1968,Streptomyces cellulosae,streptomyces cellulosae,True,True,True,True,True,False,144
taxon:196|organism:campylobacter fetus,target_bacteria,taxon_organism,2,196,Campylobacter fetus,campylobacter fetus,True,True,True,True,True,True,169
taxon:1971|organism:streptomyces noursei (streptomyces albulus),target_bacteria,taxon_organism,4,1971,Streptomyces noursei (Streptomyces albulus),streptomyces noursei,True,True,True,True,True,True,139
taxon:1973307|organism:cyclocybe aegerita (black poplar mushroom) (agrocybe aegerita),target_fungi,taxon_organism,10,1973307,Cyclocybe aegerita (Black poplar mushroom) (Agrocybe aegerita),cyclocybe aegerita,False,False,False,False,False,False,0
taxon:197575|organism:haemophilus aegyptius,target_bacteria,taxon_organism,3,197575,Haemophilus aegyptius,haemophilus aegyptius,True,True,True,True,True,True,160
taxon:1979465|organism:neocamarosporium betae (beet black rot fungus) (pleospora betae),target_fungi,taxon_organism,6,1979465,Neocamarosporium betae (Beet black rot fungus) (Pleospora betae),neocamarosporium betae,False,False,False,False,False,False,0
taxon:197|organism:campylobacter jejuni,target_bacteria,taxon_organism,6,197,Campylobacter jejuni,campylobacter jejuni,True,True,True,True,True,True,183
taxon:198107|organism:aromatoleum sp. (strain cib) (azoarcus sp. (strain cib)),target_bacteria,taxon_organism,1,198107,Aromatoleum sp. (strain CIB) (Azoarcus sp. (strain CIB)),aromatoleum sp.),False,False,False,False,False,True,0
taxon:198730|organism:talaromyces verruculosus (penicillium verruculosum),target_fungi,taxon_organism,11,198730,Talaromyces verruculosus (Penicillium verruculosum),talaromyces verruculosus,False,False,False,False,False,False,0
taxon:1996|organism:microtetraspora glauca,target_bacteria,taxon_organism,1,1996,Microtetraspora glauca,microtetraspora glauca,True,True,True,True,True,False,137
taxon:1999|organism:planomonospora venezuelensis,target_bacteria,taxon_organism,1,1999,Planomonospora venezuelensis,planomonospora venezuelensis,True,True,True,True,True,True,149
taxon:2001|organism:streptosporangium roseum,target_bacteria,taxon_organism,1,2001,Streptosporangium roseum,streptosporangium roseum,True,True,True,True,True,True,153
taxon:2017|organism:streptoalloteichus hindustanus,target_bacteria,taxon_organism,1,2017,Streptoalloteichus hindustanus,streptoalloteichus hindustanus,True,True,True,True,True,True,108
taxon:201|organism:campylobacter lari,target_bacteria,taxon_organism,2,201,Campylobacter lari,campylobacter lari,True,True,True,True,True,True,166
taxon:2020|organism:thermomonospora curvata,target_bacteria,taxon_organism,1,2020,Thermomonospora curvata,thermomonospora curvata,True,True,True,True,True,True,143
taxon:2021|organism:thermobifida fusca (thermomonospora fusca),target_bacteria,taxon_organism,4,2021,Thermobifida fusca (Thermomonospora fusca),thermobifida fusca,True,True,True,True,True,True,154
taxon:2024|organism:thermoactinomyces intermedius,target_bacteria,taxon_organism,2,2024,Thermoactinomyces intermedius,thermoactinomyces intermedius,True,True,True,True,True,True,78
taxon:2026|organism:thermoactinomyces vulgaris,target_bacteria,taxon_organism,1,2026,Thermoactinomyces vulgaris,thermoactinomyces vulgaris,True,True,True,True,True,True,132
taxon:2030|organism:kibdelosporangium aridum,target_bacteria,taxon_organism,1,2030,Kibdelosporangium aridum,kibdelosporangium aridum,True,True,True,True,True,True,164
taxon:203124|organism:trichodesmium erythraeum (strain ims101),target_bacteria,taxon_organism,141,203124,Trichodesmium erythraeum (strain IMS101),trichodesmium erythraeum,False,False,False,False,False,True,0
taxon:203703|organism:psychrobacter sp. (strain ta137),target_bacteria,taxon_organism,1,203703,Psychrobacter sp. (strain TA137),psychrobacter sp.,False,False,False,False,False,False,0
taxon:2040732|organism:cladobotryum sp,target_fungi,taxon_organism,10,2040732,Cladobotryum sp,cladobotryum sp,False,False,False,False,False,False,0
taxon:2045|organism:nocardioides simplex (arthrobacter simplex),target_bacteria,taxon_organism,2,2045,Nocardioides simplex (Arthrobacter simplex),nocardioides simplex,True,False,False,True,True,False,152
taxon:204723|organism:peniophora sp. (strain sg) (white-rot fungus),target_fungi,taxon_organism,1,204723,Peniophora sp. (strain SG) (White-rot fungus),peniophora sp.,False,False,False,False,False,False,0
taxon:204891|organism:nocardia iowensis,target_bacteria,taxon_organism,1,204891,Nocardia iowensis,nocardia iowensis,True,True,True,True,True,True,100
taxon:2058884|organism:herbaspirillum sp. (strain bh-1),target_bacteria,taxon_organism,1,2058884,Herbaspirillum sp. (strain BH-1),herbaspirillum sp.,False,False,False,False,False,True,0
taxon:205914|organism:histophilus somni (strain 129pt) (haemophilus somnus),target_bacteria,taxon_organism,182,205914,Histophilus somni (strain 129Pt) (Haemophilus somnus),histophilus somni,False,True,True,True,True,True,169
taxon:205921|organism:streptococcus agalactiae serotype ia (strain atcc 27591 / a909 / cdc ss700),target_bacteria,taxon_organism,158,205921,Streptococcus agalactiae serotype Ia (strain ATCC 27591 / A909 / CDC SS700),streptococcus agalactiae,False,True,False,True,True,True,179
taxon:2059318|organism:ajellomyces capsulatus (strain nam1 / wu24) (darling's disease fungus) (histoplasma capsulatum),target_fungi,taxon_organism,30,2059318,Ajellomyces capsulatus (strain NAm1 / WU24) (Darling's disease fungus) (Histoplasma capsulatum),ajellomyces capsulatus,False,False,False,False,False,False,0
taxon:2059672|organism:chromobacterium sp. (strain atcc 53434 / sc 14030),target_bacteria,taxon_organism,1,2059672,Chromobacterium sp. (strain ATCC 53434 / SC 14030),chromobacterium sp.,False,False,False,False,False,True,0
taxon:2064|organism:kitasatospora griseola (streptomyces griseolosporeus),target_bacteria,taxon_organism,6,2064,Kitasatospora griseola (Streptomyces griseolosporeus),kitasatospora griseola,True,True,True,True,True,True,143
taxon:2070412|organism:rutstroemia sp. (strain njr-2017a wrk4),target_fungi,taxon_organism,1,2070412,Rutstroemia sp. (strain NJR-2017a WRK4),rutstroemia sp.,False,False,False,False,False,False,0
taxon:2074|organism:pseudonocardia autotrophica (amycolata autotrophica) (nocardia autotrophica),target_bacteria,taxon_organism,1,2074,Pseudonocardia autotrophica (Amycolata autotrophica) (Nocardia autotrophica),pseudonocardia autotrophica,True,True,True,True,True,False,153
taxon:208962|organism:escherichia albertii,target_bacteria,taxon_organism,1,208962,Escherichia albertii,escherichia albertii,True,True,True,True,True,True,154
taxon:208964|organism:pseudomonas aeruginosa (strain atcc 15692 / dsm 22644 / cip 104116 / jcm 14847 / lmg 12228 / 1c / prs 101 / pao1),target_bacteria,taxon_organism,1,208964,Pseudomonas aeruginosa (strain ATCC 15692 / DSM 22644 / CIP 104116 / JCM 14847 / LMG 12228 / 1C / PRS 101 / PAO1),pseudomonas aeruginosa,False,True,True,True,True,True,219
taxon:2094|organism:mycoplasmopsis arginini (mycoplasma arginini),target_bacteria,taxon_organism,1,2094,Mycoplasmopsis arginini (Mycoplasma arginini),mycoplasmopsis arginini,True,True,True,True,True,True,133
taxon:209559|organism:petromyces alliaceus (aspergillus alliaceus),target_fungi,taxon_organism,1,209559,Petromyces alliaceus (Aspergillus alliaceus),petromyces alliaceus,False,False,False,False,False,False,0
taxon:2098|organism:metamycoplasma hominis (mycoplasma hominis),target_bacteria,taxon_organism,4,2098,Metamycoplasma hominis (Mycoplasma hominis),metamycoplasma hominis,True,True,True,True,True,True,165
taxon:2099|organism:mesomycoplasma hyopneumoniae (mycoplasma hyopneumoniae),target_bacteria,taxon_organism,2,2099,Mesomycoplasma hyopneumoniae (Mycoplasma hyopneumoniae),mesomycoplasma hyopneumoniae,True,True,True,True,True,True,134
taxon:2100|organism:mesomycoplasma hyorhinis (mycoplasma hyorhinis),target_bacteria,taxon_organism,1,2100,Mesomycoplasma hyorhinis (Mycoplasma hyorhinis),mesomycoplasma hyorhinis,True,True,True,True,True,True,133
taxon:2102|organism:mycoplasma mycoides,target_bacteria,taxon_organism,1,2102,Mycoplasma mycoides,mycoplasma mycoides,True,True,True,True,True,True,144
taxon:2108|organism:mycoplasma sp,target_bacteria,taxon_organism,1,2108,Mycoplasma sp,mycoplasma sp,False,False,False,False,False,False,0
taxon:210|organism:helicobacter pylori (campylobacter pylori),target_bacteria,taxon_organism,9,210,Helicobacter pylori (Campylobacter pylori),helicobacter pylori,True,True,True,True,True,True,177
taxon:211146|organism:paenarthrobacter nitroguajacolicus (arthrobacter nitroguajacolicus),target_bacteria,taxon_organism,1,211146,Paenarthrobacter nitroguajacolicus (Arthrobacter nitroguajacolicus),paenarthrobacter nitroguajacolicus,True,True,True,True,True,True,152
taxon:212194|organism:mycobacterium sp. (strain dsm 3803 / jc1),target_bacteria,taxon_organism,1,212194,Mycobacterium sp. (strain DSM 3803 / JC1),mycobacterium sp.,False,False,False,False,False,True,0
taxon:2122|organism:mycoplasmoides pirum (mycoplasma pirum),target_bacteria,taxon_organism,6,2122,Mycoplasmoides pirum (Mycoplasma pirum),mycoplasmoides pirum,True,True,True,True,True,True,78
taxon:2128|organism:mesomycoplasma flocculare (mycoplasma flocculare),target_bacteria,taxon_organism,1,2128,Mesomycoplasma flocculare (Mycoplasma flocculare),mesomycoplasma flocculare,True,True,True,True,True,True,134
taxon:2130|organism:ureaplasma urealyticum (ureaplasma urealyticum biotype 2),target_bacteria,taxon_organism,3,2130,Ureaplasma urealyticum (Ureaplasma urealyticum biotype 2),ureaplasma urealyticum,True,True,True,True,True,True,134
taxon:2133|organism:spiroplasma citri,target_bacteria,taxon_organism,8,2133,Spiroplasma citri,spiroplasma citri,True,True,True,True,True,True,133
taxon:2135649|organism:rhizobium sp. (strain pp-f2f-g36),target_bacteria,taxon_organism,1,2135649,Rhizobium sp. (strain PP-F2F-G36),rhizobium sp.,False,False,False,False,False,True,0
taxon:213664|organism:comamonas sp. (strain ncimb 9872),target_bacteria,taxon_organism,2,213664,Comamonas sp. (strain NCIMB 9872),comamonas sp.,False,False,False,False,False,False,0
taxon:2136|organism:spiroplasma monobiae (strain atcc 33825 / mq-1),target_bacteria,taxon_organism,1,2136,Spiroplasma monobiae (strain ATCC 33825 / MQ-1),spiroplasma monobiae,True,True,True,True,True,True,132
taxon:2148|organism:acholeplasma laidlawii,target_bacteria,taxon_organism,7,2148,Acholeplasma laidlawii,acholeplasma laidlawii,True,True,True,True,True,True,140
taxon:214|organism:helicobacter felis,target_bacteria,taxon_organism,2,214,Helicobacter felis,helicobacter felis,True,True,True,True,True,True,135
taxon:215689|organism:erwinia sp. (strain ejp617),target_bacteria,taxon_organism,1,215689,Erwinia sp. (strain Ejp617),erwinia sp.,False,False,False,False,False,True,0
taxon:215801|organism:moritella sp. (strain 2d2),target_bacteria,taxon_organism,1,215801,Moritella sp. (strain 2D2),moritella sp.,False,False,False,False,False,False,0
taxon:2161|organism:methanobacterium bryantii,target_archaea,taxon_organism,3,2161,Methanobacterium bryantii,methanobacterium bryantii,False,False,False,False,False,False,0
taxon:2162|organism:methanobacterium formicicum,target_archaea,taxon_organism,1,2162,Methanobacterium formicicum,methanobacterium formicicum,False,False,False,False,False,True,0
taxon:216389|organism:dehalococcoides mccartyi (strain atcc baa-2100 / jcm 16839 / kctc 5957 / bav1),target_bacteria,taxon_organism,97,216389,Dehalococcoides mccartyi (strain ATCC BAA-2100 / JCM 16839 / KCTC 5957 / BAV1),dehalococcoides mccartyi,False,True,True,True,True,True,136
taxon:216393|organism:flavobacterium sp. (strain p99-3),target_bacteria,taxon_organism,1,216393,Flavobacterium sp. (strain P99-3),flavobacterium sp.,False,False,False,False,False,False,0
taxon:2163|organism:methanobacterium ivanovii,target_archaea,taxon_organism,1,2163,Methanobacterium ivanovii,methanobacterium ivanovii,False,False,False,False,False,False,0
taxon:216595|organism:pseudomonas fluorescens (strain sbw25),target_bacteria,taxon_organism,207,216595,Pseudomonas fluorescens (strain SBW25),pseudomonas fluorescens,False,True,True,True,True,True,199
taxon:216816|organism:bifidobacterium longum,target_bacteria,taxon_organism,2,216816,Bifidobacterium longum,bifidobacterium longum,True,True,True,True,True,True,182
taxon:2173|organism:methanobrevibacter smithii,target_archaea,taxon_organism,3,2173,Methanobrevibacter smithii,methanobrevibacter smithii,False,False,False,False,False,True,0
taxon:217617|organism:proteus sp. (strain le138),target_bacteria,taxon_organism,4,217617,Proteus sp. (strain LE138),proteus sp.,False,False,False,False,False,False,0
taxon:217|organism:helicobacter mustelae,target_bacteria,taxon_organism,2,217,Helicobacter mustelae,helicobacter mustelae,True,True,True,True,True,True,151
taxon:2180|organism:methanothermus fervidus,target_archaea,taxon_organism,5,2180,Methanothermus fervidus,methanothermus fervidus,False,False,False,False,False,True,0
taxon:2181|organism:methanothermus sociabilis,target_archaea,taxon_organism,1,2181,Methanothermus sociabilis,methanothermus sociabilis,False,False,False,False,False,False,0
taxon:218494|organism:streptococcus suis (strain p1/7),target_bacteria,taxon_organism,3,218494,Streptococcus suis (strain P1/7),streptococcus suis,False,True,True,True,True,True,184
taxon:218496|organism:tropheryma whipplei (strain tw08/27) (whipple's bacillus),target_bacteria,taxon_organism,91,218496,Tropheryma whipplei (strain TW08/27) (Whipple's bacillus),tropheryma whipplei,False,True,True,True,True,True,133
taxon:218557|organism:variovorax sp. (strain pal2),target_bacteria,taxon_organism,1,218557,Variovorax sp. (strain Pal2),variovorax sp.,False,False,False,False,False,False,0
taxon:2186|organism:methanothermococcus thermolithotrophicus (methanococcus thermolithotrophicus),target_archaea,taxon_organism,6,2186,Methanothermococcus thermolithotrophicus (Methanococcus thermolithotrophicus),methanothermococcus thermolithotrophicus,False,False,False,False,False,True,0
taxon:2187|organism:methanococcus vannielii,target_archaea,taxon_organism,10,2187,Methanococcus vannielii,methanococcus vannielii,False,False,False,False,False,True,0
taxon:2188|organism:methanococcus voltae,target_archaea,taxon_organism,10,2188,Methanococcus voltae,methanococcus voltae,False,False,False,False,False,True,0
taxon:2189|organism:methanotorris igneus (methanococcus igneus),target_archaea,taxon_organism,1,2189,Methanotorris igneus (Methanococcus igneus),methanotorris igneus,False,False,False,False,False,True,0
taxon:219305|organism:micromonospora sp. (strain atcc 39149 / nrrl 15099 / scc 1413),target_bacteria,taxon_organism,4,219305,Micromonospora sp. (strain ATCC 39149 / NRRL 15099 / SCC 1413),micromonospora sp.,False,False,False,False,False,True,0
taxon:21|organism:phenylobacterium immobile,target_bacteria,taxon_organism,1,21,Phenylobacterium immobile,phenylobacterium immobile,True,True,True,True,True,True,147
taxon:2203296|organism:sarocladium schorii (acremonium strictum (strain imi 501407)),target_fungi,taxon_organism,1,2203296,Sarocladium schorii (Acremonium strictum (strain IMI 501407)),sarocladium schorii),False,False,False,False,False,False,0
taxon:2208|organism:methanosarcina barkeri,target_archaea,taxon_organism,15,2208,Methanosarcina barkeri,methanosarcina barkeri,False,False,False,False,False,True,0
taxon:2209|organism:methanosarcina mazei (methanosarcina frisia),target_archaea,taxon_organism,1,2209,Methanosarcina mazei (Methanosarcina frisia),methanosarcina mazei,False,False,False,False,False,True,0
taxon:2210|organism:methanosarcina thermophila,target_archaea,taxon_organism,16,2210,Methanosarcina thermophila,methanosarcina thermophila,False,False,False,False,False,True,0
taxon:2221|organism:methanolobus tindarius,target_archaea,taxon_organism,1,2221,Methanolobus tindarius,methanolobus tindarius,False,False,False,False,False,True,0
taxon:2223|organism:methanothrix soehngenii (methanosaeta concilii),target_archaea,taxon_organism,2,2223,Methanothrix soehngenii (Methanosaeta concilii),methanothrix soehngenii,False,False,False,False,False,True,0
taxon:222892|organism:streptomyces nodosus subsp. asukaensis,target_bacteria,taxon_organism,3,222892,Streptomyces nodosus subsp. asukaensis,streptomyces nodosus,False,True,False,True,True,True,148
taxon:2242|organism:halobacterium salinarum (halobacterium halobium),target_archaea,taxon_organism,2,2242,Halobacterium salinarum (Halobacterium halobium),halobacterium salinarum,False,False,False,False,False,True,0
taxon:2246|organism:haloferax volcanii (halobacterium volcanii),target_archaea,taxon_organism,3,2246,Haloferax volcanii (Halobacterium volcanii),haloferax volcanii,False,False,False,False,False,True,0
taxon:2253|organism:haloferax sp,target_archaea,taxon_organism,1,2253,Haloferax sp,haloferax sp,False,False,False,False,False,False,0
taxon:2262|organism:pyrococcus woesei,target_archaea,taxon_organism,7,2262,Pyrococcus woesei,pyrococcus woesei,True,True,True,True,True,False,5
taxon:226302|organism:lachancea kluyveri (strain atcc 58438 / cbs 3082 / bcrc 21498 / nbrc 1685 / jcm 7257 / ncyc 543 / nrrl y-12651) (yeast) (saccharomyces kluyveri),target_fungi,taxon_organism,8,226302,Lachancea kluyveri (strain ATCC 58438 / CBS 3082 / BCRC 21498 / NBRC 1685 / JCM 7257 / NCYC 543 / NRRL Y-12651) (Yeast) (Saccharomyces kluyveri),lachancea kluyveri,False,False,False,False,False,False,0
taxon:2264|organism:thermococcus celer,target_archaea,taxon_organism,1,2264,Thermococcus celer,thermococcus celer,True,True,True,True,True,True,132
taxon:2265|organism:thermococcus litoralis,target_archaea,taxon_organism,2,2265,Thermococcus litoralis,thermococcus litoralis,True,True,True,True,True,True,134
taxon:2271|organism:thermoproteus tenax,target_archaea,taxon_organism,4,2271,Thermoproteus tenax,thermoproteus tenax,True,True,True,True,True,True,133
taxon:2275|organism:desulfurococcus mucosus (desulfurococcus mobilis),target_archaea,taxon_organism,1,2275,Desulfurococcus mucosus (Desulfurococcus mobilis),desulfurococcus mucosus,True,True,True,True,True,True,136
taxon:227|organism:pseudoalteromonas carrageenovora (alteromonas carrageenovora),target_bacteria,taxon_organism,1,227,Pseudoalteromonas carrageenovora (Alteromonas carrageenovora),pseudoalteromonas carrageenovora,True,True,True,True,True,True,134
taxon:2283|organism:acidianus ambivalens (desulfurolobus ambivalens),target_archaea,taxon_organism,4,2283,Acidianus ambivalens (Desulfurolobus ambivalens),acidianus ambivalens,True,True,True,True,True,True,132
taxon:228400|organism:histophilus somni (strain 2336) (haemophilus somnus),target_bacteria,taxon_organism,172,228400,Histophilus somni (strain 2336) (Haemophilus somnus),histophilus somni,False,True,True,True,True,True,169
taxon:2287|organism:saccharolobus solfataricus (sulfolobus solfataricus),target_archaea,taxon_organism,5,2287,Saccharolobus solfataricus (Sulfolobus solfataricus),saccharolobus solfataricus,True,True,True,True,True,True,140
taxon:2288|organism:sulfolobus sp,target_archaea,taxon_organism,2,2288,Sulfolobus sp,sulfolobus sp,False,False,False,False,False,True,0
taxon:228|organism:pseudoalteromonas haloplanktis (alteromonas haloplanktis),target_bacteria,taxon_organism,1,228,Pseudoalteromonas haloplanktis (Alteromonas haloplanktis),pseudoalteromonas haloplanktis,True,True,True,True,True,True,141
taxon:229779|organism:photorhabdus sp. (strain az29),target_bacteria,taxon_organism,1,229779,Photorhabdus sp. (strain Az29),photorhabdus sp.,False,False,False,False,False,False,0
taxon:230521|organism:fischerella ambigua (strain utex 1903),target_bacteria,taxon_organism,4,230521,Fischerella ambigua (strain UTEX 1903),fischerella ambigua,False,False,False,False,False,False,0
taxon:230603|organism:saccharomyces uvarum (yeast) (saccharomyces bayanus var. uvarum),target_fungi,taxon_organism,1,230603,Saccharomyces uvarum (Yeast) (Saccharomyces bayanus var. uvarum),saccharomyces uvarum,False,False,False,False,False,False,0
taxon:230806|organism:mycena epipterygia (yellow-stemmed mycena),target_fungi,taxon_organism,1,230806,Mycena epipterygia (Yellow-stemmed mycena),mycena epipterygia,False,False,False,False,False,False,0
taxon:2315449|organism:candida tenuis (yeast) (yamadazyma tenuis),target_fungi,taxon_organism,1,2315449,Candida tenuis (Yeast) (Yamadazyma tenuis),candida tenuis,False,False,False,False,False,False,0
taxon:231717|organism:bacillus sp. (strain ulm1),target_bacteria,taxon_organism,1,231717,Bacillus sp. (strain ULM1),bacillus sp.,False,False,False,False,False,False,0
taxon:232082|organism:fusarium virguliforme,target_fungi,taxon_organism,1,232082,Fusarium virguliforme,fusarium virguliforme,False,False,False,False,False,False,0
taxon:2326|organism:alvinoconcha hessleri symbiotic bacterium,target_bacteria,taxon_organism,1,2326,Alvinoconcha hessleri symbiotic bacterium,alvinoconcha hessleri,False,False,False,False,False,False,0
taxon:232721|organism:acidovorax sp. (strain js42),target_bacteria,taxon_organism,147,232721,Acidovorax sp. (strain JS42),acidovorax sp.,False,False,False,False,False,True,0
taxon:232|organism:alteromonas sp,target_bacteria,taxon_organism,1,232,Alteromonas sp,alteromonas sp,False,False,False,False,False,False,0
taxon:2333|organism:propionigenium modestum,target_bacteria,taxon_organism,6,2333,Propionigenium modestum,propionigenium modestum,True,True,True,True,True,False,4
taxon:2334|organism:bacillus sp. (strain ps3),target_bacteria,taxon_organism,2,2334,Bacillus sp. (strain PS3),bacillus sp.,False,False,False,False,False,False,0
taxon:2337|organism:thermotoga neapolitana,target_bacteria,taxon_organism,5,2337,Thermotoga neapolitana,thermotoga neapolitana,True,True,True,True,True,True,134
taxon:2340|organism:solemya velum gill symbiont,target_bacteria,taxon_organism,1,2340,Solemya velum gill symbiont,solemya velum,False,False,False,False,False,True,0
taxon:234267|organism:solibacter usitatus (strain ellin6076),target_bacteria,taxon_organism,125,234267,Solibacter usitatus (strain Ellin6076),solibacter usitatus,False,False,False,False,False,True,0
taxon:234826|organism:anaplasma marginale (strain st. maries),target_bacteria,taxon_organism,92,234826,Anaplasma marginale (strain St. Maries),anaplasma marginale,False,True,True,True,True,True,133
taxon:2352|organism:flexistipes sinusarabici,target_bacteria,taxon_organism,1,2352,Flexistipes sinusarabici,flexistipes sinusarabici,True,True,True,True,True,True,134
taxon:235467|organism:gordonia sp. (strain ty-5),target_bacteria,taxon_organism,4,235467,Gordonia sp. (strain TY-5),gordonia sp.,False,False,False,False,False,False,0
taxon:237561|organism:candida albicans (strain sc5314 / atcc mya-2876) (yeast),target_fungi,taxon_organism,1,237561,Candida albicans (strain SC5314 / ATCC MYA-2876) (Yeast),candida albicans,False,False,False,False,False,False,0
taxon:238|organism:elizabethkingia meningoseptica (chryseobacterium meningosepticum),target_bacteria,taxon_organism,13,238,Elizabethkingia meningoseptica (Chryseobacterium meningosepticum),elizabethkingia meningoseptica,False,False,False,False,False,True,0
taxon:240|organism:flavobacterium sp. (strain 141-8),target_bacteria,taxon_organism,1,240,Flavobacterium sp. (strain 141-8),flavobacterium sp.,False,False,False,False,False,False,0
"taxon:241|organism:flavobacterium sp. (strain sc 12,154)",target_bacteria,taxon_organism,1,241,"Flavobacterium sp. (strain SC 12,154)",flavobacterium sp.,False,False,False,False,False,False,0
taxon:2423|organism:fervidobacterium islandicum,target_bacteria,taxon_organism,2,2423,Fervidobacterium islandicum,fervidobacterium islandicum,True,True,True,True,True,True,132
taxon:242|organism:flavobacterium sp. (strain u-188),target_bacteria,taxon_organism,1,242,Flavobacterium sp. (strain U-188),flavobacterium sp.,False,False,False,False,False,False,0
taxon:244366|organism:klebsiella variicola,target_bacteria,taxon_organism,1,244366,Klebsiella variicola,klebsiella variicola,False,False,False,False,False,True,0
taxon:244|organism:planomicrobium okeanokoites (planococcus okeanokoites) (flavobacterium okeanokoites),target_bacteria,taxon_organism,1,244,Planomicrobium okeanokoites (Planococcus okeanokoites) (Flavobacterium okeanokoites),planomicrobium okeanokoites,True,True,True,True,True,True,149
taxon:245175|organism:wallemia muriae (xerophilic fungus) (torula epizoa var. muriae),target_fungi,taxon_organism,1,245175,Wallemia muriae (Xerophilic fungus) (Torula epizoa var. muriae),wallemia muriae,False,False,False,False,False,False,0
taxon:246196|organism:mycolicibacterium smegmatis (strain atcc 700084 / mc(2)155) (mycobacterium smegmatis),target_bacteria,taxon_organism,251,246196,Mycolicibacterium smegmatis (strain ATCC 700084 / mc(2)155) (Mycobacterium smegmatis),mycolicibacterium smegmatis,False,True,False,True,True,True,154
taxon:246786|organism:metabacillus indicus (bacillus indicus),target_bacteria,taxon_organism,1,246786,Metabacillus indicus (Bacillus indicus),metabacillus indicus,True,True,True,True,True,True,164
taxon:246794|organism:moritella sp. (strain 5710),target_bacteria,taxon_organism,1,246794,Moritella sp. (strain 5710),moritella sp.,False,False,False,False,False,False,0
taxon:249095|organism:rhodococcus sp. (strain tk6),target_bacteria,taxon_organism,1,249095,Rhodococcus sp. (strain TK6),rhodococcus sp.,False,False,False,False,False,False,0
taxon:249|organism:terrimonas ferruginea (flavobacterium ferrugineum),target_bacteria,taxon_organism,1,249,Terrimonas ferruginea (Flavobacterium ferrugineum),terrimonas ferruginea,False,False,False,False,False,True,0
taxon:24|organism:shewanella putrefaciens (pseudomonas putrefaciens),target_bacteria,taxon_organism,2,24,Shewanella putrefaciens (Pseudomonas putrefaciens),shewanella putrefaciens,True,True,True,True,True,True,183
taxon:252128|organism:agrobacterium sp. (strain knk712),target_bacteria,taxon_organism,1,252128,Agrobacterium sp. (strain KNK712),agrobacterium sp.,False,False,False,False,False,False,0
taxon:253|organism:chryseobacterium indologenes (flavobacterium indologenes),target_bacteria,taxon_organism,1,253,Chryseobacterium indologenes (Flavobacterium indologenes),chryseobacterium indologenes,False,False,False,False,False,True,0
taxon:2545762|organism:caulobacter sp. (strain rhg1),target_bacteria,taxon_organism,1,2545762,Caulobacter sp. (strain RHG1),caulobacter sp.,False,False,False,False,False,False,0
taxon:255776|organism:apiospora montagnei (sphaeria apiospora),target_fungi,taxon_organism,1,255776,Apiospora montagnei (Sphaeria apiospora),apiospora montagnei,False,False,False,False,False,False,0
taxon:255|organism:flavobacterium lutescens,target_bacteria,taxon_organism,1,255,Flavobacterium lutescens,flavobacterium lutescens,True,False,False,True,True,False,1
taxon:256|organism:myroides odoratus (flavobacterium odoratum),target_bacteria,taxon_organism,1,256,Myroides odoratus (Flavobacterium odoratum),myroides odoratus,False,False,False,False,False,True,0
taxon:2572248|organism:cryptosporiopsis sp. (strain 8999),target_fungi,taxon_organism,4,2572248,Cryptosporiopsis sp. (strain 8999),cryptosporiopsis sp.,False,False,False,False,False,False,0
taxon:257438|organism:gluconobacter thailandicus,target_bacteria,taxon_organism,2,257438,Gluconobacter thailandicus,gluconobacter thailandicus,True,True,True,True,True,True,144
taxon:257466|organism:uncultured marine euryarchaeote,target_archaea,taxon_organism,1,257466,Uncultured marine euryarchaeote,uncultured marine,False,False,False,False,False,False,0
taxon:2582783|organism:aspergillus nanangensis,target_fungi,taxon_organism,1,2582783,Aspergillus nanangensis,aspergillus nanangensis,False,False,False,False,False,False,0
taxon:258594|organism:rhodopseudomonas palustris (strain atcc baa-98 / cga009),target_bacteria,taxon_organism,240,258594,Rhodopseudomonas palustris (strain ATCC BAA-98 / CGA009),rhodopseudomonas palustris,False,True,True,True,True,True,151
taxon:2587412|organism:podospora anserina (pleurage anserina),target_fungi,taxon_organism,6,2587412,Podospora anserina (Pleurage anserina),podospora anserina,False,False,False,False,False,False,0
taxon:258|organism:sphingobacterium spiritivorum (flavobacterium spiritivorum),target_bacteria,taxon_organism,1,258,Sphingobacterium spiritivorum (Flavobacterium spiritivorum),sphingobacterium spiritivorum,False,False,False,False,False,True,0
taxon:260551|organism:agrobacterium tumefaciens (strain rs5),target_bacteria,taxon_organism,1,260551,Agrobacterium tumefaciens (strain RS5),agrobacterium tumefaciens,False,False,False,False,False,True,0
taxon:2607668|organism:psychrobacter sp. (strain 13a),target_bacteria,taxon_organism,2,2607668,Psychrobacter sp. (strain 13A),psychrobacter sp.,False,False,False,False,False,False,0
taxon:261476|organism:nostoc sp. (strain 36),target_bacteria,taxon_organism,2,261476,Nostoc sp. (strain 36),nostoc sp.,False,False,False,False,False,False,0
taxon:262320|organism:flavobacterium frigidimaris,target_bacteria,taxon_organism,1,262320,Flavobacterium frigidimaris,flavobacterium frigidimaris,False,False,False,False,False,False,0
taxon:263819|organism:yersinia aleksiciae,target_bacteria,taxon_organism,1,263819,Yersinia aleksiciae,yersinia aleksiciae,True,True,True,True,True,True,166
taxon:263|organism:francisella tularensis,target_bacteria,taxon_organism,1,263,Francisella tularensis,francisella tularensis,True,True,True,True,True,True,134
taxon:264198|organism:cupriavidus pinatubonensis (strain jmp 134 / lmg 1197) (cupriavidus necator (strain jmp 134)),target_bacteria,taxon_organism,249,264198,Cupriavidus pinatubonensis (strain JMP 134 / LMG 1197) (Cupriavidus necator (strain JMP 134)),cupriavidus pinatubonensis,False,True,False,True,True,True,158
taxon:264445|organism:streptomyces hygroscopicus subsp. limoneus,target_bacteria,taxon_organism,6,264445,Streptomyces hygroscopicus subsp. limoneus,streptomyces hygroscopicus,False,True,False,True,True,True,201
taxon:264483|organism:phaffia rhodozyma (yeast) (xanthophyllomyces dendrorhous),target_fungi,taxon_organism,5,264483,Phaffia rhodozyma (Yeast) (Xanthophyllomyces dendrorhous),phaffia rhodozyma,False,False,False,False,False,False,0
taxon:264691|organism:anabaena variabilis,target_bacteria,taxon_organism,5,264691,Anabaena variabilis,anabaena variabilis,False,False,False,False,False,False,0
taxon:264732|organism:moorella thermoacetica (strain atcc 39073 / jcm 9320),target_bacteria,taxon_organism,171,264732,Moorella thermoacetica (strain ATCC 39073 / JCM 9320),neomoorella thermoacetica,False,True,False,True,True,True,151
taxon:264|organism:francisella novicida,target_bacteria,taxon_organism,2,264,Francisella novicida,francisella tularensis,False,True,False,True,True,True,134
taxon:265669|organism:listeria monocytogenes serotype 4b (strain f2365),target_bacteria,taxon_organism,261,265669,Listeria monocytogenes serotype 4b (strain F2365),listeria monocytogenes,False,True,False,True,True,True,204
taxon:266779|organism:chelativorans sp. (strain bnc1),target_bacteria,taxon_organism,182,266779,Chelativorans sp. (strain BNC1),chelativorans sp.,False,False,False,False,False,True,0
taxon:266|organism:paracoccus denitrificans,target_bacteria,taxon_organism,34,266,Paracoccus denitrificans,paracoccus denitrificans,True,True,True,True,True,True,167
taxon:267998|organism:rhizobium sp. (strain mtp-10005),target_bacteria,taxon_organism,5,267998,Rhizobium sp. (strain MTP-10005),rhizobium sp.,False,False,False,False,False,False,0
taxon:267|organism:paracoccus sp,target_bacteria,taxon_organism,1,267,Paracoccus sp,paracoccus sp,False,False,False,False,False,False,0
taxon:268808|organism:pseudomonas sp. (strain ncimb 10558),target_bacteria,taxon_organism,1,268808,Pseudomonas sp. (strain NCIMB 10558),pseudomonas sp.,False,False,False,False,False,False,0
taxon:268810|organism:streptomyces sp. (strain ikd472 / ferm p-14339),target_bacteria,taxon_organism,1,268810,Streptomyces sp. (strain IKD472 / FERM P-14339),streptomyces sp.,False,False,False,False,False,False,0
taxon:268949|organism:flavobacterium sp. (strain k3-15 / dsm id92-509),target_bacteria,taxon_organism,1,268949,Flavobacterium sp. (strain K3-15 / DSM ID92-509),flavobacterium sp.,False,False,False,False,False,False,0
taxon:268951|organism:agrobacterium sp. (strain cp4),target_bacteria,taxon_organism,1,268951,Agrobacterium sp. (strain CP4),agrobacterium sp.,False,False,False,False,False,False,0
taxon:268952|organism:corynebacterium sp. (strain atcc 31090),target_bacteria,taxon_organism,1,268952,Corynebacterium sp. (strain ATCC 31090),corynebacterium sp.,False,False,False,False,False,False,0
taxon:268953|organism:corynebacterium sp. (strain shs752001),target_bacteria,taxon_organism,1,268953,Corynebacterium sp. (strain SHS752001),corynebacterium sp.,False,False,False,False,False,False,0
taxon:268954|organism:corynebacterium sp. (strain c12),target_bacteria,taxon_organism,1,268954,Corynebacterium sp. (strain C12),corynebacterium sp.,False,False,False,False,False,False,0
taxon:269086|organism:pseudomonas sp. (strain sy-77),target_bacteria,taxon_organism,1,269086,Pseudomonas sp. (strain SY-77),pseudomonas sp.,False,False,False,False,False,False,0
taxon:269087|organism:pseudomonas sp. (strain jr1 / k1),target_bacteria,taxon_organism,1,269087,Pseudomonas sp. (strain JR1 / K1),pseudomonas sp.,False,False,False,False,False,False,0
taxon:269091|organism:rhodococcus sp. (strain tdtm0003),target_bacteria,taxon_organism,1,269091,Rhodococcus sp. (strain TDTM0003),rhodococcus sp.,False,False,False,False,False,False,0
taxon:269443|organism:thermococcus sp. (strain ki),target_archaea,taxon_organism,1,269443,Thermococcus sp. (strain KI),thermococcus sp.,False,False,False,False,False,False,0
taxon:2696576|organism:taiwanofungus camphoratus (poroid brown-rot fungus) (antrodia camphorata),target_fungi,taxon_organism,1,2696576,Taiwanofungus camphoratus (Poroid brown-rot fungus) (Antrodia camphorata),taiwanofungus camphoratus,False,False,False,False,False,False,0
taxon:269797|organism:methanosarcina barkeri (strain fusaro / dsm 804),target_archaea,taxon_organism,190,269797,Methanosarcina barkeri (strain Fusaro / DSM 804),methanosarcina barkeri,False,False,False,False,False,True,0
taxon:269800|organism:thermobifida fusca (strain yx),target_bacteria,taxon_organism,147,269800,Thermobifida fusca (strain YX),thermobifida fusca,False,True,True,True,True,True,154
taxon:2699|organism:heliomicrobium gestii (heliobacterium gestii),target_bacteria,taxon_organism,1,2699,Heliomicrobium gestii (Heliobacterium gestii),heliomicrobium gestii,True,True,True,True,True,True,132
taxon:2714|organism:aquifex pyrophilus,target_bacteria,taxon_organism,6,2714,Aquifex pyrophilus,aquifex pyrophilus,True,True,True,True,True,False,3
taxon:271|organism:thermus aquaticus,target_bacteria,taxon_organism,14,271,Thermus aquaticus,thermus aquaticus,True,True,True,True,True,True,135
taxon:272131|organism:nostoc punctiforme,target_bacteria,taxon_organism,1,272131,Nostoc punctiforme,nostoc punctiforme,False,False,False,False,False,True,0
taxon:2723666|organism:planctomycetales bacterium (strain zrk34),target_bacteria,taxon_organism,1,2723666,Planctomycetales bacterium (strain ZRK34),planctomycetales bacterium,False,False,False,False,False,True,0
taxon:272567|organism:geobacillus stearothermophilus (strain dsm 13240 / cip 106956 / 10),target_bacteria,taxon_organism,2,272567,Geobacillus stearothermophilus (strain DSM 13240 / CIP 106956 / 10),geobacillus stearothermophilus,False,True,True,True,True,True,178
taxon:2725|organism:unknown prokaryotic organism,target_bacteria,taxon_organism,15,2725,Unknown prokaryotic organism,unknown prokaryotic,False,False,False,False,False,False,0
taxon:272844|organism:pyrococcus abyssi (strain ge5 / orsay),target_archaea,taxon_organism,218,272844,Pyrococcus abyssi (strain GE5 / Orsay),pyrococcus abyssi,False,True,True,True,True,True,133
taxon:2728|organism:legionella jeonii,target_bacteria,taxon_organism,1,2728,Legionella jeonii,legionella jeonii,False,False,False,False,False,False,0
taxon:27291|organism:saccharomyces paradoxus (yeast) (saccharomyces douglasii),target_fungi,taxon_organism,5,27291,Saccharomyces paradoxus (Yeast) (Saccharomyces douglasii),saccharomyces paradoxus,False,False,False,False,False,False,0
taxon:27292|organism:saccharomyces pastorianus (lager yeast) (saccharomyces cerevisiae x saccharomyces eubayanus),target_fungi,taxon_organism,5,27292,Saccharomyces pastorianus (Lager yeast) (Saccharomyces cerevisiae x Saccharomyces eubayanus),saccharomyces pastorianus,False,False,False,False,False,False,0
taxon:272943|organism:cereibacter sphaeroides (strain atcc 17023 / dsm 158 / jcm 6121 / ccug 31486 / lmg 2827 / nbrc 12203 / ncimb 8253 / ath 2.4.1.) (rhodobacter sphaeroides),target_bacteria,taxon_organism,1,272943,Cereibacter sphaeroides (strain ATCC 17023 / DSM 158 / JCM 6121 / CCUG 31486 / LMG 2827 / NBRC 12203 / NCIMB 8253 / ATH 2.4.1.) (Rhodobacter sphaeroides),cereibacter sphaeroides,False,True,True,True,True,True,159
taxon:272|organism:thermus caldophilus,target_bacteria,taxon_organism,4,272,Thermus caldophilus,thermus caldophilus,False,False,False,False,False,False,0
taxon:27300|organism:schwanniomyces occidentalis (yeast) (debaryomyces occidentalis),target_fungi,taxon_organism,3,27300,Schwanniomyces occidentalis (Yeast) (Debaryomyces occidentalis),schwanniomyces occidentalis,False,False,False,False,False,False,0
taxon:273036|organism:staphylococcus aureus (strain bovine rf122 / et3-1),target_bacteria,taxon_organism,255,273036,Staphylococcus aureus (strain bovine RF122 / ET3-1),staphylococcus aureus,False,True,True,True,True,True,202
taxon:273384|organism:brevibacterium aurantiacum,target_bacteria,taxon_organism,1,273384,Brevibacterium aurantiacum,brevibacterium aurantiacum,True,True,True,True,True,True,161
taxon:273507|organism:phanerochaete chrysosporium (strain rp-78 / atcc mya-4764 / fgsc 9002) (white-rot fungus) (sporotrichum pruinosum),target_fungi,taxon_organism,2,273507,Phanerochaete chrysosporium (strain RP-78 / ATCC MYA-4764 / FGSC 9002) (White-rot fungus) (Sporotrichum pruinosum),phanerodontia chrysosporium,False,False,False,False,False,False,0
taxon:2736252|organism:aquimarina sp. (strain trl1),target_bacteria,taxon_organism,1,2736252,Aquimarina sp. (strain TRL1),aquimarina sp.,False,False,False,False,False,True,0
taxon:27381|organism:funneliformis mosseae (endomycorrhizal fungus) (glomus mosseae),target_fungi,taxon_organism,1,27381,Funneliformis mosseae (Endomycorrhizal fungus) (Glomus mosseae),funneliformis mosseae,False,False,False,False,False,False,0
taxon:2741|organism:peptococcus niger,target_bacteria,taxon_organism,1,2741,Peptococcus niger,peptococcus niger,True,True,True,True,True,True,136
taxon:2747968|organism:fusarium vanettenii (neocosmospora pisi),target_fungi,taxon_organism,3,2747968,Fusarium vanettenii (Neocosmospora pisi),fusarium vanettenii,False,False,False,False,False,False,0
taxon:274|organism:thermus thermophilus,target_bacteria,taxon_organism,23,274,Thermus thermophilus,thermus thermophilus,True,True,True,True,True,True,156
taxon:2778089|organism:flavobacteriaceae sp. genome_bin_11,target_bacteria,taxon_organism,1,2778089,Flavobacteriaceae sp. genome_bin_11,flavobacteriaceae sp. genome_bin_11,False,False,False,False,False,False,0
taxon:2778090|organism:lachnospiraceae bacterium (strain rug226),target_bacteria,taxon_organism,2,2778090,Lachnospiraceae bacterium (strain RUG226),lachnospiraceae bacterium,False,False,False,False,False,False,0
taxon:277|organism:meiothermus ruber,target_bacteria,taxon_organism,2,277,Meiothermus ruber,meiothermus ruber,True,True,True,True,True,True,135
taxon:278021|organism:antonospora locustae (microsporidian parasite) (nosema locustae),target_fungi,taxon_organism,4,278021,Antonospora locustae (Microsporidian parasite) (Nosema locustae),antonospora locustae,False,False,False,False,False,False,0
taxon:278858|organism:geobacillus sp. (strain pa-9),target_bacteria,taxon_organism,1,278858,Geobacillus sp. (strain PA-9),geobacillus sp.,False,False,False,False,False,False,0
taxon:27973|organism:encephalitozoon hellem (microsporidian parasite),target_fungi,taxon_organism,1,27973,Encephalitozoon hellem (Microsporidian parasite),encephalitozoon hellem,False,False,False,False,False,False,0
taxon:28028|organism:corynebacterium flavescens,target_bacteria,taxon_organism,2,28028,Corynebacterium flavescens,corynebacterium flavescens,True,True,True,True,True,True,158
taxon:28037|organism:streptococcus mitis,target_bacteria,taxon_organism,1,28037,Streptococcus mitis,streptococcus mitis,True,True,True,True,True,True,183
taxon:28039|organism:lactobacillus leichmannii,target_bacteria,taxon_organism,3,28039,Lactobacillus leichmannii,lactobacillus leichmannii,True,True,True,True,True,True,30
taxon:28040|organism:micromonospora griseorubida,target_bacteria,taxon_organism,2,28040,Micromonospora griseorubida,micromonospora griseorubida,True,True,True,True,True,False,1
taxon:28064|organism:heliobacterium mobile (heliobacillus mobilis),target_bacteria,taxon_organism,13,28064,Heliobacterium mobile (Heliobacillus mobilis),heliobacterium mobile,True,True,True,True,True,True,133
taxon:28068|organism:rubrivivax gelatinosus (rhodocyclus gelatinosus) (rhodopseudomonas gelatinosa),target_bacteria,taxon_organism,3,28068,Rubrivivax gelatinosus (Rhodocyclus gelatinosus) (Rhodopseudomonas gelatinosa),rubrivivax gelatinosus,True,True,True,True,True,True,148
taxon:28080|organism:campylobacter upsaliensis,target_bacteria,taxon_organism,1,28080,Campylobacter upsaliensis,campylobacter upsaliensis,True,True,True,True,True,True,168
taxon:28090|organism:acinetobacter lwoffii,target_bacteria,taxon_organism,6,28090,Acinetobacter lwoffii,acinetobacter lwoffii,True,True,True,True,True,True,171
taxon:280|organism:xanthobacter autotrophicus,target_bacteria,taxon_organism,3,280,Xanthobacter autotrophicus,xanthobacter autotrophicus,True,True,True,True,True,False,156
taxon:281068|organism:fusarium cortaderiae,target_fungi,taxon_organism,1,281068,Fusarium cortaderiae,fusarium cortaderiae,False,False,False,False,False,False,0
taxon:28141|organism:cronobacter sakazakii (enterobacter sakazakii),target_bacteria,taxon_organism,4,28141,Cronobacter sakazakii (Enterobacter sakazakii),cronobacter sakazakii,True,True,True,True,True,True,176
taxon:28151|organism:serratia proteamaculans,target_bacteria,taxon_organism,1,28151,Serratia proteamaculans,serratia proteamaculans,True,True,True,True,True,True,169
taxon:28152|organism:yersinia kristensenii,target_bacteria,taxon_organism,1,28152,Yersinia kristensenii,yersinia kristensenii,True,True,True,True,True,True,173
taxon:28172|organism:vibrio metschnikovii,target_bacteria,taxon_organism,2,28172,Vibrio metschnikovii,vibrio metschnikovii,True,True,True,True,True,True,175
taxon:28177|organism:kryptophanaron alfredi symbiont,target_bacteria,taxon_organism,2,28177,Kryptophanaron alfredi symbiont,kryptophanaron alfredi,False,False,False,False,False,False,0
taxon:281|organism:xanthobacter flavus,target_bacteria,taxon_organism,10,281,Xanthobacter flavus,xanthobacter flavus,True,True,True,True,True,False,152
taxon:28214|organism:sphingomonas sp,target_bacteria,taxon_organism,2,28214,Sphingomonas sp,sphingomonas sp,False,False,False,False,False,False,0
taxon:282216|organism:streptomyces lividus,target_bacteria,taxon_organism,3,282216,Streptomyces lividus,streptomyces lividus,True,True,True,True,True,False,1
taxon:2822231|organism:phanerodontia chrysosporium (white-rot fungus) (sporotrichum pruinosum),target_fungi,taxon_organism,17,2822231,Phanerodontia chrysosporium (White-rot fungus) (Sporotrichum pruinosum),phanerodontia chrysosporium,False,False,False,False,False,False,0
taxon:282267|organism:fusarium asiaticum,target_fungi,taxon_organism,1,282267,Fusarium asiaticum,fusarium asiaticum,False,False,False,False,False,False,0
taxon:282268|organism:fusarium austroamericanum,target_fungi,taxon_organism,1,282268,Fusarium austroamericanum,fusarium austroamericanum,False,False,False,False,False,False,0
taxon:282269|organism:fusarium meridionale,target_fungi,taxon_organism,1,282269,Fusarium meridionale,fusarium meridionale,False,False,False,False,False,False,0
taxon:282270|organism:fusarium mesoamericanum,target_fungi,taxon_organism,1,282270,Fusarium mesoamericanum,fusarium mesoamericanum,False,False,False,False,False,False,0
taxon:282271|organism:fusarium boothii,target_fungi,taxon_organism,1,282271,Fusarium boothii,fusarium boothii,False,False,False,False,False,False,0
taxon:282272|organism:fusarium acaciae-mearnsii,target_fungi,taxon_organism,1,282272,Fusarium acaciae-mearnsii,fusarium acaciae-mearnsii,False,False,False,False,False,False,0
taxon:282459|organism:staphylococcus aureus (strain mssa476),target_bacteria,taxon_organism,352,282459,Staphylococcus aureus (strain MSSA476),staphylococcus aureus,False,True,True,True,True,True,202
taxon:283643|organism:cryptococcus deneoformans (strain b-3501a) (cryptococcus neoformans var. neoformans serotype d),target_fungi,taxon_organism,84,283643,Cryptococcus deneoformans (strain B-3501A) (Cryptococcus neoformans var. neoformans serotype D),cryptococcus deneoformans,False,False,False,False,False,False,0
taxon:2840457|organism:nocardioides sp. (strain lms-cy),target_bacteria,taxon_organism,2,2840457,Nocardioides sp. (strain LMS-CY),nocardioides sp.,False,False,False,False,False,True,0
taxon:2842348|organism:pseudomonas canavaninivorans,target_bacteria,taxon_organism,5,2842348,Pseudomonas canavaninivorans,pseudomonas canavaninivorans,True,False,False,True,True,True,19
taxon:28442|organism:haloarcula vallismortis (halobacterium vallismortis),target_archaea,taxon_organism,2,28442,Haloarcula vallismortis (Halobacterium vallismortis),haloarcula vallismortis,False,False,False,False,False,True,0
taxon:28446|organism:anaerotignum propionicum (clostridium propionicum),target_bacteria,taxon_organism,5,28446,Anaerotignum propionicum (Clostridium propionicum),anaerotignum propionicum,True,True,True,True,True,True,151
taxon:28448|organism:komagataeibacter xylinus (gluconacetobacter xylinus),target_bacteria,taxon_organism,4,28448,Komagataeibacter xylinus (Gluconacetobacter xylinus),komagataeibacter xylinus,True,True,True,True,True,True,146
taxon:28449|organism:neisseria subflava,target_bacteria,taxon_organism,2,28449,Neisseria subflava,neisseria subflava,True,True,True,True,True,True,189
taxon:28450|organism:burkholderia pseudomallei (pseudomonas pseudomallei),target_bacteria,taxon_organism,1,28450,Burkholderia pseudomallei (Pseudomonas pseudomallei),burkholderia pseudomallei,True,True,True,True,True,True,159
taxon:28454|organism:sphingobacterium multivorum,target_bacteria,taxon_organism,1,28454,Sphingobacterium multivorum,sphingobacterium multivorum,False,False,False,False,False,True,0
taxon:284812|organism:schizosaccharomyces pombe (strain 972 / atcc 24843) (fission yeast),target_fungi,taxon_organism,1,284812,Schizosaccharomyces pombe (strain 972 / ATCC 24843) (Fission yeast),schizosaccharomyces pombe,False,False,False,False,False,False,0
taxon:285219|organism:streptomyces sp. (strain ko-3988),target_bacteria,taxon_organism,3,285219,Streptomyces sp. (strain KO-3988),streptomyces sp.,False,False,False,False,False,False,0
taxon:285525|organism:streptomyces sahachiroi,target_bacteria,taxon_organism,2,285525,Streptomyces sahachiroi,streptomyces sahachiroi,True,True,True,True,True,False,1
taxon:285532|organism:streptomyces achromogenes subsp. streptozoticus,target_bacteria,taxon_organism,2,285532,Streptomyces achromogenes subsp. streptozoticus,streptomyces achromogenes,False,True,False,True,True,True,152
taxon:28565|organism:talaromyces thermophilus,target_fungi,taxon_organism,1,28565,Talaromyces thermophilus,talaromyces thermophilus,False,False,False,False,False,False,0
taxon:28567|organism:talaromyces wortmannii (penicillium wortmannii),target_fungi,taxon_organism,3,28567,Talaromyces wortmannii (Penicillium wortmannii),talaromyces wortmannii,False,False,False,False,False,False,0
taxon:28576|organism:talaromyces variabilis (penicillium variabile),target_fungi,taxon_organism,4,28576,Talaromyces variabilis (Penicillium variabile),talaromyces variabilis,False,False,False,False,False,False,0
taxon:285|organism:comamonas testosteroni (pseudomonas testosteroni),target_bacteria,taxon_organism,43,285,Comamonas testosteroni (Pseudomonas testosteroni),comamonas testosteroni,True,True,True,True,True,True,164
taxon:286432|organism:aspergillus fumisynnematus,target_fungi,taxon_organism,1,286432,Aspergillus fumisynnematus,aspergillus fumisynnematus,False,False,False,False,False,False,0
taxon:286604|organism:streptococcus suis (strain 89/1591),target_bacteria,taxon_organism,1,286604,Streptococcus suis (strain 89/1591),streptococcus suis,False,True,True,True,True,True,184
taxon:2867405|organism:blumeria hordei (barley powdery mildew) (blumeria graminis f. sp. hordei),target_fungi,taxon_organism,2,2867405,Blumeria hordei (Barley powdery mildew) (Blumeria graminis f. sp. hordei),blumeria hordei,False,False,False,False,False,False,0
taxon:287752|organism:aurantimonas manganoxydans (strain atcc baa-1229 / dsm 21871 / si85-9a1),target_bacteria,taxon_organism,1,287752,Aurantimonas manganoxydans (strain ATCC BAA-1229 / DSM 21871 / SI85-9A1),aurantimonas manganoxydans,False,True,True,True,True,True,159
taxon:287|organism:pseudomonas aeruginosa,target_bacteria,taxon_organism,39,287,Pseudomonas aeruginosa,pseudomonas aeruginosa,True,True,True,True,True,True,219
taxon:288000|organism:bradyrhizobium sp. (strain btai1 / atcc baa-1182),target_bacteria,taxon_organism,174,288000,Bradyrhizobium sp. (strain BTAi1 / ATCC BAA-1182),bradyrhizobium sp.,False,False,False,False,False,True,0
taxon:28885|organism:hydrogenovibrio marinus,target_bacteria,taxon_organism,3,28885,Hydrogenovibrio marinus,hydrogenovibrio marinus,True,True,True,True,True,True,131
taxon:28896|organism:thermoanaerobacterium saccharolyticum,target_bacteria,taxon_organism,1,28896,Thermoanaerobacterium saccharolyticum,thermoanaerobacterium saccharolyticum,True,True,True,True,True,True,133
taxon:28985|organism:kluyveromyces lactis (yeast) (candida sphaerica),target_fungi,taxon_organism,1,28985,Kluyveromyces lactis (Yeast) (Candida sphaerica),kluyveromyces lactis,False,False,False,False,False,False,0
taxon:28995|organism:pleurotus pulmonarius (indian oyster mushroom),target_fungi,taxon_organism,2,28995,Pleurotus pulmonarius (Indian oyster mushroom),pleurotus pulmonarius,False,False,False,False,False,False,0
taxon:29001|organism:alternaria brassicicola (dark leaf spot agent),target_fungi,taxon_organism,3,29001,Alternaria brassicicola (Dark leaf spot agent),alternaria brassicicola,False,False,False,False,False,False,0
taxon:29003|organism:cercospora nicotianae (barn spot disease fungus),target_fungi,taxon_organism,3,29003,Cercospora nicotianae (Barn spot disease fungus),cercospora nicotianae,False,False,False,False,False,False,0
taxon:290318|organism:chlorobium phaeovibrioides (strain dsm 265 / 1930) (prosthecochloris vibrioformis (strain dsm 265)),target_bacteria,taxon_organism,130,290318,Chlorobium phaeovibrioides (strain DSM 265 / 1930) (Prosthecochloris vibrioformis (strain DSM 265)),chlorobium phaeovibrioides,False,False,False,False,False,True,0
taxon:290398|organism:chromohalobacter israelensis (strain atcc baa-138 / dsm 3043 / cip 106854 / ncimb 13768 / 1h11) (chromohalobacter salexigens),target_bacteria,taxon_organism,2,290398,Chromohalobacter israelensis (strain ATCC BAA-138 / DSM 3043 / CIP 106854 / NCIMB 13768 / 1H11) (Chromohalobacter salexigens),chromohalobacter israelensis,False,True,True,True,True,True,159
taxon:290399|organism:arthrobacter sp. (strain fb24),target_bacteria,taxon_organism,103,290399,Arthrobacter sp. (strain FB24),arthrobacter sp.,False,False,False,False,False,True,0
taxon:290400|organism:jannaschia sp. (strain ccs1),target_bacteria,taxon_organism,176,290400,Jannaschia sp. (strain CCS1),jannaschia sp.,False,False,False,False,False,True,0
taxon:290576|organism:colletotrichum lindemuthianum (bean anthracnose fungus) (glomerella lindemuthiana),target_fungi,taxon_organism,2,290576,Colletotrichum lindemuthianum (Bean anthracnose fungus) (Glomerella lindemuthiana),colletotrichum lindemuthianum,False,False,False,False,False,False,0
taxon:290|organism:afipia carboxydohydrogena (pseudomonas carboxydohydrogena),target_bacteria,taxon_organism,3,290,Afipia carboxydohydrogena (Pseudomonas carboxydohydrogena),afipia carboxydohydrogena,True,False,False,True,True,False,132
taxon:292414|organism:ruegeria sp. (strain tm1040) (silicibacter sp.),target_bacteria,taxon_organism,164,292414,Ruegeria sp. (strain TM1040) (Silicibacter sp.),ruegeria sp.,False,False,False,False,False,True,0
taxon:292566|organism:dactylococcopsis salina (myxobaktron salinum),target_bacteria,taxon_organism,1,292566,Dactylococcopsis salina (Myxobaktron salinum),dactylococcopsis salina,False,False,False,False,False,True,0
taxon:292800|organism:flavonifractor plautii (fusobacterium plautii),target_bacteria,taxon_organism,1,292800,Flavonifractor plautii (Fusobacterium plautii),flavonifractor plautii,True,True,True,True,True,True,171
taxon:292805|organism:wolbachia sp. subsp. brugia malayi (strain trs),target_bacteria,taxon_organism,96,292805,Wolbachia sp. subsp. Brugia malayi (strain TRS),wolbachia endosymbiont of brugia malayi,False,False,False,False,False,True,0
taxon:292913|organism:sphingopyxis sp. (strain 113p3),target_bacteria,taxon_organism,1,292913,Sphingopyxis sp. (strain 113P3),sphingopyxis sp.,False,False,False,False,False,True,0
taxon:29292|organism:pyrococcus abyssi,target_archaea,taxon_organism,1,29292,Pyrococcus abyssi,pyrococcus abyssi,True,True,True,True,True,True,133
taxon:292|organism:burkholderia cepacia (pseudomonas cepacia),target_bacteria,taxon_organism,27,292,Burkholderia cepacia (Pseudomonas cepacia),burkholderia cepacia,True,True,True,True,True,True,184
taxon:29301|organism:streptomyces arenae,target_bacteria,taxon_organism,8,29301,Streptomyces arenae,streptomyces arenae,True,True,True,True,True,False,26
taxon:29303|organism:streptantibioticus cattleyicolor (streptomyces cattleya),target_bacteria,taxon_organism,5,29303,Streptantibioticus cattleyicolor (Streptomyces cattleya),streptantibioticus cattleyicolor,True,True,True,True,True,True,156
taxon:29317|organism:actinomyces sp,target_bacteria,taxon_organism,1,29317,Actinomyces sp,actinomyces sp,False,False,False,False,False,False,0
taxon:29320|organism:paenarthrobacter nicotinovorans (arthrobacter nicotinovorans),target_bacteria,taxon_organism,19,29320,Paenarthrobacter nicotinovorans (Arthrobacter nicotinovorans),paenarthrobacter nicotinovorans,True,True,True,True,True,True,150
taxon:29323|organism:thermoanaerobacter brockii (thermoanaerobium brockii),target_bacteria,taxon_organism,4,29323,Thermoanaerobacter brockii (Thermoanaerobium brockii),thermoanaerobacter brockii,True,True,True,True,True,True,134
taxon:293382|organism:penicillium thymicola,target_fungi,taxon_organism,10,293382,Penicillium thymicola,penicillium thymicola,False,False,False,False,False,False,0
taxon:293387|organism:bacillus altitudinis,target_bacteria,taxon_organism,1,293387,Bacillus altitudinis,bacillus altitudinis,True,True,True,True,True,True,145
taxon:29339|organism:bacillus thuringiensis subsp. kurstaki,target_bacteria,taxon_organism,1,29339,Bacillus thuringiensis subsp. kurstaki,bacillus thuringiensis,False,True,False,True,True,True,174
taxon:29345|organism:sedimentibacter hydroxybenzoicus (clostridium hydroxybenzoicum),target_bacteria,taxon_organism,3,29345,Sedimentibacter hydroxybenzoicus (Clostridium hydroxybenzoicum),sedimentibacter hydroxybenzoicus,False,False,False,False,False,True,0
taxon:29347|organism:clostridium scindens (strain jcm 10418 / vpi 12708),target_bacteria,taxon_organism,8,29347,Clostridium scindens (strain JCM 10418 / VPI 12708),clostridium scindens,True,False,False,True,True,False,160
taxon:29369|organism:clostridium sardiniense (clostridium absonum),target_bacteria,taxon_organism,2,29369,Clostridium sardiniense (Clostridium absonum),clostridium sardiniense,True,True,True,True,True,True,142
taxon:29387|organism:staphylococcus sp,target_bacteria,taxon_organism,1,29387,Staphylococcus sp,staphylococcus sp,False,False,False,False,False,False,0
taxon:29397|organism:lactobacillus delbrueckii subsp. lactis,target_bacteria,taxon_organism,3,29397,Lactobacillus delbrueckii subsp. lactis,lactobacillus delbrueckii,False,True,False,True,True,True,180
taxon:293|organism:brevundimonas diminuta (pseudomonas diminuta),target_bacteria,taxon_organism,4,293,Brevundimonas diminuta (Pseudomonas diminuta),brevundimonas diminuta,True,True,True,True,True,True,169
taxon:29412|organism:anabaena sp. (strain l31),target_bacteria,taxon_organism,2,29412,Anabaena sp. (strain L31),anabaena sp.,False,False,False,False,False,True,0
taxon:29421|organism:nitrobacter vulgaris,target_bacteria,taxon_organism,3,29421,Nitrobacter vulgaris,nitrobacter vulgaris,True,True,True,True,True,True,135
taxon:29430|organism:acinetobacter haemolyticus,target_bacteria,taxon_organism,1,29430,Acinetobacter haemolyticus,acinetobacter haemolyticus,True,True,True,True,True,True,173
taxon:29434|organism:neisseria pharyngis,target_bacteria,taxon_organism,3,29434,Neisseria pharyngis,neisseria pharyngis,True,True,True,True,True,False,6
taxon:29438|organism:pseudomonas savastanoi (pseudomonas syringae pv. savastanoi),target_bacteria,taxon_organism,6,29438,Pseudomonas savastanoi (Pseudomonas syringae pv. savastanoi),pseudomonas savastanoi,True,True,True,True,True,True,158
taxon:29439|organism:pseudomonas sp. (strain 6g5),target_bacteria,taxon_organism,1,29439,Pseudomonas sp. (strain 6G5),pseudomonas sp.,False,False,False,False,False,False,0
taxon:29440|organism:pseudomonas sp. (strain ak-1),target_bacteria,taxon_organism,1,29440,Pseudomonas sp. (strain AK-1),pseudomonas sp.,False,False,False,False,False,False,0
taxon:29441|organism:pseudomonas sp. (strain ns671),target_bacteria,taxon_organism,1,29441,Pseudomonas sp. (strain NS671),pseudomonas sp.,False,False,False,False,False,False,0
taxon:29442|organism:pseudomonas tolaasii,target_bacteria,taxon_organism,2,29442,Pseudomonas tolaasii,pseudomonas tolaasii,True,True,True,True,True,True,145
taxon:29443|organism:paucimonas lemoignei (pseudomonas lemoignei),target_bacteria,taxon_organism,1,29443,Paucimonas lemoignei (Pseudomonas lemoignei),paucimonas lemoignei,True,True,True,True,True,False,154
taxon:29444|organism:xanthomonas campestris pv. cyanopsidis,target_bacteria,taxon_organism,1,29444,Xanthomonas campestris pv. cyanopsidis,xanthomonas campestris,False,True,False,True,True,True,160
taxon:29447|organism:xanthomonas albilineans,target_bacteria,taxon_organism,1,29447,Xanthomonas albilineans,xanthomonas albilineans,True,True,True,True,True,True,134
taxon:29448|organism:bradyrhizobium elkanii,target_bacteria,taxon_organism,1,29448,Bradyrhizobium elkanii,bradyrhizobium elkanii,True,True,True,True,True,True,152
taxon:29449|organism:rhizobium etli,target_bacteria,taxon_organism,7,29449,Rhizobium etli,rhizobium etli,False,False,False,False,False,True,0
taxon:29455|organism:deinonema sp,target_bacteria,taxon_organism,1,29455,Deinonema sp,deinonema sp,False,False,False,False,False,False,0
taxon:29466|organism:veillonella parvula (staphylococcus parvulus),target_bacteria,taxon_organism,5,29466,Veillonella parvula (Staphylococcus parvulus),veillonella parvula,True,True,True,True,True,True,174
taxon:29483|organism:yersinia aldovae,target_bacteria,taxon_organism,1,29483,Yersinia aldovae,yersinia aldovae,True,True,True,True,True,True,167
taxon:29484|organism:yersinia frederiksenii,target_bacteria,taxon_organism,1,29484,Yersinia frederiksenii,yersinia frederiksenii,True,True,True,True,True,True,176
taxon:29485|organism:yersinia rohdei,target_bacteria,taxon_organism,1,29485,Yersinia rohdei,yersinia rohdei,True,True,True,True,True,True,159
taxon:29486|organism:yersinia ruckeri,target_bacteria,taxon_organism,2,29486,Yersinia ruckeri,yersinia ruckeri,True,True,True,True,True,True,161
taxon:29488|organism:photorhabdus luminescens (xenorhabdus luminescens),target_bacteria,taxon_organism,9,29488,Photorhabdus luminescens (Xenorhabdus luminescens),photorhabdus luminescens,True,True,True,True,True,True,165
taxon:29494|organism:vibrio furnissii,target_bacteria,taxon_organism,2,29494,Vibrio furnissii,vibrio furnissii,True,True,True,True,True,True,163
taxon:29496|organism:vibrio sp. (strain 343),target_bacteria,taxon_organism,1,29496,Vibrio sp. (strain 343),vibrio sp.,False,False,False,False,False,False,0
taxon:294|organism:pseudomonas fluorescens,target_bacteria,taxon_organism,62,294,Pseudomonas fluorescens,pseudomonas fluorescens,True,True,True,True,True,True,199
taxon:29508|organism:leptospira meyeri,target_bacteria,taxon_organism,2,29508,Leptospira meyeri,leptospira meyeri,True,True,True,True,True,True,142
taxon:29518|organism:borreliella afzelii (borrelia afzelii),target_bacteria,taxon_organism,3,29518,Borreliella afzelii (Borrelia afzelii),borreliella afzelii,True,True,True,True,True,True,135
taxon:29539|organism:thermoleophilum album,target_bacteria,taxon_organism,1,29539,Thermoleophilum album,thermoleophilum album,True,True,True,True,True,False,131
taxon:29542|organism:syntrophotalea acetylenica (pelobacter acetylenicus),target_bacteria,taxon_organism,1,29542,Syntrophotalea acetylenica (Pelobacter acetylenicus),syntrophotalea acetylenica,True,True,True,True,True,True,135
taxon:29544|organism:azoarcus sp,target_bacteria,taxon_organism,1,29544,Azoarcus sp,azoarcus sp,False,False,False,False,False,False,0
taxon:29549|organism:rhodothermus marinus (rhodothermus obamensis),target_bacteria,taxon_organism,5,29549,Rhodothermus marinus (Rhodothermus obamensis),rhodothermus marinus,False,False,False,False,False,True,0
taxon:295838|organism:streptomyces rugosporus,target_bacteria,taxon_organism,3,295838,Streptomyces rugosporus,streptomyces rugosporus,False,False,False,False,False,False,0
taxon:296591|organism:polaromonas sp. (strain js666 / atcc baa-500),target_bacteria,taxon_organism,165,296591,Polaromonas sp. (strain JS666 / ATCC BAA-500),polaromonas sp.,False,False,False,False,False,False,0
taxon:296|organism:pseudomonas fragi,target_bacteria,taxon_organism,3,296,Pseudomonas fragi,pseudomonas fragi,True,True,True,True,True,True,160
taxon:297246|organism:legionella pneumophila (strain paris),target_bacteria,taxon_organism,189,297246,Legionella pneumophila (strain Paris),legionella pneumophila,False,True,True,True,True,True,179
taxon:297|organism:hydrogenophilus thermoluteolus (pseudomonas hydrogenothermophila),target_bacteria,taxon_organism,3,297,Hydrogenophilus thermoluteolus (Pseudomonas hydrogenothermophila),hydrogenophilus thermoluteolus,True,True,True,True,True,True,143
taxon:29829|organism:lipomyces starkeyi (oleaginous yeast),target_fungi,taxon_organism,2,29829,Lipomyces starkeyi (Oleaginous yeast),lipomyces starkeyi,False,False,False,False,False,False,0
taxon:29833|organism:hanseniaspora uvarum (yeast) (kloeckera apiculata),target_fungi,taxon_organism,1,29833,Hanseniaspora uvarum (Yeast) (Kloeckera apiculata),hanseniaspora uvarum,False,False,False,False,False,False,0
taxon:29856|organism:bionectria ochroleuca (gliocladium roseum),target_fungi,taxon_organism,1,29856,Bionectria ochroleuca (Gliocladium roseum),bionectria ochroleuca,False,False,False,False,False,False,0
taxon:298653|organism:parafrankia sp. (strain ean1pec),target_bacteria,taxon_organism,77,298653,Parafrankia sp. (strain EAN1pec),parafrankia sp.,False,False,False,False,False,True,0
taxon:29875|organism:hypocrea virens (gliocladium virens) (trichoderma virens),target_fungi,taxon_organism,1,29875,Hypocrea virens (Gliocladium virens) (Trichoderma virens),hypocrea virens,False,False,False,False,False,False,0
taxon:29883|organism:laccaria bicolor (bicoloured deceiver) (laccaria laccata var. bicolor),target_fungi,taxon_organism,1,29883,Laccaria bicolor (Bicoloured deceiver) (Laccaria laccata var. bicolor),laccaria bicolor,False,False,False,False,False,False,0
taxon:29892|organism:auricularia auricula-judae (judas ear fungus) (tremella auricula-judae),target_fungi,taxon_organism,1,29892,Auricularia auricula-judae (Judas ear fungus) (Tremella auricula-judae),auricularia auricula-judae,False,False,False,False,False,False,0
taxon:29898|organism:rhodotorula graminis (yeast),target_fungi,taxon_organism,1,29898,Rhodotorula graminis (Yeast),rhodotorula graminis,False,False,False,False,False,False,0
taxon:29916|organism:fusarium sp,target_fungi,taxon_organism,2,29916,Fusarium sp,fusarium sp,False,False,False,False,False,False,0
taxon:29917|organism:cladosporium cladosporioides,target_fungi,taxon_organism,1,29917,Cladosporium cladosporioides,cladosporium cladosporioides,False,False,False,False,False,False,0
taxon:29918|organism:davidiella tassiana (mycosphaerella tassiana) (cladosporium herbarum),target_fungi,taxon_organism,3,29918,Davidiella tassiana (Mycosphaerella tassiana) (Cladosporium herbarum),davidiella tassiana,False,False,False,False,False,False,0
taxon:29924|organism:mucor circinelloides f. lusitanicus (mucor racemosus var. lusitanicus),target_fungi,taxon_organism,11,29924,Mucor circinelloides f. lusitanicus (Mucor racemosus var. lusitanicus),mucor circinelloides,False,False,False,False,False,False,0
taxon:299768|organism:streptococcus thermophilus (strain cnrz 1066),target_bacteria,taxon_organism,145,299768,Streptococcus thermophilus (strain CNRZ 1066),streptococcus thermophilus,False,True,True,True,True,True,182
taxon:300852|organism:thermus thermophilus (strain atcc 27634 / dsm 579 / hb8),target_bacteria,taxon_organism,2,300852,Thermus thermophilus (strain ATCC 27634 / DSM 579 / HB8),thermus thermophilus,False,True,True,True,True,True,156
taxon:300|organism:ectopseudomonas mendocina (pseudomonas mendocina),target_bacteria,taxon_organism,5,300,Ectopseudomonas mendocina (Pseudomonas mendocina),ectopseudomonas mendocina,True,True,True,True,True,True,173
taxon:301452|organism:streptococcus pyogenes serotype m49,target_bacteria,taxon_organism,1,301452,Streptococcus pyogenes serotype M49,streptococcus pyogenes,False,True,False,True,True,True,184
taxon:301|organism:ectopseudomonas oleovorans (pseudomonas oleovorans),target_bacteria,taxon_organism,11,301,Ectopseudomonas oleovorans (Pseudomonas oleovorans),ectopseudomonas oleovorans,True,True,True,True,True,True,174
taxon:303|organism:pseudomonas putida (arthrobacter siderocapsulatus),target_bacteria,taxon_organism,185,303,Pseudomonas putida (Arthrobacter siderocapsulatus),pseudomonas putida,True,True,True,True,True,True,194
taxon:3042615|organism:pseudoalteromonas atlantica (strain t6c / atcc baa-1087),target_bacteria,taxon_organism,202,3042615,Pseudoalteromonas atlantica (strain T6c / ATCC BAA-1087),pseudoalteromonas atlantica,False,True,True,True,True,True,159
taxon:305|organism:ralstonia solanacearum (pseudomonas solanacearum),target_bacteria,taxon_organism,4,305,Ralstonia solanacearum (Pseudomonas solanacearum),ralstonia solanacearum,True,True,True,True,True,True,159
taxon:306543|organism:paenibacillus harenae,target_bacteria,taxon_organism,1,306543,Paenibacillus harenae,paenibacillus harenae,True,True,True,True,True,True,152
taxon:306|organism:pseudomonas sp,target_bacteria,taxon_organism,31,306,Pseudomonas sp,pseudomonas sp,False,False,False,False,False,False,0
taxon:307|organism:pseudomonas sp. (strain kks102),target_bacteria,taxon_organism,6,307,Pseudomonas sp. (strain KKS102),pseudomonas sp.,False,False,False,False,False,False,0
taxon:308754|organism:rhodovulum sp. (strain mb263),target_bacteria,taxon_organism,2,308754,Rhodovulum sp. (strain MB263),rhodovulum sp.,False,False,False,False,False,True,0
taxon:308|organism:pseudomonas sp. (strain pg2982),target_bacteria,taxon_organism,1,308,Pseudomonas sp. (strain PG2982),pseudomonas sp.,False,False,False,False,False,False,0
taxon:309800|organism:haloferax volcanii (strain atcc 29605 / dsm 3757 / jcm 8879 / nbrc 14742 / ncimb 2012 / vkm b-1768 / ds2) (halobacterium volcanii),target_archaea,taxon_organism,30,309800,Haloferax volcanii (strain ATCC 29605 / DSM 3757 / JCM 8879 / NBRC 14742 / NCIMB 2012 / VKM B-1768 / DS2) (Halobacterium volcanii),haloferax volcanii,False,False,False,False,False,True,0
taxon:309|organism:pseudomonas sp. (strain se83),target_bacteria,taxon_organism,2,309,Pseudomonas sp. (strain SE83),pseudomonas sp.,False,False,False,False,False,False,0
taxon:311|organism:pseudomonas sp. (strain kwi-56),target_bacteria,taxon_organism,1,311,Pseudomonas sp. (strain KWI-56),pseudomonas sp.,False,False,False,False,False,False,0
taxon:313|organism:pseudomonas sp. (strain atcc 29598 / 7a),target_bacteria,taxon_organism,1,313,Pseudomonas sp. (strain ATCC 29598 / 7A),pseudomonas sp.,False,False,False,False,False,False,0
taxon:314264|organism:roseovarius sp. (strain 217),target_bacteria,taxon_organism,1,314264,Roseovarius sp. (strain 217),roseovarius sp.,False,False,False,False,False,True,0
taxon:314266|organism:sphingomonas sp. (strain ska58),target_bacteria,taxon_organism,5,314266,Sphingomonas sp. (strain SKA58),sphingomonas sp.,False,False,False,False,False,True,0
taxon:314291|organism:vibrio splendidus (strain 12b01),target_bacteria,taxon_organism,2,314291,Vibrio splendidus (strain 12B01),vibrio splendidus,False,True,True,True,True,True,192
taxon:314292|organism:photobacterium angustum (strain s14 / ccug 15956) (vibrio sp. (strain s14 / ccug 15956)),target_bacteria,taxon_organism,2,314292,Photobacterium angustum (strain S14 / CCUG 15956) (Vibrio sp. (strain S14 / CCUG 15956)),photobacterium angustum,False,True,False,True,True,True,159
taxon:314|organism:pseudomonas sp. (strain nk87),target_bacteria,taxon_organism,1,314,Pseudomonas sp. (strain NK87),pseudomonas sp.,False,False,False,False,False,False,0
taxon:315|organism:pseudomonas sp. (strain atcc 19151),target_bacteria,taxon_organism,2,315,Pseudomonas sp. (strain ATCC 19151),pseudomonas sp.,False,False,False,False,False,False,0
taxon:316055|organism:rhodopseudomonas palustris (strain bisa53),target_bacteria,taxon_organism,166,316055,Rhodopseudomonas palustris (strain BisA53),rhodopseudomonas palustris,False,True,True,True,True,True,151
taxon:316056|organism:rhodopseudomonas palustris (strain bisb18),target_bacteria,taxon_organism,194,316056,Rhodopseudomonas palustris (strain BisB18),rhodopseudomonas palustris,False,True,True,True,True,True,151
taxon:316278|organism:synechococcus sp. (strain rcc307),target_bacteria,taxon_organism,109,316278,Synechococcus sp. (strain RCC307),synechococcus sp.,False,False,False,False,False,True,0
taxon:316279|organism:synechococcus sp. (strain cc9902),target_bacteria,taxon_organism,155,316279,Synechococcus sp. (strain CC9902),synechococcus sp.,False,False,False,False,False,True,0
taxon:316385|organism:escherichia coli (strain k12 / dh10b),target_bacteria,taxon_organism,356,316385,Escherichia coli (strain K12 / DH10B),escherichia coli,False,True,True,True,True,True,218
taxon:316401|organism:escherichia coli o78:h11 (strain h10407 / etec),target_bacteria,taxon_organism,1,316401,Escherichia coli O78:H11 (strain H10407 / ETEC),escherichia coli,False,True,False,True,True,True,218
taxon:316|organism:stutzerimonas stutzeri (pseudomonas stutzeri),target_bacteria,taxon_organism,19,316,Stutzerimonas stutzeri (Pseudomonas stutzeri),stutzerimonas stutzeri,True,True,True,True,True,True,189
taxon:317013|organism:xanthomonas campestris pv. phaseoli,target_bacteria,taxon_organism,3,317013,Xanthomonas campestris pv. phaseoli,xanthomonas phaseoli,False,True,False,True,True,True,133
taxon:317025|organism:hydrogenovibrio crunogenus (strain dsm 25203 / xcl-2) (thiomicrospira crunogena),target_bacteria,taxon_organism,192,317025,Hydrogenovibrio crunogenus (strain DSM 25203 / XCL-2) (Thiomicrospira crunogena),hydrogenovibrio crunogenus,False,True,True,True,True,True,146
taxon:317|organism:pseudomonas syringae,target_bacteria,taxon_organism,2,317,Pseudomonas syringae,pseudomonas syringae,True,True,True,True,True,True,164
taxon:31870|organism:colletotrichum graminicola (maize anthracnose fungus) (glomerella graminicola),target_fungi,taxon_organism,1,31870,Colletotrichum graminicola (Maize anthracnose fungus) (Glomerella graminicola),colletotrichum graminicola,False,False,False,False,False,False,0
taxon:318829|organism:pyricularia oryzae (rice blast fungus) (magnaporthe oryzae),target_fungi,taxon_organism,3,318829,Pyricularia oryzae (Rice blast fungus) (Magnaporthe oryzae),pyricularia oryzae,False,False,False,False,False,False,0
taxon:318|organism:pseudomonas savastanoi pv. glycinea (pseudomonas syringae pv. glycinea),target_bacteria,taxon_organism,1,318,Pseudomonas savastanoi pv. glycinea (Pseudomonas syringae pv. glycinea),pseudomonas savastanoi,False,True,False,True,True,True,158
taxon:319224|organism:shewanella putrefaciens (strain cn-32 / atcc baa-453),target_bacteria,taxon_organism,218,319224,Shewanella putrefaciens (strain CN-32 / ATCC BAA-453),shewanella putrefaciens,False,True,True,True,True,True,183
taxon:31944|organism:corynebacterium sp. (strain u-96),target_bacteria,taxon_organism,4,31944,Corynebacterium sp. (strain U-96),corynebacterium sp.,False,False,False,False,False,False,0
taxon:31958|organism:amycolatopsis orientalis (nocardia orientalis),target_bacteria,taxon_organism,11,31958,Amycolatopsis orientalis (Nocardia orientalis),amycolatopsis orientalis,True,True,True,True,True,True,155
taxon:319701|organism:streptococcus pyogenes serotype m28 (strain mgas6180),target_bacteria,taxon_organism,134,319701,Streptococcus pyogenes serotype M28 (strain MGAS6180),streptococcus pyogenes,False,True,False,True,True,True,184
taxon:319|organism:pseudomonas savastanoi pv. phaseolicola (pseudomonas syringae pv. phaseolicola),target_bacteria,taxon_organism,6,319,Pseudomonas savastanoi pv. phaseolicola (Pseudomonas syringae pv. phaseolicola),pseudomonas savastanoi,False,True,False,True,True,True,158
taxon:32035|organism:pseudomonas fluorescens biotype a,target_bacteria,taxon_organism,2,32035,Pseudomonas fluorescens biotype A,pseudomonas fluorescens,False,True,False,True,True,True,199
taxon:320373|organism:burkholderia pseudomallei (strain 668),target_bacteria,taxon_organism,184,320373,Burkholderia pseudomallei (strain 668),burkholderia pseudomallei,False,True,True,True,True,True,159
taxon:320388|organism:burkholderia mallei (strain savp1),target_bacteria,taxon_organism,183,320388,Burkholderia mallei (strain SAVP1),burkholderia mallei,False,True,True,True,True,True,140
taxon:320389|organism:burkholderia mallei (strain nctc 10247),target_bacteria,taxon_organism,184,320389,Burkholderia mallei (strain NCTC 10247),burkholderia mallei,False,True,True,True,True,True,140
taxon:32044|organism:pseudomonas mevalonii,target_bacteria,taxon_organism,1,32044,Pseudomonas mevalonii,pseudomonas mevalonii,False,False,False,False,False,False,0
taxon:32046|organism:synechococcus elongatus,target_bacteria,taxon_organism,1,32046,Synechococcus elongatus,synechococcus elongatus,False,False,False,False,False,True,0
taxon:32048|organism:synechococcus sp. (strain pcc 6716),target_bacteria,taxon_organism,2,32048,Synechococcus sp. (strain PCC 6716),synechococcus sp.,False,False,False,False,False,True,0
taxon:32049|organism:picosynechococcus sp. (strain atcc 27264 / pcc 7002 / pr-6) (agmenellum quadruplicatum),target_bacteria,taxon_organism,113,32049,Picosynechococcus sp. (strain ATCC 27264 / PCC 7002 / PR-6) (Agmenellum quadruplicatum),picosynechococcus sp.,False,False,False,False,False,True,0
taxon:32051|organism:synechococcus sp. (strain wh7803),target_bacteria,taxon_organism,121,32051,Synechococcus sp. (strain WH7803),synechococcus sp.,False,False,False,False,False,True,0
taxon:32052|organism:synechococcus sp. (strain wh8020),target_bacteria,taxon_organism,2,32052,Synechococcus sp. (strain WH8020),synechococcus sp.,False,False,False,False,False,True,0
taxon:32053|organism:thermostichus vulcanus (synechococcus vulcanus),target_bacteria,taxon_organism,1,32053,Thermostichus vulcanus (Synechococcus vulcanus),thermostichus vulcanus,False,False,False,False,False,True,0
taxon:32060|organism:phormidium lapideum,target_bacteria,taxon_organism,1,32060,Phormidium lapideum,phormidium lapideum,False,False,False,False,False,False,0
taxon:321327|organism:synechococcus sp. (strain ja-3-3ab) (cyanobacteria bacterium yellowstone a-prime),target_bacteria,taxon_organism,129,321327,Synechococcus sp. (strain JA-3-3Ab) (Cyanobacteria bacterium Yellowstone A-Prime),synechococcus sp.,False,False,False,False,False,False,0
taxon:321332|organism:synechococcus sp. (strain ja-2-3b'a(2-13)) (cyanobacteria bacterium yellowstone b-prime),target_bacteria,taxon_organism,134,321332,Synechococcus sp. (strain JA-2-3B'a(2-13)) (Cyanobacteria bacterium Yellowstone B-Prime),synechococcus sp.),False,False,False,False,False,True,0
taxon:321956|organism:lactobacillus delbrueckii subsp. bulgaricus (strain atcc baa-365 / lb-18),target_bacteria,taxon_organism,84,321956,Lactobacillus delbrueckii subsp. bulgaricus (strain ATCC BAA-365 / Lb-18),lactobacillus delbrueckii,False,True,False,True,True,True,180
taxon:321|organism:pseudomonas syringae pv. syringae,target_bacteria,taxon_organism,13,321,Pseudomonas syringae pv. syringae,pseudomonas syringae,False,True,False,True,True,True,164
taxon:322159|organism:streptococcus thermophilus (strain atcc baa-491 / lmd-9),target_bacteria,taxon_organism,136,322159,Streptococcus thermophilus (strain ATCC BAA-491 / LMD-9),streptococcus thermophilus,False,True,True,True,True,True,182
taxon:322|organism:pseudomonas amygdali pv. tabaci (pseudomonas syringae pv. tabaci),target_bacteria,taxon_organism,2,322,Pseudomonas amygdali pv. tabaci (Pseudomonas syringae pv. tabaci),pseudomonas amygdali,False,True,False,True,True,True,153
taxon:323|organism:pseudomonas syringae pv. tomato,target_bacteria,taxon_organism,1,323,Pseudomonas syringae pv. tomato,pseudomonas syringae group genomosp. 3,False,True,False,True,True,True,134
taxon:324057|organism:paenibacillus sp. (strain jdr-2),target_bacteria,taxon_organism,5,324057,Paenibacillus sp. (strain JDR-2),paenibacillus sp.,False,False,False,False,False,True,0
taxon:324833|organism:streptomyces lasalocidi (streptomyces lasaliensis),target_bacteria,taxon_organism,2,324833,Streptomyces lasalocidi (Streptomyces lasaliensis),streptomyces lasalocidi,True,True,True,True,True,True,146
taxon:327061|organism:annulohypoxylon truncatum (hypoxylon truncatum),target_fungi,taxon_organism,1,327061,Annulohypoxylon truncatum (Hypoxylon truncatum),annulohypoxylon truncatum,False,False,False,False,False,False,0
taxon:329|organism:ralstonia pickettii (burkholderia pickettii),target_bacteria,taxon_organism,4,329,Ralstonia pickettii (Burkholderia pickettii),ralstonia pickettii,True,True,True,True,True,True,167
taxon:33008|organism:rhodococcus globerulus,target_bacteria,taxon_organism,6,33008,Rhodococcus globerulus,rhodococcus globerulus,True,True,True,True,True,True,156
taxon:33015|organism:acholeplasma sp,target_bacteria,taxon_organism,3,33015,Acholeplasma sp,acholeplasma sp,False,False,False,False,False,False,0
taxon:33038|organism:mediterraneibacter gnavus (ruminococcus gnavus),target_bacteria,taxon_organism,1,33038,Mediterraneibacter gnavus (Ruminococcus gnavus),mediterraneibacter gnavus,True,True,True,True,True,True,166
taxon:33044|organism:bartonella doshiae,target_bacteria,taxon_organism,1,33044,Bartonella doshiae,bartonella doshiae,True,True,True,True,True,True,154
taxon:33046|organism:bartonella taylorii,target_bacteria,taxon_organism,1,33046,Bartonella taylorii,bartonella taylorii,True,True,True,True,True,True,152
taxon:33047|organism:bartonella vinsonii (rochalimaea vinsonii),target_bacteria,taxon_organism,1,33047,Bartonella vinsonii (Rochalimaea vinsonii),bartonella vinsonii,True,True,True,True,True,True,156
taxon:33050|organism:sphingopyxis macrogoltabida (sphingomonas macrogoltabidus),target_bacteria,taxon_organism,2,33050,Sphingopyxis macrogoltabida (Sphingomonas macrogoltabidus),sphingopyxis macrogoltabida,True,True,True,True,True,True,154
taxon:33053|organism:neisseria perflava,target_bacteria,taxon_organism,1,33053,Neisseria perflava,neisseria perflava,True,True,True,True,True,False,166
taxon:33060|organism:yersinia mollaretii,target_bacteria,taxon_organism,1,33060,Yersinia mollaretii,yersinia mollaretii,True,True,True,True,True,True,177
taxon:33067|organism:pseudomonas sp. (strain 101) (achromobacter parvulus t1),target_bacteria,taxon_organism,1,33067,Pseudomonas sp. (strain 101) (Achromobacter parvulus T1),pseudomonas sp.,False,False,False,False,False,False,0
taxon:33068|organism:pseudomonas sp. (strain v22),target_bacteria,taxon_organism,1,33068,Pseudomonas sp. (strain V22),pseudomonas sp.,False,False,False,False,False,False,0
taxon:33070|organism:parathermosynechococcus lividus (thermostichus lividus),target_bacteria,taxon_organism,1,33070,Parathermosynechococcus lividus (Thermostichus lividus),parathermosynechococcus lividus,False,False,False,False,False,True,0
taxon:331112|organism:escherichia coli o9:h4 (strain hs),target_bacteria,taxon_organism,399,331112,Escherichia coli O9:H4 (strain HS),escherichia coli,False,True,False,True,True,True,218
taxon:331271|organism:burkholderia orbicola (strain au 1054),target_bacteria,taxon_organism,223,331271,Burkholderia orbicola (strain AU 1054),burkholderia orbicola,False,True,True,True,True,True,133
taxon:331272|organism:burkholderia cenocepacia (strain hi2424),target_bacteria,taxon_organism,215,331272,Burkholderia cenocepacia (strain HI2424),burkholderia cenocepacia,False,True,True,True,True,True,171
taxon:331636|organism:chlamydophila psittaci (strain atcc vr-125 / 6bc) (chlamydia psittaci),target_bacteria,taxon_organism,3,331636,Chlamydophila psittaci (strain ATCC VR-125 / 6BC) (Chlamydia psittaci),chlamydia psittaci,False,False,False,False,False,True,0
taxon:331677|organism:uncultured marine bacterium 66a03,target_bacteria,taxon_organism,1,331677,Uncultured marine bacterium 66A03,uncultured marine,False,False,False,False,False,False,0
taxon:331678|organism:chlorobium phaeobacteroides (strain bs1),target_bacteria,taxon_organism,101,331678,Chlorobium phaeobacteroides (strain BS1),chlorobium phaeobacteroides,False,False,False,False,False,True,0
taxon:33178|organism:aspergillus terreus,target_fungi,taxon_organism,14,33178,Aspergillus terreus,aspergillus terreus,False,False,False,False,False,False,0
taxon:332648|organism:botryotinia fuckeliana (strain b05.10) (noble rot fungus) (botrytis cinerea),target_fungi,taxon_organism,1,332648,Botryotinia fuckeliana (strain B05.10) (Noble rot fungus) (Botrytis cinerea),botryotinia fuckeliana,False,False,False,False,False,False,0
taxon:332952|organism:aspergillus flavus (strain atcc 200026 / fgsc a1120 / iam 13836 / nrrl 3357 / jcm 12722 / srrc 167),target_fungi,taxon_organism,34,332952,Aspergillus flavus (strain ATCC 200026 / FGSC A1120 / IAM 13836 / NRRL 3357 / JCM 12722 / SRRC 167),aspergillus flavus,False,False,False,False,False,False,0
taxon:333|organism:pseudomonas chlororaphis (pseudomonas aureofaciens),target_bacteria,taxon_organism,10,333,Pseudomonas chlororaphis (Pseudomonas aureofaciens),pseudomonas chlororaphis,False,True,True,True,True,True,168
taxon:334542|organism:rhodococcus qingshengii,target_bacteria,taxon_organism,4,334542,Rhodococcus qingshengii,rhodococcus qingshengii,True,True,True,True,True,True,212
taxon:335|organism:pseudomonas fluorescens biotype c,target_bacteria,taxon_organism,1,335,Pseudomonas fluorescens biotype C,pseudomonas fluorescens,False,True,False,True,True,True,199
taxon:336982|organism:mycobacterium tuberculosis (strain f11),target_bacteria,taxon_organism,11,336982,Mycobacterium tuberculosis (strain F11),mycobacterium tuberculosis,False,True,True,True,True,True,147
taxon:3386331|organism:uncultured archaeon gzfos26g2,target_archaea,taxon_organism,1,3386331,Uncultured archaeon GZfos26G2,uncultured archaeon,False,False,False,False,False,False,0
taxon:33898|organism:streptomyces galbus,target_bacteria,taxon_organism,3,33898,Streptomyces galbus,streptomyces galbus,True,True,True,True,True,False,152
taxon:33899|organism:streptomyces galilaeus,target_bacteria,taxon_organism,4,33899,Streptomyces galilaeus,streptomyces galilaeus,True,True,True,True,True,True,130
taxon:33900|organism:streptomyces murinus,target_bacteria,taxon_organism,1,33900,Streptomyces murinus,streptomyces murinus,True,True,True,True,True,False,156
taxon:33931|organism:bacillus caldovelox,target_bacteria,taxon_organism,1,33931,Bacillus caldovelox,bacillus caldovelox,True,False,False,True,True,False,15
taxon:33940|organism:geobacillus thermodenitrificans,target_bacteria,taxon_organism,1,33940,Geobacillus thermodenitrificans,geobacillus thermodenitrificans,True,True,True,True,True,True,152
taxon:33941|organism:geobacillus thermoleovorans (bacillus thermoleovorans),target_bacteria,taxon_organism,1,33941,Geobacillus thermoleovorans (Bacillus thermoleovorans),geobacillus thermoleovorans,True,True,True,True,True,True,155
taxon:33945|organism:enterococcus avium (streptococcus avium),target_bacteria,taxon_organism,1,33945,Enterococcus avium (Streptococcus avium),enterococcus avium,True,True,True,True,True,True,176
taxon:33950|organism:thermoanaerobacterium thermosulfurigenes (clostridium thermosulfurogenes),target_bacteria,taxon_organism,1,33950,Thermoanaerobacterium thermosulfurigenes (Clostridium thermosulfurogenes),thermoanaerobacterium thermosulfurigenes,True,True,True,True,True,True,5
taxon:33952|organism:acetobacterium woodii,target_bacteria,taxon_organism,1,33952,Acetobacterium woodii,acetobacterium woodii,True,True,True,True,True,True,132
taxon:33953|organism:clostridium aminobutyricum,target_bacteria,taxon_organism,1,33953,Clostridium aminobutyricum,clostridium aminobutyricum,True,True,True,True,True,True,76
taxon:33964|organism:leuconostoc citreum,target_bacteria,taxon_organism,1,33964,Leuconostoc citreum,leuconostoc citreum,True,True,True,True,True,True,174
taxon:33965|organism:leuconostoc mesenteroides subsp. cremoris,target_bacteria,taxon_organism,6,33965,Leuconostoc mesenteroides subsp. cremoris,leuconostoc mesenteroides,False,True,False,True,True,True,188
taxon:33989|organism:rickettsia amblyommatis (rickettsia amblyommii),target_bacteria,taxon_organism,1,33989,Rickettsia amblyommatis (Rickettsia amblyommii),rickettsia amblyommatis,True,True,True,True,True,True,133
taxon:33990|organism:rickettsia bellii,target_bacteria,taxon_organism,1,33990,Rickettsia bellii,rickettsia bellii,True,True,True,True,True,True,132
taxon:33991|organism:rickettsia montanensis,target_bacteria,taxon_organism,7,33991,Rickettsia montanensis,rickettsia montanensis,True,True,True,True,True,True,77
taxon:33992|organism:rickettsia rhipicephali,target_bacteria,taxon_organism,3,33992,Rickettsia rhipicephali,rickettsia rhipicephali,True,True,True,True,True,True,130
taxon:339|organism:xanthomonas campestris,target_bacteria,taxon_organism,1,339,Xanthomonas campestris,xanthomonas campestris,True,True,True,True,True,True,160
taxon:33|organism:myxococcus fulvus,target_bacteria,taxon_organism,1,33,Myxococcus fulvus,myxococcus fulvus,True,True,True,True,True,True,137
taxon:34003|organism:paracoccus aminophilus,target_bacteria,taxon_organism,2,34003,Paracoccus aminophilus,paracoccus aminophilus,True,True,True,True,True,True,29
taxon:34007|organism:paracoccus versutus (thiobacillus versutus),target_bacteria,taxon_organism,3,34007,Paracoccus versutus (Thiobacillus versutus),paracoccus versutus,True,True,True,True,True,True,143
taxon:340099|organism:thermoanaerobacter pseudethanolicus (strain atcc 33223 / 39e) (clostridium thermohydrosulfuricum),target_bacteria,taxon_organism,4,340099,Thermoanaerobacter pseudethanolicus (strain ATCC 33223 / 39E) (Clostridium thermohydrosulfuricum),thermoanaerobacter pseudethanolicus,False,True,True,True,True,True,139
taxon:340177|organism:chlorobium chlorochromatii (strain cad3),target_bacteria,taxon_organism,149,340177,Chlorobium chlorochromatii (strain CaD3),chlorobium chlorochromatii,False,False,False,False,False,True,0
taxon:34026|organism:neisseria flava,target_bacteria,taxon_organism,1,34026,Neisseria flava,neisseria flava,True,True,True,True,True,True,18
taxon:34028|organism:comamonas sp,target_bacteria,taxon_organism,8,34028,Comamonas sp,comamonas sp,False,False,False,False,False,False,0
taxon:34038|organism:rahnella aquatilis,target_bacteria,taxon_organism,1,34038,Rahnella aquatilis,rahnella aquatilis,True,True,True,True,True,True,182
taxon:34058|organism:methylobacter marinus,target_bacteria,taxon_organism,1,34058,Methylobacter marinus,methylobacter marinus,True,True,True,True,True,True,132
taxon:34073|organism:variovorax paradoxus,target_bacteria,taxon_organism,5,34073,Variovorax paradoxus,variovorax paradoxus,True,True,True,True,True,True,165
taxon:34085|organism:riemerella anatipestifer (moraxella anatipestifer),target_bacteria,taxon_organism,1,34085,Riemerella anatipestifer (Moraxella anatipestifer),riemerella anatipestifer,False,False,False,False,False,True,0
taxon:340|organism:xanthomonas campestris pv. campestris,target_bacteria,taxon_organism,3,340,Xanthomonas campestris pv. campestris,xanthomonas campestris,False,True,False,True,True,True,160
taxon:342109|organism:xanthomonas oryzae pv. oryzae (strain maff 311018),target_bacteria,taxon_organism,236,342109,Xanthomonas oryzae pv. oryzae (strain MAFF 311018),xanthomonas oryzae,False,True,False,True,True,True,134
taxon:342955|organism:lacinutrix mariniflava,target_bacteria,taxon_organism,1,342955,Lacinutrix mariniflava,lacinutrix mariniflava,False,False,False,False,False,True,0
taxon:34356|organism:kodamaea ohmeri (yeast) (yamadazyma ohmeri),target_fungi,taxon_organism,2,34356,Kodamaea ohmeri (Yeast) (Yamadazyma ohmeri),kodamaea ohmeri,False,False,False,False,False,False,0
taxon:34357|organism:lipomyces kononenkoae (yeast),target_fungi,taxon_organism,1,34357,Lipomyces kononenkoae (Yeast),lipomyces kononenkoae,False,False,False,False,False,False,0
taxon:34358|organism:maudiozyma exigua (yeast) (kazachstania exigua),target_fungi,taxon_organism,2,34358,Maudiozyma exigua (Yeast) (Kazachstania exigua),maudiozyma exigua,False,False,False,False,False,False,0
taxon:34364|organism:trigonopsis variabilis (yeast),target_fungi,taxon_organism,1,34364,Trigonopsis variabilis (Yeast),trigonopsis variabilis,False,False,False,False,False,False,0
taxon:34373|organism:blumeria graminis (powdery mildew) (oidium monilioides),target_fungi,taxon_organism,1,34373,Blumeria graminis (Powdery mildew) (Oidium monilioides),blumeria graminis,False,False,False,False,False,False,0
taxon:34381|organism:aspergillus japonicus,target_fungi,taxon_organism,1,34381,Aspergillus japonicus,aspergillus japonicus,False,False,False,False,False,False,0
taxon:344747|organism:gimesia maris (strain atcc 29201 / dsm 8797 / 534-30) (planctomyces maris),target_bacteria,taxon_organism,2,344747,Gimesia maris (strain ATCC 29201 / DSM 8797 / 534-30) (Planctomyces maris),gimesia maris,False,False,False,False,False,True,0
taxon:345341|organism:kutzneria sp. (strain 744),target_bacteria,taxon_organism,2,345341,Kutzneria sp. (strain 744),kutzneria sp.,False,False,False,False,False,True,0
taxon:346|organism:xanthomonas citri (xanthomonas campestris pv. citri),target_bacteria,taxon_organism,1,346,Xanthomonas citri (Xanthomonas campestris pv. citri),xanthomonas citri,True,True,True,True,True,True,136
taxon:347834|organism:rhizobium etli (strain atcc 51251 / dsm 11541 / jcm 21823 / nbrc 15573 / cfn 42),target_bacteria,taxon_organism,1,347834,Rhizobium etli (strain ATCC 51251 / DSM 11541 / JCM 21823 / NBRC 15573 / CFN 42),rhizobium etli,False,False,False,False,False,True,0
taxon:349101|organism:cereibacter sphaeroides (strain atcc 17029 / ath 2.4.9) (rhodobacter sphaeroides),target_bacteria,taxon_organism,180,349101,Cereibacter sphaeroides (strain ATCC 17029 / ATH 2.4.9) (Rhodobacter sphaeroides),cereibacter sphaeroides,False,True,True,True,True,True,159
taxon:349102|organism:cereibacter sphaeroides (strain atcc 17025 / ath 2.4.3) (rhodobacter sphaeroides),target_bacteria,taxon_organism,151,349102,Cereibacter sphaeroides (strain ATCC 17025 / ATH 2.4.3) (Rhodobacter sphaeroides),cereibacter sphaeroides,False,True,True,True,True,True,159
taxon:349106|organism:psychrobacter sp. (strain prwf-1),target_bacteria,taxon_organism,116,349106,Psychrobacter sp. (strain PRwf-1),psychrobacter sp.,False,False,False,False,False,True,0
taxon:349746|organism:yersinia pestis bv. antiqua (strain angola),target_bacteria,taxon_organism,274,349746,Yersinia pestis bv. Antiqua (strain Angola),yersinia pestis,False,True,False,True,True,True,135
taxon:34|organism:myxococcus xanthus,target_bacteria,taxon_organism,23,34,Myxococcus xanthus,myxococcus xanthus,True,True,True,True,True,True,152
taxon:350054|organism:mycolicibacterium gilvum (strain pyr-gck) (mycobacterium gilvum (strain pyr-gck)),target_bacteria,taxon_organism,133,350054,Mycolicibacterium gilvum (strain PYR-GCK) (Mycobacterium gilvum (strain PYR-GCK)),mycolicibacterium gilvum,False,True,False,True,True,True,158
taxon:350623|organism:stereocaulon alpinum (alpine snow lichen) (stereocaulon paschale var. alpinum),target_fungi,taxon_organism,2,350623,Stereocaulon alpinum (Alpine snow lichen) (Stereocaulon paschale var. alpinum),stereocaulon alpinum,False,False,False,False,False,False,0
taxon:350893|organism:flavobacterium daejeonense,target_bacteria,taxon_organism,1,350893,Flavobacterium daejeonense,flavobacterium daejeonense,False,False,False,False,False,True,0
taxon:351745|organism:shewanella sp. (strain w3-18-1),target_bacteria,taxon_organism,216,351745,Shewanella sp. (strain W3-18-1),shewanella sp.,False,False,False,False,False,True,0
taxon:351746|organism:pseudomonas putida (strain atcc 700007 / dsm 6899 / jcm 31910 / bcrc 17059 / lmg 24140 / f1),target_bacteria,taxon_organism,249,351746,Pseudomonas putida (strain ATCC 700007 / DSM 6899 / JCM 31910 / BCRC 17059 / LMG 24140 / F1),pseudomonas putida,False,True,True,True,True,True,194
taxon:352475|organism:shinella zoogloeoides (crabtreella saccharophila),target_bacteria,taxon_organism,2,352475,Shinella zoogloeoides (Crabtreella saccharophila),shinella zoogloeoides,True,True,True,True,True,False,132
taxon:354|organism:azotobacter vinelandii,target_bacteria,taxon_organism,25,354,Azotobacter vinelandii,azotobacter vinelandii,True,True,True,True,True,True,143
taxon:355276|organism:leptospira borgpetersenii serovar hardjo-bovis (strain l550),target_bacteria,taxon_organism,149,355276,Leptospira borgpetersenii serovar Hardjo-bovis (strain L550),leptospira borgpetersenii,False,True,False,True,True,True,145
taxon:355278|organism:leptospira biflexa serovar patoc (strain patoc 1 / ames),target_bacteria,taxon_organism,110,355278,Leptospira biflexa serovar Patoc (strain Patoc 1 / Ames),leptospira biflexa,False,True,False,True,True,True,145
taxon:355|organism:azotobacter chroococcum mcd 1,target_bacteria,taxon_organism,6,355,Azotobacter chroococcum mcd 1,azotobacter chroococcum,False,True,False,True,True,True,162
taxon:35621|organism:streptomyces mobaraensis (streptoverticillium mobaraense),target_bacteria,taxon_organism,2,35621,Streptomyces mobaraensis (Streptoverticillium mobaraense),streptomyces mobaraensis,True,True,True,True,True,True,164
taxon:35703|organism:citrobacter amalonaticus,target_bacteria,taxon_organism,3,35703,Citrobacter amalonaticus,citrobacter amalonaticus,True,True,True,True,True,True,181
taxon:357544|organism:helicobacter pylori (strain hpag1),target_bacteria,taxon_organism,148,357544,Helicobacter pylori (strain HPAG1),helicobacter pylori,False,True,True,True,True,True,177
taxon:35762|organism:planobispora rosea,target_bacteria,taxon_organism,1,35762,Planobispora rosea,planobispora rosea,True,True,True,True,True,True,145
taxon:35770|organism:tomato big bud phytoplasma,target_bacteria,taxon_organism,1,35770,Tomato big bud phytoplasma,tomato big,False,False,False,False,False,False,0
taxon:357808|organism:roseiflexus sp. (strain rs-1),target_bacteria,taxon_organism,118,357808,Roseiflexus sp. (strain RS-1),roseiflexus sp.,False,False,False,False,False,True,0
taxon:35789|organism:rickettsia helvetica,target_bacteria,taxon_organism,2,35789,Rickettsia helvetica,rickettsia helvetica,True,True,True,True,True,True,76
taxon:35790|organism:rickettsia japonica,target_bacteria,taxon_organism,1,35790,Rickettsia japonica,rickettsia japonica,True,True,True,True,True,True,133
taxon:35791|organism:rickettsia massiliae,target_bacteria,taxon_organism,1,35791,Rickettsia massiliae,rickettsia massiliae,True,True,True,True,True,True,134
taxon:35792|organism:rickettsia parkeri,target_bacteria,taxon_organism,3,35792,Rickettsia parkeri,rickettsia parkeri,True,True,True,True,True,True,130
taxon:35793|organism:rickettsia sibirica,target_bacteria,taxon_organism,2,35793,Rickettsia sibirica,rickettsia sibirica,True,True,True,True,True,True,134
taxon:35806|organism:rhodovulum sulfidophilum (rhodobacter sulfidophilus),target_bacteria,taxon_organism,3,35806,Rhodovulum sulfidophilum (Rhodobacter sulfidophilus),rhodovulum sulfidophilum,True,True,True,True,True,True,136
taxon:35816|organism:pelobacter acidigallici,target_bacteria,taxon_organism,2,35816,Pelobacter acidigallici,pelobacter acidigallici,True,True,True,True,True,False,5
taxon:35817|organism:helicobacter heilmannii,target_bacteria,taxon_organism,2,35817,Helicobacter heilmannii,helicobacter heilmannii,True,True,True,True,True,True,139
taxon:35833|organism:bilophila wadsworthia,target_bacteria,taxon_organism,2,35833,Bilophila wadsworthia,bilophila wadsworthia,True,True,True,True,True,True,153
taxon:35843|organism:riftia pachyptila sulfur-oxidizing endosymbiont,target_bacteria,taxon_organism,1,35843,Riftia pachyptila sulfur-oxidizing endosymbiont,riftia pachyptila,False,False,False,False,False,False,0
taxon:358|organism:agrobacterium tumefaciens,target_bacteria,taxon_organism,15,358,Agrobacterium tumefaciens,agrobacterium tumefaciens,False,False,False,False,False,True,0
taxon:359786|organism:staphylococcus aureus (strain jh9),target_bacteria,taxon_organism,192,359786,Staphylococcus aureus (strain JH9),staphylococcus aureus,False,True,True,True,True,True,202
taxon:359787|organism:staphylococcus aureus (strain jh1),target_bacteria,taxon_organism,192,359787,Staphylococcus aureus (strain JH1),staphylococcus aureus,False,True,True,True,True,True,202
taxon:359|organism:rhizobium rhizogenes (agrobacterium rhizogenes),target_bacteria,taxon_organism,9,359,Rhizobium rhizogenes (Agrobacterium rhizogenes),rhizobium rhizogenes,False,False,False,False,False,True,0
taxon:360115|organism:coxiella burnetii (strain rsa 331 / henzerling ii),target_bacteria,taxon_organism,134,360115,Coxiella burnetii (strain RSA 331 / Henzerling II),coxiella burnetii,False,True,True,True,True,True,135
taxon:36022|organism:cyberlindnera fabianii (yeast) (hansenula fabianii),target_fungi,taxon_organism,1,36022,Cyberlindnera fabianii (Yeast) (Hansenula fabianii),cyberlindnera fabianii,False,False,False,False,False,False,0
taxon:36050|organism:fusarium poae,target_fungi,taxon_organism,1,36050,Fusarium poae,fusarium poae,False,False,False,False,False,False,0
taxon:36056|organism:boletus edulis (king bolete),target_fungi,taxon_organism,1,36056,Boletus edulis (King bolete),boletus edulis,False,False,False,False,False,False,0
taxon:36060|organism:lactarius deterrimus (false saffron milkcap),target_fungi,taxon_organism,1,36060,Lactarius deterrimus (False saffron milkcap),lactarius deterrimus,False,False,False,False,False,False,0
taxon:361575|organism:pseudarthrobacter phenanthrenivorans (arthrobacter phenanthrenivorans),target_bacteria,taxon_organism,1,361575,Pseudarthrobacter phenanthrenivorans (Arthrobacter phenanthrenivorans),pseudarthrobacter phenanthrenivorans,True,True,True,True,True,True,153
taxon:362|organism:agrobacterium radiobacter,target_bacteria,taxon_organism,4,362,Agrobacterium radiobacter,agrobacterium radiobacter,False,False,False,False,False,True,0
taxon:364030|organism:thiomonas delicata (thiomonas cuprina),target_bacteria,taxon_organism,1,364030,Thiomonas delicata (Thiomonas cuprina),thiomonas delicata,False,False,False,False,False,True,0
taxon:365615|organism:paracoccus sp. (strain pc1) (alcaligenes sp. (strain pc1)),target_bacteria,taxon_organism,2,365615,Paracoccus sp. (strain PC1) (Alcaligenes sp. (strain PC1)),paracoccus sp.),False,False,False,False,False,False,0
taxon:36650|organism:penicillium aethiopicum,target_fungi,taxon_organism,7,36650,Penicillium aethiopicum,penicillium aethiopicum,False,False,False,False,False,False,0
taxon:36656|organism:penicillium crustosum (blue mold fungus),target_fungi,taxon_organism,2,36656,Penicillium crustosum (Blue mold fungus),penicillium crustosum,False,False,False,False,False,False,0
taxon:366602|organism:caulobacter sp. (strain k31),target_bacteria,taxon_organism,137,366602,Caulobacter sp. (strain K31),caulobacter sp.,False,False,False,False,False,True,0
taxon:36773|organism:burkholderia sp,target_bacteria,taxon_organism,6,36773,Burkholderia sp,burkholderia sp,False,False,False,False,False,False,0
taxon:36778|organism:gaeumannomyces avenae (oat take-all root rot fungus) (gaeumannomyces graminis var. avenae),target_fungi,taxon_organism,2,36778,Gaeumannomyces avenae (Oat take-all root rot fungus) (Gaeumannomyces graminis var. avenae),gaeumannomyces avenae,False,False,False,False,False,False,0
taxon:36779|organism:gaeumannomyces tritici (wheat and barley take-all root rot fungus) (gaeumannomyces graminis var. tritici),target_fungi,taxon_organism,1,36779,Gaeumannomyces tritici (Wheat and barley take-all root rot fungus) (Gaeumannomyces graminis var. tritici),gaeumannomyces tritici,False,False,False,False,False,False,0
taxon:36817|organism:streptomyces pseudogriseolus (streptomyces gancidicus) (streptomyces rubiginosus),target_bacteria,taxon_organism,2,36817,Streptomyces pseudogriseolus (Streptomyces gancidicus) (Streptomyces rubiginosus),streptomyces pseudogriseolus,True,True,True,True,True,True,132
taxon:36824|organism:bacillus sp. (strain tb-90),target_bacteria,taxon_organism,4,36824,Bacillus sp. (strain TB-90),bacillus sp.,False,False,False,False,False,False,0
taxon:36878|organism:hymenobacter ocellatus (parahymenobacter ocellatus),target_bacteria,taxon_organism,1,36878,Hymenobacter ocellatus (Parahymenobacter ocellatus),hymenobacter ocellatus,False,False,False,False,False,False,0
taxon:370437|organism:dietzia sp. (strain cq4),target_bacteria,taxon_organism,1,370437,Dietzia sp. (strain CQ4),dietzia sp.,False,False,False,False,False,True,0
taxon:370553|organism:streptococcus pyogenes serotype m12 (strain mgas2096),target_bacteria,taxon_organism,112,370553,Streptococcus pyogenes serotype M12 (strain MGAS2096),streptococcus pyogenes,False,True,False,True,True,True,184
taxon:372025|organism:didymella fabae (leaf and pod spot disease fungus) (ascochyta fabae),target_fungi,taxon_organism,1,372025,Didymella fabae (Leaf and pod spot disease fungus) (Ascochyta fabae),didymella fabae,False,False,False,False,False,False,0
taxon:373|organism:agrobacterium vitis (rhizobium vitis),target_bacteria,taxon_organism,14,373,Agrobacterium vitis (Rhizobium vitis),agrobacterium vitis,False,False,False,False,False,False,0
taxon:374132|organism:penicillium terrestre,target_fungi,taxon_organism,1,374132,Penicillium terrestre,penicillium terrestre,False,False,False,False,False,False,0
taxon:374930|organism:haemophilus influenzae (strain pittee),target_bacteria,taxon_organism,197,374930,Haemophilus influenzae (strain PittEE),haemophilus influenzae,False,True,True,True,True,True,183
taxon:375286|organism:janthinobacterium sp. (strain marseille) (minibacterium massiliensis),target_bacteria,taxon_organism,149,375286,Janthinobacterium sp. (strain Marseille) (Minibacterium massiliensis),janthinobacterium sp.,False,False,False,False,False,True,0
taxon:375|organism:bradyrhizobium japonicum,target_bacteria,taxon_organism,1,375,Bradyrhizobium japonicum,bradyrhizobium japonicum,True,True,True,True,True,True,159
taxon:37632|organism:amycolatopsis sp,target_bacteria,taxon_organism,4,37632,Amycolatopsis sp,amycolatopsis sp,False,False,False,False,False,False,0
taxon:37692|organism:apple proliferation phytoplasma,target_bacteria,taxon_organism,1,37692,Apple proliferation phytoplasma,apple proliferation,True,False,False,True,True,True,133
taxon:376|organism:bradyrhizobium sp,target_bacteria,taxon_organism,5,376,Bradyrhizobium sp,bradyrhizobium sp,False,False,False,False,False,False,0
taxon:37727|organism:talaromyces marneffei (penicillium marneffei),target_fungi,taxon_organism,3,37727,Talaromyces marneffei (Penicillium marneffei),talaromyces marneffei,False,False,False,False,False,False,0
taxon:37734|organism:enterococcus casseliflavus (enterococcus flavescens),target_bacteria,taxon_organism,2,37734,Enterococcus casseliflavus (Enterococcus flavescens),enterococcus casseliflavus,True,True,True,True,True,True,178
taxon:378806|organism:stigmatella aurantiaca (strain dw4/3-1),target_bacteria,taxon_organism,3,378806,Stigmatella aurantiaca (strain DW4/3-1),stigmatella aurantiaca,False,True,True,True,True,True,134
taxon:37919|organism:rhodococcus opacus (nocardia opaca),target_bacteria,taxon_organism,17,37919,Rhodococcus opacus (Nocardia opaca),rhodococcus opacus,True,True,True,True,True,True,178
taxon:37929|organism:glutamicibacter nicotianae (arthrobacter nicotianae),target_bacteria,taxon_organism,1,37929,Glutamicibacter nicotianae (Arthrobacter nicotianae),glutamicibacter nicotianae,True,True,True,True,True,True,105
taxon:37930|organism:glutamicibacter protophormiae (brevibacterium protophormiae),target_bacteria,taxon_organism,1,37930,Glutamicibacter protophormiae (Brevibacterium protophormiae),glutamicibacter protophormiae,True,True,True,True,True,True,146
taxon:37931|organism:paenarthrobacter ureafaciens,target_bacteria,taxon_organism,3,37931,Paenarthrobacter ureafaciens,paenarthrobacter ureafaciens,True,True,True,True,True,True,150
taxon:37994|organism:amphichorda felina (beauveria felina),target_fungi,taxon_organism,2,37994,Amphichorda felina (Beauveria felina),amphichorda felina,False,False,False,False,False,False,0
taxon:380174|organism:cohnella laeviribosi,target_bacteria,taxon_organism,1,380174,Cohnella laeviribosi,cohnella laeviribosi,True,True,True,True,True,True,144
taxon:38033|organism:chaetomium globosum (soil fungus),target_fungi,taxon_organism,1,38033,Chaetomium globosum (Soil fungus),chaetomium globosum,False,False,False,False,False,False,0
taxon:380394|organism:acidithiobacillus ferrooxidans (strain atcc 53993 / bnl-5-31) (leptospirillum ferrooxidans (atcc 53993)),target_bacteria,taxon_organism,95,380394,Acidithiobacillus ferrooxidans (strain ATCC 53993 / BNL-5-31) (Leptospirillum ferrooxidans (ATCC 53993)),acidithiobacillus ferrooxidans,False,True,False,True,True,True,134
taxon:380749|organism:hydrogenobaculum sp. (strain y04aas1),target_bacteria,taxon_organism,76,380749,Hydrogenobaculum sp. (strain Y04AAS1),hydrogenobaculum sp.,False,False,False,False,False,True,0
taxon:381046|organism:lachancea thermotolerans (yeast) (kluyveromyces thermotolerans),target_fungi,taxon_organism,1,381046,Lachancea thermotolerans (Yeast) (Kluyveromyces thermotolerans),lachancea thermotolerans,False,False,False,False,False,False,0
taxon:381666|organism:cupriavidus necator (strain atcc 17699 / dsm 428 / kctc 22496 / ncimb 10442 / h16 / stanier 337) (ralstonia eutropha),target_bacteria,taxon_organism,2,381666,Cupriavidus necator (strain ATCC 17699 / DSM 428 / KCTC 22496 / NCIMB 10442 / H16 / Stanier 337) (Ralstonia eutropha),cupriavidus necator,False,True,True,True,True,True,158
taxon:381|organism:rhizobium loti (mesorhizobium loti),target_bacteria,taxon_organism,1,381,Rhizobium loti (Mesorhizobium loti),rhizobium loti,True,False,False,True,True,False,156
taxon:38294|organism:photobacterium damsela subsp. piscicida (pasteurella piscicida),target_bacteria,taxon_organism,5,38294,Photobacterium damsela subsp. piscicida (Pasteurella piscicida),photobacterium damselae,False,True,False,True,True,True,182
taxon:382|organism:rhizobium meliloti (ensifer meliloti) (sinorhizobium meliloti),target_bacteria,taxon_organism,13,382,Rhizobium meliloti (Ensifer meliloti) (Sinorhizobium meliloti),rhizobium meliloti,False,False,False,False,False,True,0
taxon:38300|organism:streptomyces pristinaespiralis,target_bacteria,taxon_organism,3,38300,Streptomyces pristinaespiralis,streptomyces pristinaespiralis,True,True,True,True,True,True,134
taxon:38314|organism:streptomyces nogalater,target_bacteria,taxon_organism,3,38314,Streptomyces nogalater,streptomyces nogalater,True,True,True,True,True,True,29
taxon:384|organism:rhizobium leguminosarum,target_bacteria,taxon_organism,1,384,Rhizobium leguminosarum,rhizobium leguminosarum,False,False,False,False,False,True,0
taxon:385957|organism:amycolatopsis sp. (strain atcc 39116 / 75iv2),target_bacteria,taxon_organism,4,385957,Amycolatopsis sp. (strain ATCC 39116 / 75iv2),amycolatopsis sp.,False,False,False,False,False,True,0
taxon:385|organism:rhizobium leguminosarum bv. phaseoli,target_bacteria,taxon_organism,4,385,Rhizobium leguminosarum bv. phaseoli,rhizobium leguminosarum,False,False,False,False,False,True,0
taxon:386656|organism:yersinia pestis (strain pestoides f),target_bacteria,taxon_organism,317,386656,Yersinia pestis (strain Pestoides F),yersinia pestis,False,True,True,True,True,True,135
taxon:386|organism:rhizobium leguminosarum bv. trifolii,target_bacteria,taxon_organism,4,386,Rhizobium leguminosarum bv. trifolii,rhizobium leguminosarum,False,False,False,False,False,True,0
taxon:387092|organism:nitratiruptor sp. (strain sb155-2),target_bacteria,taxon_organism,125,387092,Nitratiruptor sp. (strain SB155-2),nitratiruptor sp.,False,False,False,False,False,True,0
taxon:387093|organism:sulfurovum sp. (strain nbc37-1),target_bacteria,taxon_organism,120,387093,Sulfurovum sp. (strain NBC37-1),sulfurovum sp.,False,False,False,False,False,True,0
taxon:387|organism:rhizobium leguminosarum bv. viciae,target_bacteria,taxon_organism,11,387,Rhizobium leguminosarum bv. viciae,rhizobium leguminosarum,False,False,False,False,False,True,0
taxon:38945|organism:flammulina velutipes (agaricus velutipes),target_fungi,taxon_organism,1,38945,Flammulina velutipes (Agaricus velutipes),flammulina velutipes,False,False,False,False,False,False,0
taxon:390235|organism:pseudomonas putida (strain w619),target_bacteria,taxon_organism,237,390235,Pseudomonas putida (strain W619),pseudomonas putida,False,True,True,True,True,True,194
taxon:391037|organism:salinispora arenicola (strain cns-205),target_bacteria,taxon_organism,99,391037,Salinispora arenicola (strain CNS-205),salinispora arenicola,False,True,True,True,True,True,147
taxon:391295|organism:streptococcus suis (strain 05zyh33),target_bacteria,taxon_organism,107,391295,Streptococcus suis (strain 05ZYH33),streptococcus suis,False,True,True,True,True,True,184
taxon:391296|organism:streptococcus suis (strain 98hah33),target_bacteria,taxon_organism,109,391296,Streptococcus suis (strain 98HAH33),streptococcus suis,False,True,True,True,True,True,184
taxon:39152|organism:methanococcus maripaludis (methanococcus deltae),target_archaea,taxon_organism,5,39152,Methanococcus maripaludis (Methanococcus deltae),methanococcus maripaludis,False,False,False,False,False,True,0
taxon:391589|organism:roseobacter sp. (strain gai101),target_bacteria,taxon_organism,1,391589,Roseobacter sp. (strain GAI101),roseobacter sp.,False,False,False,False,False,False,0
taxon:391896|organism:rickettsia bellii (strain osu 85-389),target_bacteria,taxon_organism,86,391896,Rickettsia bellii (strain OSU 85-389),rickettsia bellii,False,True,True,True,True,True,132
taxon:391953|organism:aquincola tertiaricarbonis,target_bacteria,taxon_organism,3,391953,Aquincola tertiaricarbonis,aquincola tertiaricarbonis,True,True,True,True,True,False,152
taxon:391|organism:rhizobium sp,target_bacteria,taxon_organism,1,391,Rhizobium sp,rhizobium sp,False,False,False,False,False,False,0
taxon:393011|organism:francisella tularensis subsp. holarctica (strain osu18),target_bacteria,taxon_organism,127,393011,Francisella tularensis subsp. holarctica (strain OSU18),francisella tularensis,False,True,False,True,True,True,134
taxon:393115|organism:francisella tularensis subsp. tularensis (strain fsc 198),target_bacteria,taxon_organism,125,393115,Francisella tularensis subsp. tularensis (strain FSC 198),francisella tularensis,False,True,False,True,True,True,134
taxon:393999|organism:cupriavidus sp. (strain ps12),target_bacteria,taxon_organism,4,393999,Cupriavidus sp. (strain PS12),cupriavidus sp.,False,False,False,False,False,False,0
taxon:39456|organism:pyrococcus endeavori,target_archaea,taxon_organism,2,39456,Pyrococcus endeavori,pyrococcus endeavori,False,False,False,False,False,False,0
taxon:39478|organism:streptomyces laurentii,target_bacteria,taxon_organism,2,39478,Streptomyces laurentii,streptomyces laurentii,True,True,True,True,True,True,148
taxon:39490|organism:eubacterium ramulus,target_bacteria,taxon_organism,1,39490,Eubacterium ramulus,eubacterium ramulus,True,True,True,True,True,True,138
taxon:395019|organism:burkholderia multivorans (strain atcc 17616 / 249),target_bacteria,taxon_organism,1,395019,Burkholderia multivorans (strain ATCC 17616 / 249),burkholderia multivorans,False,True,True,True,True,True,166
taxon:395598|organism:pseudomonas reinekei,target_bacteria,taxon_organism,1,395598,Pseudomonas reinekei,pseudomonas reinekei,True,True,True,True,True,False,153
taxon:395961|organism:cyanothece sp. (strain pcc 7425 / atcc 29141),target_bacteria,taxon_organism,100,395961,Cyanothece sp. (strain PCC 7425 / ATCC 29141),cyanothece sp.,False,False,False,False,False,False,0
taxon:39596|organism:lysobacter lactamgenus,target_bacteria,taxon_organism,2,39596,Lysobacter lactamgenus,lysobacter lactamgenus,False,False,False,False,False,False,0
taxon:396024|organism:aspergillus ruber (eurotium rubrum),target_fungi,taxon_organism,2,396024,Aspergillus ruber (Eurotium rubrum),aspergillus ruber,False,False,False,False,False,False,0
taxon:39687|organism:mycolicibacterium austroafricanum (mycobacterium austroafricanum),target_bacteria,taxon_organism,2,39687,Mycolicibacterium austroafricanum (Mycobacterium austroafricanum),mycolicibacterium austroafricanum,True,True,True,True,True,True,161
taxon:39703|organism:septoria lycopersici (tomato leaf spot fungus),target_fungi,taxon_organism,1,39703,Septoria lycopersici (Tomato leaf spot fungus),septoria lycopersici,False,False,False,False,False,False,0
taxon:397457|organism:gulbenkiania mobilis,target_bacteria,taxon_organism,1,397457,Gulbenkiania mobilis,gulbenkiania mobilis,True,True,True,True,True,True,145
taxon:39775|organism:methylomicrobium album (methylobacter albus),target_bacteria,taxon_organism,1,39775,Methylomicrobium album (Methylobacter albus),methylomicrobium album,True,True,True,True,True,True,133
taxon:39831|organism:klebsiella pneumoniae subsp. rhinoscleromatis,target_bacteria,taxon_organism,1,39831,Klebsiella pneumoniae subsp. rhinoscleromatis,klebsiella pneumoniae,False,False,False,False,False,True,0
taxon:398408|organism:sodiomyces alcalophilus (acremonium alcalophilum),target_fungi,taxon_organism,2,398408,Sodiomyces alcalophilus (Acremonium alcalophilum),sodiomyces alcalophilus,False,False,False,False,False,False,0
taxon:398|organism:rhizobium tropici,target_bacteria,taxon_organism,10,398,Rhizobium tropici,rhizobium tropici,False,False,False,False,False,True,0
taxon:399726|organism:thermoanaerobacter sp. (strain x514),target_bacteria,taxon_organism,136,399726,Thermoanaerobacter sp. (strain X514),thermoanaerobacter sp.,False,False,False,False,False,True,0
taxon:399739|organism:ectopseudomonas mendocina (strain ymp) (pseudomonas mendocina),target_bacteria,taxon_organism,237,399739,Ectopseudomonas mendocina (strain ymp) (Pseudomonas mendocina),ectopseudomonas mendocina,False,True,True,True,True,True,173
taxon:399741|organism:serratia proteamaculans (strain 568),target_bacteria,taxon_organism,325,399741,Serratia proteamaculans (strain 568),serratia proteamaculans,False,True,True,True,True,True,169
taxon:399|organism:neorhizobium galegae (rhizobium galegae),target_bacteria,taxon_organism,1,399,Neorhizobium galegae (Rhizobium galegae),neorhizobium galegae,False,False,False,False,False,True,0
taxon:40001|organism:cellulomonas sp,target_bacteria,taxon_organism,1,40001,Cellulomonas sp,cellulomonas sp,False,False,False,False,False,False,0
taxon:400667|organism:acinetobacter baumannii (strain atcc 17978 / dsm 105126 / cip 53.77 / lmg 1025 / ncdc kc755 / 5377),target_bacteria,taxon_organism,160,400667,Acinetobacter baumannii (strain ATCC 17978 / DSM 105126 / CIP 53.77 / LMG 1025 / NCDC KC755 / 5377),acinetobacter baumannii,False,True,True,True,True,True,186
taxon:400668|organism:marinomonas sp. (strain mwyl1),target_bacteria,taxon_organism,165,400668,Marinomonas sp. (strain MWYL1),marinomonas sp.,False,False,False,False,False,True,0
taxon:400673|organism:legionella pneumophila (strain corby),target_bacteria,taxon_organism,159,400673,Legionella pneumophila (strain Corby),legionella pneumophila,False,True,True,True,True,True,179
taxon:40126|organism:neurospora sitophila (chrysonilia sitophila),target_fungi,taxon_organism,1,40126,Neurospora sitophila (Chrysonilia sitophila),neurospora sitophila,False,False,False,False,False,False,0
taxon:40145|organism:tricholoma matsutake (matsutake mushroom) (tricholoma nauseosum),target_fungi,taxon_organism,2,40145,Tricholoma matsutake (Matsutake mushroom) (Tricholoma nauseosum),tricholoma matsutake,False,False,False,False,False,False,0
taxon:40214|organism:acinetobacter johnsonii,target_bacteria,taxon_organism,4,40214,Acinetobacter johnsonii,acinetobacter johnsonii,True,True,True,True,True,True,164
taxon:40216|organism:acinetobacter radioresistens,target_bacteria,taxon_organism,3,40216,Acinetobacter radioresistens,acinetobacter radioresistens,True,True,True,True,True,True,154
taxon:402626|organism:ralstonia pickettii (strain 12j),target_bacteria,taxon_organism,167,402626,Ralstonia pickettii (strain 12J),ralstonia pickettii,False,True,True,True,True,True,167
taxon:402882|organism:shewanella baltica (strain os185),target_bacteria,taxon_organism,220,402882,Shewanella baltica (strain OS185),shewanella baltica,False,True,True,True,True,True,158
taxon:40296|organism:penicillium italicum (blue mold),target_fungi,taxon_organism,1,40296,Penicillium italicum (Blue mold),penicillium italicum,False,False,False,False,False,False,0
taxon:40324|organism:stenotrophomonas maltophilia (pseudomonas maltophilia) (xanthomonas maltophilia),target_bacteria,taxon_organism,8,40324,Stenotrophomonas maltophilia (Pseudomonas maltophilia) (Xanthomonas maltophilia),stenotrophomonas maltophilia,True,True,True,True,True,True,201
taxon:403776|organism:sphingobacterium sp. (strain pm2-p1-29),target_bacteria,taxon_organism,1,403776,Sphingobacterium sp. (strain PM2-P1-29),sphingobacterium sp.,False,False,False,False,False,True,0
taxon:40382|organism:aspergillus ustus,target_fungi,taxon_organism,1,40382,Aspergillus ustus,aspergillus ustus,False,False,False,False,False,False,0
taxon:404589|organism:anaeromyxobacter sp. (strain fw109-5),target_bacteria,taxon_organism,120,404589,Anaeromyxobacter sp. (strain Fw109-5),anaeromyxobacter sp.,False,False,False,False,False,True,0
taxon:40480|organism:mycoplasma capricolum subsp. capripneumoniae,target_bacteria,taxon_organism,2,40480,Mycoplasma capricolum subsp. capripneumoniae,mycoplasma capricolum,False,True,False,True,True,True,135
taxon:405440|organism:xylella fastidiosa (strain m12),target_bacteria,taxon_organism,156,405440,Xylella fastidiosa (strain M12),xylella fastidiosa,False,True,True,True,True,True,147
taxon:40559|organism:botryotinia fuckeliana (noble rot fungus) (botrytis cinerea),target_fungi,taxon_organism,8,40559,Botryotinia fuckeliana (Noble rot fungus) (Botrytis cinerea),botryotinia fuckeliana,False,False,False,False,False,False,0
taxon:405|organism:methylobacillus flagellatus,target_bacteria,taxon_organism,2,405,Methylobacillus flagellatus,methylobacillus flagellatus,True,True,True,True,True,True,134
taxon:40601|organism:claviceps paspali (rye ergot fungus),target_fungi,taxon_organism,1,40601,Claviceps paspali (Rye ergot fungus),claviceps paspali,False,False,False,False,False,False,0
taxon:40602|organism:claviceps fusiformis (ergot fungus),target_fungi,taxon_organism,4,40602,Claviceps fusiformis (Ergot fungus),claviceps fusiformis,False,False,False,False,False,False,0
taxon:40611|organism:balansia obtecta,target_fungi,taxon_organism,1,40611,Balansia obtecta,balansia obtecta,False,False,False,False,False,False,0
taxon:406|organism:methylobacillus glycogenes,target_bacteria,taxon_organism,4,406,Methylobacillus glycogenes,methylobacillus glycogenes,True,True,True,True,True,True,131
taxon:407148|organism:campylobacter jejuni subsp. jejuni serotype o:6 (strain 81116 / nctc 11828),target_bacteria,taxon_organism,167,407148,Campylobacter jejuni subsp. jejuni serotype O:6 (strain 81116 / NCTC 11828),campylobacter jejuni,False,True,False,True,True,True,183
taxon:40837|organism:mycoplana ramosa (mycoplana bullata),target_bacteria,taxon_organism,1,40837,Mycoplana ramosa (Mycoplana bullata),mycoplana ramosa,True,True,True,True,True,False,5
taxon:40842|organism:streptomyces akiyoshiensis,target_bacteria,taxon_organism,1,40842,Streptomyces akiyoshiensis,streptomyces akiyoshiensis,False,False,False,False,False,False,0
taxon:408|organism:methylorubrum extorquens (methylobacterium dichloromethanicum) (methylobacterium extorquens),target_bacteria,taxon_organism,2,408,Methylorubrum extorquens (Methylobacterium dichloromethanicum) (Methylobacterium extorquens),methylorubrum extorquens,True,True,True,True,True,True,166
taxon:40933|organism:bartonella vinsonii subsp. berkhoffii,target_bacteria,taxon_organism,2,40933,Bartonella vinsonii subsp. berkhoffii,bartonella vinsonii,False,True,False,True,True,True,156
taxon:409370|organism:blastobotrys adeninivorans (yeast) (arxula adeninivorans),target_fungi,taxon_organism,3,409370,Blastobotrys adeninivorans (Yeast) (Arxula adeninivorans),blastobotrys adeninivorans,False,False,False,False,False,False,0
taxon:41058|organism:aspergillus sojae,target_fungi,taxon_organism,2,41058,Aspergillus sojae,aspergillus sojae,False,False,False,False,False,False,0
taxon:41061|organism:aspergillus nomiae (aspergillus nomius),target_fungi,taxon_organism,1,41061,Aspergillus nomiae (Aspergillus nomius),aspergillus nomiae,False,False,False,False,False,False,0
taxon:410|organism:methylobacterium organophilum,target_bacteria,taxon_organism,2,410,Methylobacterium organophilum,methylobacterium organophilum,True,True,True,True,True,False,85
taxon:411468|organism:clostridium scindens (strain atcc 35704 / dsm 5676 / vpi 13733 / 19),target_bacteria,taxon_organism,1,411468,Clostridium scindens (strain ATCC 35704 / DSM 5676 / VPI 13733 / 19),clostridium scindens (strain jcm 10418 / vpi 12708),False,False,False,False,False,True,0
taxon:41170|organism:exiguobacterium acetylicum (brevibacterium acetylicum),target_bacteria,taxon_organism,1,41170,Exiguobacterium acetylicum (Brevibacterium acetylicum),exiguobacterium acetylicum,False,False,False,False,False,True,0
taxon:41251|organism:strobilurus tenacellus,target_fungi,taxon_organism,1,41251,Strobilurus tenacellus,strobilurus tenacellus,False,False,False,False,False,False,0
taxon:412694|organism:bacillus thuringiensis (strain al hakam),target_bacteria,taxon_organism,208,412694,Bacillus thuringiensis (strain Al Hakam),bacillus thuringiensis,False,True,True,True,True,True,174
taxon:41276|organism:brevundimonas vesicularis (pseudomonas vesicularis),target_bacteria,taxon_organism,1,41276,Brevundimonas vesicularis (Pseudomonas vesicularis),brevundimonas vesicularis,True,True,True,True,True,True,156
taxon:413997|organism:escherichia coli (strain b / rel606),target_bacteria,taxon_organism,11,413997,Escherichia coli (strain B / REL606),escherichia coli,False,True,True,True,True,True,218
taxon:41413|organism:aspergillus glaucus (eurotium herbariorum),target_fungi,taxon_organism,1,41413,Aspergillus glaucus (Eurotium herbariorum),aspergillus glaucus,False,False,False,False,False,False,0
taxon:41643|organism:corynebacterium melassecola,target_bacteria,taxon_organism,5,41643,Corynebacterium melassecola,corynebacterium melassecola,False,False,False,False,False,False,0
taxon:418127|organism:staphylococcus aureus (strain mu3 / atcc 700698),target_bacteria,taxon_organism,198,418127,Staphylococcus aureus (strain Mu3 / ATCC 700698),staphylococcus aureus,False,True,True,True,True,True,202
taxon:418136|organism:francisella tularensis subsp. tularensis (strain wy96-3418),target_bacteria,taxon_organism,120,418136,Francisella tularensis subsp. tularensis (strain WY96-3418),francisella tularensis,False,True,False,True,True,True,134
taxon:41833|organism:umbelopsis ramanniana (oleaginous fungus) (mortierella ramanniana),target_fungi,taxon_organism,2,41833,Umbelopsis ramanniana (Oleaginous fungus) (Mortierella ramanniana),umbelopsis ramanniana,False,False,False,False,False,False,0
taxon:41899|organism:burkholderia plantarii,target_bacteria,taxon_organism,1,41899,Burkholderia plantarii,burkholderia plantarii,True,True,True,True,True,True,162
taxon:418|organism:methylomonas sp,target_bacteria,taxon_organism,3,418,Methylomonas sp,methylomonas sp,False,False,False,False,False,False,0
taxon:41900|organism:aspergillus flavipes,target_fungi,taxon_organism,1,41900,Aspergillus flavipes,aspergillus flavipes,False,False,False,False,False,False,0
taxon:41951|organism:streptomyces argillaceus,target_bacteria,taxon_organism,1,41951,Streptomyces argillaceus,streptomyces argillaceus,True,True,True,True,True,False,3
taxon:41956|organism:amanita muscaria (fly agaric) (agaricus muscarius),target_fungi,taxon_organism,3,41956,Amanita muscaria (Fly agaric) (Agaricus muscarius),amanita muscaria,False,False,False,False,False,False,0
taxon:419610|organism:methylorubrum extorquens (strain pa1) (methylobacterium extorquens),target_bacteria,taxon_organism,93,419610,Methylorubrum extorquens (strain PA1) (Methylobacterium extorquens),methylorubrum extorquens,False,True,True,True,True,True,166
taxon:41986|organism:agromyces mediolanus (corynebacterium mediolanum),target_bacteria,taxon_organism,1,41986,Agromyces mediolanus (Corynebacterium mediolanum),agromyces mediolanus,True,True,True,True,True,True,167
taxon:41|organism:stigmatella aurantiaca,target_bacteria,taxon_organism,7,41,Stigmatella aurantiaca,stigmatella aurantiaca,True,True,True,True,True,True,134
taxon:42068|organism:pneumocystis jirovecii (human pneumocystis pneumonia agent),target_fungi,taxon_organism,1,42068,Pneumocystis jirovecii (Human pneumocystis pneumonia agent),pneumocystis jirovecii,False,False,False,False,False,False,0
taxon:42189|organism:bacillus israeli,target_bacteria,taxon_organism,1,42189,Bacillus israeli,bacillus israeli,False,False,False,False,False,False,0
taxon:42198|organism:actinosynnema pretiosum subsp. auranticum,target_bacteria,taxon_organism,1,42198,Actinosynnema pretiosum subsp. auranticum,actinosynnema pretiosum,False,True,False,True,True,True,158
taxon:421|organism:methylomonas methanica,target_bacteria,taxon_organism,1,421,Methylomonas methanica,methylomonas methanica,True,True,True,True,True,True,135
taxon:42236|organism:streptomyces diastatochromogenes,target_bacteria,taxon_organism,1,42236,Streptomyces diastatochromogenes,streptomyces diastatochromogenes,True,True,True,True,True,False,147
taxon:42251|organism:tuber borchii (white truffle),target_fungi,taxon_organism,3,42251,Tuber borchii (White truffle),tuber borchii,False,False,False,False,False,False,0
taxon:423212|organism:legionella pneumophila serogroup 1 (strain 2300/99 alcoy),target_bacteria,taxon_organism,1,423212,Legionella pneumophila serogroup 1 (strain 2300/99 Alcoy),legionella pneumophila,False,True,False,True,True,True,179
taxon:42445|organism:sinorhizobium sp,target_bacteria,taxon_organism,16,42445,Sinorhizobium sp,sinorhizobium sp,False,False,False,False,False,True,0
taxon:42460|organism:microbacterium ammoniaphilum,target_bacteria,taxon_organism,1,42460,Microbacterium ammoniaphilum,microbacterium ammoniaphilum,False,False,False,False,False,False,0
taxon:42465|organism:lophium arboricola (zalerion arboricola),target_fungi,taxon_organism,1,42465,Lophium arboricola (Zalerion arboricola),lophium arboricola,False,False,False,False,False,False,0
taxon:42471|organism:desulfofundulus thermocisternus (desulfotomaculum thermocisternum),target_bacteria,taxon_organism,2,42471,Desulfofundulus thermocisternus (Desulfotomaculum thermocisternum),desulfofundulus thermocisternus,True,True,True,True,True,True,83
taxon:424|organism:methylomonas rubra,target_bacteria,taxon_organism,1,424,Methylomonas rubra,methylomonas rubra,False,False,False,False,False,False,0
taxon:425177|organism:erysiphe quercicola (hevea powdery mildew),target_fungi,taxon_organism,1,425177,Erysiphe quercicola (Hevea powdery mildew),erysiphe quercicola,False,False,False,False,False,False,0
taxon:42566|organism:halomonas eurihalina,target_bacteria,taxon_organism,1,42566,Halomonas eurihalina,halomonas eurihalina,True,True,True,True,True,True,147
taxon:426117|organism:methylobacterium sp. (strain 4-46),target_bacteria,taxon_organism,105,426117,Methylobacterium sp. (strain 4-46),methylobacterium sp.,False,False,False,False,False,True,0
taxon:426368|organism:methanococcus maripaludis (strain c7 / atcc baa-1331),target_archaea,taxon_organism,144,426368,Methanococcus maripaludis (strain C7 / ATCC BAA-1331),methanococcus maripaludis,False,False,False,False,False,True,0
taxon:426428|organism:fusarium oxysporum f. sp. lycopersici (strain 4287 / cbs 123668 / fgsc 9935 / nrrl 34936) (fusarium vascular wilt of tomato),target_fungi,taxon_organism,2,426428,Fusarium oxysporum f. sp. lycopersici (strain 4287 / CBS 123668 / FGSC 9935 / NRRL 34936) (Fusarium vascular wilt of tomato),fusarium oxysporum,False,False,False,False,False,False,0
taxon:42684|organism:streptomyces collinus,target_bacteria,taxon_organism,3,42684,Streptomyces collinus,streptomyces collinus,True,True,True,True,True,True,154
taxon:426|organism:methylosinus trichosporium,target_bacteria,taxon_organism,5,426,Methylosinus trichosporium,methylosinus trichosporium,True,True,True,True,True,True,135
taxon:42747|organism:fusarium heterosporum,target_fungi,taxon_organism,2,42747,Fusarium heterosporum,fusarium heterosporum,False,False,False,False,False,False,0
taxon:428406|organism:ralstonia pickettii (strain 12d),target_bacteria,taxon_organism,2,428406,Ralstonia pickettii (strain 12D),ralstonia pickettii,False,True,True,True,True,True,167
taxon:42879|organism:methanococcus aeolicus,target_archaea,taxon_organism,1,42879,Methanococcus aeolicus,methanococcus aeolicus,False,False,False,False,False,True,0
taxon:42881|organism:streptomyces chromofuscus,target_bacteria,taxon_organism,1,42881,Streptomyces chromofuscus,streptomyces chromofuscus,True,True,True,True,True,True,146
taxon:431946|organism:escherichia coli o150:h5 (strain se15),target_bacteria,taxon_organism,5,431946,Escherichia coli O150:H5 (strain SE15),escherichia coli,False,True,False,True,True,True,218
taxon:43263|organism:aquipseudomonas alcaligenes (pseudomonas alcaligenes),target_bacteria,taxon_organism,6,43263,Aquipseudomonas alcaligenes (Pseudomonas alcaligenes),aquipseudomonas alcaligenes,True,True,True,True,True,True,169
taxon:434923|organism:coxiella burnetii (strain cbug_q212) (coxiella burnetii (strain q212)),target_bacteria,taxon_organism,105,434923,Coxiella burnetii (strain CbuG_Q212) (Coxiella burnetii (strain Q212)),coxiella burnetii,False,True,False,True,True,True,135
taxon:434924|organism:coxiella burnetii (strain cbuk_q154) (coxiella burnetii (strain q154)),target_bacteria,taxon_organism,105,434924,Coxiella burnetii (strain CbuK_Q154) (Coxiella burnetii (strain Q154)),coxiella burnetii,False,True,False,True,True,True,135
taxon:435|organism:acetobacter aceti,target_bacteria,taxon_organism,3,435,Acetobacter aceti,acetobacter aceti,True,True,True,True,True,True,155
taxon:436114|organism:sulfurihydrogenibium sp. (strain yo3aop1),target_bacteria,taxon_organism,83,436114,Sulfurihydrogenibium sp. (strain YO3AOP1),sulfurihydrogenibium sp.,False,False,False,False,False,False,0
taxon:43663|organism:paenarthrobacter aurescens (arthrobacter aurescens),target_bacteria,taxon_organism,1,43663,Paenarthrobacter aurescens (Arthrobacter aurescens),paenarthrobacter aurescens,True,True,True,True,True,True,152
taxon:43759|organism:streptomyces wedmorensis,target_bacteria,taxon_organism,3,43759,Streptomyces wedmorensis,streptomyces wedmorensis,True,True,True,True,True,True,142
taxon:43767|organism:rhodococcus hoagii (corynebacterium equii),target_bacteria,taxon_organism,2,43767,Rhodococcus hoagii (Corynebacterium equii),rhodococcus hoagii,True,False,False,True,True,True,192
taxon:43770|organism:corynebacterium striatum,target_bacteria,taxon_organism,6,43770,Corynebacterium striatum,corynebacterium striatum,True,True,True,True,True,True,184
taxon:438|organism:acetobacter pasteurianus (acetobacter turbidans),target_bacteria,taxon_organism,2,438,Acetobacter pasteurianus (Acetobacter turbidans),acetobacter pasteurianus,True,True,True,True,True,True,137
taxon:439184|organism:escherichia coli o18:k1:h7 (strain rs218 / nmec),target_bacteria,taxon_organism,2,439184,Escherichia coli O18:K1:H7 (strain RS218 / NMEC),escherichia coli,False,True,False,True,True,True,218
taxon:439493|organism:pelagibacter sp. (strain htcc7211),target_bacteria,taxon_organism,1,439493,Pelagibacter sp. (strain HTCC7211),pelagibacter sp.,False,False,False,False,False,True,0
taxon:43963|organism:magnusiomyces magnusii (yeast) (dipodascus magnusii),target_fungi,taxon_organism,1,43963,Magnusiomyces magnusii (Yeast) (Dipodascus magnusii),magnusiomyces magnusii,False,False,False,False,False,False,0
taxon:43982|organism:ambrosiozyma monospora (yeast) (endomycopsis monosporus),target_fungi,taxon_organism,1,43982,Ambrosiozyma monospora (Yeast) (Endomycopsis monosporus),ambrosiozyma monospora,False,False,False,False,False,False,0
taxon:439|organism:gluconacetobacter polyoxogenes (acetobacter polyoxogenes),target_bacteria,taxon_organism,1,439,Gluconacetobacter polyoxogenes (Acetobacter polyoxogenes),gluconacetobacter polyoxogenes,False,False,False,False,False,False,0
taxon:44066|organism:geotrichum fermentans (yeast) (dipodascus fermentans),target_fungi,taxon_organism,1,44066,Geotrichum fermentans (Yeast) (Dipodascus fermentans),geotrichum fermentans,False,False,False,False,False,False,0
taxon:441770|organism:clostridium botulinum (strain atcc 19397 / type a),target_bacteria,taxon_organism,139,441770,Clostridium botulinum (strain ATCC 19397 / Type A),clostridium botulinum,False,True,True,True,True,True,157
taxon:441952|organism:francisella tularensis subsp. mediasiatica (strain fsc147),target_bacteria,taxon_organism,109,441952,Francisella tularensis subsp. mediasiatica (strain FSC147),francisella tularensis,False,True,False,True,True,True,134
taxon:44252|organism:paenibacillus macerans (bacillus macerans),target_bacteria,taxon_organism,1,44252,Paenibacillus macerans (Bacillus macerans),paenibacillus macerans,True,True,True,True,True,True,169
taxon:442694|organism:xanthomonas perforans,target_bacteria,taxon_organism,2,442694,Xanthomonas perforans,xanthomonas perforans,True,True,True,True,True,True,132
taxon:442|organism:gluconobacter oxydans (gluconobacter suboxydans),target_bacteria,taxon_organism,1,442,Gluconobacter oxydans (Gluconobacter suboxydans),gluconobacter oxydans,True,True,True,True,True,True,191
taxon:443144|organism:geobacter sp. (strain m21),target_bacteria,taxon_organism,124,443144,Geobacter sp. (strain M21),geobacter sp.,False,False,False,False,False,True,0
taxon:444158|organism:methanococcus maripaludis (strain c6 / atcc baa-1332),target_archaea,taxon_organism,122,444158,Methanococcus maripaludis (strain C6 / ATCC BAA-1332),methanococcus maripaludis,False,False,False,False,False,True,0
taxon:444450|organism:escherichia coli o157:h7 (strain ec4115 / ehec),target_bacteria,taxon_organism,352,444450,Escherichia coli O157:H7 (strain EC4115 / EHEC),escherichia coli,False,True,False,True,True,True,218
taxon:446|organism:legionella pneumophila,target_bacteria,taxon_organism,10,446,Legionella pneumophila,legionella pneumophila,True,True,True,True,True,True,179
taxon:447217|organism:anaeromyxobacter sp. (strain k),target_bacteria,taxon_organism,120,447217,Anaeromyxobacter sp. (strain K),anaeromyxobacter sp.,False,False,False,False,False,True,0
taxon:44754|organism:fervidobacterium gondwanense,target_bacteria,taxon_organism,1,44754,Fervidobacterium gondwanense,fervidobacterium gondwanense,True,True,True,True,True,True,83
taxon:447|organism:legionella bozemanae (fluoribacter bozemanae),target_bacteria,taxon_organism,1,447,Legionella bozemanae (Fluoribacter bozemanae),legionella bozemanae,True,True,True,True,True,True,98
taxon:451516|organism:staphylococcus aureus (strain usa300 / tch1516),target_bacteria,taxon_organism,184,451516,Staphylococcus aureus (strain USA300 / TCH1516),staphylococcus aureus,False,True,True,True,True,True,202
taxon:451640|organism:catenibacterium mitsuokai (strain dsm 15897 / jcm 10609 / ccug 48821 a / cip 106738 / rca14-39),target_bacteria,taxon_organism,1,451640,Catenibacterium mitsuokai (strain DSM 15897 / JCM 10609 / CCUG 48821 A / CIP 106738 / RCA14-39),catenibacterium mitsuokai,False,True,True,True,True,True,147
taxon:45212|organism:streptomyces sp. (strain c5),target_bacteria,taxon_organism,6,45212,Streptomyces sp. (strain C5),streptomyces sp.,False,False,False,False,False,False,0
taxon:452638|organism:polynucleobacter necessarius subsp. necessarius (strain stir1),target_bacteria,taxon_organism,98,452638,Polynucleobacter necessarius subsp. necessarius (strain STIR1),polynucleobacter necessarius,False,True,False,True,True,True,138
taxon:45393|organism:methylophilus leisingeri (strain dsm 6813 / vkm b-2013 / dm11),target_bacteria,taxon_organism,1,45393,Methylophilus leisingeri (strain DSM 6813 / VKM B-2013 / DM11),methylophilus leisingeri,True,True,True,True,True,False,3
taxon:45398|organism:streptomyces griseoviridis,target_bacteria,taxon_organism,1,45398,Streptomyces griseoviridis,streptomyces griseoviridis,True,True,True,True,True,False,134
taxon:45465|organism:vogesella indigofera (pseudomonas indigofera),target_bacteria,taxon_organism,1,45465,Vogesella indigofera (Pseudomonas indigofera),vogesella indigofera,True,True,True,True,True,False,150
taxon:45589|organism:scheffersomyces shehatae (yeast) (candida shehatae),target_fungi,taxon_organism,1,45589,Scheffersomyces shehatae (Yeast) (Candida shehatae),scheffersomyces shehatae,False,False,False,False,False,False,0
taxon:456327|organism:xanthomonas euvesicatoria,target_bacteria,taxon_organism,1,456327,Xanthomonas euvesicatoria,xanthomonas euvesicatoria,True,True,True,True,True,True,134
taxon:457432|organism:streptosporangium sibiricum,target_bacteria,taxon_organism,2,457432,Streptosporangium sibiricum,streptosporangium sibiricum,True,True,True,True,True,False,1
taxon:458234|organism:francisella tularensis subsp. holarctica (strain ftnf002-00 / fta),target_bacteria,taxon_organism,123,458234,Francisella tularensis subsp. holarctica (strain FTNF002-00 / FTA),francisella tularensis,False,True,False,True,True,True,134
taxon:45916|organism:nostoc ellipsosporum,target_bacteria,taxon_organism,1,45916,Nostoc ellipsosporum,nostoc ellipsosporum,False,False,False,False,False,False,0
taxon:46161|organism:actinomadura kijaniata,target_bacteria,taxon_organism,1,46161,Actinomadura kijaniata,actinomadura kijaniata,True,True,True,True,True,True,152
taxon:46429|organism:sphingobium chlorophenolicum,target_bacteria,taxon_organism,5,46429,Sphingobium chlorophenolicum,sphingobium chlorophenolicum,True,True,True,True,True,True,162
taxon:46472|organism:aspergillus versicolor,target_fungi,taxon_organism,6,46472,Aspergillus versicolor,aspergillus versicolor,False,False,False,False,False,False,0
taxon:46634|organism:aureobasidium melanogenum (aureobasidium pullulans var. melanogenum),target_fungi,taxon_organism,5,46634,Aureobasidium melanogenum (Aureobasidium pullulans var. melanogenum),aureobasidium melanogenum,False,False,False,False,False,False,0
taxon:46680|organism:pseudomonas nitroreducens,target_bacteria,taxon_organism,1,46680,Pseudomonas nitroreducens,pseudomonas nitroreducens,True,True,True,True,True,True,166
taxon:46770|organism:cenarchaeum symbiosum,target_archaea,taxon_organism,2,46770,Cenarchaeum symbiosum,cenarchaeum symbiosum,True,False,False,True,True,True,133
taxon:46896|organism:methylomonas aminofaciens,target_bacteria,taxon_organism,3,46896,Methylomonas aminofaciens,methylomonas aminofaciens,False,False,False,False,False,False,0
taxon:469008|organism:escherichia coli (strain b / bl21-de3),target_bacteria,taxon_organism,14,469008,Escherichia coli (strain B / BL21-DE3),escherichia coli,False,True,True,True,True,True,218
taxon:47066|organism:salmonella austin,target_bacteria,taxon_organism,1,47066,Salmonella austin,salmonella enterica,False,True,False,True,True,True,210
taxon:470|organism:acinetobacter baumannii,target_bacteria,taxon_organism,13,470,Acinetobacter baumannii,acinetobacter baumannii,True,True,True,True,True,True,186
taxon:471223|organism:geobacillus sp. (strain wch70),target_bacteria,taxon_organism,160,471223,Geobacillus sp. (strain WCH70),geobacillus sp.,False,False,False,False,False,True,0
taxon:471472|organism:chlamydia trachomatis serovar l2 (strain atcc vr-902b / dsm 19102 / 434/bu),target_bacteria,taxon_organism,1,471472,Chlamydia trachomatis serovar L2 (strain ATCC VR-902B / DSM 19102 / 434/Bu),chlamydia trachomatis,False,False,False,False,False,True,0
taxon:471871|organism:clostridium sporogenes (strain atcc 15579),target_bacteria,taxon_organism,3,471871,Clostridium sporogenes (strain ATCC 15579),clostridium sporogenes,False,True,True,True,True,True,180
taxon:471|organism:acinetobacter calcoaceticus,target_bacteria,taxon_organism,14,471,Acinetobacter calcoaceticus,acinetobacter calcoaceticus,True,True,True,True,True,True,169
taxon:47227|organism:frankia sp. (strain euik1),target_bacteria,taxon_organism,1,47227,Frankia sp. (strain EuIK1),frankia sp.,False,False,False,False,False,False,0
taxon:472|organism:acinetobacter sp,target_bacteria,taxon_organism,3,472,Acinetobacter sp,acinetobacter sp,False,False,False,False,False,False,0
taxon:47303|organism:sulfuracidifex metallicus (sulfolobus metallicus),target_archaea,taxon_organism,2,47303,Sulfuracidifex metallicus (Sulfolobus metallicus),sulfuracidifex metallicus,True,True,True,True,True,True,133
taxon:474186|organism:enterococcus faecalis (strain atcc 47077 / og1rf),target_bacteria,taxon_organism,5,474186,Enterococcus faecalis (strain ATCC 47077 / OG1RF),enterococcus faecalis,False,True,True,True,True,True,207
taxon:47421|organism:hydrogenophaga pseudoflava (pseudomonas carboxydoflava),target_bacteria,taxon_organism,4,47421,Hydrogenophaga pseudoflava (Pseudomonas carboxydoflava),hydrogenophaga pseudoflava,True,True,True,True,True,True,167
taxon:47428|organism:armillaria ostoyae (armillaria root rot fungus),target_fungi,taxon_organism,1,47428,Armillaria ostoyae (Armillaria root rot fungus),armillaria ostoyae,False,False,False,False,False,False,0
taxon:47429|organism:armillaria mellea (honey mushroom) (agaricus melleus),target_fungi,taxon_organism,6,47429,Armillaria mellea (Honey mushroom) (Agaricus melleus),armillaria mellea,False,False,False,False,False,False,0
taxon:474922|organism:colletotrichum gloeosporioides (anthracnose fungus) (glomerella cingulata),target_fungi,taxon_organism,4,474922,Colletotrichum gloeosporioides (Anthracnose fungus) (Glomerella cingulata),colletotrichum gloeosporioides,False,False,False,False,False,False,0
taxon:47492|organism:xanthobacter agilis,target_bacteria,taxon_organism,1,47492,Xanthobacter agilis,xanthobacter agilis,True,True,True,True,True,True,3
taxon:474|organism:acinetobacter glutaminasificans,target_bacteria,taxon_organism,1,474,Acinetobacter glutaminasificans,acinetobacter glutaminasificans,False,False,False,False,False,False,0
taxon:47500|organism:aneurinibacillus migulanus (bacillus migulanus),target_bacteria,taxon_organism,1,47500,Aneurinibacillus migulanus (Bacillus migulanus),aneurinibacillus migulanus,False,False,False,False,False,True,0
taxon:4754|organism:pneumocystis carinii,target_fungi,taxon_organism,14,4754,Pneumocystis carinii,pneumocystis carinii,False,False,False,False,False,False,0
taxon:4757|organism:neocallimastix frontalis (rumen fungus),target_fungi,taxon_organism,4,4757,Neocallimastix frontalis (Rumen fungus),neocallimastix frontalis,False,False,False,False,False,False,0
taxon:47660|organism:pseudomonas sp. (strain adp),target_bacteria,taxon_organism,6,47660,Pseudomonas sp. (strain ADP),pseudomonas sp.,False,False,False,False,False,True,0
taxon:476|organism:moraxella bovis,target_bacteria,taxon_organism,3,476,Moraxella bovis,moraxella bovis,True,True,True,True,True,True,170
taxon:47715|organism:lacticaseibacillus rhamnosus (lactobacillus rhamnosus),target_bacteria,taxon_organism,5,47715,Lacticaseibacillus rhamnosus (Lactobacillus rhamnosus),lacticaseibacillus rhamnosus,True,True,True,True,True,True,202
taxon:47716|organism:streptomyces olivaceus,target_bacteria,taxon_organism,5,47716,Streptomyces olivaceus,streptomyces olivaceus,True,True,True,True,True,True,150
taxon:47721|organism:lyophyllum shimeji (hon-shimeji) (tricholoma shimeji),target_fungi,taxon_organism,2,47721,Lyophyllum shimeji (Hon-shimeji) (Tricholoma shimeji),lyophyllum shimeji,False,False,False,False,False,False,0
taxon:47834|organism:spiroplasma kunkelii,target_bacteria,taxon_organism,5,47834,Spiroplasma kunkelii,spiroplasma kunkelii,True,True,True,True,True,True,133
taxon:478434|organism:mycobacterium tuberculosis (strain kzn 1435 / mdr),target_bacteria,taxon_organism,7,478434,Mycobacterium tuberculosis (strain KZN 1435 / MDR),mycobacterium tuberculosis,False,True,True,True,True,True,147
taxon:47878|organism:pseudomonas azotoformans,target_bacteria,taxon_organism,1,47878,Pseudomonas azotoformans,pseudomonas azotoformans,True,True,True,True,True,True,150
taxon:47881|organism:pseudomonas pavonaceae,target_bacteria,taxon_organism,1,47881,Pseudomonas pavonaceae,pseudomonas pavonaceae,True,True,True,True,True,False,1
taxon:47882|organism:pseudomonas straminea,target_bacteria,taxon_organism,2,47882,Pseudomonas straminea,pseudomonas straminea,True,False,False,True,True,True,101
taxon:47884|organism:pseudomonas taetrolens,target_bacteria,taxon_organism,1,47884,Pseudomonas taetrolens,pseudomonas taetrolens,True,True,True,True,True,True,159
taxon:47915|organism:arthrobacter sp. (strain p1),target_bacteria,taxon_organism,2,47915,Arthrobacter sp. (strain P1),arthrobacter sp.,False,False,False,False,False,False,0
taxon:47917|organism:serratia fonticola,target_bacteria,taxon_organism,1,47917,Serratia fonticola,serratia fonticola,True,True,True,True,True,True,194
taxon:47920|organism:acidovorax delafieldii (pseudomonas delafieldii),target_bacteria,taxon_organism,1,47920,Acidovorax delafieldii (Pseudomonas delafieldii),acidovorax delafieldii,True,True,True,True,True,False,155
taxon:479436|organism:veillonella parvula (strain atcc 10790 / dsm 2008 / ccug 5123 / jcm 12972 / nctc 11810 / te3) (veillonella alcalescens),target_bacteria,taxon_organism,1,479436,Veillonella parvula (strain ATCC 10790 / DSM 2008 / CCUG 5123 / JCM 12972 / NCTC 11810 / Te3) (Veillonella alcalescens),veillonella parvula,False,True,True,True,True,True,174
taxon:479|organism:moraxella sp,target_bacteria,taxon_organism,2,479,Moraxella sp,moraxella sp,False,False,False,False,False,False,0
taxon:480119|organism:acinetobacter baumannii (strain ab0057),target_bacteria,taxon_organism,1,480119,Acinetobacter baumannii (strain AB0057),acinetobacter baumannii,False,True,True,True,True,True,186
taxon:480224|organism:chloroflexus aurantiacus (strain atcc 29364 / dsm 637 / y-400-fl),target_bacteria,taxon_organism,91,480224,Chloroflexus aurantiacus (strain ATCC 29364 / DSM 637 / Y-400-fl),chloroflexus aurantiacus,False,True,True,True,True,True,134
taxon:480520|organism:myroides profundi,target_bacteria,taxon_organism,1,480520,Myroides profundi,myroides profundi,False,False,False,False,False,True,0
taxon:480|organism:moraxella catarrhalis (branhamella catarrhalis),target_bacteria,taxon_organism,6,480,Moraxella catarrhalis (Branhamella catarrhalis),moraxella catarrhalis,True,True,True,True,True,True,202
taxon:48100|organism:alternaria solani,target_fungi,taxon_organism,1,48100,Alternaria solani,alternaria solani,False,False,False,False,False,False,0
taxon:481743|organism:geobacillus sp. (strain y412mc10),target_bacteria,taxon_organism,1,481743,Geobacillus sp. (strain Y412MC10),geobacillus sp.,False,False,False,False,False,False,0
taxon:481805|organism:escherichia coli (strain atcc 8739 / dsm 1576 / nbrc 3972 / ncimb 8545 / wdcm 00012 / crooks),target_bacteria,taxon_organism,392,481805,Escherichia coli (strain ATCC 8739 / DSM 1576 / NBRC 3972 / NCIMB 8545 / WDCM 00012 / Crooks),escherichia coli,False,True,True,True,True,True,218
taxon:481877|organism:enterocytozoon bieneusi (strain h348) (microsporidian parasite),target_fungi,taxon_organism,15,481877,Enterocytozoon bieneusi (strain H348) (Microsporidian parasite),enterocytozoon bieneusi,False,False,False,False,False,False,0
taxon:482561|organism:paracoccidioides brasiliensis (strain pb03),target_fungi,taxon_organism,8,482561,Paracoccidioides brasiliensis (strain Pb03),paracoccidioides brasiliensis,False,False,False,False,False,False,0
taxon:4829|organism:absidia glauca (pin mould),target_fungi,taxon_organism,2,4829,Absidia glauca (Pin mould),absidia glauca,False,False,False,False,False,False,0
taxon:4837|organism:phycomyces blakesleeanus,target_fungi,taxon_organism,2,4837,Phycomyces blakesleeanus,phycomyces blakesleeanus,False,False,False,False,False,False,0
taxon:4839|organism:rhizomucor miehei,target_fungi,taxon_organism,2,4839,Rhizomucor miehei,rhizomucor miehei,False,False,False,False,False,False,0
taxon:483|organism:neisseria cinerea,target_bacteria,taxon_organism,3,483,Neisseria cinerea,neisseria cinerea,True,True,True,True,True,True,163
taxon:484022|organism:francisella philomiragia subsp. philomiragia (strain atcc 25017 / ccug 19701 / fsc 153 / o#319-036),target_bacteria,taxon_organism,117,484022,Francisella philomiragia subsp. philomiragia (strain ATCC 25017 / CCUG 19701 / FSC 153 / O#319-036),francisella philomiragia,False,True,False,True,True,True,171
taxon:4840|organism:rhizomucor pusillus,target_fungi,taxon_organism,2,4840,Rhizomucor pusillus,rhizomucor pusillus,False,False,False,False,False,False,0
taxon:484429|organism:sphingobium sp. (strain ybl2),target_bacteria,taxon_organism,2,484429,Sphingobium sp. (strain YBL2),sphingobium sp.,False,False,False,False,False,True,0
taxon:4844|organism:rhizopus niveus,target_fungi,taxon_organism,6,4844,Rhizopus niveus,rhizopus niveus,False,False,False,False,False,False,0
taxon:484|organism:neisseria flavescens,target_bacteria,taxon_organism,3,484,Neisseria flavescens,neisseria flavescens,True,True,True,True,True,True,157
taxon:4850|organism:blakeslea trispora (choanephora trispora),target_fungi,taxon_organism,1,4850,Blakeslea trispora (Choanephora trispora),blakeslea trispora,False,False,False,False,False,False,0
taxon:4853|organism:cunninghamella elegans,target_fungi,taxon_organism,3,4853,Cunninghamella elegans,cunninghamella elegans,False,False,False,False,False,False,0
taxon:48563|organism:suillus bovinus (jersey cow bolete) (boletus bovinus),target_fungi,taxon_organism,3,48563,Suillus bovinus (Jersey cow bolete) (Boletus bovinus),suillus bovinus,False,False,False,False,False,False,0
taxon:485|organism:neisseria gonorrhoeae,target_bacteria,taxon_organism,37,485,Neisseria gonorrhoeae,neisseria gonorrhoeae,True,True,True,True,True,True,194
taxon:486410|organism:streptococcus dysgalactiae subsp. equisimilis (strain ggs_124),target_bacteria,taxon_organism,2,486410,Streptococcus dysgalactiae subsp. equisimilis (strain GGS_124),streptococcus dysgalactiae,False,True,False,True,True,True,175
taxon:48665|organism:streptomyces viridifaciens,target_bacteria,taxon_organism,2,48665,Streptomyces viridifaciens,streptomyces viridifaciens,True,True,True,True,True,True,79
taxon:486|organism:neisseria lactamica,target_bacteria,taxon_organism,8,486,Neisseria lactamica,neisseria lactamica,True,True,True,True,True,True,173
taxon:487213|organism:streptococcus pneumoniae (strain taiwan19f-14),target_bacteria,taxon_organism,130,487213,Streptococcus pneumoniae (strain Taiwan19F-14),streptococcus pneumoniae,False,True,True,True,True,True,191
taxon:487|organism:neisseria meningitidis,target_bacteria,taxon_organism,5,487,Neisseria meningitidis,neisseria meningitidis,True,True,True,True,True,True,189
taxon:488223|organism:streptococcus pneumoniae (strain p1031),target_bacteria,taxon_organism,126,488223,Streptococcus pneumoniae (strain P1031),streptococcus pneumoniae,False,True,True,True,True,True,191
taxon:48864|organism:solorina crocea,target_fungi,taxon_organism,1,48864,Solorina crocea,solorina crocea,False,False,False,False,False,False,0
taxon:488|organism:neisseria mucosa,target_bacteria,taxon_organism,3,488,Neisseria mucosa,neisseria mucosa,True,True,True,True,True,True,190
taxon:48935|organism:novosphingobium aromaticivorans (sphingomonas aromaticivorans),target_bacteria,taxon_organism,4,48935,Novosphingobium aromaticivorans (Sphingomonas aromaticivorans),novosphingobium aromaticivorans,True,True,True,True,True,True,156
taxon:48984|organism:pantoea agglomerans pv. gypsophilae (erwinia herbicola),target_bacteria,taxon_organism,2,48984,Pantoea agglomerans pv. gypsophilae (Erwinia herbicola),enterobacter agglomerans,False,False,False,False,False,True,0
taxon:489|organism:neisseria polysaccharea,target_bacteria,taxon_organism,3,489,Neisseria polysaccharea,neisseria polysaccharea,True,True,True,True,True,True,143
taxon:4903|organism:cyberlindnera jadinii (torula yeast) (pichia jadinii),target_fungi,taxon_organism,12,4903,Cyberlindnera jadinii (Torula yeast) (Pichia jadinii),cyberlindnera jadinii,False,False,False,False,False,False,0
taxon:490622|organism:trichoderma arundinaceum,target_fungi,taxon_organism,1,490622,Trichoderma arundinaceum,trichoderma arundinaceum,False,False,False,False,False,False,0
taxon:4909|organism:pichia kudriavzevii (yeast) (issatchenkia orientalis),target_fungi,taxon_organism,3,4909,Pichia kudriavzevii (Yeast) (Issatchenkia orientalis),pichia kudriavzevii,False,False,False,False,False,False,0
taxon:490|organism:neisseria sicca,target_bacteria,taxon_organism,1,490,Neisseria sicca,neisseria sicca,True,True,True,True,True,True,174
taxon:4911|organism:kluyveromyces marxianus (yeast) (candida kefyr),target_fungi,taxon_organism,14,4911,Kluyveromyces marxianus (Yeast) (Candida kefyr),kluyveromyces marxianus,False,False,False,False,False,False,0
taxon:4918|organism:pachysolen tannophilus (yeast),target_fungi,taxon_organism,3,4918,Pachysolen tannophilus (Yeast),pachysolen tannophilus,False,False,False,False,False,False,0
taxon:4921|organism:candida norvegensis (yeast) (candida mycoderma),target_fungi,taxon_organism,1,4921,Candida norvegensis (Yeast) (Candida mycoderma),candida norvegensis,False,False,False,False,False,False,0
taxon:4922|organism:komagataella pastoris (yeast) (pichia pastoris),target_fungi,taxon_organism,17,4922,Komagataella pastoris (Yeast) (Pichia pastoris),komagataella pastoris,False,False,False,False,False,False,0
taxon:4927|organism:wickerhamomyces anomalus (yeast) (hansenula anomala),target_fungi,taxon_organism,2,4927,Wickerhamomyces anomalus (Yeast) (Hansenula anomala),wickerhamomyces anomalus,False,False,False,False,False,False,0
taxon:49283|organism:paenibacillus thiaminolyticus (bacillus thiaminolyticus),target_bacteria,taxon_organism,1,49283,Paenibacillus thiaminolyticus (Bacillus thiaminolyticus),paenibacillus thiaminolyticus,True,True,True,True,True,True,155
taxon:492|organism:neisseria animalis,target_bacteria,taxon_organism,2,492,Neisseria animalis,neisseria animalis,True,True,True,True,True,True,139
taxon:4931|organism:saccharomyces bayanus (yeast) (saccharomyces uvarum x saccharomyces eubayanus),target_fungi,taxon_organism,4,4931,Saccharomyces bayanus (Yeast) (Saccharomyces uvarum x Saccharomyces eubayanus),saccharomyces bayanus,False,False,False,False,False,False,0
taxon:4932|organism:saccharomyces cerevisiae (baker's yeast),target_fungi,taxon_organism,7,4932,Saccharomyces cerevisiae (Baker's yeast),saccharomyces cerevisiae,False,False,False,False,False,False,0
taxon:49338|organism:desulfitobacterium hafniense (desulfitobacterium frappieri),target_bacteria,taxon_organism,2,49338,Desulfitobacterium hafniense (Desulfitobacterium frappieri),desulfitobacterium hafniense,True,True,True,True,True,True,146
taxon:4934|organism:lachancea kluyveri (yeast) (saccharomyces kluyveri),target_fungi,taxon_organism,2,4934,Lachancea kluyveri (Yeast) (Saccharomyces kluyveri),lachancea kluyveri,False,False,False,False,False,False,0
taxon:4944|organism:saccharomycopsis fibuligera (yeast),target_fungi,taxon_organism,1,4944,Saccharomycopsis fibuligera (Yeast),saccharomycopsis fibuligera,False,False,False,False,False,False,0
taxon:4950|organism:torulaspora delbrueckii (yeast) (candida colliculosa),target_fungi,taxon_organism,4,4950,Torulaspora delbrueckii (Yeast) (Candida colliculosa),torulaspora delbrueckii,False,False,False,False,False,False,0
taxon:4954|organism:zygosaccharomyces bailii,target_fungi,taxon_organism,6,4954,Zygosaccharomyces bailii,zygosaccharomyces bailii,False,False,False,False,False,False,0
taxon:4956|organism:zygosaccharomyces rouxii,target_fungi,taxon_organism,8,4956,Zygosaccharomyces rouxii,zygosaccharomyces rouxii,False,False,False,False,False,False,0
taxon:495|organism:neisseria elongata,target_bacteria,taxon_organism,1,495,Neisseria elongata,neisseria elongata,True,True,True,True,True,True,165
taxon:498214|organism:clostridium botulinum (strain loch maree / type a3),target_bacteria,taxon_organism,124,498214,Clostridium botulinum (strain Loch Maree / Type A3),clostridium botulinum,False,True,True,True,True,True,157
taxon:49899|organism:thermococcus profundus,target_archaea,taxon_organism,1,49899,Thermococcus profundus,thermococcus profundus,True,True,True,True,True,True,132
taxon:498|organism:psychrobacter immobilis,target_bacteria,taxon_organism,2,498,Psychrobacter immobilis,psychrobacter immobilis,True,True,True,True,True,False,170
taxon:50053|organism:pleurotus sajor-caju (oyster mushroom),target_fungi,taxon_organism,2,50053,Pleurotus sajor-caju (Oyster mushroom),pleurotus sajor-caju,False,False,False,False,False,False,0
taxon:50057|organism:methylosulfonomonas methylovora,target_bacteria,taxon_organism,4,50057,Methylosulfonomonas methylovora,methylosulfonomonas methylovora,False,False,False,False,False,False,0
taxon:5005|organism:sporidiobolus salmonicolor (yeast-like fungus) (sporobolomyces salmonicolor),target_fungi,taxon_organism,2,5005,Sporidiobolus salmonicolor (Yeast-like fungus) (Sporobolomyces salmonicolor),sporidiobolus salmonicolor,False,False,False,False,False,False,0
taxon:5016|organism:cochliobolus heterostrophus (southern corn leaf blight fungus) (bipolaris maydis),target_fungi,taxon_organism,4,5016,Cochliobolus heterostrophus (Southern corn leaf blight fungus) (Bipolaris maydis),cochliobolus heterostrophus,False,False,False,False,False,False,0
taxon:5022|organism:leptosphaeria maculans (blackleg fungus) (phoma lingam),target_fungi,taxon_organism,8,5022,Leptosphaeria maculans (Blackleg fungus) (Phoma lingam),leptosphaeria maculans,False,False,False,False,False,False,0
taxon:502779|organism:paracoccidioides lutzii (strain atcc mya-826 / pb01) (paracoccidioides brasiliensis),target_fungi,taxon_organism,1,502779,Paracoccidioides lutzii (strain ATCC MYA-826 / Pb01) (Paracoccidioides brasiliensis),paracoccidioides lutzii,False,False,False,False,False,False,0
taxon:502800|organism:yersinia pseudotuberculosis serotype o:3 (strain ypiii),target_bacteria,taxon_organism,300,502800,Yersinia pseudotuberculosis serotype O:3 (strain YPIII),yersinia pseudotuberculosis,False,True,False,True,True,True,187
taxon:502801|organism:yersinia pseudotuberculosis serotype ib (strain pb1/+),target_bacteria,taxon_organism,295,502801,Yersinia pseudotuberculosis serotype IB (strain PB1/+),yersinia pseudotuberculosis,False,True,False,True,True,True,187
taxon:5037|organism:ajellomyces capsulatus (darling's disease fungus) (histoplasma capsulatum),target_fungi,taxon_organism,8,5037,Ajellomyces capsulatus (Darling's disease fungus) (Histoplasma capsulatum),ajellomyces capsulatus,False,False,False,False,False,False,0
taxon:5044|organism:hapsidospora chrysogena (acremonium chrysogenum),target_fungi,taxon_organism,6,5044,Hapsidospora chrysogena (Acremonium chrysogenum),hapsidospora chrysogena,False,False,False,False,False,False,0
taxon:5046|organism:sarocladium strictum (black bundle disease fungus) (acremonium strictum),target_fungi,taxon_organism,1,5046,Sarocladium strictum (Black bundle disease fungus) (Acremonium strictum),sarocladium strictum,False,False,False,False,False,False,0
taxon:5047|organism:epichloe coenophiala (tall fescue endophyte fungus) (neotyphodium coenophialum),target_fungi,taxon_organism,2,5047,Epichloe coenophiala (Tall fescue endophyte fungus) (Neotyphodium coenophialum),epichloe coenophiala,False,False,False,False,False,False,0
taxon:504|organism:kingella kingae,target_bacteria,taxon_organism,1,504,Kingella kingae,kingella kingae,True,True,True,True,True,True,174
taxon:5058|organism:aspergillus ficuum,target_fungi,taxon_organism,1,5058,Aspergillus ficuum,aspergillus ficuum,False,False,False,False,False,False,0
taxon:5059|organism:aspergillus flavus,target_fungi,taxon_organism,2,5059,Aspergillus flavus,aspergillus flavus,False,False,False,False,False,False,0
taxon:5061|organism:aspergillus niger,target_fungi,taxon_organism,41,5061,Aspergillus niger,aspergillus niger,False,False,False,False,False,False,0
taxon:5062|organism:aspergillus oryzae (yellow koji mold),target_fungi,taxon_organism,3,5062,Aspergillus oryzae (Yellow koji mold),aspergillus oryzae,False,False,False,False,False,False,0
taxon:5063|organism:aspergillus phoenicis (aspergillus saitoi),target_fungi,taxon_organism,1,5063,Aspergillus phoenicis (Aspergillus saitoi),aspergillus phoenicis,False,False,False,False,False,False,0
taxon:506591|organism:leisingera caerulea (phaeobacter caeruleus),target_bacteria,taxon_organism,2,506591,Leisingera caerulea (Phaeobacter caeruleus),leisingera caerulea,True,True,True,True,True,True,141
taxon:5067|organism:aspergillus parasiticus,target_fungi,taxon_organism,2,5067,Aspergillus parasiticus,aspergillus parasiticus,False,False,False,False,False,False,0
taxon:5068|organism:aspergillus tubingensis,target_fungi,taxon_organism,1,5068,Aspergillus tubingensis,aspergillus tubingensis,False,False,False,False,False,False,0
taxon:5074|organism:penicillium brevicompactum,target_fungi,taxon_organism,13,5074,Penicillium brevicompactum,penicillium brevicompactum,False,False,False,False,False,False,0
taxon:5075|organism:penicillium camembertii,target_fungi,taxon_organism,2,5075,Penicillium camembertii,penicillium camembertii,False,False,False,False,False,False,0
taxon:5076|organism:penicillium chrysogenum (penicillium notatum),target_fungi,taxon_organism,15,5076,Penicillium chrysogenum (Penicillium notatum),penicillium chrysogenum,False,False,False,False,False,False,0
taxon:5077|organism:penicillium citrinum,target_fungi,taxon_organism,7,5077,Penicillium citrinum,penicillium citrinum,False,False,False,False,False,False,0
taxon:5078|organism:penicillium patulum (penicillium griseofulvum),target_fungi,taxon_organism,3,5078,Penicillium patulum (Penicillium griseofulvum),penicillium patulum,False,False,False,False,False,False,0
taxon:5079|organism:penicillium janthinellum (penicillium vitale),target_fungi,taxon_organism,1,5079,Penicillium janthinellum (Penicillium vitale),penicillium janthinellum,False,False,False,False,False,False,0
taxon:5081|organism:penicillium sp,target_fungi,taxon_organism,1,5081,Penicillium sp,penicillium sp,False,False,False,False,False,False,0
taxon:5082|organism:penicillium roqueforti,target_fungi,taxon_organism,2,5082,Penicillium roqueforti,penicillium roqueforti,False,False,False,False,False,False,0
taxon:5083|organism:penicillium canescens,target_fungi,taxon_organism,2,5083,Penicillium canescens,penicillium canescens,False,False,False,False,False,False,0
taxon:508767|organism:clostridium botulinum (strain alaska e43 / type e3),target_bacteria,taxon_organism,136,508767,Clostridium botulinum (strain Alaska E43 / Type E3),clostridium botulinum,False,True,True,True,True,True,157
taxon:509173|organism:acinetobacter baumannii (strain aye),target_bacteria,taxon_organism,159,509173,Acinetobacter baumannii (strain AYE),acinetobacter baumannii,False,True,True,True,True,True,186
taxon:5095|organism:talaromyces flavus,target_fungi,taxon_organism,1,5095,Talaromyces flavus,talaromyces flavus,False,False,False,False,False,False,0
taxon:5098|organism:monascus purpureus (red mold) (monascus anka),target_fungi,taxon_organism,2,5098,Monascus purpureus (Red mold) (Monascus anka),monascus purpureus,False,False,False,False,False,False,0
taxon:510516|organism:aspergillus oryzae (strain atcc 42149 / rib 40) (yellow koji mold),target_fungi,taxon_organism,1,510516,Aspergillus oryzae (strain ATCC 42149 / RIB 40) (Yellow koji mold),aspergillus oryzae,False,False,False,False,False,False,0
taxon:5111|organism:claviceps purpurea (ergot fungus) (sphacelia segetum),target_fungi,taxon_organism,5,5111,Claviceps purpurea (Ergot fungus) (Sphacelia segetum),claviceps purpurea,False,False,False,False,False,False,0
taxon:511691|organism:streptococcus mutans serotype c (strain nn2025),target_bacteria,taxon_organism,1,511691,Streptococcus mutans serotype c (strain NN2025),streptococcus mutans,False,True,False,True,True,True,182
taxon:5116|organism:cryphonectria parasitica (chestnut blight fungus) (endothia parasitica),target_fungi,taxon_organism,4,5116,Cryphonectria parasitica (Chestnut blight fungus) (Endothia parasitica),cryphonectria parasitica,False,False,False,False,False,False,0
taxon:51173|organism:ureibacillus thermosphaericus,target_bacteria,taxon_organism,1,51173,Ureibacillus thermosphaericus,ureibacillus thermosphaericus,True,True,True,True,True,True,163
taxon:511|organism:alcaligenes faecalis,target_bacteria,taxon_organism,9,511,Alcaligenes faecalis,alcaligenes faecalis,True,True,True,True,True,True,186
taxon:512562|organism:helicobacter pylori (strain shi470),target_bacteria,taxon_organism,126,512562,Helicobacter pylori (strain Shi470),helicobacter pylori,False,True,True,True,True,True,177
taxon:512566|organism:streptococcus pneumoniae serotype 19f (strain g54),target_bacteria,taxon_organism,132,512566,Streptococcus pneumoniae serotype 19F (strain G54),streptococcus pneumoniae,False,True,False,True,True,True,191
taxon:5127|organism:fusarium fujikuroi (bakanae and foot rot disease fungus) (gibberella fujikuroi),target_fungi,taxon_organism,8,5127,Fusarium fujikuroi (Bakanae and foot rot disease fungus) (Gibberella fujikuroi),fusarium fujikuroi,False,False,False,False,False,False,0
taxon:5128|organism:gibberella pulicaris,target_fungi,taxon_organism,1,5128,Gibberella pulicaris,gibberella pulicaris,False,False,False,False,False,False,0
taxon:512|organism:alcaligenes sp,target_bacteria,taxon_organism,6,512,Alcaligenes sp,alcaligenes sp,False,False,False,False,False,True,0
taxon:5142|organism:neurospora intermedia,target_fungi,taxon_organism,1,5142,Neurospora intermedia,neurospora intermedia,False,False,False,False,False,False,0
taxon:5143|organism:neurospora africana,target_fungi,taxon_organism,1,5143,Neurospora africana,neurospora africana,False,False,False,False,False,False,0
taxon:51453|organism:hypocrea jecorina (trichoderma reesei),target_fungi,taxon_organism,16,51453,Hypocrea jecorina (Trichoderma reesei),hypocrea jecorina,False,False,False,False,False,False,0
taxon:5147|organism:sordaria macrospora,target_fungi,taxon_organism,3,5147,Sordaria macrospora,sordaria macrospora,False,False,False,False,False,False,0
taxon:51657|organism:nakaseomyces delphensis (yeast) (kluyveromyces delphensis),target_fungi,taxon_organism,1,51657,Nakaseomyces delphensis (Yeast) (Kluyveromyces delphensis),nakaseomyces delphensis,False,False,False,False,False,False,0
taxon:51662|organism:pimelobacter sp. (strain r48),target_bacteria,taxon_organism,1,51662,Pimelobacter sp. (strain R48),pimelobacter sp.,False,False,False,False,False,True,0
taxon:51669|organism:tetragenococcus halophilus (pediococcus halophilus),target_bacteria,taxon_organism,1,51669,Tetragenococcus halophilus (Pediococcus halophilus),tetragenococcus halophilus,True,True,True,True,True,True,177
taxon:51671|organism:microbacterium sp,target_bacteria,taxon_organism,3,51671,Microbacterium sp,microbacterium sp,False,False,False,False,False,False,0
taxon:516950|organism:streptococcus pneumoniae (strain cgsp14),target_bacteria,taxon_organism,111,516950,Streptococcus pneumoniae (strain CGSP14),streptococcus pneumoniae,False,True,True,True,True,True,191
taxon:5180|organism:sclerotinia sclerotiorum (white mold) (whetzelinia sclerotiorum),target_fungi,taxon_organism,1,5180,Sclerotinia sclerotiorum (White mold) (Whetzelinia sclerotiorum),sclerotinia sclerotiorum,False,False,False,False,False,False,0
taxon:518882|organism:delftia sp. (strain ht23),target_bacteria,taxon_organism,1,518882,Delftia sp. (strain HT23),delftia sp.,False,False,False,False,False,False,0
taxon:518|organism:bordetella bronchiseptica (alcaligenes bronchisepticus),target_bacteria,taxon_organism,1,518,Bordetella bronchiseptica (Alcaligenes bronchisepticus),bordetella bronchiseptica,True,True,True,True,True,True,173
taxon:51915|organism:maudiozyma humilis (sour dough yeast) (kazachstania humilis),target_fungi,taxon_organism,2,51915,Maudiozyma humilis (Sour dough yeast) (Kazachstania humilis),maudiozyma humilis,False,False,False,False,False,False,0
taxon:5191|organism:ascobolus immersus,target_fungi,taxon_organism,3,5191,Ascobolus immersus,ascobolus immersus,False,False,False,False,False,False,0
taxon:5207|organism:cryptococcus neoformans (filobasidiella neoformans),target_fungi,taxon_organism,2,5207,Cryptococcus neoformans (Filobasidiella neoformans),cryptococcus neoformans,False,False,False,False,False,False,0
taxon:520|organism:bordetella pertussis,target_bacteria,taxon_organism,1,520,Bordetella pertussis,bordetella pertussis,True,True,True,True,True,True,199
taxon:521007|organism:borreliella burgdorferi (strain n40) (borrelia burgdorferi),target_bacteria,taxon_organism,1,521007,Borreliella burgdorferi (strain N40) (Borrelia burgdorferi),borreliella burgdorferi,False,True,True,True,True,True,135
taxon:5219|organism:exidia glandulosa (black witches' butter) (tremella glandulosa),target_fungi,taxon_organism,1,5219,Exidia glandulosa (Black witches' butter) (Tremella glandulosa),exidia glandulosa,False,False,False,False,False,False,0
taxon:521|organism:bordetella avium,target_bacteria,taxon_organism,1,521,Bordetella avium,bordetella avium,True,True,True,True,True,True,177
taxon:523796|organism:staphylococcus aureus (strain mrsa st398 / isolate s0385),target_bacteria,taxon_organism,1,523796,Staphylococcus aureus (strain MRSA ST398 / isolate S0385),staphylococcus aureus,False,True,True,True,True,True,202
taxon:523841|organism:haloferax mediterranei (strain atcc 33500 / dsm 1411 / jcm 8866 / nbrc 14739 / ncimb 2177 / r-4) (halobacterium mediterranei),target_archaea,taxon_organism,9,523841,Haloferax mediterranei (strain ATCC 33500 / DSM 1411 / JCM 8866 / NBRC 14739 / NCIMB 2177 / R-4) (Halobacterium mediterranei),haloferax mediterranei,False,False,False,False,False,True,0
taxon:525146|organism:desulfovibrio desulfuricans (strain atcc 27774 / dsm 6949 / mb),target_bacteria,taxon_organism,92,525146,Desulfovibrio desulfuricans (strain ATCC 27774 / DSM 6949 / MB),desulfovibrio desulfuricans,False,True,True,True,True,True,135
taxon:525244|organism:acinetobacter sp. (strain atcc 27244 / 9458),target_bacteria,taxon_organism,1,525244,Acinetobacter sp. (strain ATCC 27244 / 9458),acinetobacter sp.,False,False,False,False,False,True,0
taxon:52561|organism:desulfomicrobium norvegicum (strain dsm 1741 / ncimb 8310) (desulfovibrio baculatus (strain norway 4)) (desulfovibrio desulfuricans (strain norway 4)),target_bacteria,taxon_organism,1,52561,Desulfomicrobium norvegicum (strain DSM 1741 / NCIMB 8310) (Desulfovibrio baculatus (strain Norway 4)) (Desulfovibrio desulfuricans (strain Norway 4)),desulfomicrobium norvegicum)),True,False,False,True,True,True,78
taxon:52586|organism:uncinula necator (grape powdery mildew),target_fungi,taxon_organism,1,52586,Uncinula necator (Grape powdery mildew),uncinula necator,False,False,False,False,False,False,0
taxon:5261|organism:melampsora lini (rust fungus) (xyloma lini),target_fungi,taxon_organism,4,5261,Melampsora lini (Rust fungus) (Xyloma lini),melampsora lini,False,False,False,False,False,False,0
taxon:526|organism:acidiphilium rubrum,target_bacteria,taxon_organism,4,526,Acidiphilium rubrum,acidiphilium rubrum,True,True,True,True,True,True,76
taxon:5270|organism:mycosarcoma maydis (corn smut fungus) (ustilago maydis),target_fungi,taxon_organism,2,5270,Mycosarcoma maydis (Corn smut fungus) (Ustilago maydis),mycosarcoma maydis,False,False,False,False,False,False,0
taxon:5286|organism:rhodotorula toruloides (yeast) (rhodosporidium toruloides),target_fungi,taxon_organism,2,5286,Rhodotorula toruloides (Yeast) (Rhodosporidium toruloides),rhodotorula toruloides,False,False,False,False,False,False,0
taxon:5297|organism:puccinia graminis (black stem rust fungus),target_fungi,taxon_organism,1,5297,Puccinia graminis (Black stem rust fungus),puccinia graminis,False,False,False,False,False,False,0
taxon:529|organism:brucella anthropi (ochrobactrum anthropi),target_bacteria,taxon_organism,2,529,Brucella anthropi (Ochrobactrum anthropi),brucella anthropi,False,False,False,False,False,True,0
taxon:52|organism:chondromyces crocatus,target_bacteria,taxon_organism,1,52,Chondromyces crocatus,chondromyces crocatus,True,True,True,True,True,True,79
taxon:5308|organism:phlebia radiata (white-rot fungus),target_fungi,taxon_organism,1,5308,Phlebia radiata (White-rot fungus),phlebia radiata,False,False,False,False,False,False,0
taxon:5315|organism:ganoderma lucidum (ling zhi medicinal fungus) (bracket fungus),target_fungi,taxon_organism,7,5315,Ganoderma lucidum (Ling zhi medicinal fungus) (Bracket fungus),ganoderma lucidum,False,False,False,False,False,False,0
taxon:531844|organism:flavobacteriaceae bacterium (strain 3519-10),target_bacteria,taxon_organism,2,531844,Flavobacteriaceae bacterium (strain 3519-10),flavobacteriaceae bacterium,False,False,False,False,False,True,0
taxon:5322|organism:pleurotus ostreatus (oyster mushroom) (white-rot fungus),target_fungi,taxon_organism,2,5322,Pleurotus ostreatus (Oyster mushroom) (White-rot fungus),pleurotus ostreatus,False,False,False,False,False,False,0
taxon:5323|organism:pleurotus eryngii (boletus of the steppes),target_fungi,taxon_organism,3,5323,Pleurotus eryngii (Boletus of the steppes),pleurotus eryngii,False,False,False,False,False,False,0
taxon:53249|organism:pseudoalteromonas sp,target_bacteria,taxon_organism,1,53249,Pseudoalteromonas sp,pseudoalteromonas sp,False,False,False,False,False,False,0
taxon:5325|organism:trametes versicolor (white-rot fungus) (coriolus versicolor),target_fungi,taxon_organism,4,5325,Trametes versicolor (White-rot fungus) (Coriolus versicolor),trametes versicolor,False,False,False,False,False,False,0
taxon:5327|organism:trametes hirsuta (white-rot fungus) (coriolus hirsutus),target_fungi,taxon_organism,2,5327,Trametes hirsuta (White-rot fungus) (Coriolus hirsutus),trametes hirsuta,False,False,False,False,False,False,0
taxon:533317|organism:pseudomonas sp. (strain a2c),target_bacteria,taxon_organism,1,533317,Pseudomonas sp. (strain A2C),pseudomonas sp.,False,False,False,False,False,False,0
taxon:53336|organism:tatumella citrea (pantoea citrea),target_bacteria,taxon_organism,2,53336,Tatumella citrea (Pantoea citrea),tatumella citrea,True,True,True,True,True,True,152
taxon:5334|organism:schizophyllum commune (split gill fungus),target_fungi,taxon_organism,7,5334,Schizophyllum commune (Split gill fungus),schizophyllum commune,False,False,False,False,False,False,0
taxon:53405|organism:methylococcus thermophilus,target_bacteria,taxon_organism,1,53405,Methylococcus thermophilus,methylococcus thermophilus,True,True,True,True,True,False,1
taxon:53406|organism:pseudomonas anguilliseptica,target_bacteria,taxon_organism,1,53406,Pseudomonas anguilliseptica,pseudomonas anguilliseptica,True,True,True,True,True,False,153
taxon:53412|organism:metapseudomonas resinovorans (pseudomonas resinovorans),target_bacteria,taxon_organism,3,53412,Metapseudomonas resinovorans (Pseudomonas resinovorans),metapseudomonas resinovorans,True,True,True,True,True,True,151
taxon:53419|organism:treponema socranskii,target_bacteria,taxon_organism,1,53419,Treponema socranskii,treponema socranskii,True,True,True,True,True,True,137
taxon:5341|organism:agaricus bisporus (white button mushroom),target_fungi,taxon_organism,17,5341,Agaricus bisporus (White button mushroom),agaricus bisporus,False,False,False,False,False,False,0
taxon:53446|organism:streptomyces cinnamoneus (streptoverticillium cinnamoneum),target_bacteria,taxon_organism,2,53446,Streptomyces cinnamoneus (Streptoverticillium cinnamoneum),streptomyces cinnamoneus,True,True,True,True,True,False,155
taxon:5346|organism:coprinopsis cinerea (inky cap fungus) (hormographiella aspergillata),target_fungi,taxon_organism,5,5346,Coprinopsis cinerea (Inky cap fungus) (Hormographiella aspergillata),coprinopsis cinerea,False,False,False,False,False,False,0
taxon:53500|organism:pasteurella haemolytica-like sp. (strain 5943b),target_bacteria,taxon_organism,1,53500,Pasteurella haemolytica-like sp. (strain 5943B),pasteurella haemolytica-like,False,False,False,False,False,False,0
taxon:53501|organism:thalassovita gelatinovora (thalassobius gelatinovorus),target_bacteria,taxon_organism,1,53501,Thalassovita gelatinovora (Thalassobius gelatinovorus),thalassovita gelatinovora,True,True,True,True,True,True,152
taxon:53502|organism:streptomyces caespitosus,target_bacteria,taxon_organism,1,53502,Streptomyces caespitosus,streptomyces caespitosus,False,False,False,False,False,False,0
taxon:53522|organism:thermobifida alba (thermomonospora alba),target_bacteria,taxon_organism,2,53522,Thermobifida alba (Thermomonospora alba),thermobifida alba,True,True,True,True,True,True,33
taxon:5353|organism:lentinula edodes (shiitake mushroom) (lentinus edodes),target_fungi,taxon_organism,5,5353,Lentinula edodes (Shiitake mushroom) (Lentinus edodes),lentinula edodes,False,False,False,False,False,False,0
taxon:536056|organism:escherichia coli (strain atcc 33849 / dsm 4235 / ncimb 12045 / k12 / dh1),target_bacteria,taxon_organism,5,536056,Escherichia coli (strain ATCC 33849 / DSM 4235 / NCIMB 12045 / K12 / DH1),escherichia coli,False,True,True,True,True,True,218
taxon:53953|organism:pyrococcus horikoshii,target_archaea,taxon_organism,1,53953,Pyrococcus horikoshii,pyrococcus horikoshii,True,True,True,True,True,True,134
taxon:539|organism:eikenella corrodens,target_bacteria,taxon_organism,1,539,Eikenella corrodens,eikenella corrodens,True,True,True,True,True,True,174
taxon:54061|organism:ralstonia sp,target_bacteria,taxon_organism,8,54061,Ralstonia sp,ralstonia sp,False,False,False,False,False,False,0
taxon:54076|organism:thermococcus zilligii,target_archaea,taxon_organism,1,54076,Thermococcus zilligii,thermococcus zilligii,True,True,True,True,True,True,135
taxon:5417|organism:vanrija humicola (yeast) (cryptococcus humicola),target_fungi,taxon_organism,1,5417,Vanrija humicola (Yeast) (Cryptococcus humicola),vanrija humicola,False,False,False,False,False,False,0
taxon:5418|organism:papiliotrema laurentii (cryptococcus laurentii),target_fungi,taxon_organism,1,5418,Papiliotrema laurentii (Cryptococcus laurentii),papiliotrema laurentii,False,False,False,False,False,False,0
taxon:54291|organism:raoultella ornithinolytica (klebsiella ornithinolytica),target_bacteria,taxon_organism,1,54291,Raoultella ornithinolytica (Klebsiella ornithinolytica),raoultella ornithinolytica,False,False,False,False,False,True,0
taxon:543728|organism:variovorax paradoxus (strain s110),target_bacteria,taxon_organism,115,543728,Variovorax paradoxus (strain S110),variovorax paradoxus,False,True,True,True,True,True,165
taxon:543734|organism:lacticaseibacillus casei (strain bl23) (lactobacillus casei),target_bacteria,taxon_organism,98,543734,Lacticaseibacillus casei (strain BL23) (Lactobacillus casei),lacticaseibacillus casei,False,True,True,True,True,True,166
taxon:54389|organism:chlorante-aster yellows phytoplasma,target_bacteria,taxon_organism,1,54389,Chlorante-Aster yellows phytoplasma,chlorante-aster yellows,False,False,False,False,False,False,0
taxon:544404|organism:escherichia coli o157:h7 (strain tw14359 / ehec),target_bacteria,taxon_organism,6,544404,Escherichia coli O157:H7 (strain TW14359 / EHEC),escherichia coli,False,True,False,True,True,True,218
taxon:544406|organism:helicobacter pylori (strain b128),target_bacteria,taxon_organism,1,544406,Helicobacter pylori (strain B128),helicobacter pylori,False,True,True,True,True,True,177
taxon:544556|organism:geobacillus sp. (strain y412mc61),target_bacteria,taxon_organism,1,544556,Geobacillus sp. (strain Y412MC61),geobacillus sp.,False,False,False,False,False,True,0
taxon:5451|organism:arthromyces ramosus,target_fungi,taxon_organism,1,5451,Arthromyces ramosus,arthromyces ramosus,False,False,False,False,False,False,0
taxon:54571|organism:streptomyces venezuelae,target_bacteria,taxon_organism,5,54571,Streptomyces venezuelae,streptomyces venezuelae,True,True,True,True,True,True,148
taxon:545|organism:citrobacter koseri (citrobacter diversus),target_bacteria,taxon_organism,3,545,Citrobacter koseri (Citrobacter diversus),citrobacter koseri,True,True,True,True,True,True,190
taxon:5466|organism:colletotrichum trifolii,target_fungi,taxon_organism,1,5466,Colletotrichum trifolii,colletotrichum trifolii,False,False,False,False,False,False,0
taxon:546|organism:citrobacter freundii,target_bacteria,taxon_organism,26,546,Citrobacter freundii,citrobacter freundii,True,True,True,True,True,True,177
taxon:54735|organism:xanthomonas campestris pv. amaranthicola,target_bacteria,taxon_organism,1,54735,Xanthomonas campestris pv. amaranthicola,xanthomonas campestris,False,True,False,True,True,True,160
taxon:5476|organism:candida albicans (yeast),target_fungi,taxon_organism,55,5476,Candida albicans (Yeast),candida albicans,False,False,False,False,False,False,0
taxon:5477|organism:candida boidinii (yeast),target_fungi,taxon_organism,9,5477,Candida boidinii (Yeast),candida boidinii,False,False,False,False,False,False,0
taxon:5479|organism:candida maltosa (yeast),target_fungi,taxon_organism,12,5479,Candida maltosa (Yeast),candida maltosa,False,False,False,False,False,False,0
taxon:5480|organism:candida parapsilosis (yeast),target_fungi,taxon_organism,6,5480,Candida parapsilosis (Yeast),candida parapsilosis,False,False,False,False,False,False,0
taxon:5481|organism:diutina rugosa (yeast) (candida rugosa),target_fungi,taxon_organism,7,5481,Diutina rugosa (Yeast) (Candida rugosa),diutina rugosa,False,False,False,False,False,False,0
taxon:5482|organism:candida tropicalis (yeast),target_fungi,taxon_organism,24,5482,Candida tropicalis (Yeast),candida tropicalis,False,False,False,False,False,False,0
taxon:548|organism:klebsiella aerogenes (enterobacter aerogenes),target_bacteria,taxon_organism,37,548,Klebsiella aerogenes (Enterobacter aerogenes),klebsiella aerogenes,False,False,False,False,False,True,0
taxon:5499|organism:passalora fulva (tomato leaf mold) (cladosporium fulvum),target_fungi,taxon_organism,2,5499,Passalora fulva (Tomato leaf mold) (Cladosporium fulvum),passalora fulva,False,False,False,False,False,False,0
taxon:549|organism:enterobacter agglomerans (erwinia herbicola) (pantoea agglomerans),target_bacteria,taxon_organism,19,549,Enterobacter agglomerans (Erwinia herbicola) (Pantoea agglomerans),enterobacter agglomerans,True,False,False,True,True,True,171
taxon:5503|organism:cochliobolus lunatus (filamentous fungus) (curvularia lunata),target_fungi,taxon_organism,5,5503,Cochliobolus lunatus (Filamentous fungus) (Curvularia lunata),cochliobolus lunatus,False,False,False,False,False,False,0
taxon:5507|organism:fusarium oxysporum (fusarium vascular wilt),target_fungi,taxon_organism,5,5507,Fusarium oxysporum (Fusarium vascular wilt),fusarium oxysporum,False,False,False,False,False,False,0
taxon:550|organism:enterobacter cloacae,target_bacteria,taxon_organism,18,550,Enterobacter cloacae,enterobacter cloacae,True,True,True,True,True,True,184
taxon:5514|organism:fusarium sporotrichioides,target_fungi,taxon_organism,1,5514,Fusarium sporotrichioides,fusarium sporotrichioides,False,False,False,False,False,False,0
taxon:55158|organism:streptomyces peucetius subsp. caesius,target_bacteria,taxon_organism,2,55158,Streptomyces peucetius subsp. caesius,streptomyces peucetius,False,True,False,True,True,True,135
taxon:5516|organism:fusarium culmorum,target_fungi,taxon_organism,2,5516,Fusarium culmorum,fusarium culmorum,False,False,False,False,False,False,0
taxon:5518|organism:gibberella zeae (wheat head blight fungus) (fusarium graminearum),target_fungi,taxon_organism,1,5518,Gibberella zeae (Wheat head blight fungus) (Fusarium graminearum),gibberella zeae,False,False,False,False,False,False,0
taxon:55194|organism:malassezia furfur (pityriasis versicolor infection agent) (pityrosporum furfur),target_fungi,taxon_organism,8,55194,Malassezia furfur (Pityriasis versicolor infection agent) (Pityrosporum furfur),malassezia furfur,False,False,False,False,False,False,0
taxon:55209|organism:pantoea cypripedii (pectobacterium cypripedii) (erwinia cypripedii),target_bacteria,taxon_organism,3,55209,Pantoea cypripedii (Pectobacterium cypripedii) (Erwinia cypripedii),pantoea cypripedii,True,True,True,True,True,False,169
taxon:5520|organism:microdochium nivale (pink snow mold) (lanosa nivalis),target_fungi,taxon_organism,1,5520,Microdochium nivale (Pink snow mold) (Lanosa nivalis),microdochium nivale,False,False,False,False,False,False,0
taxon:55212|organism:erwinia rhapontici (pectobacterium rhapontici),target_bacteria,taxon_organism,1,55212,Erwinia rhapontici (Pectobacterium rhapontici),erwinia rhapontici,True,True,True,True,True,True,155
taxon:5523|organism:gibberella baccata (fusarium lateritium),target_fungi,taxon_organism,1,5523,Gibberella baccata (Fusarium lateritium),gibberella baccata,False,False,False,False,False,False,0
taxon:552536|organism:listeria monocytogenes serotype 4a (strain hcc23),target_bacteria,taxon_organism,165,552536,Listeria monocytogenes serotype 4a (strain HCC23),listeria monocytogenes,False,True,False,True,True,True,204
taxon:552|organism:erwinia amylovora (fire blight bacteria),target_bacteria,taxon_organism,4,552,Erwinia amylovora (Fire blight bacteria),erwinia amylovora,True,True,True,True,True,True,153
taxon:5530|organism:metarhizium anisopliae (entomophthora anisopliae),target_fungi,taxon_organism,3,5530,Metarhizium anisopliae (Entomophthora anisopliae),metarhizium anisopliae,False,False,False,False,False,False,0
taxon:553199|organism:cutibacterium acnes (strain sk137) (propionibacterium acnes),target_bacteria,taxon_organism,1,553199,Cutibacterium acnes (strain SK137) (Propionibacterium acnes),cutibacterium acnes,False,True,True,True,True,True,208
taxon:553611|organism:photobacterium leiognathi,target_bacteria,taxon_organism,12,553611,Photobacterium leiognathi,photobacterium leiognathi,True,True,True,True,True,True,152
taxon:5537|organism:rhodotorula mucilaginosa (yeast) (rhodotorula rubra),target_fungi,taxon_organism,2,5537,Rhodotorula mucilaginosa (Yeast) (Rhodotorula rubra),rhodotorula mucilaginosa,False,False,False,False,False,False,0
taxon:55396|organism:gloeothece membranacea (strain pcc 6501 / sag 26.84),target_bacteria,taxon_organism,1,55396,Gloeothece membranacea (strain PCC 6501 / SAG 26.84),gloeothece membranacea,False,False,False,False,False,False,0
taxon:553|organism:pantoea ananas (erwinia uredovora),target_bacteria,taxon_organism,6,553,Pantoea ananas (Erwinia uredovora),pantoea ananas,True,False,False,True,True,True,165
taxon:5541|organism:thermomyces lanuginosus (thermophilic fungus) (humicola lanuginosa),target_fungi,taxon_organism,2,5541,Thermomyces lanuginosus (Thermophilic fungus) (Humicola lanuginosa),thermomyces lanuginosus,False,False,False,False,False,False,0
taxon:5544|organism:trichoderma harzianum (hypocrea lixii),target_fungi,taxon_organism,3,5544,Trichoderma harzianum (Hypocrea lixii),trichoderma harzianum,False,False,False,False,False,False,0
taxon:5547|organism:hypocrea rufa (trichoderma viride),target_fungi,taxon_organism,2,5547,Hypocrea rufa (Trichoderma viride),hypocrea rufa,False,False,False,False,False,False,0
taxon:5548|organism:trichoderma longibrachiatum,target_fungi,taxon_organism,1,5548,Trichoderma longibrachiatum,trichoderma longibrachiatum,False,False,False,False,False,False,0
taxon:554|organism:pectobacterium carotovorum (erwinia carotovora),target_bacteria,taxon_organism,3,554,Pectobacterium carotovorum (Erwinia carotovora),pectobacterium carotovorum,True,True,True,True,True,True,163
taxon:555311|organism:saccharolobus solfataricus (strain 98/2) (sulfolobus solfataricus),target_archaea,taxon_organism,1,555311,Saccharolobus solfataricus (strain 98/2) (Sulfolobus solfataricus),saccharolobus solfataricus,False,True,True,True,True,True,140
taxon:5554|organism:cutaneotrichosporon cutaneum (yeast) (trichosporon cutaneum),target_fungi,taxon_organism,2,5554,Cutaneotrichosporon cutaneum (Yeast) (Trichosporon cutaneum),cutaneotrichosporon cutaneum,False,False,False,False,False,False,0
taxon:55588|organism:uromyces fabae (rust fungus),target_fungi,taxon_organism,4,55588,Uromyces fabae (Rust fungus),uromyces fabae,False,False,False,False,False,False,0
taxon:555970|organism:bifidobacterium animalis subsp. lactis (strain dsm 10140 / ccug 37979 / jcm 10602 / lmg 18314 / nrrl b-41405 / ur1),target_bacteria,taxon_organism,2,555970,Bifidobacterium animalis subsp. lactis (strain DSM 10140 / CCUG 37979 / JCM 10602 / LMG 18314 / NRRL B-41405 / UR1),bifidobacterium animalis,False,True,False,True,True,True,184
taxon:555|organism:pectobacterium carotovorum subsp. carotovorum (erwinia carotovora subsp. carotovora),target_bacteria,taxon_organism,11,555,Pectobacterium carotovorum subsp. carotovorum (Erwinia carotovora subsp. carotovora),pectobacterium carotovorum,False,True,False,True,True,True,163
taxon:55601|organism:vibrio anguillarum (listonella anguillarum),target_bacteria,taxon_organism,4,55601,Vibrio anguillarum (Listonella anguillarum),vibrio anguillarum,True,True,True,True,True,True,170
taxon:556|organism:dickeya chrysanthemi (pectobacterium chrysanthemi) (erwinia chrysanthemi),target_bacteria,taxon_organism,6,556,Dickeya chrysanthemi (Pectobacterium chrysanthemi) (Erwinia chrysanthemi),dickeya chrysanthemi,True,True,True,True,True,True,163
taxon:557433|organism:limosilactobacillus reuteri subsp. reuteri (strain jcm 1112) (lactobacillus reuteri),target_bacteria,taxon_organism,92,557433,Limosilactobacillus reuteri subsp. reuteri (strain JCM 1112) (Lactobacillus reuteri),limosilactobacillus reuteri,False,True,False,True,True,True,180
taxon:557722|organism:pseudomonas aeruginosa (strain lesb58),target_bacteria,taxon_organism,249,557722,Pseudomonas aeruginosa (strain LESB58),pseudomonas aeruginosa,False,True,True,True,True,True,219
taxon:557760|organism:cereibacter sphaeroides (strain kd131 / kctc 12085) (rhodobacter sphaeroides),target_bacteria,taxon_organism,140,557760,Cereibacter sphaeroides (strain KD131 / KCTC 12085) (Rhodobacter sphaeroides),cereibacter sphaeroides,False,True,True,True,True,True,159
taxon:5580|organism:aureobasidium pullulans (black yeast) (pullularia pullulans),target_fungi,taxon_organism,1,5580,Aureobasidium pullulans (Black yeast) (Pullularia pullulans),aureobasidium pullulans,False,False,False,False,False,False,0
taxon:558|organism:erwinia citreus,target_bacteria,taxon_organism,1,558,Erwinia citreus,erwinia citreus,False,False,False,False,False,True,0
taxon:559292|organism:saccharomyces cerevisiae (strain atcc 204508 / s288c) (baker's yeast),target_fungi,taxon_organism,3,559292,Saccharomyces cerevisiae (strain ATCC 204508 / S288c) (Baker's yeast),saccharomyces cerevisiae,False,False,False,False,False,False,0
taxon:55952|organism:streptomyces toyocaensis,target_bacteria,taxon_organism,2,55952,Streptomyces toyocaensis,streptomyces toyocaensis,True,True,True,True,True,True,133
taxon:5599|organism:alternaria alternata (alternaria rot fungus) (torula alternata),target_fungi,taxon_organism,13,5599,Alternaria alternata (Alternaria rot fungus) (Torula alternata),alternaria alternata,False,False,False,False,False,False,0
taxon:561231|organism:pectobacterium parmentieri (strain wpp163) (pectobacterium wasabiae (strain wpp163)),target_bacteria,taxon_organism,2,561231,Pectobacterium parmentieri (strain WPP163) (Pectobacterium wasabiae (strain WPP163)),pectobacterium parmentieri,False,True,False,True,True,True,141
taxon:561275|organism:mycobacterium bovis (strain bcg / tokyo 172 / atcc 35737 / tmc 1019),target_bacteria,taxon_organism,163,561275,Mycobacterium bovis (strain BCG / Tokyo 172 / ATCC 35737 / TMC 1019),mycobacterium tuberculosis,False,True,False,True,True,True,147
taxon:561276|organism:streptococcus pneumoniae (strain atcc 700669 / spain 23f-1),target_bacteria,taxon_organism,132,561276,Streptococcus pneumoniae (strain ATCC 700669 / Spain 23F-1),streptococcus pneumoniae,False,True,True,True,True,True,191
taxon:561501|organism:buchnera aphidicola subsp. acyrthosiphon pisum (strain tuc7),target_bacteria,taxon_organism,113,561501,Buchnera aphidicola subsp. Acyrthosiphon pisum (strain Tuc7),buchnera aphidicola,False,True,False,True,True,True,133
taxon:561879|organism:bacillus safensis,target_bacteria,taxon_organism,1,561879,Bacillus safensis,bacillus safensis,True,True,True,True,True,True,176
taxon:561896|organism:postia placenta (strain atcc 44394 / madison 698-r) (brown rot fungus) (poria monticola),target_fungi,taxon_organism,10,561896,Postia placenta (strain ATCC 44394 / Madison 698-R) (Brown rot fungus) (Poria monticola),rhodonia placenta,False,False,False,False,False,False,0
taxon:56197|organism:symbiobacterium sp. (strain sc-1),target_bacteria,taxon_organism,1,56197,Symbiobacterium sp. (strain SC-1),symbiobacterium sp.,False,False,False,False,False,False,0
taxon:5627|organism:grifola frondosa (maitake) (polyporus frondosus),target_fungi,taxon_organism,1,5627,Grifola frondosa (Maitake) (Polyporus frondosus),grifola frondosa,False,False,False,False,False,False,0
taxon:562|organism:escherichia coli,target_bacteria,taxon_organism,128,562,Escherichia coli,escherichia coli,True,True,True,True,True,True,218
taxon:563923|organism:myxococcus sp. (strain mx-b0),target_bacteria,taxon_organism,1,563923,Myxococcus sp. (strain Mx-B0),myxococcus sp.,False,False,False,False,False,True,0
taxon:563|organism:shimwellia blattae (escherichia blattae),target_bacteria,taxon_organism,1,563,Shimwellia blattae (Escherichia blattae),shimwellia blattae,True,True,True,True,True,True,158
taxon:56459|organism:xanthomonas vasicola,target_bacteria,taxon_organism,1,56459,Xanthomonas vasicola,xanthomonas vasicola,True,True,True,True,True,True,133
taxon:56467|organism:ampulloclitocybe clavipes (club foot) (clitocybe clavipes),target_fungi,taxon_organism,3,56467,Ampulloclitocybe clavipes (Club foot) (Clitocybe clavipes),ampulloclitocybe clavipes,False,False,False,False,False,False,0
taxon:564|organism:escherichia fergusonii,target_bacteria,taxon_organism,1,564,Escherichia fergusonii,escherichia fergusonii,True,True,True,True,True,True,180
taxon:565042|organism:bifidobacterium longum subsp. longum (strain atcc 15707 / dsm 20219 / jcm 1217 / nctc 11818 / e194b),target_bacteria,taxon_organism,6,565042,Bifidobacterium longum subsp. longum (strain ATCC 15707 / DSM 20219 / JCM 1217 / NCTC 11818 / E194b),bifidobacterium longum,False,True,False,True,True,True,182
taxon:565|organism:atlantibacter hermannii (escherichia hermannii),target_bacteria,taxon_organism,1,565,Atlantibacter hermannii (Escherichia hermannii),atlantibacter hermannii,True,True,True,True,True,True,171
taxon:56636|organism:aeropyrum pernix,target_archaea,taxon_organism,1,56636,Aeropyrum pernix,aeropyrum pernix,True,True,True,True,True,True,138
taxon:56641|organism:fusarium cerealis (fusarium crookwellense),target_fungi,taxon_organism,1,56641,Fusarium cerealis (Fusarium crookwellense),fusarium cerealis,False,False,False,False,False,False,0
taxon:566679|organism:bradyrhizobium sp. (strain ors 375),target_bacteria,taxon_organism,1,566679,Bradyrhizobium sp. (strain ORS 375),bradyrhizobium sp.,False,False,False,False,False,True,0
taxon:56673|organism:antarctic bacterium ds2-3r,target_bacteria,taxon_organism,1,56673,Antarctic bacterium DS2-3R,antarctic bacterium,False,False,False,False,False,False,0
taxon:566|organism:pseudescherichia vulneris (escherichia vulneris),target_bacteria,taxon_organism,12,566,Pseudescherichia vulneris (Escherichia vulneris),pseudescherichia vulneris,True,True,True,True,True,True,176
taxon:56812|organism:shewanella frigidimarina,target_bacteria,taxon_organism,1,56812,Shewanella frigidimarina,shewanella frigidimarina,True,True,True,True,True,True,163
taxon:568206|organism:bacillus anthracis (strain cdc 684 / nrrl 3495),target_bacteria,taxon_organism,198,568206,Bacillus anthracis (strain CDC 684 / NRRL 3495),bacillus anthracis,False,True,True,True,True,True,139
taxon:56877|organism:helicobacter bizzozeronii,target_bacteria,taxon_organism,2,56877,Helicobacter bizzozeronii,helicobacter bizzozeronii,True,True,True,True,True,True,131
taxon:568813|organism:streptococcus suis (strain sc84),target_bacteria,taxon_organism,2,568813,Streptococcus suis (strain SC84),streptococcus suis,False,True,True,True,True,True,184
taxon:568819|organism:listeria monocytogenes serotype 4b (strain clip80459),target_bacteria,taxon_organism,175,568819,Listeria monocytogenes serotype 4b (strain CLIP80459),listeria monocytogenes,False,True,False,True,True,True,204
taxon:56956|organism:thermus brockianus,target_bacteria,taxon_organism,1,56956,Thermus brockianus,thermus brockianus,True,True,True,True,True,False,137
taxon:569|organism:hafnia alvei,target_bacteria,taxon_organism,1,569,Hafnia alvei,hafnia alvei,True,True,True,True,True,True,179
taxon:56|organism:sorangium cellulosum (polyangium cellulosum),target_bacteria,taxon_organism,1,56,Sorangium cellulosum (Polyangium cellulosum),sorangium cellulosum,True,True,True,True,True,True,137
taxon:57038|organism:pseudomonas wisconsinensis,target_bacteria,taxon_organism,1,57038,Pseudomonas wisconsinensis,pseudomonas wisconsinensis,False,False,False,False,False,False,0
taxon:57040|organism:malonomonas rubra,target_bacteria,taxon_organism,6,57040,Malonomonas rubra,malonomonas rubra,True,True,True,True,True,True,137
taxon:570417|organism:wolbachia pipientis subsp. culex pipiens (strain wpip),target_bacteria,taxon_organism,74,570417,Wolbachia pipientis subsp. Culex pipiens (strain wPip),wolbachia endosymbiont of culex quinquefasciatus,False,False,False,False,False,True,0
taxon:57045|organism:salmonella paratyphi b (salmonella enterica subsp. enterica serovar paratyphi b),target_bacteria,taxon_organism,1,57045,Salmonella paratyphi B (Salmonella enterica subsp. enterica serovar Paratyphi B),salmonella enterica,False,True,False,True,True,True,210
taxon:57174|organism:caldococcus noboribetus,target_archaea,taxon_organism,1,57174,Caldococcus noboribetus,caldococcus noboribetus,False,False,False,False,False,False,0
taxon:571|organism:klebsiella oxytoca,target_bacteria,taxon_organism,22,571,Klebsiella oxytoca,klebsiella oxytoca,False,False,False,False,False,True,0
taxon:573235|organism:escherichia coli o26:h11 (strain 11368 / ehec),target_bacteria,taxon_organism,5,573235,Escherichia coli O26:H11 (strain 11368 / EHEC),escherichia coli,False,True,False,True,True,True,218
taxon:573841|organism:sordaria araneosa (pleurage araneosa),target_fungi,taxon_organism,4,573841,Sordaria araneosa (Pleurage araneosa),sordaria araneosa,False,False,False,False,False,False,0
taxon:573|organism:klebsiella pneumoniae,target_bacteria,taxon_organism,86,573,Klebsiella pneumoniae,klebsiella pneumoniae,False,False,False,False,False,True,0
taxon:574560|organism:photorhabdus temperata,target_bacteria,taxon_organism,1,574560,Photorhabdus temperata,photorhabdus temperata,True,True,True,True,True,True,154
taxon:574|organism:klebsiella pneumoniae subsp. ozaenae,target_bacteria,taxon_organism,2,574,Klebsiella pneumoniae subsp. ozaenae,klebsiella pneumoniae,False,False,False,False,False,True,0
taxon:575|organism:raoultella planticola (klebsiella planticola),target_bacteria,taxon_organism,2,575,Raoultella planticola (Klebsiella planticola),raoultella planticola,False,False,False,False,False,True,0
taxon:57679|organism:cutaneotrichosporon curvatum (oleaginous yeast) (cryptococcus curvatus),target_fungi,taxon_organism,1,57679,Cutaneotrichosporon curvatum (Oleaginous yeast) (Cryptococcus curvatus),cutaneotrichosporon curvatum,False,False,False,False,False,False,0
taxon:576|organism:klebsiella sp,target_bacteria,taxon_organism,2,576,Klebsiella sp,klebsiella sp,False,False,False,False,False,False,0
taxon:57706|organism:citrobacter braakii,target_bacteria,taxon_organism,1,57706,Citrobacter braakii,citrobacter braakii,True,True,True,True,True,True,179
taxon:577|organism:raoultella terrigena (klebsiella terrigena),target_bacteria,taxon_organism,5,577,Raoultella terrigena (Klebsiella terrigena),raoultella terrigena,False,False,False,False,False,True,0
taxon:578113|organism:cytospora mali (apple valsa canker fungus) (valsa mali),target_fungi,taxon_organism,1,578113,Cytospora mali (Apple Valsa canker fungus) (Valsa mali),cytospora mali,False,False,False,False,False,False,0
taxon:580050|organism:bifidobacterium animalis subsp. lactis (strain bl-04 / dgcc2908 / rb 4825 / sd5219),target_bacteria,taxon_organism,1,580050,Bifidobacterium animalis subsp. lactis (strain Bl-04 / DGCC2908 / RB 4825 / SD5219),bifidobacterium animalis,False,True,False,True,True,True,184
taxon:580|organism:kluyvera cryocrescens (kluyvera citrophila),target_bacteria,taxon_organism,1,580,Kluyvera cryocrescens (Kluyvera citrophila),kluyvera cryocrescens,True,True,True,True,True,True,175
taxon:58172|organism:paenibacillus sp,target_bacteria,taxon_organism,1,58172,Paenibacillus sp,paenibacillus sp,False,False,False,False,False,False,0
taxon:58231|organism:treponema medium,target_bacteria,taxon_organism,1,58231,Treponema medium,treponema medium,True,True,True,True,True,True,132
taxon:582|organism:morganella morganii (proteus morganii),target_bacteria,taxon_organism,8,582,Morganella morganii (Proteus morganii),morganella morganii,True,True,True,True,True,True,180
taxon:58346|organism:streptomyces platensis,target_bacteria,taxon_organism,2,58346,Streptomyces platensis,streptomyces platensis,True,True,True,True,True,True,130
taxon:58351|organism:kitasatospora kifunensis (streptomyces kifunensis),target_bacteria,taxon_organism,1,58351,Kitasatospora kifunensis (Streptomyces kifunensis),kitasatospora kifunensis,True,True,True,True,True,True,151
taxon:584|organism:proteus mirabilis,target_bacteria,taxon_organism,13,584,Proteus mirabilis,proteus mirabilis,True,True,True,True,True,True,187
taxon:585034|organism:escherichia coli o8 (strain iai1),target_bacteria,taxon_organism,358,585034,Escherichia coli O8 (strain IAI1),escherichia coli,False,True,False,True,True,True,218
taxon:585054|organism:escherichia fergusonii (strain atcc 35469 / dsm 13698 / ccug 18766 / iam 14443 / jcm 21226 / lmg 7866 / nbrc 102419 / nctc 12128 / cdc 0568-73),target_bacteria,taxon_organism,1,585054,Escherichia fergusonii (strain ATCC 35469 / DSM 13698 / CCUG 18766 / IAM 14443 / JCM 21226 / LMG 7866 / NBRC 102419 / NCTC 12128 / CDC 0568-73),escherichia fergusonii,False,True,True,True,True,True,180
taxon:585395|organism:escherichia coli o103:h2 (strain 12009 / ehec),target_bacteria,taxon_organism,5,585395,Escherichia coli O103:H2 (strain 12009 / EHEC),escherichia coli,False,True,False,True,True,True,218
taxon:585396|organism:escherichia coli o111:h- (strain 11128 / ehec),target_bacteria,taxon_organism,5,585396,Escherichia coli O111:H- (strain 11128 / EHEC),escherichia coli,False,True,False,True,True,True,218
taxon:585|organism:proteus vulgaris,target_bacteria,taxon_organism,8,585,Proteus vulgaris,proteus vulgaris,True,True,True,True,True,False,184
taxon:58712|organism:salmonella anatum,target_bacteria,taxon_organism,2,58712,Salmonella anatum,salmonella enterica,False,True,False,True,True,True,210
taxon:587|organism:providencia rettgeri,target_bacteria,taxon_organism,1,587,Providencia rettgeri,providencia rettgeri,True,True,True,True,True,True,178
taxon:588|organism:providencia stuartii,target_bacteria,taxon_organism,5,588,Providencia stuartii,providencia stuartii,True,True,True,True,True,True,178
taxon:590939|organism:aspergillus pachycristata (strain atcc 58397 / kctc 6058 / nrrl 11440 / a42355) (aspergillus nidulans var. roseus),target_fungi,taxon_organism,2,590939,Aspergillus pachycristata (strain ATCC 58397 / KCTC 6058 / NRRL 11440 / A42355) (Aspergillus nidulans var. roseus),aspergillus pachycristata,False,False,False,False,False,False,0
taxon:591020|organism:shigella flexneri serotype x (strain 2002017),target_bacteria,taxon_organism,6,591020,Shigella flexneri serotype X (strain 2002017),shigella flexneri,False,True,False,True,True,True,180
taxon:591153|organism:pseudomonas syringae pv. syringae (strain ff5),target_bacteria,taxon_organism,1,591153,Pseudomonas syringae pv. syringae (strain FF5),pseudomonas syringae,False,True,False,True,True,True,164
taxon:591157|organism:streptomyces sp. (strain spb78),target_bacteria,taxon_organism,1,591157,Streptomyces sp. (strain SPB78),streptomyces sp.,False,False,False,False,False,True,0
taxon:591159|organism:streptomyces viridochromogenes (strain dsm 40736 / jcm 4977 / bcrc 1201 / tue 494),target_bacteria,taxon_organism,2,591159,Streptomyces viridochromogenes (strain DSM 40736 / JCM 4977 / BCRC 1201 / Tue 494),streptomyces viridochromogenes,False,True,True,True,True,True,138
taxon:592021|organism:bacillus anthracis (strain a0248),target_bacteria,taxon_organism,193,592021,Bacillus anthracis (strain A0248),bacillus anthracis,False,True,True,True,True,True,139
taxon:59205|organism:salmonella houtenae,target_bacteria,taxon_organism,1,59205,Salmonella houtenae,salmonella enterica,False,True,False,True,True,True,210
taxon:592205|organism:helicobacter pylori (strain b38),target_bacteria,taxon_organism,2,592205,Helicobacter pylori (strain B38),helicobacter pylori,False,True,True,True,True,True,177
taxon:59374|organism:fibrobacter succinogenes (strain atcc 19169 / s85),target_bacteria,taxon_organism,3,59374,Fibrobacter succinogenes (strain ATCC 19169 / S85),fibrobacter succinogenes,False,False,False,False,False,True,0
taxon:59405|organism:thauera aromatica,target_bacteria,taxon_organism,23,59405,Thauera aromatica,thauera aromatica,True,True,True,True,True,True,134
taxon:59406|organism:aromatoleum evansii (azoarcus evansii),target_bacteria,taxon_organism,10,59406,Aromatoleum evansii (Azoarcus evansii),aromatoleum evansii,True,True,True,True,True,True,20
taxon:594|organism:salmonella gallinarum,target_bacteria,taxon_organism,2,594,Salmonella gallinarum,salmonella enterica,False,True,False,True,True,True,210
taxon:595495|organism:escherichia coli (strain atcc 55124 / ko11fl),target_bacteria,taxon_organism,1,595495,Escherichia coli (strain ATCC 55124 / KO11FL),escherichia coli,False,True,True,True,True,True,218
taxon:595496|organism:escherichia coli (strain k12 / mc4100 / bw2952),target_bacteria,taxon_organism,348,595496,Escherichia coli (strain K12 / MC4100 / BW2952),escherichia coli,False,True,True,True,True,True,218
taxon:595605|organism:sphingobium wenxiniae (strain dsm 21828 / cgmcc 1.7748 / jz-1),target_bacteria,taxon_organism,1,595605,Sphingobium wenxiniae (strain DSM 21828 / CGMCC 1.7748 / JZ-1),sphingobium wenxiniae,True,True,True,True,True,True,97
taxon:595|organism:salmonella infantis,target_bacteria,taxon_organism,1,595,Salmonella infantis,salmonella enterica,False,True,False,True,True,True,210
taxon:596|organism:salmonella muenchen,target_bacteria,taxon_organism,4,596,Salmonella muenchen,salmonella enterica,False,True,False,True,True,True,210
taxon:5970|organism:exophiala dermatitidis (black yeast-like fungus) (wangiella dermatitidis),target_fungi,taxon_organism,1,5970,Exophiala dermatitidis (Black yeast-like fungus) (Wangiella dermatitidis),exophiala dermatitidis,False,False,False,False,False,False,0
taxon:597|organism:salmonella potsdam,target_bacteria,taxon_organism,1,597,Salmonella potsdam,salmonella enterica,False,True,False,True,True,True,210
taxon:59822|organism:desulfurococcus sp. (strain sy),target_archaea,taxon_organism,1,59822,Desulfurococcus sp. (strain SY),desulfurococcus sp.,False,False,False,False,False,True,0
taxon:59918|organism:pseudomonas sp. (strain 113),target_bacteria,taxon_organism,1,59918,Pseudomonas sp. (strain 113),pseudomonas sp.,False,False,False,False,False,False,0
taxon:59931|organism:synechococcus sp. (strain wh7805),target_bacteria,taxon_organism,3,59931,Synechococcus sp. (strain WH7805),synechococcus sp.,False,False,False,False,False,False,0
taxon:599|organism:salmonella sp,target_bacteria,taxon_organism,3,599,Salmonella sp,salmonella sp,False,False,False,False,False,False,0
taxon:600|organism:salmonella thompson,target_bacteria,taxon_organism,1,600,Salmonella thompson,salmonella enterica,False,True,False,True,True,True,210
taxon:60167|organism:penicillium cyclopium,target_fungi,taxon_organism,2,60167,Penicillium cyclopium,penicillium cyclopium,False,False,False,False,False,False,0
taxon:60175|organism:penicillium nalgiovense,target_fungi,taxon_organism,1,60175,Penicillium nalgiovense,penicillium nalgiovense,False,False,False,False,False,False,0
taxon:60480|organism:shewanella sp. (strain mr-4),target_bacteria,taxon_organism,236,60480,Shewanella sp. (strain MR-4),shewanella sp.,False,False,False,False,False,True,0
taxon:60481|organism:shewanella sp. (strain mr-7),target_bacteria,taxon_organism,239,60481,Shewanella sp. (strain MR-7),shewanella sp.,False,False,False,False,False,True,0
taxon:605|organism:salmonella pullorum,target_bacteria,taxon_organism,1,605,Salmonella pullorum,salmonella enterica,False,True,False,True,True,True,210
taxon:60894|organism:saccharopolyspora spinosa,target_bacteria,taxon_organism,4,60894,Saccharopolyspora spinosa,saccharopolyspora spinosa,True,True,True,True,True,True,152
taxon:61016|organism:virgibacillus salexigens (salibacillus salexigens),target_bacteria,taxon_organism,1,61016,Virgibacillus salexigens (Salibacillus salexigens),virgibacillus salexigens,True,True,True,True,True,True,104
taxon:614|organism:serratia liquefaciens,target_bacteria,taxon_organism,2,614,Serratia liquefaciens,serratia liquefaciens,True,True,True,True,True,True,174
taxon:615|organism:serratia marcescens,target_bacteria,taxon_organism,41,615,Serratia marcescens,serratia marcescens,True,True,True,True,True,True,198
taxon:61646|organism:lelliottia amnigena (enterobacter amnigenus),target_bacteria,taxon_organism,1,61646,Lelliottia amnigena (Enterobacter amnigenus),lelliottia amnigena,True,True,True,True,True,True,155
taxon:61648|organism:kluyvera intermedia (enterobacter intermedius),target_bacteria,taxon_organism,1,61648,Kluyvera intermedia (Enterobacter intermedius),kluyvera intermedia,True,True,True,True,True,True,177
taxon:618|organism:serratia odorifera,target_bacteria,taxon_organism,1,618,Serratia odorifera,serratia odorifera,True,True,True,True,True,True,169
taxon:621|organism:shigella boydii,target_bacteria,taxon_organism,4,621,Shigella boydii,shigella boydii,True,True,True,True,True,True,179
taxon:622|organism:shigella dysenteriae,target_bacteria,taxon_organism,6,622,Shigella dysenteriae,shigella dysenteriae,True,True,True,True,True,True,175
taxon:623|organism:shigella flexneri,target_bacteria,taxon_organism,585,623,Shigella flexneri,shigella flexneri,True,True,True,True,True,True,180
taxon:624|organism:shigella sonnei,target_bacteria,taxon_organism,5,624,Shigella sonnei,shigella sonnei,True,True,True,True,True,True,179
taxon:627192|organism:sphingobium sp. (strain nbrc 103272 / syk-6),target_bacteria,taxon_organism,13,627192,Sphingobium sp. (strain NBRC 103272 / SYK-6),sphingobium sp.,False,False,False,False,False,True,0
taxon:630|organism:yersinia enterocolitica,target_bacteria,taxon_organism,20,630,Yersinia enterocolitica,yersinia enterocolitica,True,True,True,True,True,True,196
taxon:631|organism:yersinia intermedia,target_bacteria,taxon_organism,2,631,Yersinia intermedia,yersinia intermedia,True,True,True,True,True,True,183
taxon:632|organism:yersinia pestis,target_bacteria,taxon_organism,453,632,Yersinia pestis,yersinia pestis,True,True,True,True,True,True,135
taxon:633|organism:yersinia pseudotuberculosis,target_bacteria,taxon_organism,3,633,Yersinia pseudotuberculosis,yersinia pseudotuberculosis,True,True,True,True,True,True,187
taxon:63400|organism:arthroderma benhamiae (trichophyton mentagrophytes),target_fungi,taxon_organism,1,63400,Arthroderma benhamiae (Trichophyton mentagrophytes),arthroderma benhamiae,False,False,False,False,False,False,0
taxon:634176|organism:aggregatibacter aphrophilus (strain nj8700) (haemophilus aphrophilus),target_bacteria,taxon_organism,4,634176,Aggregatibacter aphrophilus (strain NJ8700) (Haemophilus aphrophilus),aggregatibacter aphrophilus,False,True,True,True,True,True,177
taxon:634|organism:yersinia bercovieri,target_bacteria,taxon_organism,1,634,Yersinia bercovieri,yersinia bercovieri,True,True,True,True,True,True,176
taxon:63559|organism:penicillium amagasakiense,target_fungi,taxon_organism,1,63559,Penicillium amagasakiense,penicillium amagasakiense,False,False,False,False,False,False,0
taxon:63577|organism:hypocrea atroviridis (trichoderma atroviride),target_fungi,taxon_organism,6,63577,Hypocrea atroviridis (Trichoderma atroviride),hypocrea atroviridis,False,False,False,False,False,False,0
taxon:636|organism:edwardsiella tarda,target_bacteria,taxon_organism,1,636,Edwardsiella tarda,edwardsiella tarda,True,True,True,True,True,True,172
taxon:637382|organism:yersinia pestis (strain d106004),target_bacteria,taxon_organism,2,637382,Yersinia pestis (strain D106004),yersinia pestis,False,True,True,True,True,True,135
taxon:637386|organism:yersinia pestis (strain z176003),target_bacteria,taxon_organism,1,637386,Yersinia pestis (strain Z176003),yersinia pestis,False,True,True,True,True,True,135
taxon:640131|organism:klebsiella variicola (strain at-22),target_bacteria,taxon_organism,6,640131,Klebsiella variicola (strain At-22),klebsiella variicola,False,False,False,False,False,True,0
taxon:641143|organism:capnocytophaga granulosa (strain atcc 51502 / dsm 11449 / jcm 8566 / lmg 16022 / nctc 12948 / b0611),target_bacteria,taxon_organism,2,641143,Capnocytophaga granulosa (strain ATCC 51502 / DSM 11449 / JCM 8566 / LMG 16022 / NCTC 12948 / B0611),capnocytophaga granulosa,False,False,False,False,False,True,0
taxon:64363|organism:dothistroma septosporum (red band needle blight fungus) (mycosphaerella pini),target_fungi,taxon_organism,2,64363,Dothistroma septosporum (Red band needle blight fungus) (Mycosphaerella pini),dothistroma septosporum,False,False,False,False,False,False,0
taxon:643680|organism:saccharomyces cerevisiae (strain lalvin ec1118 / prise de mousse) (baker's yeast),target_fungi,taxon_organism,2,643680,Saccharomyces cerevisiae (strain Lalvin EC1118 / Prise de mousse) (Baker's yeast),saccharomyces cerevisiae,False,False,False,False,False,False,0
taxon:644042|organism:lactiplantibacillus plantarum (strain jdm1) (lactobacillus plantarum),target_bacteria,taxon_organism,2,644042,Lactiplantibacillus plantarum (strain JDM1) (Lactobacillus plantarum),lactiplantibacillus plantarum,False,True,True,True,True,True,183
taxon:644107|organism:ruegeria lacuscaerulensis (strain dsm 11314 / kctc 2953 / iti-1157) (silicibacter lacuscaerulensis),target_bacteria,taxon_organism,2,644107,Ruegeria lacuscaerulensis (strain DSM 11314 / KCTC 2953 / ITI-1157) (Silicibacter lacuscaerulensis),ruegeria lacuscaerulensis,False,True,True,True,True,True,134
taxon:644132|organism:paecilomyces divaricatus (penicillium divaricatum),target_fungi,taxon_organism,3,644132,Paecilomyces divaricatus (Penicillium divaricatum),paecilomyces divaricatus,False,False,False,False,False,False,0
taxon:644651|organism:erwinia pyrifoliae (strain dsm 12163 / cip 106111 / ep16/96),target_bacteria,taxon_organism,3,644651,Erwinia pyrifoliae (strain DSM 12163 / CIP 106111 / Ep16/96),erwinia pyrifoliae,False,True,True,True,True,True,154
taxon:64471|organism:synechococcus sp. (strain cc9311),target_bacteria,taxon_organism,125,64471,Synechococcus sp. (strain CC9311),synechococcus sp.,False,False,False,False,False,True,0
taxon:64495|organism:rhizopus oryzae (mucormycosis agent) (rhizopus arrhizus var. delemar),target_fungi,taxon_organism,5,64495,Rhizopus oryzae (Mucormycosis agent) (Rhizopus arrhizus var. delemar),rhizopus oryzae,False,False,False,False,False,False,0
taxon:644|organism:aeromonas hydrophila,target_bacteria,taxon_organism,13,644,Aeromonas hydrophila,aeromonas hydrophila,True,True,True,True,True,True,194
taxon:64518|organism:mortierella alpina (oleaginous fungus) (mortierella renispora),target_fungi,taxon_organism,5,64518,Mortierella alpina (Oleaginous fungus) (Mortierella renispora),mortierella alpina,False,False,False,False,False,False,0
taxon:645657|organism:bacillus subtilis subsp. natto (strain best195),target_bacteria,taxon_organism,2,645657,Bacillus subtilis subsp. natto (strain BEST195),bacillus subtilis,False,True,False,True,True,True,179
taxon:645|organism:aeromonas salmonicida,target_bacteria,taxon_organism,2,645,Aeromonas salmonicida,aeromonas salmonicida,True,True,True,True,True,True,181
taxon:648682|organism:clitopilus passeckerianus (pleurotus passeckerianus),target_fungi,taxon_organism,1,648682,Clitopilus passeckerianus (Pleurotus passeckerianus),clitopilus passeckerianus,False,False,False,False,False,False,0
taxon:648|organism:aeromonas caviae (aeromonas punctata),target_bacteria,taxon_organism,2,648,Aeromonas caviae (Aeromonas punctata),aeromonas caviae,True,True,True,True,True,True,187
taxon:649831|organism:actinoplanes sp. (strain n902-109),target_bacteria,taxon_organism,1,649831,Actinoplanes sp. (strain N902-109),actinoplanes sp.,False,False,False,False,False,True,0
taxon:65058|organism:corynebacterium ulcerans,target_bacteria,taxon_organism,1,65058,Corynebacterium ulcerans,corynebacterium ulcerans,True,True,True,True,True,True,169
taxon:65067|organism:pseudomonas sp. (strain p51),target_bacteria,taxon_organism,4,65067,Pseudomonas sp. (strain P51),pseudomonas sp.,False,False,False,False,False,False,0
taxon:650|organism:aeromonas jandaei,target_bacteria,taxon_organism,1,650,Aeromonas jandaei,aeromonas jandaei,True,True,True,True,True,True,168
taxon:651740|organism:pseudomonas cedrina,target_bacteria,taxon_organism,1,651740,Pseudomonas cedrina,pseudomonas cedrina,True,True,True,True,True,True,157
taxon:652616|organism:mycobacterium tuberculosis (strain atcc 35801 / tmc 107 / erdman),target_bacteria,taxon_organism,6,652616,Mycobacterium tuberculosis (strain ATCC 35801 / TMC 107 / Erdman),mycobacterium tuberculosis,False,True,True,True,True,True,147
taxon:655812|organism:aerococcus viridans (strain atcc 11563 / dsm 20340 / ccug 4311 / jcm 20461 / nbrc 12219 / nctc 8251 / m1),target_bacteria,taxon_organism,1,655812,Aerococcus viridans (strain ATCC 11563 / DSM 20340 / CCUG 4311 / JCM 20461 / NBRC 12219 / NCTC 8251 / M1),aerococcus viridans,False,True,True,True,True,True,192
taxon:65784|organism:phaeosphaeria sp. (strain l487),target_fungi,taxon_organism,1,65784,Phaeosphaeria sp. (strain L487),phaeosphaeria sp.,False,False,False,False,False,False,0
taxon:65786|organism:hydrogenophaga intermedia,target_bacteria,taxon_organism,1,65786,Hydrogenophaga intermedia,hydrogenophaga intermedia,True,True,True,True,True,True,153
taxon:659244|organism:saccharomyces uvarum (strain atcc 76518 / cbs 7001 / clib 283 / nbrc 10550 / mcyc 623 / ncyc 2669 / nrrl y-11845) (yeast) (saccharomyces bayanus var. uvarum),target_fungi,taxon_organism,3,659244,Saccharomyces uvarum (strain ATCC 76518 / CBS 7001 / CLIB 283 / NBRC 10550 / MCYC 623 / NCYC 2669 / NRRL Y-11845) (Yeast) (Saccharomyces bayanus var. uvarum),saccharomyces uvarum,False,False,False,False,False,False,0
taxon:659|organism:photobacterium phosphoreum,target_bacteria,taxon_organism,8,659,Photobacterium phosphoreum,photobacterium phosphoreum,True,True,True,True,True,True,166
taxon:65|organism:herpetosiphon aurantiacus (herpetosiphon giganteus),target_bacteria,taxon_organism,10,65,Herpetosiphon aurantiacus (Herpetosiphon giganteus),herpetosiphon aurantiacus,True,True,True,True,True,True,134
taxon:66084|organism:wolbachia sp. subsp. drosophila simulans (strain wri),target_bacteria,taxon_organism,65,66084,Wolbachia sp. subsp. Drosophila simulans (strain wRi),wolbachia sp. subsp. drosophila simulans,False,False,False,False,False,True,0
taxon:662548|organism:variovorax sp. (strain jcm 16519 / ra8),target_bacteria,taxon_organism,2,662548,Variovorax sp. (strain JCM 16519 / RA8),variovorax sp.,False,False,False,False,False,True,0
taxon:66271|organism:pantoea stewartii subsp. stewartii (erwinia stewartii),target_bacteria,taxon_organism,1,66271,Pantoea stewartii subsp. stewartii (Erwinia stewartii),pantoea stewartii,False,True,False,True,True,True,149
taxon:663362|organism:uncultured bacterium hf130_aepn_1,target_bacteria,taxon_organism,2,663362,Uncultured bacterium HF130_AEPn_1,uncultured bacterium,False,False,False,False,False,False,0
taxon:66377|organism:streptomyces violens (chainia violens),target_bacteria,taxon_organism,1,66377,Streptomyces violens (Chainia violens),streptomyces violens,True,True,True,True,True,True,149
taxon:663951|organism:staphylococcus aureus (strain tw20 / 0582),target_bacteria,taxon_organism,1,663951,Staphylococcus aureus (strain TW20 / 0582),staphylococcus aureus,False,True,True,True,True,True,202
taxon:663|organism:vibrio alginolyticus,target_bacteria,taxon_organism,11,663,Vibrio alginolyticus,vibrio alginolyticus,True,True,True,True,True,True,184
taxon:66431|organism:streptomyces thioluteus,target_bacteria,taxon_organism,3,66431,Streptomyces thioluteus,streptomyces thioluteus,True,True,True,True,True,True,39
taxon:665079|organism:sclerotinia sclerotiorum (strain atcc 18683 / 1980 / ss-1) (white mold) (whetzelinia sclerotiorum),target_fungi,taxon_organism,2,665079,Sclerotinia sclerotiorum (strain ATCC 18683 / 1980 / Ss-1) (White mold) (Whetzelinia sclerotiorum),sclerotinia sclerotiorum,False,False,False,False,False,False,0
taxon:66693|organism:pseudomonas sp. (strain yl),target_bacteria,taxon_organism,1,66693,Pseudomonas sp. (strain YL),pseudomonas sp.,False,False,False,False,False,False,0
taxon:66695|organism:citrobacter intermedius (escherichia intermedia),target_bacteria,taxon_organism,1,66695,Citrobacter intermedius (Escherichia intermedia),citrobacter intermedius,False,False,False,False,False,False,0
taxon:666|organism:vibrio cholerae,target_bacteria,taxon_organism,6,666,Vibrio cholerae,vibrio cholerae,True,True,True,True,True,True,202
taxon:66712|organism:propionibacterium freudenreichii subsp. freudenreichii,target_bacteria,taxon_organism,4,66712,Propionibacterium freudenreichii subsp. freudenreichii,propionibacterium freudenreichii,False,True,False,True,True,True,182
taxon:66821|organism:sulfurospirillum multivorans (dehalospirillum multivorans),target_bacteria,taxon_organism,3,66821,Sulfurospirillum multivorans (Dehalospirillum multivorans),sulfurospirillum multivorans,True,True,True,True,True,True,134
taxon:66869|organism:streptomyces atroolivaceus,target_bacteria,taxon_organism,1,66869,Streptomyces atroolivaceus,streptomyces atroolivaceus,True,True,True,True,True,True,160
taxon:66881|organism:streptomyces cremeus,target_bacteria,taxon_organism,4,66881,Streptomyces cremeus,streptomyces cremeus,True,True,True,True,True,True,27
taxon:668|organism:aliivibrio fischeri (vibrio fischeri),target_bacteria,taxon_organism,10,668,Aliivibrio fischeri (Vibrio fischeri),aliivibrio fischeri,True,True,True,True,True,True,174
taxon:669|organism:vibrio harveyi (beneckea harveyi),target_bacteria,taxon_organism,13,669,Vibrio harveyi (Beneckea harveyi),vibrio harveyi,True,True,True,True,True,True,183
taxon:670481|organism:nocardioides sp. (strain sg-4g),target_bacteria,taxon_organism,1,670481,Nocardioides sp. (strain SG-4G),nocardioides sp.,False,False,False,False,False,False,0
taxon:670|organism:vibrio parahaemolyticus,target_bacteria,taxon_organism,1,670,Vibrio parahaemolyticus,vibrio parahaemolyticus,True,True,True,True,True,True,198
taxon:671|organism:vibrio proteolyticus (aeromonas proteolytica),target_bacteria,taxon_organism,2,671,Vibrio proteolyticus (Aeromonas proteolytica),vibrio proteolyticus,True,True,True,True,True,True,153
taxon:67255|organism:streptomyces achromogenes,target_bacteria,taxon_organism,1,67255,Streptomyces achromogenes,streptomyces achromogenes,True,True,True,True,True,True,152
taxon:67294|organism:streptomyces filamentosus (streptomyces roseosporus),target_bacteria,taxon_organism,1,67294,Streptomyces filamentosus (Streptomyces roseosporus),streptomyces filamentosus,True,True,True,True,True,True,160
taxon:672|organism:vibrio vulnificus,target_bacteria,taxon_organism,2,672,Vibrio vulnificus,vibrio vulnificus,True,True,True,True,True,True,188
taxon:67327|organism:streptomyces melanosporofaciens,target_bacteria,taxon_organism,3,67327,Streptomyces melanosporofaciens,streptomyces melanosporofaciens,True,True,True,True,True,True,78
taxon:67369|organism:streptomyces toxytricini (actinomyces toxytricini),target_bacteria,taxon_organism,1,67369,Streptomyces toxytricini (Actinomyces toxytricini),streptomyces toxytricini,True,True,True,True,True,True,148
taxon:674|organism:vibrio mimicus,target_bacteria,taxon_organism,5,674,Vibrio mimicus,vibrio mimicus,True,True,True,True,True,True,175
taxon:67581|organism:streptomyces viridosporus,target_bacteria,taxon_organism,1,67581,Streptomyces viridosporus,streptomyces viridosporus,True,True,True,True,True,True,166
taxon:67723|organism:amanita phalloides (death cap),target_fungi,taxon_organism,1,67723,Amanita phalloides (Death cap),amanita phalloides,False,False,False,False,False,False,0
taxon:67825|organism:citrobacter rodentium,target_bacteria,taxon_organism,2,67825,Citrobacter rodentium,citrobacter rodentium,True,True,True,True,True,True,170
taxon:681288|organism:staphylococcus aureus (strain ed98),target_bacteria,taxon_organism,1,681288,Staphylococcus aureus (strain ED98),staphylococcus aureus,False,True,True,True,True,True,202
taxon:68170|organism:lentzea aerocolonigenes (lechevalieria aerocolonigenes) (saccharothrix aerocolonigenes),target_bacteria,taxon_organism,6,68170,Lentzea aerocolonigenes (Lechevalieria aerocolonigenes) (Saccharothrix aerocolonigenes),lentzea aerocolonigenes,True,True,True,True,True,False,169
taxon:68197|organism:streptomyces fimbriatus,target_bacteria,taxon_organism,1,68197,Streptomyces fimbriatus,streptomyces fimbriatus,True,True,True,True,True,True,27
taxon:68270|organism:streptomyces spectabilis,target_bacteria,taxon_organism,1,68270,Streptomyces spectabilis,streptomyces spectabilis,True,True,True,True,True,True,144
taxon:68280|organism:streptomyces violaceusniger,target_bacteria,taxon_organism,1,68280,Streptomyces violaceusniger,streptomyces violaceusniger,True,True,True,True,True,True,143
taxon:687861|organism:bartonella schoenbuchensis (strain dsm 13525 / nctc 13165 / r1),target_bacteria,taxon_organism,1,687861,Bartonella schoenbuchensis (strain DSM 13525 / NCTC 13165 / R1),bartonella schoenbuchensis,False,True,True,True,True,True,153
taxon:68825|organism:rasamsonia emersonii (thermophilic fungus) (talaromyces emersonii),target_fungi,taxon_organism,2,68825,Rasamsonia emersonii (Thermophilic fungus) (Talaromyces emersonii),rasamsonia emersonii,False,False,False,False,False,False,0
taxon:68994|organism:acinetobacter sp. (strain ra3849),target_bacteria,taxon_organism,1,68994,Acinetobacter sp. (strain RA3849),acinetobacter sp.,False,False,False,False,False,False,0
taxon:68999|organism:arthrobacter sp. (strain te1826),target_bacteria,taxon_organism,1,68999,Arthrobacter sp. (strain TE1826),arthrobacter sp.,False,False,False,False,False,False,0
taxon:69000|organism:bacillus sp. (strain b-0618),target_bacteria,taxon_organism,2,69000,Bacillus sp. (strain B-0618),bacillus sp.,False,False,False,False,False,False,0
taxon:69003|organism:burkholderia sp. (strain rasc),target_bacteria,taxon_organism,2,69003,Burkholderia sp. (strain RASC),burkholderia sp.,False,False,False,False,False,False,0
taxon:69006|organism:corynebacterium sp. (strain p-1),target_bacteria,taxon_organism,6,69006,Corynebacterium sp. (strain P-1),corynebacterium sp.,False,False,False,False,False,False,0
taxon:69010|organism:pseudomonas sp. (strain a14),target_bacteria,taxon_organism,1,69010,Pseudomonas sp. (strain A14),pseudomonas sp.,False,False,False,False,False,False,0
taxon:69011|organism:pseudomonas sp. (strain c18),target_bacteria,taxon_organism,6,69011,Pseudomonas sp. (strain C18),pseudomonas sp.,False,False,False,False,False,False,0
taxon:69012|organism:pseudomonas sp. (strain est1001),target_bacteria,taxon_organism,2,69012,Pseudomonas sp. (strain EST1001),pseudomonas sp.,False,False,False,False,False,False,0
taxon:69015|organism:pyrococcus sp. (strain st700),target_archaea,taxon_organism,1,69015,Pyrococcus sp. (strain ST700),pyrococcus sp.,False,False,False,False,False,True,0
taxon:69367|organism:microbacterium luteolum (aureobacterium luteolum),target_bacteria,taxon_organism,2,69367,Microbacterium luteolum (Aureobacterium luteolum),microbacterium luteolum,True,True,True,True,True,True,34
taxon:693819|organism:rhodocybe pseudopiperita (clitopilus pseudopiperitus),target_fungi,taxon_organism,1,693819,Rhodocybe pseudopiperita (Clitopilus pseudopiperitus),rhodocybe pseudopiperita,False,False,False,False,False,False,0
taxon:69488|organism:penicillium simplicissimum,target_fungi,taxon_organism,1,69488,Penicillium simplicissimum,penicillium simplicissimum,False,False,False,False,False,False,0
taxon:696747|organism:limnospira platensis (strain nies-39 / utex 3086 / iam m-135) (arthrospira platensis),target_bacteria,taxon_organism,2,696747,Limnospira platensis (strain NIES-39 / UTEX 3086 / IAM M-135) (Arthrospira platensis),limnospira platensis,False,False,False,False,False,True,0
taxon:69773|organism:penicillium glabrum (penicillium frequentans),target_fungi,taxon_organism,1,69773,Penicillium glabrum (Penicillium frequentans),penicillium glabrum,False,False,False,False,False,False,0
taxon:69774|organism:penicillium herquei,target_fungi,taxon_organism,5,69774,Penicillium herquei,penicillium herquei,False,False,False,False,False,False,0
taxon:69780|organism:penicillium ochrochloron,target_fungi,taxon_organism,7,69780,Penicillium ochrochloron,penicillium ochrochloron,False,False,False,False,False,False,0
taxon:69781|organism:penicillium oxalicum,target_fungi,taxon_organism,2,69781,Penicillium oxalicum,penicillium oxalicum,False,False,False,False,False,False,0
taxon:70095|organism:penicillium fellutanum,target_fungi,taxon_organism,1,70095,Penicillium fellutanum,penicillium fellutanum,False,False,False,False,False,False,0
taxon:70109|organism:penicillium paxilli,target_fungi,taxon_organism,1,70109,Penicillium paxilli,penicillium paxilli,False,False,False,False,False,False,0
taxon:701177|organism:escherichia coli o55:h7 (strain cb9615 / epec),target_bacteria,taxon_organism,6,701177,Escherichia coli O55:H7 (strain CB9615 / EPEC),escherichia coli,False,True,False,True,True,True,218
taxon:703339|organism:staphylococcus aureus (strain 04-02981),target_bacteria,taxon_organism,2,703339,Staphylococcus aureus (strain 04-02981),staphylococcus aureus,False,True,True,True,True,True,202
taxon:70817|organism:nostoc sp. (strain pcc 9229),target_bacteria,taxon_organism,1,70817,Nostoc sp. (strain PCC 9229),nostoc sp.,False,False,False,False,False,False,0
taxon:71150|organism:paxillus involutus (brown roll-rim) (agaricus involutus),target_fungi,taxon_organism,1,71150,Paxillus involutus (Brown roll-rim) (Agaricus involutus),paxillus involutus,False,False,False,False,False,False,0
taxon:71277|organism:rhodothermus sp. (strain iti 518),target_bacteria,taxon_organism,1,71277,Rhodothermus sp. (strain ITI 518),rhodothermus sp.,False,False,False,False,False,False,0
taxon:712898|organism:pantoea vagans (strain c9-1) (pantoea agglomerans (strain c9-1)),target_bacteria,taxon_organism,3,712898,Pantoea vagans (strain C9-1) (Pantoea agglomerans (strain C9-1)),pantoea vagans,False,True,False,True,True,True,153
taxon:714359|organism:bacillus thuringiensis (strain bmb171),target_bacteria,taxon_organism,1,714359,Bacillus thuringiensis (strain BMB171),bacillus thuringiensis,False,True,True,True,True,True,174
taxon:714962|organism:escherichia coli o18:k1:h7 (strain ihe3034 / expec),target_bacteria,taxon_organism,5,714962,Escherichia coli O18:K1:H7 (strain IHE3034 / ExPEC),escherichia coli,False,True,False,True,True,True,218
taxon:714|organism:aggregatibacter actinomycetemcomitans (actinobacillus actinomycetemcomitans) (haemophilus actinomycetemcomitans),target_bacteria,taxon_organism,17,714,Aggregatibacter actinomycetemcomitans (Actinobacillus actinomycetemcomitans) (Haemophilus actinomycetemcomitans),aggregatibacter actinomycetemcomitans,True,True,True,True,True,True,184
taxon:715|organism:actinobacillus pleuropneumoniae (haemophilus pleuropneumoniae),target_bacteria,taxon_organism,22,715,Actinobacillus pleuropneumoniae (Haemophilus pleuropneumoniae),actinobacillus pleuropneumoniae,True,True,True,True,True,True,174
taxon:716540|organism:erwinia amylovora (strain atcc 49946 / ccppb 0273 / ea273 / 27-3),target_bacteria,taxon_organism,1,716540,Erwinia amylovora (strain ATCC 49946 / CCPPB 0273 / Ea273 / 27-3),erwinia amylovora,False,True,True,True,True,True,153
taxon:716|organism:actinobacillus suis,target_bacteria,taxon_organism,1,716,Actinobacillus suis,actinobacillus suis,True,True,True,True,True,True,169
taxon:717982|organism:auricularia subglabra (strain tfb-10046 / ss5) (white-rot fungus) (auricularia delicata (strain tfb10046)),target_fungi,taxon_organism,1,717982,Auricularia subglabra (strain TFB-10046 / SS5) (White-rot fungus) (Auricularia delicata (strain TFB10046)),auricularia subglabra,False,False,False,False,False,False,0
taxon:71958|organism:neonothopanus nambi (agaricus nambi),target_fungi,taxon_organism,3,71958,Neonothopanus nambi (Agaricus nambi),neonothopanus nambi,False,False,False,False,False,False,0
taxon:72020|organism:aphanothece halophytica,target_bacteria,taxon_organism,2,72020,Aphanothece halophytica,aphanothece halophytica,False,False,False,False,False,False,0
taxon:72120|organism:omphalotus olearius (jack o'lantern),target_fungi,taxon_organism,2,72120,Omphalotus olearius (Jack o'lantern),omphalotus olearius,False,False,False,False,False,False,0
taxon:72360|organism:bacillus mojavensis,target_bacteria,taxon_organism,1,72360,Bacillus mojavensis,bacillus mojavensis,True,True,True,True,True,True,150
taxon:72569|organism:acinetobacter sp. (strain ak226),target_bacteria,taxon_organism,1,72569,Acinetobacter sp. (strain AK226),acinetobacter sp.,False,False,False,False,False,False,0
taxon:72571|organism:arthrobacter sp. (strain py1),target_bacteria,taxon_organism,1,72571,Arthrobacter sp. (strain Py1),arthrobacter sp.,False,False,False,False,False,False,0
taxon:72576|organism:bacillus sp. (strain lw2),target_bacteria,taxon_organism,1,72576,Bacillus sp. (strain LW2),bacillus sp.,False,False,False,False,False,False,0
taxon:72577|organism:bacillus sp. (strain rfl6),target_bacteria,taxon_organism,1,72577,Bacillus sp. (strain RFL6),bacillus sp.,False,False,False,False,False,False,0
taxon:72579|organism:bacillus sp. (strain ym-1),target_bacteria,taxon_organism,1,72579,Bacillus sp. (strain YM-1),bacillus sp.,False,False,False,False,False,False,0
taxon:72580|organism:bacillus sp. (strain ym-2),target_bacteria,taxon_organism,1,72580,Bacillus sp. (strain YM-2),bacillus sp.,False,False,False,False,False,False,0
taxon:72581|organism:ferdinandcohnia aciditolerans (strain jcm 32973 / cctcc ab 2017280 / yn-1) (bacillus aciditolerans),target_bacteria,taxon_organism,1,72581,Ferdinandcohnia aciditolerans (strain JCM 32973 / CCTCC AB 2017280 / YN-1) (Bacillus aciditolerans),ferdinandcohnia aciditolerans,True,False,False,True,True,True,77
taxon:72584|organism:pseudomonas sp. (strain 109),target_bacteria,taxon_organism,1,72584,Pseudomonas sp. (strain 109),pseudomonas sp.,False,False,False,False,False,False,0
taxon:72585|organism:pseudomonas sp. (strain ad1),target_bacteria,taxon_organism,1,72585,Pseudomonas sp. (strain AD1),pseudomonas sp.,False,False,False,False,False,False,0
taxon:72586|organism:pseudomonas sp. (strain cbs-3),target_bacteria,taxon_organism,5,72586,Pseudomonas sp. (strain CBS-3),pseudomonas sp.,False,False,False,False,False,False,0
taxon:72587|organism:pseudomonas sp. (strain p.j. 874),target_bacteria,taxon_organism,1,72587,Pseudomonas sp. (strain P.J. 874),pseudomonas sp.,False,False,False,False,False,False,0
taxon:72592|organism:streptomyces sp. (strain kb210-8sy),target_bacteria,taxon_organism,1,72592,Streptomyces sp. (strain KB210-8SY),streptomyces sp.,False,False,False,False,False,False,0
taxon:72593|organism:streptomyces sp. (strain ncl 82-5-1),target_bacteria,taxon_organism,1,72593,Streptomyces sp. (strain NCL 82-5-1),streptomyces sp.,False,False,False,False,False,False,0
taxon:72595|organism:thermus sp. (strain 71),target_bacteria,taxon_organism,1,72595,Thermus sp. (strain 71),thermus sp.,False,False,False,False,False,False,0
taxon:72607|organism:acinetobacter genomosp. 13,target_bacteria,taxon_organism,1,72607,Acinetobacter genomosp. 13,acinetobacter genomosp.,True,False,True,True,True,True,132
taxon:727|organism:haemophilus influenzae,target_bacteria,taxon_organism,7,727,Haemophilus influenzae,haemophilus influenzae,True,True,True,True,True,True,183
taxon:728|organism:avibacterium paragallinarum (haemophilus gallinarum),target_bacteria,taxon_organism,2,728,Avibacterium paragallinarum (Haemophilus gallinarum),avibacterium paragallinarum,True,True,True,True,True,True,162
taxon:729|organism:haemophilus parainfluenzae,target_bacteria,taxon_organism,3,729,Haemophilus parainfluenzae,haemophilus parainfluenzae,True,True,True,True,True,True,182
taxon:731|organism:histophilus somni (haemophilus somnus),target_bacteria,taxon_organism,2,731,Histophilus somni (Haemophilus somnus),histophilus somni,True,True,True,True,True,True,169
taxon:735|organism:haemophilus parahaemolyticus,target_bacteria,taxon_organism,4,735,Haemophilus parahaemolyticus,haemophilus parahaemolyticus,True,True,True,True,True,True,169
taxon:73839|organism:epichloe festucae var. lolii (neotyphodium lolii) (acremonium lolii),target_fungi,taxon_organism,3,73839,Epichloe festucae var. lolii (Neotyphodium lolii) (Acremonium lolii),epichloe festucae,False,False,False,False,False,False,0
taxon:74566|organism:bacillus sp. (strain 170),target_bacteria,taxon_organism,1,74566,Bacillus sp. (strain 170),bacillus sp.,False,False,False,False,False,False,0
taxon:74568|organism:pseudomonas sp. (strain acp),target_bacteria,taxon_organism,1,74568,Pseudomonas sp. (strain ACP),pseudomonas sp.,False,False,False,False,False,False,0
taxon:74576|organism:streptomyces sp. (strain sa-coo),target_bacteria,taxon_organism,1,74576,Streptomyces sp. (strain SA-COO),streptomyces sp.,False,False,False,False,False,False,0
taxon:746128|organism:aspergillus fumigatus (neosartorya fumigata),target_fungi,taxon_organism,13,746128,Aspergillus fumigatus (Neosartorya fumigata),aspergillus fumigatus,False,False,False,False,False,False,0
taxon:746361|organism:lactococcus lactis subsp. cremoris (strain nz9000),target_bacteria,taxon_organism,2,746361,Lactococcus lactis subsp. cremoris (strain NZ9000),lactococcus lactis subsp. cremoris,False,False,False,False,False,True,0
taxon:74722|organism:stachybotrys chartarum (toxic black mold) (stilbospora chartarum),target_fungi,taxon_organism,1,74722,Stachybotrys chartarum (Toxic black mold) (Stilbospora chartarum),stachybotrys chartarum,False,False,False,False,False,False,0
taxon:747457|organism:pseudoalteromonas sp. (strain sank 73390),target_bacteria,taxon_organism,2,747457,Pseudoalteromonas sp. (strain SANK 73390),pseudoalteromonas sp.,False,False,False,False,False,False,0
taxon:747|organism:pasteurella multocida,target_bacteria,taxon_organism,1,747,Pasteurella multocida,pasteurella multocida,True,True,True,True,True,True,196
taxon:749493|organism:enterococcus faecalis (strain tx4000 / jh2-2),target_bacteria,taxon_organism,5,749493,Enterococcus faecalis (strain TX4000 / JH2-2),enterococcus faecalis,False,True,True,True,True,True,207
taxon:749527|organism:escherichia coli (strain ms 21-1),target_bacteria,taxon_organism,1,749527,Escherichia coli (strain MS 21-1),escherichia coli,False,True,True,True,True,True,218
taxon:749537|organism:escherichia coli (strain ms 115-1),target_bacteria,taxon_organism,1,749537,Escherichia coli (strain MS 115-1),escherichia coli,False,True,True,True,True,True,218
taxon:749593|organism:epicoccum sorghinum (endophyte fungus) (phoma sorghina),target_fungi,taxon_organism,1,749593,Epicoccum sorghinum (Endophyte fungus) (Phoma sorghina),epicoccum sorghinum,False,False,False,False,False,False,0
taxon:749675|organism:acremonium egyptiacum (oospora egyptiaca),target_fungi,taxon_organism,7,749675,Acremonium egyptiacum (Oospora egyptiaca),acremonium egyptiacum,False,False,False,False,False,False,0
taxon:751586|organism:brevundimonas diminuta (strain atcc 11568 / dsm 7234 / nbrc 12697 / ncimb 9393 / nctc 8545),target_bacteria,taxon_organism,1,751586,Brevundimonas diminuta (strain ATCC 11568 / DSM 7234 / NBRC 12697 / NCIMB 9393 / NCTC 8545),brevundimonas diminuta,False,True,True,True,True,True,169
taxon:75379|organism:thiomonas intermedia (strain k12) (thiobacillus intermedius),target_bacteria,taxon_organism,2,75379,Thiomonas intermedia (strain K12) (Thiobacillus intermedius),thiomonas intermedia,False,False,False,False,False,True,0
taxon:75697|organism:castellaniella defragrans (alcaligenes defragrans),target_bacteria,taxon_organism,1,75697,Castellaniella defragrans (Alcaligenes defragrans),castellaniella defragrans,True,True,True,True,True,True,165
taxon:75736|organism:starmerella bombicola (yeast) (candida bombicola),target_fungi,taxon_organism,7,75736,Starmerella bombicola (Yeast) (Candida bombicola),starmerella bombicola,False,False,False,False,False,False,0
taxon:757414|organism:pseudomonas cannabina pv. alisalensis,target_bacteria,taxon_organism,1,757414,Pseudomonas cannabina pv. alisalensis,pseudomonas cannabina,False,True,False,True,True,True,145
taxon:759273|organism:colletotrichum higginsianum (strain imi 349063) (crucifer anthracnose fungus),target_fungi,taxon_organism,1,759273,Colletotrichum higginsianum (strain IMI 349063) (Crucifer anthracnose fungus),colletotrichum higginsianum,False,False,False,False,False,False,0
taxon:75985|organism:mannheimia haemolytica (pasteurella haemolytica),target_bacteria,taxon_organism,9,75985,Mannheimia haemolytica (Pasteurella haemolytica),mannheimia haemolytica,True,True,True,True,True,True,177
taxon:762570|organism:rhodothermus marinus (strain sg0.5jp17-172),target_bacteria,taxon_organism,1,762570,Rhodothermus marinus (strain SG0.5JP17-172),rhodothermus marinus,False,False,False,False,False,True,0
taxon:762|organism:avibacterium volantium (pasteurella volantium),target_bacteria,taxon_organism,2,762,Avibacterium volantium (Pasteurella volantium),avibacterium volantium,True,True,True,True,True,True,162
taxon:763407|organism:phycomyces blakesleeanus (strain atcc 8743b / dsm 1359 / fgsc 10004 / nbrc 33097 / nrrl 1555),target_fungi,taxon_organism,6,763407,Phycomyces blakesleeanus (strain ATCC 8743b / DSM 1359 / FGSC 10004 / NBRC 33097 / NRRL 1555),phycomyces blakesleeanus,False,False,False,False,False,False,0
taxon:765715|organism:pseudomonas sp. (strain cbb1),target_bacteria,taxon_organism,3,765715,Pseudomonas sp. (strain CBB1),pseudomonas sp.,False,False,False,False,False,False,0
taxon:765874|organism:corynebacterium pseudotuberculosis (strain frc41),target_bacteria,taxon_organism,1,765874,Corynebacterium pseudotuberculosis (strain FRC41),corynebacterium pseudotuberculosis,False,True,True,True,True,True,160
taxon:766760|organism:bacillus paralicheniformis (strain atcc 9945a / ncimb 11709 / cd-2),target_bacteria,taxon_organism,1,766760,Bacillus paralicheniformis (strain ATCC 9945a / NCIMB 11709 / CD-2),bacillus paralicheniformis,False,True,True,True,True,True,139
taxon:76761|organism:pseudomonas veronii,target_bacteria,taxon_organism,1,76761,Pseudomonas veronii,pseudomonas veronii,True,True,True,True,True,True,159
taxon:76775|organism:malassezia restricta (seborrheic dermatitis infection agent),target_fungi,taxon_organism,5,76775,Malassezia restricta (Seborrheic dermatitis infection agent),malassezia restricta,False,False,False,False,False,False,0
taxon:76854|organism:shewanella massilia,target_bacteria,taxon_organism,1,76854,Shewanella massilia,shewanella massilia,False,False,False,False,False,False,0
taxon:76857|organism:fusobacterium nucleatum subsp. polymorphum (fusobacterium polymorphum),target_bacteria,taxon_organism,1,76857,Fusobacterium nucleatum subsp. polymorphum (Fusobacterium polymorphum),fusobacterium nucleatum,True,True,False,True,True,True,157
taxon:76867|organism:hebeloma cylindrosporum,target_fungi,taxon_organism,3,76867,Hebeloma cylindrosporum,hebeloma cylindrosporum,False,False,False,False,False,False,0
taxon:769|organism:anaplasma centrale,target_bacteria,taxon_organism,2,769,Anaplasma centrale,anaplasma centrale,True,True,True,True,True,True,133
taxon:77095|organism:segatella bryantii (prevotella bryantii),target_bacteria,taxon_organism,1,77095,Segatella bryantii (Prevotella bryantii),segatella bryantii,False,False,False,False,False,True,0
taxon:77152|organism:moraxella sp. (strain ta144),target_bacteria,taxon_organism,3,77152,Moraxella sp. (strain TA144),moraxella sp.,False,False,False,False,False,False,0
taxon:774|organism:bartonella bacilliformis,target_bacteria,taxon_organism,3,774,Bartonella bacilliformis,bartonella bacilliformis,True,True,True,True,True,True,154
taxon:77524|organism:colwellia maris,target_bacteria,taxon_organism,2,77524,Colwellia maris,colwellia maris,True,True,True,True,True,False,27
taxon:779|organism:ehrlichia ruminantium (cowdria ruminantium),target_bacteria,taxon_organism,1,779,Ehrlichia ruminantium (Cowdria ruminantium),ehrlichia ruminantium,True,True,True,True,True,True,132
taxon:783|organism:rickettsia rickettsii,target_bacteria,taxon_organism,9,783,Rickettsia rickettsii,rickettsia rickettsii,True,True,True,True,True,True,134
taxon:78579|organism:thermothelomyces thermophilus (myceliophthora thermophila),target_fungi,taxon_organism,2,78579,Thermothelomyces thermophilus (Myceliophthora thermophila),thermothelomyces thermophilus,False,False,False,False,False,False,0
taxon:78605|organism:malbranchea aurantiaca,target_fungi,taxon_organism,3,78605,Malbranchea aurantiaca,malbranchea aurantiaca,False,False,False,False,False,False,0
taxon:786|organism:rickettsia akari,target_bacteria,taxon_organism,2,786,Rickettsia akari,rickettsia akari,True,True,True,True,True,True,133
taxon:787|organism:rickettsia australis,target_bacteria,taxon_organism,2,787,Rickettsia australis,rickettsia australis,True,True,True,True,True,True,76
taxon:788|organism:rickettsia canadensis,target_bacteria,taxon_organism,1,788,Rickettsia canadensis,rickettsia canadensis,True,True,True,True,True,True,134
taxon:79670|organism:arthrobacter sp. (strain 1c),target_bacteria,taxon_organism,1,79670,Arthrobacter sp. (strain 1C),arthrobacter sp.,False,False,False,False,False,False,0
taxon:79673|organism:hyphomicrobium sp. (strain x),target_bacteria,taxon_organism,1,79673,Hyphomicrobium sp. (strain x),hyphomicrobium sp.,False,False,False,False,False,False,0
taxon:79676|organism:pseudomonas sp. (strain cf600),target_bacteria,taxon_organism,13,79676,Pseudomonas sp. (strain CF600),pseudomonas sp.,False,False,False,False,False,False,0
taxon:79682|organism:vibrio sp. (strain 2693),target_bacteria,taxon_organism,2,79682,Vibrio sp. (strain 2693),vibrio sp.,False,False,False,False,False,False,0
taxon:797126|organism:psilocybe serbica,target_fungi,taxon_organism,1,797126,Psilocybe serbica,psilocybe serbica,False,False,False,False,False,False,0
taxon:79880|organism:shouchella clausii (alkalihalobacillus clausii),target_bacteria,taxon_organism,2,79880,Shouchella clausii (Alkalihalobacillus clausii),shouchella clausii,True,True,True,True,True,True,162
taxon:79930|organism:methanothermobacter thermautotrophicus (strain winter) (methanobacterium thermoautotrophicum),target_archaea,taxon_organism,2,79930,Methanothermobacter thermautotrophicus (strain Winter) (Methanobacterium thermoautotrophicum),methanothermobacter thermautotrophicus,False,False,False,False,False,True,0
taxon:80385|organism:stachybotrys bisbyi (hyalostachybotrys bisbyi),target_fungi,taxon_organism,1,80385,Stachybotrys bisbyi (Hyalostachybotrys bisbyi),stachybotrys bisbyi,False,False,False,False,False,False,0
taxon:80604|organism:tapinella panuoides (oyster rollrim mushroom) (paxillus panuoides),target_fungi,taxon_organism,1,80604,Tapinella panuoides (Oyster rollrim mushroom) (Paxillus panuoides),tapinella panuoides,False,False,False,False,False,False,0
taxon:807|organism:bartonella elizabethae (rochalimaea elizabethae),target_bacteria,taxon_organism,1,807,Bartonella elizabethae (Rochalimaea elizabethae),bartonella elizabethae,True,True,True,True,True,True,152
taxon:80859|organism:streptomyces ribosidificus,target_bacteria,taxon_organism,4,80859,Streptomyces ribosidificus,streptomyces ribosidificus,True,True,True,True,True,False,3
taxon:80866|organism:delftia acidovorans (pseudomonas acidovorans) (comamonas acidovorans),target_bacteria,taxon_organism,11,80866,Delftia acidovorans (Pseudomonas acidovorans) (Comamonas acidovorans),delftia acidovorans,True,True,True,True,True,True,160
taxon:80869|organism:paracidovorax citrulli (acidovorax citrulli),target_bacteria,taxon_organism,1,80869,Paracidovorax citrulli (Acidovorax citrulli),paracidovorax citrulli,True,True,True,True,True,True,149
taxon:81397|organism:paracoccus sp. (strain n81106 / mbic 01143) (agrobacterium aurantiacum),target_bacteria,taxon_organism,5,81397,Paracoccus sp. (strain N81106 / MBIC 01143) (Agrobacterium aurantiacum),paracoccus sp.,False,False,False,False,False,False,0
taxon:813|organism:chlamydia trachomatis,target_bacteria,taxon_organism,1,813,Chlamydia trachomatis,chlamydia trachomatis,False,False,False,False,False,True,0
taxon:817|organism:bacteroides fragilis,target_bacteria,taxon_organism,3,817,Bacteroides fragilis,bacteroides fragilis,False,False,False,False,False,True,0
taxon:81861|organism:psychrobacter sp. (strain tad1),target_bacteria,taxon_organism,2,81861,Psychrobacter sp. (strain TAD1),psychrobacter sp.,False,False,False,False,False,False,0
taxon:818|organism:bacteroides thetaiotaomicron,target_bacteria,taxon_organism,2,818,Bacteroides thetaiotaomicron,bacteroides thetaiotaomicron,False,False,False,False,False,True,0
taxon:820|organism:bacteroides uniformis,target_bacteria,taxon_organism,1,820,Bacteroides uniformis,bacteroides uniformis,False,False,False,False,False,True,0
taxon:821|organism:phocaeicola vulgatus (bacteroides vulgatus),target_bacteria,taxon_organism,1,821,Phocaeicola vulgatus (Bacteroides vulgatus),phocaeicola vulgatus,False,False,False,False,False,True,0
taxon:82310|organism:phlebiopsis gigantea (white-rot fungus) (peniophora gigantea),target_fungi,taxon_organism,1,82310,Phlebiopsis gigantea (White-rot fungus) (Peniophora gigantea),phlebiopsis gigantea,False,False,False,False,False,False,0
taxon:82367|organism:paracoccus pantotrophus (thiosphaera pantotropha),target_bacteria,taxon_organism,7,82367,Paracoccus pantotrophus (Thiosphaera pantotropha),paracoccus pantotrophus,True,True,True,True,True,True,149
taxon:82|organism:hyphomicrobium sp,target_bacteria,taxon_organism,1,82,Hyphomicrobium sp,hyphomicrobium sp,False,False,False,False,False,False,0
taxon:831|organism:butyrivibrio fibrisolvens,target_bacteria,taxon_organism,2,831,Butyrivibrio fibrisolvens,butyrivibrio fibrisolvens,True,True,True,True,True,True,148
taxon:83263|organism:aminobacter aminovorans (chelatobacter heintzii),target_bacteria,taxon_organism,2,83263,Aminobacter aminovorans (Chelatobacter heintzii),aminobacter aminovorans,True,True,True,True,True,False,152
taxon:83333|organism:escherichia coli (strain k12),target_bacteria,taxon_organism,2,83333,Escherichia coli (strain K12),escherichia coli,False,True,True,True,True,True,218
taxon:83334|organism:escherichia coli o157:h7,target_bacteria,taxon_organism,721,83334,Escherichia coli O157:H7,escherichia coli,False,True,False,True,True,True,218
taxon:83541|organism:mastigocladus laminosus (fischerella sp.),target_bacteria,taxon_organism,1,83541,Mastigocladus laminosus (Fischerella sp.),mastigocladus laminosus,False,False,False,False,False,True,0
taxon:83554|organism:chlamydia psittaci (chlamydophila psittaci),target_bacteria,taxon_organism,1,83554,Chlamydia psittaci (Chlamydophila psittaci),chlamydia psittaci,False,False,False,False,False,True,0
taxon:83558|organism:chlamydia pneumoniae (chlamydophila pneumoniae),target_bacteria,taxon_organism,142,83558,Chlamydia pneumoniae (Chlamydophila pneumoniae),chlamydia pneumoniae,False,False,False,False,False,True,0
taxon:83661|organism:desulfonispora thiosulfatigenes,target_bacteria,taxon_organism,1,83661,Desulfonispora thiosulfatigenes,desulfonispora thiosulfatigenes,True,True,True,True,True,True,83
taxon:837|organism:porphyromonas gingivalis (bacteroides gingivalis),target_bacteria,taxon_organism,1,837,Porphyromonas gingivalis (Bacteroides gingivalis),porphyromonas gingivalis,False,False,False,False,False,True,0
taxon:839|organism:xylanibacter ruminicola (prevotella ruminicola),target_bacteria,taxon_organism,1,839,Xylanibacter ruminicola (Prevotella ruminicola),xylanibacter ruminicola,False,False,False,False,False,True,0
taxon:84025|organism:clostridium haemolyticum,target_bacteria,taxon_organism,1,84025,Clostridium haemolyticum,clostridium haemolyticum,True,True,True,True,True,True,55
taxon:84531|organism:lysobacter antibioticus,target_bacteria,taxon_organism,3,84531,Lysobacter antibioticus,lysobacter antibioticus,True,True,True,True,True,True,147
taxon:84631|organism:proteus inconstans,target_bacteria,taxon_organism,1,84631,Proteus inconstans,proteus inconstans,False,False,False,False,False,False,0
taxon:84635|organism:bacillus sp. (strain gl1),target_bacteria,taxon_organism,1,84635,Bacillus sp. (strain GL1),bacillus sp.,False,False,False,False,False,False,0
taxon:84753|organism:pseudozyma antarctica (yeast) (candida antarctica),target_fungi,taxon_organism,1,84753,Pseudozyma antarctica (Yeast) (Candida antarctica),pseudozyma antarctica,False,False,False,False,False,False,0
taxon:847|organism:oxalobacter formigenes,target_bacteria,taxon_organism,2,847,Oxalobacter formigenes,oxalobacter formigenes,True,True,True,True,True,True,139
taxon:84|organism:hyphomicrobium methylovorum,target_bacteria,taxon_organism,5,84,Hyphomicrobium methylovorum,hyphomicrobium methylovorum,True,True,True,True,True,True,131
taxon:850|organism:fusobacterium mortiferum,target_bacteria,taxon_organism,2,850,Fusobacterium mortiferum,fusobacterium mortiferum,True,True,True,True,True,True,152
taxon:851|organism:fusobacterium nucleatum,target_bacteria,taxon_organism,2,851,Fusobacterium nucleatum,fusobacterium nucleatum,True,True,True,True,True,True,170
taxon:85581|organism:photobacterium damselae subsp. damselae (listonella damsela),target_bacteria,taxon_organism,1,85581,Photobacterium damselae subsp. damselae (Listonella damsela),photobacterium damselae,False,True,False,True,True,True,182
taxon:85698|organism:alcaligenes xylosoxydans xylosoxydans (achromobacter xylosoxidans),target_bacteria,taxon_organism,5,85698,Alcaligenes xylosoxydans xylosoxydans (Achromobacter xylosoxidans),alcaligenes xylosoxydans,True,False,False,True,True,False,187
taxon:86003|organism:pseudomonas sp. (strain hr199 / dsm 7063),target_bacteria,taxon_organism,4,86003,Pseudomonas sp. (strain HR199 / DSM 7063),pseudomonas sp.,False,False,False,False,False,False,0
taxon:86005|organism:pasteuria penetrans,target_bacteria,taxon_organism,1,86005,Pasteuria penetrans,pasteuria penetrans,True,True,True,True,True,True,2
taxon:86029|organism:bacillus subtilis subsp. natto,target_bacteria,taxon_organism,11,86029,Bacillus subtilis subsp. natto,bacillus subtilis,False,True,False,True,True,True,179
taxon:86035|organism:bacillus sp. (strain ds11),target_bacteria,taxon_organism,1,86035,Bacillus sp. (strain DS11),bacillus sp.,False,False,False,False,False,False,0
taxon:86039|organism:bacillus sp. (strain ksm-64),target_bacteria,taxon_organism,1,86039,Bacillus sp. (strain KSM-64),bacillus sp.,False,False,False,False,False,False,0
taxon:865|organism:pectinatus frisingensis,target_bacteria,taxon_organism,1,865,Pectinatus frisingensis,pectinatus frisingensis,True,True,True,True,True,True,154
taxon:870730|organism:pichia angusta (yeast) (hansenula polymorpha),target_fungi,taxon_organism,21,870730,Pichia angusta (Yeast) (Hansenula polymorpha),pichia angusta,False,False,False,False,False,False,0
taxon:870|organism:dichelobacter nodosus (bacteroides nodosus),target_bacteria,taxon_organism,2,870,Dichelobacter nodosus (Bacteroides nodosus),dichelobacter nodosus,True,True,True,True,True,True,157
taxon:871738|organism:dehalobacter restrictus (strain dsm 9455 / per-k23),target_bacteria,taxon_organism,1,871738,Dehalobacter restrictus (strain DSM 9455 / PER-K23),dehalobacter restrictus,False,True,True,True,True,True,133
taxon:872331|organism:mesomycoplasma hyorhinis (strain hub-1) (mycoplasma hyorhinis),target_bacteria,taxon_organism,1,872331,Mesomycoplasma hyorhinis (strain HUB-1) (Mycoplasma hyorhinis),mesomycoplasma hyorhinis,False,True,True,True,True,True,133
taxon:87645|organism:aquaspirillum arcticum,target_bacteria,taxon_organism,1,87645,Aquaspirillum arcticum,aquaspirillum arcticum,True,True,True,True,True,False,25
taxon:877507|organism:epichloe festucae (strain fl1),target_fungi,taxon_organism,1,877507,Epichloe festucae (strain Fl1),epichloe festucae,False,False,False,False,False,False,0
taxon:877550|organism:aspergillus sp. (strain mf297-2),target_fungi,taxon_organism,4,877550,Aspergillus sp. (strain MF297-2),aspergillus sp.,False,False,False,False,False,False,0
taxon:878|organism:solidesulfovibrio fructosivorans (desulfovibrio fructosivorans),target_bacteria,taxon_organism,4,878,Solidesulfovibrio fructosivorans (Desulfovibrio fructosivorans),solidesulfovibrio fructosivorans,True,True,True,True,True,True,134
taxon:879274|organism:shinella sp. (strain hzn7),target_bacteria,taxon_organism,1,879274,Shinella sp. (strain HZN7),shinella sp.,False,False,False,False,False,True,0
taxon:879|organism:megalodesulfovibrio gigas (desulfovibrio gigas),target_bacteria,taxon_organism,1,879,Megalodesulfovibrio gigas (Desulfovibrio gigas),megalodesulfovibrio gigas,True,True,True,True,True,True,137
taxon:882102|organism:vibrio anguillarum (strain atcc 68554 / 775) (listonella anguillarum),target_bacteria,taxon_organism,3,882102,Vibrio anguillarum (strain ATCC 68554 / 775) (Listonella anguillarum),vibrio anguillarum,False,True,True,True,True,True,170
taxon:883|organism:nitratidesulfovibrio vulgaris (strain dsm 19637 / miyazaki f) (desulfovibrio vulgaris),target_bacteria,taxon_organism,95,883,Nitratidesulfovibrio vulgaris (strain DSM 19637 / Miyazaki F) (Desulfovibrio vulgaris),nitratidesulfovibrio vulgaris,False,True,True,True,True,True,134
taxon:885923|organism:wickerhamomyces anomalus (strain atcc 8168 / cbs 5759 / dsm 6766 / jcm 3585 / iam 12210 / ncyc 432 / nbrc 10213 / nrrl y-366 / aj 5027) (yeast) (pichia anomala),target_fungi,taxon_organism,2,885923,Wickerhamomyces anomalus (strain ATCC 8168 / CBS 5759 / DSM 6766 / JCM 3585 / IAM 12210 / NCYC 432 / NBRC 10213 / NRRL Y-366 / AJ 5027) (Yeast) (Pichia anomala),wickerhamomyces anomalus,False,False,False,False,False,False,0
taxon:887061|organism:methylovorus sp. (strain mp688),target_bacteria,taxon_organism,2,887061,Methylovorus sp. (strain MP688),methylovorus sp.,False,False,False,False,False,True,0
taxon:89067|organism:moritella japonica,target_bacteria,taxon_organism,1,89067,Moritella japonica,moritella japonica,True,True,True,True,True,False,35
taxon:89488|organism:monascus pilosus (red mold),target_fungi,taxon_organism,4,89488,Monascus pilosus (Red mold),monascus pilosus,False,False,False,False,False,False,0
taxon:89489|organism:monascus ruber (mold),target_fungi,taxon_organism,1,89489,Monascus ruber (Mold),monascus ruber,False,False,False,False,False,False,0
taxon:897|organism:desulfococcus multivorans,target_bacteria,taxon_organism,1,897,Desulfococcus multivorans,desulfococcus multivorans,True,True,True,True,True,True,132
taxon:899|organism:desulfomicrobium baculatum (desulfovibrio baculatus),target_bacteria,taxon_organism,1,899,Desulfomicrobium baculatum (Desulfovibrio baculatus),desulfomicrobium baculatum,True,True,True,True,True,True,137
taxon:90312|organism:cerrena unicolor (canker rot fungus) (daedalea unicolor),target_fungi,taxon_organism,1,90312,Cerrena unicolor (Canker rot fungus) (Daedalea unicolor),cerrena unicolor,False,False,False,False,False,False,0
taxon:90370|organism:salmonella typhi,target_bacteria,taxon_organism,539,90370,Salmonella typhi,salmonella enterica,False,True,False,True,True,True,210
taxon:90371|organism:salmonella typhimurium,target_bacteria,taxon_organism,14,90371,Salmonella typhimurium,salmonella enterica,False,True,False,True,True,True,210
taxon:903899|organism:acinetobacter baumannii (strain is-123),target_bacteria,taxon_organism,1,903899,Acinetobacter baumannii (strain IS-123),acinetobacter baumannii,False,True,True,True,True,True,186
taxon:904690|organism:penicillium shearii (eupenicillium shearii),target_fungi,taxon_organism,2,904690,Penicillium shearii (Eupenicillium shearii),penicillium shearii,False,False,False,False,False,False,0
taxon:907340|organism:cyberlindnera saturnus (yeast) (williopsis saturnus),target_fungi,taxon_organism,1,907340,Cyberlindnera saturnus (Yeast) (Williopsis saturnus),cyberlindnera saturnus,False,False,False,False,False,False,0
taxon:90736|organism:moritella marina (vibrio marinus),target_bacteria,taxon_organism,5,90736,Moritella marina (Vibrio marinus),moritella marina,True,True,True,True,True,True,155
taxon:907|organism:megasphaera elsdenii,target_bacteria,taxon_organism,1,907,Megasphaera elsdenii,megasphaera elsdenii,True,True,True,True,True,True,160
taxon:913088|organism:escherichia coli (strain tw11681),target_bacteria,taxon_organism,2,913088,Escherichia coli (strain TW11681),escherichia coli,False,True,True,True,True,True,218
taxon:913|organism:nitrobacter winogradskyi (nitrobacter agilis),target_bacteria,taxon_organism,1,913,Nitrobacter winogradskyi (Nitrobacter agilis),nitrobacter winogradskyi,True,True,True,True,True,True,134
taxon:91625|organism:mortierella isabellina (filamentous fungus) (umbelopsis isabellina),target_fungi,taxon_organism,1,91625,Mortierella isabellina (Filamentous fungus) (Umbelopsis isabellina),mortierella isabellina,False,False,False,False,False,False,0
taxon:91752|organism:hericium erinaceus (lion's mane mushroom) (hydnum erinaceus),target_fungi,taxon_organism,8,91752,Hericium erinaceus (Lion's mane mushroom) (Hydnum erinaceus),hericium erinaceus,False,False,False,False,False,False,0
taxon:91943|organism:hortaea werneckii (black yeast) (cladosporium werneckii),target_fungi,taxon_organism,1,91943,Hortaea werneckii (Black yeast) (Cladosporium werneckii),hortaea werneckii,False,False,False,False,False,False,0
taxon:920|organism:acidithiobacillus ferrooxidans (thiobacillus ferrooxidans),target_bacteria,taxon_organism,7,920,Acidithiobacillus ferrooxidans (Thiobacillus ferrooxidans),acidithiobacillus ferrooxidans,True,True,True,True,True,True,134
taxon:92644|organism:streptomyces malaysiensis,target_bacteria,taxon_organism,1,92644,Streptomyces malaysiensis,streptomyces malaysiensis,True,True,True,True,True,True,131
taxon:926570|organism:acidiphilium multivorum (strain dsm 11245 / jcm 8867 / nbrc 100883 / aiu 301),target_bacteria,taxon_organism,2,926570,Acidiphilium multivorum (strain DSM 11245 / JCM 8867 / NBRC 100883 / AIU 301),acidiphilium multivorum,False,True,True,True,True,True,133
taxon:92742|organism:streptomyces sp. (strain d7),target_bacteria,taxon_organism,2,92742,Streptomyces sp. (strain D7),streptomyces sp.,False,False,False,False,False,False,0
taxon:92743|organism:streptomyces paromomycinus (streptomyces rimosus subsp. paromomycinus),target_bacteria,taxon_organism,4,92743,Streptomyces paromomycinus (Streptomyces rimosus subsp. paromomycinus),streptomyces paromomycinus,True,True,True,True,True,True,39
taxon:927703|organism:limosilactobacillus reuteri subsp. suis (strain atcc 53608 / lmg 31752 / 1063) (lactobacillus reuteri),target_bacteria,taxon_organism,2,927703,Limosilactobacillus reuteri subsp. suis (strain ATCC 53608 / LMG 31752 / 1063) (Lactobacillus reuteri),limosilactobacillus reuteri,False,True,False,True,True,True,180
taxon:92942|organism:nostoc linckia,target_bacteria,taxon_organism,1,92942,Nostoc linckia,nostoc linckia,False,False,False,False,False,True,0
taxon:929705|organism:sulfobacillus thermosulfidooxidans (strain dsm 9293 / vkm b-1269 / at-1),target_bacteria,taxon_organism,1,929705,Sulfobacillus thermosulfidooxidans (strain DSM 9293 / VKM B-1269 / AT-1),sulfobacillus thermosulfidooxidans,False,False,False,False,False,True,0
taxon:930|organism:acidithiobacillus thiooxidans (thiobacillus thiooxidans),target_bacteria,taxon_organism,2,930,Acidithiobacillus thiooxidans (Thiobacillus thiooxidans),acidithiobacillus thiooxidans,True,True,True,True,True,True,144
taxon:931|organism:thiobacillus thioparus,target_bacteria,taxon_organism,4,931,Thiobacillus thioparus,thiobacillus thioparus,True,True,True,True,True,True,146
taxon:93369|organism:pseudaminobacter salicylatoxidans,target_bacteria,taxon_organism,1,93369,Pseudaminobacter salicylatoxidans,pseudaminobacter salicylatoxidans,True,True,True,True,True,True,145
taxon:93372|organism:streptomyces sp. (strain cl190),target_bacteria,taxon_organism,4,93372,Streptomyces sp. (strain CL190),streptomyces sp.,False,False,False,False,False,False,0
taxon:935198|organism:clostridium botulinum (strain eklund 17b / type b),target_bacteria,taxon_organism,131,935198,Clostridium botulinum (strain Eklund 17B / Type B),clostridium botulinum,False,True,True,True,True,True,157
taxon:935845|organism:paenibacillus sp. (strain j14),target_bacteria,taxon_organism,1,935845,Paenibacillus sp. (strain J14),paenibacillus sp.,False,False,False,False,False,True,0
taxon:93612|organism:exserohilum turcicum (northern leaf blight fungus) (setosphaeria turcica),target_fungi,taxon_organism,1,93612,Exserohilum turcicum (Northern leaf blight fungus) (Setosphaeria turcica),exserohilum turcicum,False,False,False,False,False,False,0
taxon:936156|organism:bacillus subtilis (strain bsn5),target_bacteria,taxon_organism,1,936156,Bacillus subtilis (strain BSn5),bacillus subtilis,False,True,True,True,True,True,179
taxon:93625|organism:psilocybe cyanescens,target_fungi,taxon_organism,4,93625,Psilocybe cyanescens,psilocybe cyanescens,False,False,False,False,False,False,0
taxon:94122|organism:shewanella sp. (strain ana-3),target_bacteria,taxon_organism,228,94122,Shewanella sp. (strain ANA-3),shewanella sp.,False,False,False,False,False,True,0
taxon:948311|organism:gibberella intermedia (bulb rot disease fungus) (fusarium proliferatum),target_fungi,taxon_organism,2,948311,Gibberella intermedia (Bulb rot disease fungus) (Fusarium proliferatum),gibberella intermedia,False,False,False,False,False,False,0
taxon:95324|organism:hapsidospora irregularis,target_fungi,taxon_organism,2,95324,Hapsidospora irregularis,hapsidospora irregularis,False,False,False,False,False,False,0
taxon:95619|organism:pseudomonas sp. (strain m1),target_bacteria,taxon_organism,2,95619,Pseudomonas sp. (strain M1),pseudomonas sp.,False,False,False,False,False,True,0
taxon:95742|organism:curvularia clavata,target_fungi,taxon_organism,1,95742,Curvularia clavata,curvularia clavata,False,False,False,False,False,False,0
taxon:96045|organism:nocardia uniformis subsp. tsuyamanensis,target_bacteria,taxon_organism,2,96045,Nocardia uniformis subsp. tsuyamanensis,nocardia uniformis,False,True,False,True,True,True,155
taxon:960|organism:bacteriovorax stolpii (bdellovibrio stolpii),target_bacteria,taxon_organism,1,960,Bacteriovorax stolpii (Bdellovibrio stolpii),bacteriovorax stolpii,True,True,True,True,True,False,133
taxon:96241|organism:bacillus spizizenii (bacillus subtilis subsp. spizizenii),target_bacteria,taxon_organism,1,96241,Bacillus spizizenii (Bacillus subtilis subsp. spizizenii),bacillus spizizenii,True,True,True,True,True,True,161
taxon:964|organism:herbaspirillum seropedicae,target_bacteria,taxon_organism,1,964,Herbaspirillum seropedicae,herbaspirillum seropedicae,True,True,True,True,True,True,151
taxon:97093|organism:trichoderma koningii (hypocrea koningii),target_fungi,taxon_organism,2,97093,Trichoderma koningii (Hypocrea koningii),trichoderma koningii,False,False,False,False,False,False,0
taxon:971|organism:selenomonas ruminantium,target_bacteria,taxon_organism,4,971,Selenomonas ruminantium,selenomonas ruminantium,True,True,True,True,True,True,156
taxon:979|organism:cellulophaga lytica (cytophaga lytica),target_bacteria,taxon_organism,2,979,Cellulophaga lytica (Cytophaga lytica),cellulophaga lytica,False,False,False,False,False,True,0
taxon:98228|organism:bacillus sp. (strain oxb-1),target_bacteria,taxon_organism,2,98228,Bacillus sp. (strain OxB-1),bacillus sp.,False,False,False,False,False,True,0
taxon:98349|organism:pleurotus sapidus (oyster mushroom) (agaricus sapidus),target_fungi,taxon_organism,1,98349,Pleurotus sapidus (Oyster mushroom) (Agaricus sapidus),pleurotus sapidus,False,False,False,False,False,False,0
taxon:98360|organism:salmonella dublin,target_bacteria,taxon_organism,6,98360,Salmonella dublin,salmonella enterica,False,True,False,True,True,True,210
taxon:983966|organism:cyberlindnera jadinii (strain atcc 18201 / cbs 1600 / bcrc 20928 / jcm 3617 / nbrc 0987 / nrrl y-1542) (torula yeast) (candida utilis),target_fungi,taxon_organism,1,983966,Cyberlindnera jadinii (strain ATCC 18201 / CBS 1600 / BCRC 20928 / JCM 3617 / NBRC 0987 / NRRL Y-1542) (Torula yeast) (Candida utilis),cyberlindnera jadinii,False,False,False,False,False,False,0
taxon:984129|organism:francisella cf. novicida (strain fx1),target_bacteria,taxon_organism,1,984129,Francisella cf. novicida (strain Fx1),francisella tularensis,False,True,False,True,True,True,134
taxon:985010|organism:pseudomonas sp. (strain tji-51),target_bacteria,taxon_organism,1,985010,Pseudomonas sp. (strain TJI-51),pseudomonas sp.,False,False,False,False,False,True,0
taxon:986075|organism:caldalkalibacillus thermarum (strain ta2.a1),target_bacteria,taxon_organism,1,986075,Caldalkalibacillus thermarum (strain TA2.A1),caldalkalibacillus thermarum,False,True,True,True,True,True,147
taxon:98792|organism:buchnera aphidicola subsp. pterocomma populeum,target_bacteria,taxon_organism,1,98792,Buchnera aphidicola subsp. Pterocomma populeum,buchnera aphidicola,False,True,False,True,True,True,133
taxon:98793|organism:buchnera aphidicola subsp. rhopalosiphum padi,target_bacteria,taxon_organism,6,98793,Buchnera aphidicola subsp. Rhopalosiphum padi,buchnera aphidicola,False,True,False,True,True,True,133
taxon:98797|organism:buchnera aphidicola subsp. thelaxes suberi,target_bacteria,taxon_organism,4,98797,Buchnera aphidicola subsp. Thelaxes suberi,buchnera aphidicola,False,True,False,True,True,True,133
taxon:98799|organism:buchnera aphidicola subsp. pemphigus spyrothecae,target_bacteria,taxon_organism,5,98799,Buchnera aphidicola subsp. Pemphigus spyrothecae,buchnera aphidicola,False,True,False,True,True,True,133
