{
  "concurrency_2": {
    "p50_ratio": 2.7730433864191637,
    "p95_ratio": 2.8192420793148933,
    "p99_ratio": 3.009397229065402
  },
  "concurrency_4": {
    "p50_ratio": 11.12455449730432,
    "p95_ratio": 10.98587046286952,
    "p99_ratio": 8.241457340208811
  }
}
